pathway_id,ko_id,kegg_gene,uniprot_id
map05110,K08604,vch:VC_A0865,P24153
map05110,K10928,vch:VC_1457,P01555
map05110,K10929,vch:VC_1456,P01556
map05110,K10930,vch:VC_0828,Q60153
map05110,K10931,vch:VC_0829,P23476
map05110,K10932,vch:VC_0831,P29481
map05110,K10933,vch:VC_0833,P29491
map05110,K10934,vch:VC_0836,P0C6C9
map05110,K10935,vch:VC_0837,P0C6Q5
map05110,K10948,vch:VC_A0219,P09545
map05110,K10952,vch:VC_1459,P38441
map05110,K10953,vch:VC_1451,Q9KS12
map05110,K10954,vch:VC_1458,P38442
map05110,K21712,vch:VC_A0811,Q9KLD5
map05110,K23550,vch:VC_1784,P0C6E9
map05111,K00640,vch:VC_0919,Q9KTI3
map05111,K00640,vch:VC_0923,Q9KTH9
map05111,K00640,vch:VC_2649,Q9KNT2
map05111,K01791,vch:VC_0917,Q9KTI5
map05111,K02405,vch:VC_2066,Q9KQD4
map05111,K02452,vch:VC_2734,P45777
map05111,K02454,vch:VC_2732,P37093
map05111,K02455,vch:VC_2731,P45780
map05111,K02456,vch:VC_2730,P45773
map05111,K02457,vch:VC_2729,P45774
map05111,K02458,vch:VC_2728,P45775
map05111,K02459,vch:VC_2727,P45776
map05111,K02460,vch:VC_2726,P45781
map05111,K02461,vch:VC_2725,P45782
map05111,K02462,vch:VC_2724,P41851
map05111,K02463,vch:VC_2723,P45784
map05111,K02472,vch:VC_0918,Q9KTI4
map05111,K02777,vch:VC_0964,Q9KTD8
map05111,K02779,vch:VC_2013,Q9KQI5
map05111,K03087,vch:VC_0534,O51804
map05111,K03092,vch:VC_2529,Q9KP49
map05111,K03557,vch:VC_0290,P64127
map05111,K03563,vch:VC_0548,Q9KUH3
map05111,K03606,vch:VC_0934,Q9KTG8
map05111,K03666,vch:VC_0347,Q9KV11
map05111,K05851,vch:VC_0122,Q9KVL9
map05111,K07173,vch:VC_0557,Q9KUG4
map05111,K07181,vch:VC_0137,Q9KVK6
map05111,K07678,vch:VC_2453,Q9KPC0
map05111,K07689,vch:VC_1213,Q9KSP3
map05111,K08604,vch:VC_A0865,P24153
map05111,K08720,vch:VC_0633,P0C6Q6
map05111,K10909,vch:VC_A0736,Q9KLK7
map05111,K10910,vch:VC_A0737,Q9KLK6
map05111,K10911,vch:VC_1022,Q9KT83
map05111,K10912,vch:VC_1021,Q9KT84
map05111,K10914,vch:VC_2614,Q9KNW6
map05111,K10915,vch:VC_A0523,Q9KM65
map05111,K10916,vch:VC_A0522,Q9KM66
map05111,K10917,vch:VC_2647,H9L4T0
map05111,K10918,vch:VC_1049,Q9KT56
map05111,K10919,vch:VC_0827,P29489
map05111,K10920,vch:VC_0826,P29485
map05111,K10921,vch:VC_0984,P15795
map05111,K10922,vch:VC_0983,P24003
map05111,K10923,vch:VC_0838,P0C6D6
map05111,K10924,vch:VC_0409,H9L4Q5
map05111,K10925,vch:VC_0408,Q9KUV4
map05111,K10926,vch:VC_0410,Q9KUV3
map05111,K10927,vch:VC_0411,Q9KUV2
map05111,K10928,vch:VC_1457,P01555
map05111,K10929,vch:VC_1456,P01556
map05111,K10930,vch:VC_0828,Q60153
map05111,K10931,vch:VC_0829,P23476
map05111,K10932,vch:VC_0831,P29481
map05111,K10933,vch:VC_0833,P29491
map05111,K10934,vch:VC_0836,P0C6C9
map05111,K10935,vch:VC_0837,P0C6Q5
map05111,K10936,vch:VC_0844,H9L4S5
map05111,K10937,vch:VC_0840,Q9KTQ7
map05111,K10938,vch:VC_0841,Q9KTQ6
map05111,K10939,vch:VC_0845,P0C6F0
map05111,K10940,vch:VC_1854,Q9KQZ3
map05111,K10941,vch:VC_2137,Q9KQ66
map05111,K10942,vch:VC_2136,H9L4P6
map05111,K10943,vch:VC_2135,Q9KQ67
map05111,K10961,vch:VC_0825,P0C6D8
map05111,K10962,vch:VC_0830,P29490
map05111,K10963,vch:VC_0832,P0C6D5
map05111,K10964,vch:VC_0834,P29484
map05111,K10965,vch:VC_0835,P29480
map05111,K12276,vch:VC_0405,Q9KUV7
map05111,K13246,vch:VC_1652,H9L4Q6
map05111,K16554,vch:VC_0937,Q9KTG5
map05111,K20918,vch:VC_A0952,Q9KKZ8
map05111,K20919,vch:VC_0665,Q9KU59
map05111,K20920,vch:VC_0935,Q9KTG7
map05111,K20921,vch:VC_0920,Q9KTI2
map05111,K20922,vch:VC_0925,Q9KTH7
map05111,K20945,vch:VC_0916,Q9KTI6
map05111,K20946,vch:VC_0921,Q9KTI1
map05111,K20947,vch:VC_0922,Q9KTI0
map05111,K20948,vch:VC_0926,Q9KTH6
map05111,K20949,vch:VC_0938,Q9KTG4
map05111,K20950,vch:VC_0939,Q9KTG3
map05111,K20951,vch:VC_1888,Q9KQW0
map05111,K20952,vch:VC_0930,Q9KTH2
map05111,K20953,vch:VC_0928,Q9KTH4
map05111,K20954,vch:VC_1593,Q9KRP3
map05111,K20955,vch:VC_1104,Q9KT01
map05111,K20956,vch:VC_A0074,Q9KN91
map05111,K20957,vch:VC_1067,Q9KT38
map05111,K20958,vch:VC_2285,Q9KPS7
map05111,K20959,vch:VC_1376,Q9KS83
map05111,K20960,vch:VC_A0939,Q9KL11
map05111,K20961,vch:VC_2454,Q9KPB9
map05111,K20962,vch:VC_A0785,Q9KLF9
map05111,K20963,vch:VC_1592,Q9KRP4
map05111,K20964,vch:VC_0130,Q9KVL2
map05111,K20965,vch:VC_0653,Q9KU70
map05111,K20966,vch:VC_0703,Q9KU26
map05111,K20988,vch:VC_0936,Q9KTG6
map05111,K25886,vch:VC_0927,Q9KTH5
map00561,K00128,vch:VC_0819,P0C6D7
map00561,K00631,vch:VC_0093,Q9KVP8
map00561,K00655,vch:VC_2513,Q9KP63
map00561,K00864,vch:VC_A0744,Q9KLJ9
map00561,K00865,vch:VC_A0903,Q9KL45
map00561,K00901,vch:VC_A0714,Q9KLM9
map00561,K01046,vch:VC_A0221,P15493
map00561,K03621,vch:VC_2024,Q9KQH4
map00561,K08591,vch:VC_0523,Q9KUJ7
map01100,K00009,vch:VC_A1046,Q9KKQ6
map01100,K00012,vch:VC_A0780,Q9KLG4
map01100,K00013,vch:VC_1133,Q9F854
map01100,K00014,vch:VC_0056,Q9KVT3
map01100,K00018,vch:VC_2504,Q9KP72
map01100,K00021,vch:VC_A0723,Q9KLM0
map01100,K00023,vch:VC_A0691,Q9KLQ1
map01100,K00024,vch:VC_0432,Q9KUT3
map01100,K00029,vch:VC_2681,Q9KNQ0
map01100,K00031,vch:VC_1141,Q9KSW5
map01100,K00033,vch:VC_A0898,Q9KL50
map01100,K00036,vch:VC_A0896,Q9KL52
map01100,K00052,vch:VC_2491,Q9KP82
map01100,K00053,vch:VC_0162,Q9KVI4
map01100,K00057,vch:VC_2651,Q9KNT0
map01100,K00058,vch:VC_2481,Q9KP92
map01100,K00058,vch:VC_A0630,Q9KLW1
map01100,K00059,vch:VC_2021,Q9KQH7
map01100,K00060,vch:VC_A0885,Q9KL62
map01100,K00075,vch:VC_0318,Q9KV40
map01100,K00077,vch:VC_2307,Q9KPQ9
map01100,K00088,vch:VC_0767,Q9KTW3
map01100,K00097,vch:VC_0444,Q9KUS1
map01100,K00099,vch:VC_2254,Q9KPV8
map01100,K00101,vch:VC_A0984,Q9KKW6
map01100,K00111,vch:VC_A0657,Q9KLT4
map01100,K00111,vch:VC_A0747,Q9KLJ7
map01100,K00112,vch:VC_A0748,Q9KLJ6
map01100,K00113,vch:VC_A0749,Q9KLJ5
map01100,K00124,vch:VC_1512,Q9KRX1
map01100,K00127,vch:VC_1511,Q9KRX2
map01100,K00128,vch:VC_0819,P0C6D7
map01100,K00133,vch:VC_2036,Q9KQG2
map01100,K00133,vch:VC_2107,P23247
map01100,K00134,vch:VC_2000,Q9KQJ8
map01100,K00134,vch:VC_A0843,Q9KLA3
map01100,K00135,vch:VC_1745,Q9KR97
map01100,K00138,vch:VC_1819,Q9KR28
map01100,K00145,vch:VC_2644,Q9KNT6
map01100,K00147,vch:VC_2273,Q9KPT9
map01100,K00163,vch:VC_2414,Q9KPF4
map01100,K00164,vch:VC_2087,Q9KQB3
map01100,K00209,vch:VC_1738,Q9KRA3
map01100,K00209,vch:VC_A0784,Q9KLG0
map01100,K00215,vch:VC_2391,Q9KPH7
map01100,K00228,vch:VC_0055,Q9KVT4
map01100,K00230,vch:VC_2755,Q9KNI4
map01100,K00239,vch:VC_2089,Q9KQB1
map01100,K00240,vch:VC_2088,Q9KQB2
map01100,K00241,vch:VC_2091,Q9KQA9
map01100,K00242,vch:VC_2090,Q9KQB0
map01100,K00244,vch:VC_2656,Q9KNS5
map01100,K00245,vch:VC_2657,Q9KNS4
map01100,K00246,vch:VC_2658,Q9KNS3
map01100,K00247,vch:VC_2659,Q9KNS2
map01100,K00254,vch:VC_1491,Q9KRZ2
map01100,K00259,vch:VC_1905,Q9KQU3
map01100,K00265,vch:VC_2373,Q9KPJ4
map01100,K00265,vch:VC_2376,Q9KPJ1
map01100,K00266,vch:VC_2374,Q9KPJ3
map01100,K00266,vch:VC_2377,Q9KPJ0
map01100,K00275,vch:VC_A1079,Q9KKM4
map01100,K00278,vch:VC_2469,Q9KPA4
map01100,K00285,vch:VC_0786,Q9KTV1
map01100,K00286,vch:VC_0460,Q9KUQ5
map01100,K00287,vch:VC_0440,Q9KUS5
map01100,K00297,vch:VC_2685,Q9KNP6
map01100,K00322,vch:VC_0151,P50529
map01100,K00324,vch:VC_A0563,Q9KM26
map01100,K00325,vch:VC_A0564,Q9KM25
map01100,K00364,vch:VC_A0197,Q9KMW9
map01100,K00380,vch:VC_0384,Q9KUX4
map01100,K00381,vch:VC_0385,Q9KUX3
map01100,K00382,vch:VC_2412,Q9KPF6
map01100,K00382,vch:VC_2638,Q9KNU2
map01100,K00383,vch:VC_0186,Q9KVG0
map01100,K00390,vch:VC_0386,Q9KUX2
map01100,K00404,vch:VC_1442,Q9KS19
map01100,K00405,vch:VC_1441,Q9KS20
map01100,K00406,vch:VC_1439,Q9KS22
map01100,K00407,vch:VC_1440,Q9KS21
map01100,K00411,vch:VC_0573,Q9KUE8
map01100,K00412,vch:VC_0574,Q9KUE7
map01100,K00413,vch:VC_0575,Q9KUE6
map01100,K00424,vch:VC_1842,Q9KR05
map01100,K00425,vch:VC_1571,Q9KRR5
map01100,K00425,vch:VC_1844,Q9KR03
map01100,K00425,vch:VC_A0872,Q9KL75
map01100,K00426,vch:VC_1570,Q9KRR6
map01100,K00426,vch:VC_1843,Q9KR04
map01100,K00426,vch:VC_A0873,Q9KL74
map01100,K00451,vch:VC_1345,Q9KSB4
map01100,K00457,vch:VC_1344,H9L4S8
map01100,K00500,vch:VC_A0828,Q9KLB8
map01100,K00525,vch:VC_1256,Q9KSK0
map01100,K00526,vch:VC_1255,Q9KSK1
map01100,K00548,vch:VC_0390,Q9KUW9
map01100,K00549,vch:VC_1704,Q9KRD8
map01100,K00558,vch:VC_A0198,Q9KMW8
map01100,K00560,vch:VC_0675,O66108
map01100,K00568,vch:VC_1257,Q9KSJ9
map01100,K00600,vch:VC_0941,Q9KTG1
map01100,K00600,vch:VC_A0278,Q9KMP4
map01100,K00602,vch:VC_0276,Q9KV80
map01100,K00604,vch:VC_0045,Q9KVU4
map01100,K00606,vch:VC_0592,Q9KUD0
map01100,K00609,vch:VC_2510,Q9KP66
map01100,K00610,vch:VC_2511,Q9KP65
map01100,K00611,vch:VC_2508,Q9KP68
map01100,K00615,vch:VC_0473,Q9KUP2
map01100,K00615,vch:VC_A0624,Q9KLW7
map01100,K00616,vch:VC_A0623,Q9KLW8
map01100,K00626,vch:VC_A0690,Q9KLQ2
map01100,K00627,vch:VC_2413,Q9KPF5
map01100,K00631,vch:VC_0093,Q9KVP8
map01100,K00632,vch:VC_1046,Q9KT59
map01100,K00632,vch:VC_2759,Q9KNI0
map01100,K00639,vch:VC_A0886,Q9KL61
map01100,K00640,vch:VC_0919,Q9KTI3
map01100,K00640,vch:VC_0923,Q9KTH9
map01100,K00640,vch:VC_2649,Q9KNT2
map01100,K00645,vch:VC_2022,Q9KQH6
map01100,K00648,vch:VC_2023,Q9KQH5
map01100,K00648,vch:VC_A0751,Q9KLJ3
map01100,K00651,vch:VC_1611,Q9KRM5
map01100,K00652,vch:VC_1113,Q9KSZ3
map01100,K00655,vch:VC_2513,Q9KP63
map01100,K00656,vch:VC_1866,Q9KQY1
map01100,K00657,vch:VC_A0947,Q9KL03
map01100,K00658,vch:VC_2086,Q9KQB4
map01100,K00673,vch:VC_2617,Q9KNW3
map01100,K00674,vch:VC_2329,Q9KPN7
map01100,K00677,vch:VC_2248,Q9KPW4
map01100,K00681,vch:VC_0194,Q9KVF2
map01100,K00688,vch:VC_A0013,Q9KNF1
map01100,K00700,vch:VC_A0016,Q9KNE8
map01100,K00703,vch:VC_1726,Q9KRB6
map01100,K00705,vch:VC_A0014,Q9KNF0
map01100,K00748,vch:VC_2247,Q9KPW5
map01100,K00757,vch:VC_1034,Q9KT71
map01100,K00757,vch:VC_A0134,Q9KN32
map01100,K00758,vch:VC_2349,Q9KPL8
map01100,K00759,vch:VC_1053,Q9KT52
map01100,K00760,vch:VC_0585,Q9KUD7
map01100,K00761,vch:VC_2225,Q9KPY7
map01100,K00762,vch:VC_0211,Q9KVD5
map01100,K00763,vch:VC_A0098,Q9KN67
map01100,K00764,vch:VC_1004,Q9KT99
map01100,K00765,vch:VC_1132,Q9KSX4
map01100,K00766,vch:VC_1172,Q9KST4
map01100,K00767,vch:VC_2422,Q9KPE6
map01100,K00768,vch:VC_1237,Q9KSL9
map01100,K00769,vch:VC_2277,Q9KPT5
map01100,K00788,vch:VC_0062,Q9KVS7
map01100,K00789,vch:VC_0472,Q9KUP3
map01100,K00790,vch:VC_2514,Q9KP62
map01100,K00791,vch:VC_0346,Q9KV12
map01100,K00793,vch:VC_2270,Q9KPU2
map01100,K00794,vch:VC_2268,Q9KPU4
map01100,K00795,vch:VC_0890,Q9KTL2
map01100,K00796,vch:VC_0638,Q9KU85
map01100,K00800,vch:VC_1732,Q9KRB0
map01100,K00813,vch:VC_A0513,Q9KM75
map01100,K00817,vch:VC_1134,Q9KSX2
map01100,K00820,vch:VC_0487,Q9KUM8
map01100,K00821,vch:VC_2618,Q9KNW2
map01100,K00826,vch:VC_0029,Q9KVV9
map01100,K00830,vch:VC_0392,Q9KUW7
map01100,K00831,vch:VC_1159,Q9KSU7
map01100,K00832,vch:VC_1293,Q9KSG3
map01100,K00833,vch:VC_1111,Q9KSZ5
map01100,K00835,vch:VC_0019,Q9KVW9
map01100,K00836,vch:VC_A0824,Q9KLC2
map01100,K00847,vch:VC_0270,Q9KV86
map01100,K00847,vch:VC_A0656,Q9KLT5
map01100,K00849,vch:VC_1595,Q9KRP1
map01100,K00850,vch:VC_2689,Q9KNP2
map01100,K00851,vch:VC_0287,Q9KV70
map01100,K00852,vch:VC_A0131,Q9KN34
map01100,K00857,vch:VC_1167,Q9KST9
map01100,K00858,vch:VC_0853,Q9KTP8
map01100,K00859,vch:VC_2427,Q9KPE3
map01100,K00860,vch:VC_2558,Q9KP21
map01100,K00864,vch:VC_A0744,Q9KLJ9
map01100,K00865,vch:VC_A0903,Q9KL45
map01100,K00867,vch:VC_0320,Q9KV38
map01100,K00872,vch:VC_2363,Q9KPK4
map01100,K00873,vch:VC_0485,Q9KUN0
map01100,K00873,vch:VC_2008,Q9KQJ0
map01100,K00873,vch:VC_A0708,Q9KLN5
map01100,K00876,vch:VC_1038,Q9KT67
map01100,K00882,vch:VC_A0517,Q9KM71
map01100,K00885,vch:VC_1782,Q9KR61
map01100,K00891,vch:VC_2629,Q9KNV1
map01100,K00892,vch:VC_1129,Q9KSX7
map01100,K00892,vch:VC_A0801,Q9KLE5
map01100,K00901,vch:VC_A0714,Q9KLM9
map01100,K00912,vch:VC_1877,Q9KQX0
map01100,K00919,vch:VC_2182,Q9KQ23
map01100,K00925,vch:VC_1098,Q9KT07
map01100,K00925,vch:VC_A0235,Q9KMT5
map01100,K00927,vch:VC_0477,P0C6Q3
map01100,K00928,vch:VC_0391,Q9KUW8
map01100,K00928,vch:VC_0547,Q9KUH4
map01100,K00928,vch:VC_A0822,Q9KLC4
map01100,K00930,vch:VC_2643,Q9KNT7
map01100,K00931,vch:VC_2274,Q9KPT8
map01100,K00939,vch:VC_0986,Q9KTB7
map01100,K00940,vch:VC_0756,Q9KTX4
map01100,K00941,vch:VC_1296,Q9KSG0
map01100,K00942,vch:VC_2708,Q9KNM4
map01100,K00943,vch:VC_2016,Q9KQI2
map01100,K00945,vch:VC_1916,Q9KQT2
map01100,K00946,vch:VC_2266,Q9KPU6
map01100,K00948,vch:VC_2183,Q9KQ22
map01100,K00950,vch:VC_0525,Q9KUJ5
map01100,K00950,vch:VC_0593,Q9KUC9
map01100,K00951,vch:VC_2451,H9L4Q9
map01100,K00954,vch:VC_0222,Q9KVC4
map01100,K00956,vch:VC_2559,Q9KP20
map01100,K00957,vch:VC_2560,Q9KP19
map01100,K00963,vch:VC_0395,Q9KUW4
map01100,K00965,vch:VC_1596,Q9KRP0
map01100,K00969,vch:VC_A0208,Q9KMW0
map01100,K00975,vch:VC_1727,Q9KRB5
map01100,K00975,vch:VC_A0699,Q9KLP4
map01100,K00979,vch:VC_1875,Q9KQX2
map01100,K00981,vch:VC_1936,Q9KQR2
map01100,K00981,vch:VC_2255,Q9KPV7
map01100,K00991,vch:VC_0528,Q9KUJ2
map01100,K00995,vch:VC_1215,Q9KSP1
map01100,K00997,vch:VC_2457,Q9KPB6
map01100,K00998,vch:VC_0315,Q9KV43
map01100,K01000,vch:VC_2404,Q9KPG4
map01100,K01007,vch:VC_A0987,Q9KKW3
map01100,K01011,vch:VC_A0620,Q9KLX1
map01100,K01012,vch:VC_1112,Q9KSZ4
map01100,K01046,vch:VC_A0221,P15493
map01100,K01057,vch:VC_A0897,Q9KL51
map01100,K01069,vch:VC_1270,Q9KSI6
map01100,K01069,vch:VC_2236,Q9KPX6
map01100,K01079,vch:VC_2345,Q9KPM2
map01100,K01081,vch:VC_A0545,Q9KM44
map01100,K01082,vch:VC_2722,Q9KNL0
map01100,K01089,vch:VC_1135,Q9KSX1
map01100,K01091,vch:VC_2624,Q9KNV6
map01100,K01092,vch:VC_0745,Q9KTY5
map01100,K01095,vch:VC_2265,Q9KPU7
map01100,K01096,vch:VC_A0035,Q9KND0
map01100,K01119,vch:VC_2416,Q9KPF2
map01100,K01119,vch:VC_2562,Q9KP17
map01100,K01129,vch:VC_1979,Q9KQL9
map01100,K01139,vch:VC_2710,Q9KNM2
map01100,K01176,vch:VC_A0250,Q9KMS0
map01100,K01176,vch:VC_A0860,Q9KL86
map01100,K01183,vch:VC_1952,Q9KQP6
map01100,K01183,vch:VC_A0027,Q9KND8
map01100,K01193,vch:VC_A0655,Q9KLT6
map01100,K01207,vch:VC_0692,Q9KU37
map01100,K01214,vch:VC_A1029,Q9KKS1
map01100,K01226,vch:VC_0911,Q9KTJ1
map01100,K01243,vch:VC_2379,Q9KPI8
map01100,K01255,vch:VC_2501,P0C6E1
map01100,K01256,vch:VC_1494,Q9KRY9
map01100,K01270,vch:VC_2279,Q9KPT3
map01100,K01424,vch:VC_1995,Q9KQK3
map01100,K01425,vch:VC_0454,Q9KUR1
map01100,K01433,vch:VC_1992,Q9KQK6
map01100,K01438,vch:VC_2645,Q9KNT5
map01100,K01439,vch:VC_2152,Q9KQ52
map01100,K01443,vch:VC_0994,O32445
map01100,K01443,vch:VC_1783,Q9KR60
map01100,K01465,vch:VC_A0925,Q9KL24
map01100,K01468,vch:VC_1205,Q9KSQ1
map01100,K01478,vch:VC_0423,Q9KUU2
map01100,K01479,vch:VC_1204,Q9KSQ2
map01100,K01480,vch:VC_A0814,Q9KLD2
map01100,K01488,vch:VC_2751,Q9KNI7
map01100,K01489,vch:VC_1231,Q9KSM5
map01100,K01491,vch:VC_1942,Q9KQQ6
map01100,K01493,vch:VC_A0840,Q9KLA6
map01100,K01495,vch:VC_A0616,Q9KLX5
map01100,K01497,vch:VC_1263,Q9KSJ3
map01100,K01512,vch:VC_1355,Q9KSA4
map01100,K01515,vch:VC_2435,Q9KPD5
map01100,K01515,vch:VC_A0764,Q9KLI0
map01100,K01519,vch:VC_0456,Q9KUQ9
map01100,K01524,vch:VC_0304,Q9KV53
map01100,K01524,vch:VC_0722,Q9KU08
map01100,K01525,vch:VC_0441,Q9KUS4
map01100,K01529,vch:VC_0702,Q9KU27
map01100,K01571,vch:VC_0550,Q9KUH1
map01100,K01573,vch:VC_0549,Q9KUH2
map01100,K01573,vch:VC_0794,Q9KTU4
map01100,K01581,vch:VC_A1063,Q9KKN9
map01100,K01582,vch:VC_0281,Q9KV75
map01100,K01585,vch:VC_A0815,Q9KLD1
map01100,K01586,vch:VC_0125,Q9KVL7
map01100,K01588,vch:VC_0052,Q9KVT7
map01100,K01589,vch:VC_0051,Q9KVT8
map01100,K01591,vch:VC_1911,Q9KQT7
map01100,K01595,vch:VC_2646,Q9KNT4
map01100,K01599,vch:VC_0332,Q9KV26
map01100,K01610,vch:VC_2738,Q9KNK0
map01100,K01613,vch:VC_0339,Q9KV19
map01100,K01619,vch:VC_2350,Q9KPL7
map01100,K01620,vch:VC_A0765,Q9KLH9
map01100,K01624,vch:VC_0478,Q9KUN7
map01100,K01625,vch:VC_0285,Q9KV72
map01100,K01626,vch:VC_0695,Q9KU34
map01100,K01626,vch:VC_1507,Q9KRX6
map01100,K01627,vch:VC_2175,Q9KQ29
map01100,K01633,vch:VC_0524,Q9KUJ6
map01100,K01637,vch:VC_0736,Q9KTZ4
map01100,K01638,vch:VC_0734,Q9KTZ6
map01100,K01639,vch:VC_1776,Q9KR67
map01100,K01647,vch:VC_2092,Q9KQA8
map01100,K01649,vch:VC_2490,Q9KP83
map01100,K01652,vch:VC_0031,Q9KVV7
map01100,K01652,vch:VC_1590,Q9KRP6
map01100,K01652,vch:VC_2483,Q9KP90
map01100,K01653,vch:VC_2482,Q9KP91
map01100,K01657,vch:VC_1174,Q9KST2
map01100,K01658,vch:VC_1173,Q9KST3
map01100,K01659,vch:VC_1337,Q9KSC1
map01100,K01661,vch:VC_1973,Q9KQM5
map01100,K01662,vch:VC_0889,Q9KTL3
map01100,K01667,vch:VC_A0161,Q9KN05
map01100,K01673,vch:VC_0586,Q9KUD6
map01100,K01674,vch:VC_A0274,Q9KMP6
map01100,K01676,vch:VC_1304,Q9KSF2
map01100,K01679,vch:VC_1573,Q9KRR3
map01100,K01682,vch:VC_0604,Q9KUB8
map01100,K01687,vch:VC_0028,Q9KVW0
map01100,K01689,vch:VC_2447,Q9KPC5
map01100,K01690,vch:VC_0288,Q9KV69
map01100,K01695,vch:VC_1169,Q9KST7
map01100,K01696,vch:VC_1170,Q9KST6
map01100,K01698,vch:VC_0105,Q9KVN6
map01100,K01703,vch:VC_2492,Q9KP81
map01100,K01704,vch:VC_2493,Q9KP80
map01100,K01711,vch:VC_0243,Q06952
map01100,K01712,vch:VC_1203,Q9KSQ3
map01100,K01714,vch:VC_2157,Q9KQ47
map01100,K01716,vch:VC_1483,Q9KS00
map01100,K01719,vch:VC_0119,Q9KVM2
map01100,K01724,vch:VC_A0827,Q9KLB9
map01100,K01733,vch:VC_2362,Q9KPK5
map01100,K01734,vch:VC_A0711,Q9KLN2
map01100,K01735,vch:VC_2628,Q9KNV2
map01100,K01736,vch:VC_2116,Q9KQ85
map01100,K01737,vch:VC_1299,Q9KSF7
map01100,K01738,vch:VC_0968,Q9KTD4
map01100,K01738,vch:VC_1061,Q9KT44
map01100,K01739,vch:VC_2683,Q9KNP8
map01100,K01744,vch:VC_2698,Q9KNN3
map01100,K01745,vch:VC_1202,Q9KSQ4
map01100,K01749,vch:VC_0120,Q9KVM1
map01100,K01752,vch:VC_1300,Q9KSF6
map01100,K01752,vch:VC_A0666,Q9KLS5
map01100,K01753,vch:VC_A0875,Q9KL72
map01100,K01754,vch:VC_0027,Q9KVW1
map01100,K01755,vch:VC_2641,Q9KNT9
map01100,K01756,vch:VC_1126,Q9KSY0
map01100,K01759,vch:VC_1010,Q9KT93
map01100,K01760,vch:VC_1671,Q9KRH1
map01100,K01770,vch:VC_0529,Q9KUJ1
map01100,K01772,vch:VC_0987,Q9KTB6
map01100,K01775,vch:VC_0372,Q9KUY6
map01100,K01776,vch:VC_0158,Q9KVI7
map01100,K01778,vch:VC_0126,Q9KVL6
map01100,K01782,vch:VC_1047,Q9KT58
map01100,K01783,vch:VC_2625,Q9KNV5
map01100,K01784,vch:VC_A0774,Q9KLH0
map01100,K01785,vch:VC_1594,Q9KRP2
map01100,K01788,vch:VC_1781,Q9KR62
map01100,K01791,vch:VC_0917,Q9KTI5
map01100,K01792,vch:VC_2001,Q9KQJ7
map01100,K01800,vch:VC_1347,Q9KSB2
map01100,K01803,vch:VC_2670,Q9KNR1
map01100,K01807,vch:VC_2480,Q9KP93
map01100,K01809,vch:VC_0269,Q9KV87
map01100,K01809,vch:VC_1827,Q9KR20
map01100,K01810,vch:VC_0374,Q9KUY4
map01100,K01814,vch:VC_1137,Q9KSW9
map01100,K01825,vch:VC_2758,Q9KNI1
map01100,K01826,vch:VC_2669,Q9KNR2
map01100,K01835,vch:VC_2095,Q9KQA5
map01100,K01839,vch:VC_2348,Q9KPL9
map01100,K01840,vch:VC_0242,Q06951
map01100,K01840,vch:VC_A1041,Q9KKR1
map01100,K01845,vch:VC_0626,Q9KU97
map01100,K01874,vch:VC_1036,Q9KT69
map01100,K01885,vch:VC_2214,P0C6Q1
map01100,K01886,vch:VC_0997,Q9KTA6
map01100,K01895,vch:VC_0298,Q9KV59
map01100,K01897,vch:VC_1985,Q9KQL3
map01100,K01897,vch:VC_2341,Q9KPM6
map01100,K01897,vch:VC_2484,Q9KP89
map01100,K01902,vch:VC_2084,Q9KQB6
map01100,K01903,vch:VC_2085,Q9KQB5
map01100,K01907,vch:VC_A0829,Q9KLB7
map01100,K01908,vch:VC_1340,Q9KSB8
map01100,K01911,vch:VC_1971,Q9KQM7
map01100,K01915,vch:VC_2746,Q9KNJ2
map01100,K01916,vch:VC_A0207,Q9KMW1
map01100,K01918,vch:VC_0591,Q9KUD1
map01100,K01919,vch:VC_0556,Q9KUG5
map01100,K01920,vch:VC_0468,Q9KUP7
map01100,K01921,vch:VC_A0572,Q9KM17
map01100,K01923,vch:VC_1190,Q9KSR6
map01100,K01924,vch:VC_2400,Q9KPG8
map01100,K01925,vch:VC_2403,Q9KPG5
map01100,K01928,vch:VC_2406,Q9X6N4
map01100,K01929,vch:VC_2405,Q9KPG3
map01100,K01933,vch:VC_2226,Q9KPY6
map01100,K01934,vch:VC_2479,Q9KP94
map01100,K01935,vch:VC_1115,Q9KSZ1
map01100,K01937,vch:VC_2448,Q9KPC4
map01100,K01938,vch:VC_A0614,Q9KLX7
map01100,K01939,vch:VC_2602,Q9KNX8
map01100,K01940,vch:VC_2642,Q9KNT8
map01100,K01945,vch:VC_0275,Q9KV81
map01100,K01951,vch:VC_0768,Q9KTW2
map01100,K01952,vch:VC_0869,Q9KTN2
map01100,K01953,vch:VC_0991,Q9KTB2
map01100,K01955,vch:VC_2389,Q9KPH9
map01100,K01956,vch:VC_2390,Q9KPH8
map01100,K01961,vch:VC_0295,Q9KV62
map01100,K01962,vch:VC_2244,Q9KPW8
map01100,K01963,vch:VC_1000,Q9KTA3
map01100,K02078,vch:VC_0248,Q9KVA1
map01100,K02078,vch:VC_2020,Q9KQH8
map01100,K02108,vch:VC_2770,Q9KNG9
map01100,K02109,vch:VC_2768,Q9KNH1
map01100,K02110,vch:VC_2769,Q9KNH0
map01100,K02111,vch:VC_2766,Q9KNH3
map01100,K02112,vch:VC_2764,Q9KNH5
map01100,K02113,vch:VC_2767,Q9KNH2
map01100,K02114,vch:VC_2763,Q9KNH6
map01100,K02115,vch:VC_2765,Q9KNH4
map01100,K02160,vch:VC_0296,Q9KV61
map01100,K02169,vch:VC_1114,Q9KSZ2
map01100,K02170,vch:VC_2718,Q9KNL4
map01100,K02226,vch:VC_1240,Q9KSL6
map01100,K02227,vch:VC_2380,Q9KPI7
map01100,K02231,vch:VC_1239,Q9KSL7
map01100,K02232,vch:VC_A0727,Q9KLL6
map01100,K02233,vch:VC_1238,Q9KSL8
map01100,K02303,vch:VC_2561,Q9KP18
map01100,K02361,vch:VC_0773,O07898
map01100,K02362,vch:VC_0780,Q9KTV7
map01100,K02372,vch:VC_2249,Q9KPW3
map01100,K02437,vch:VC_A0277,Q9KMP5
map01100,K02439,vch:VC_0100,Q9KVP1
map01100,K02446,vch:VC_2688,Q9KNP3
map01100,K02472,vch:VC_0918,Q9KTI4
map01100,K02492,vch:VC_2180,Q9KQ24
map01100,K02495,vch:VC_0116,Q9KVM5
map01100,K02496,vch:VC_0118,Q9KVM3
map01100,K02500,vch:VC_1138,Q9KSW8
map01100,K02501,vch:VC_1136,Q9KSX0
map01100,K02517,vch:VC_0213,Q9KVD3
map01100,K02527,vch:VC_0233,Q9KVB3
map01100,K02535,vch:VC_2396,Q9KPH2
map01100,K02536,vch:VC_2250,Q9KPW2
map01100,K02548,vch:VC_2673,Q9KNQ8
map01100,K02549,vch:VC_1972,Q9KQM6
map01100,K02551,vch:VC_1975,Q9KQM3
map01100,K02552,vch:VC_1976,Q9KQM2
map01100,K02560,vch:VC_0212,Q9KVD4
map01100,K02563,vch:VC_2401,Q9KPG7
map01100,K02564,vch:VC_A1025,Q9KKS5
map01100,K02567,vch:VC_A0678,Q9KLR4
map01100,K02568,vch:VC_A0679,Q9KLR3
map01100,K02768,vch:VC_1820,Q9KR27
map01100,K02769,vch:VC_1823,Q9KR24
map01100,K02770,vch:VC_A0516,Q9KM72
map01100,K02777,vch:VC_0964,Q9KTD8
map01100,K02779,vch:VC_2013,Q9KQI5
map01100,K02800,vch:VC_A1045,Q9KKQ7
map01100,K02821,vch:VC_A0245,Q9KMS5
map01100,K02822,vch:VC_A0246,Q9KMS4
map01100,K02843,vch:VC_0236,Q9KVB0
map01100,K02847,vch:VC_0237,H9L4P0
map01100,K02858,vch:VC_A1060,Q9KKP2
map01100,K03077,vch:VC_A0244,Q9KMS6
map01100,K03078,vch:VC_A0242,Q9KMS8
map01100,K03079,vch:VC_A0241,Q9KMS9
map01100,K03147,vch:VC_0061,Q9KVS8
map01100,K03148,vch:VC_0063,Q9KVS6
map01100,K03149,vch:VC_0065,Q9KVS4
map01100,K03150,vch:VC_0066,Q9KVS3
map01100,K03151,vch:VC_0894,Q9KTK8
map01100,K03179,vch:VC_0094,Q9KVP7
map01100,K03181,vch:VC_0095,Q9KVP6
map01100,K03182,vch:VC_0309,Q9KV48
map01100,K03183,vch:VC_0083,Q9KVQ6
map01100,K03184,vch:VC_0963,Q9KTD9
map01100,K03185,vch:VC_2475,Q9KP98
map01100,K03186,vch:VC_2541,Q9KP38
map01100,K03269,vch:VC_1850,Q9KQZ7
map01100,K03270,vch:VC_2524,Q9KP52
map01100,K03271,vch:VC_2230,Q9KPY2
map01100,K03273,vch:VC_0908,Q9KTJ4
map01100,K03274,vch:VC_0240,Q06963
map01100,K03417,vch:VC_1336,Q9KSC2
map01100,K03426,vch:VC_0331,Q9KV27
map01100,K03430,vch:VC_A0604,Q9KLY7
map01100,K03431,vch:VC_0639,Q9KU84
map01100,K03472,vch:VC_0476,P0C6C2
map01100,K03473,vch:VC_2108,Q9KQ92
map01100,K03474,vch:VC_2458,Q9KPB5
map01100,K03475,vch:VC_A0246,Q9KMS4
map01100,K03476,vch:VC_A0248,Q9KMS2
map01100,K03517,vch:VC_1833,Q9KR14
map01100,K03524,vch:VC_0319,Q9KV39
map01100,K03526,vch:VC_0759,Q9KTX1
map01100,K03527,vch:VC_0685,Q9KU44
map01100,K03532,vch:VC_1693,Q9KRE9
map01100,K03533,vch:VC_1720,Q9KRC2
map01100,K03587,vch:VC_2407,Q9KPG1
map01100,K03621,vch:VC_2024,Q9KQH4
map01100,K03635,vch:VC_1028,Q9KT77
map01100,K03637,vch:VC_1026,Q9KT79
map01100,K03638,vch:VC_1025,Q9KT80
map01100,K03639,vch:VC_1024,Q9KT81
map01100,K03644,vch:VC_0943,Q9KTF9
map01100,K03651,vch:VC_2433,Q9KPD7
map01100,K03737,vch:VC_A0530,Q9KM58
map01100,K03743,vch:VC_0542,Q9KUH9
map01100,K03750,vch:VC_1527,Q9KRV7
map01100,K03750,vch:VC_A0617,Q9KLX4
map01100,K03752,vch:VC_1526,Q9KRV8
map01100,K03760,vch:VC_A1102,Q9KKK2
map01100,K03778,vch:VC_A0192,Q9KMX4
map01100,K03781,vch:VC_1585,Q9KRQ1
map01100,K03782,vch:VC_1560,Q9KRS6
map01100,K03784,vch:VC_2347,Q9KPM0
map01100,K03784,vch:VC_A0053,Q9KNB2
map01100,K03786,vch:VC_0297,Q9KV60
map01100,K03787,vch:VC_0531,Q9KUI9
map01100,K03800,vch:VC_1388,Q9KS71
map01100,K03801,vch:VC_0944,Q9KTF8
map01100,K03809,vch:VC_2166,Q9KQ38
map01100,K03821,vch:VC_A0688,Q9KLQ4
map01100,K03841,vch:VC_2544,Q9KP35
map01100,K03885,vch:VC_1890,Q9KQV8
map01100,K04042,vch:VC_2762,Q9KNH7
map01100,K04072,vch:VC_2033,Q9KQG5
map01100,K04487,vch:VC_0748,Q9KTY2
map01100,K04765,vch:VC_2450,Q9KPC2
map01100,K05306,vch:VC_A0606,Q9KLY5
map01100,K05365,vch:VC_0602,Q9KUC0
map01100,K05366,vch:VC_2635,Q9KNU5
map01100,K05368,vch:VC_0312,Q9KV46
map01100,K05515,vch:VC_0950,Q9KTF2
map01100,K05526,vch:VC_1242,Q9KSL4
map01100,K05810,vch:VC_0710,Q9KU19
map01100,K05851,vch:VC_0122,Q9KVL9
map01100,K06041,vch:VC_2523,Q9KP53
map01100,K06131,vch:VC_1670,Q9KRH2
map01100,K06287,vch:VC_0418,Q9KUU7
map01100,K06445,vch:VC_1740,Q9KRA2
map01100,K06445,vch:VC_2231,Q9KPY1
map01100,K06447,vch:VC_2616,Q9KNW4
map01100,K06718,vch:VC_A0825,Q9KLC1
map01100,K06720,vch:VC_A0823,Q9KLC3
map01100,K06879,vch:VC_0902,Q9KTK0
map01100,K06900,vch:VC_0178,Q9KVG8
map01100,K06920,vch:VC_1366,Q9KS93
map01100,K06949,vch:VC_0340,Q9KV18
map01100,K06966,vch:VC_0899,Q9KTK3
map01100,K07043,vch:VC_1615,Q9KRM1
map01100,K07106,vch:VC_0206,Q9KVE0
map01100,K07106,vch:VC_0690,Q9KU39
map01100,K07160,vch:VC_A0776,Q9KLG8
map01100,K07173,vch:VC_0557,Q9KUG4
map01100,K07258,vch:VC_0947,Q9KTF5
map01100,K07258,vch:VC_A0270,Q9KMQ0
map01100,K07259,vch:VC_0632,Q9KU91
map01100,K07751,vch:VC_0755,Q9KTX5
map01100,K07811,vch:VC_1692,Q9KRF0
map01100,K07812,vch:VC_1950,Q9KQP8
map01100,K07821,vch:VC_1951,Q9KQP7
map01100,K08281,vch:VC_A0712,Q9KLN1
map01100,K08289,vch:VC_1228,Q9KSM8
map01100,K08312,vch:VC_2721,Q9KNL1
map01100,K08325,vch:VC_A0702,Q9KLP1
map01100,K08591,vch:VC_0523,Q9KUJ7
map01100,K08680,vch:VC_1974,Q9KQM4
map01100,K08682,vch:VC_A0769,Q9KLH5
map01100,K08722,vch:VC_1978,Q9KQM0
map01100,K08723,vch:VC_A0608,Q9KLY3
map01100,K08968,vch:VC_1498,Q9KRY5
map01100,K09001,vch:VC_0691,Q9KU38
map01100,K09458,vch:VC_2019,Q9KQH9
map01100,K09788,vch:VC_1339,Q9KSB9
map01100,K09903,vch:VC_2258,Q9KPV4
map01100,K09913,vch:VC_A0970,Q9KKY0
map01100,K09953,vch:VC_1867,Q9KQY0
map01100,K10026,vch:VC_1365,Q9KS94
map01100,K11175,vch:VC_2227,Q9KPY5
map01100,K11258,vch:VC_0030,Q9KVV8
map01100,K11751,vch:VC_2174,Q9KQ30
map01100,K11752,vch:VC_2271,Q9KPU1
map01100,K11753,vch:VC_0681,Q9KU48
map01100,K11754,vch:VC_1001,Q9KTA2
map01100,K11755,vch:VC_1139,Q9KSW7
map01100,K12339,vch:VC_0537,Q9KUI4
map01100,K12373,vch:VC_0613,Q9KUB0
map01100,K12373,vch:VC_2217,Q9KPZ5
map01100,K12410,vch:VC_1509,Q9KRX4
map01100,K12524,vch:VC_2364,Q9KPK3
map01100,K12525,vch:VC_2684,Q9KNP7
map01100,K13010,vch:VC_0244,Q9KVA5
map01100,K13038,vch:VC_0215,Q9KVD1
map01100,K13051,vch:VC_2603,Q9KNX7
map01100,K13498,vch:VC_1171,Q9KST5
map01100,K13746,vch:VC_1624,Q9KRL3
map01100,K13747,vch:VC_1623,Q9KRL4
map01100,K13788,vch:VC_1097,Q9KT08
map01100,K14170,vch:VC_0705,Q9KU24
map01100,K14187,vch:VC_0696,Q9KU33
map01100,K14260,vch:VC_1977,Q9KQM1
map01100,K14652,vch:VC_2269,Q9KPU3
map01100,K14682,vch:VC_2316,Q9KPQ0
map01100,K15371,vch:VC_1492,Q9KRZ1
map01100,K15633,vch:VC_0336,Q9KV22
map01100,K15736,vch:VC_A0147,Q9KN19
map01100,K16011,vch:VC_0241,Q07024
map01100,K16171,vch:VC_1346,Q9KSB3
map01100,K18675,vch:VC_0612,Q9KUB1
map01100,K18676,vch:VC_0614,Q9KUA9
map01100,K18800,vch:VC_2474,Q9KP99
map01100,K18930,vch:VC_A0985,Q9KKW5
map01100,K19221,vch:VC_1040,Q9KT65
map01100,K19222,vch:VC_A0580,Q9KM09
map01100,K19285,vch:VC_0715,Q9KU15
map01100,K19745,vch:VC_0026,Q9KVW2
map01100,K20455,vch:VC_1338,Q9KSC0
map01100,K20509,vch:VC_0551,Q9KUH0
map01100,K20509,vch:VC_0792,Q9KTU5
map01100,K20862,vch:VC_0129,Q9KVL3
map01100,K21379,vch:VC_0252,H9L4Q4
map01100,K21636,vch:VC_A0511,Q9KM77
map01100,K22477,vch:VC_A0470,H9L4R4
map01100,K22602,vch:VC_A0558,Q9KM31
map01100,K23124,vch:VC_A0778,Q9KLG6
map01100,K23550,vch:VC_1784,P0C6E9
map01100,K24136,vch:VC_2637,Q9KNU3
map01100,K24138,vch:VC_1350,Q9KSA9
map01100,K24264,vch:VC_1149,Q9KSV7
map01100,K24300,vch:VC_0260,H9L4R0
map01100,K24310,vch:VC_0262,Q9KV94
map01100,K24843,vch:VC_0654,Q9KU69
map01100,K24844,vch:VC_0652,Q9KU71
map01100,K24845,vch:VC_0651,Q9KU72
map01100,K24866,vch:VC_1363,Q9KS96
map01100,K25317,vch:VC_1312,Q9KSE5
map01100,K26063,vch:VC_1198,Q9KSQ8
map01100,K28207,vch:VC_1532,Q9KRV2
map01100,K28462,vch:VC_2613,Q9KNW7
map01110,K00013,vch:VC_1133,Q9F854
map01110,K00014,vch:VC_0056,Q9KVT3
map01110,K00018,vch:VC_2504,Q9KP72
map01110,K00021,vch:VC_A0723,Q9KLM0
map01110,K00024,vch:VC_0432,Q9KUT3
map01110,K00031,vch:VC_1141,Q9KSW5
map01110,K00033,vch:VC_A0898,Q9KL50
map01110,K00036,vch:VC_A0896,Q9KL52
map01110,K00052,vch:VC_2491,Q9KP82
map01110,K00053,vch:VC_0162,Q9KVI4
map01110,K00057,vch:VC_2651,Q9KNT0
map01110,K00058,vch:VC_2481,Q9KP92
map01110,K00058,vch:VC_A0630,Q9KLW1
map01110,K00059,vch:VC_2021,Q9KQH7
map01110,K00077,vch:VC_2307,Q9KPQ9
map01110,K00088,vch:VC_0767,Q9KTW3
map01110,K00099,vch:VC_2254,Q9KPV8
map01110,K00111,vch:VC_A0657,Q9KLT4
map01110,K00111,vch:VC_A0747,Q9KLJ7
map01110,K00112,vch:VC_A0748,Q9KLJ6
map01110,K00113,vch:VC_A0749,Q9KLJ5
map01110,K00128,vch:VC_0819,P0C6D7
map01110,K00133,vch:VC_2036,Q9KQG2
map01110,K00133,vch:VC_2107,P23247
map01110,K00134,vch:VC_2000,Q9KQJ8
map01110,K00134,vch:VC_A0843,Q9KLA3
map01110,K00138,vch:VC_1819,Q9KR28
map01110,K00145,vch:VC_2644,Q9KNT6
map01110,K00147,vch:VC_2273,Q9KPT9
map01110,K00163,vch:VC_2414,Q9KPF4
map01110,K00164,vch:VC_2087,Q9KQB3
map01110,K00209,vch:VC_1738,Q9KRA3
map01110,K00209,vch:VC_A0784,Q9KLG0
map01110,K00215,vch:VC_2391,Q9KPH7
map01110,K00216,vch:VC_0774,Q56632
map01110,K00228,vch:VC_0055,Q9KVT4
map01110,K00230,vch:VC_2755,Q9KNI4
map01110,K00239,vch:VC_2089,Q9KQB1
map01110,K00240,vch:VC_2088,Q9KQB2
map01110,K00241,vch:VC_2091,Q9KQA9
map01110,K00242,vch:VC_2090,Q9KQB0
map01110,K00244,vch:VC_2656,Q9KNS5
map01110,K00245,vch:VC_2657,Q9KNS4
map01110,K00246,vch:VC_2658,Q9KNS3
map01110,K00247,vch:VC_2659,Q9KNS2
map01110,K00265,vch:VC_2373,Q9KPJ4
map01110,K00265,vch:VC_2376,Q9KPJ1
map01110,K00266,vch:VC_2374,Q9KPJ3
map01110,K00266,vch:VC_2377,Q9KPJ0
map01110,K00286,vch:VC_0460,Q9KUQ5
map01110,K00382,vch:VC_2412,Q9KPF6
map01110,K00382,vch:VC_2638,Q9KNU2
map01110,K00548,vch:VC_0390,Q9KUW9
map01110,K00549,vch:VC_1704,Q9KRD8
map01110,K00568,vch:VC_1257,Q9KSJ9
map01110,K00600,vch:VC_0941,Q9KTG1
map01110,K00600,vch:VC_A0278,Q9KMP4
map01110,K00602,vch:VC_0276,Q9KV80
map01110,K00606,vch:VC_0592,Q9KUD0
map01110,K00611,vch:VC_2508,Q9KP68
map01110,K00615,vch:VC_0473,Q9KUP2
map01110,K00615,vch:VC_A0624,Q9KLW7
map01110,K00616,vch:VC_A0623,Q9KLW8
map01110,K00626,vch:VC_A0690,Q9KLQ2
map01110,K00627,vch:VC_2413,Q9KPF5
map01110,K00631,vch:VC_0093,Q9KVP8
map01110,K00632,vch:VC_1046,Q9KT59
map01110,K00632,vch:VC_2759,Q9KNI0
map01110,K00640,vch:VC_0919,Q9KTI3
map01110,K00640,vch:VC_0923,Q9KTH9
map01110,K00640,vch:VC_2649,Q9KNT2
map01110,K00645,vch:VC_2022,Q9KQH6
map01110,K00651,vch:VC_1611,Q9KRM5
map01110,K00655,vch:VC_2513,Q9KP63
map01110,K00658,vch:VC_2086,Q9KQB4
map01110,K00688,vch:VC_A0013,Q9KNF1
map01110,K00700,vch:VC_A0016,Q9KNE8
map01110,K00703,vch:VC_1726,Q9KRB6
map01110,K00705,vch:VC_A0014,Q9KNF0
map01110,K00760,vch:VC_0585,Q9KUD7
map01110,K00764,vch:VC_1004,Q9KT99
map01110,K00765,vch:VC_1132,Q9KSX4
map01110,K00766,vch:VC_1172,Q9KST4
map01110,K00769,vch:VC_2277,Q9KPT5
map01110,K00789,vch:VC_0472,Q9KUP3
map01110,K00791,vch:VC_0346,Q9KV12
map01110,K00793,vch:VC_2270,Q9KPU2
map01110,K00794,vch:VC_2268,Q9KPU4
map01110,K00795,vch:VC_0890,Q9KTL2
map01110,K00800,vch:VC_1732,Q9KRB0
map01110,K00806,vch:VC_2256,Q9KPV6
map01110,K00813,vch:VC_A0513,Q9KM75
map01110,K00817,vch:VC_1134,Q9KSX2
map01110,K00821,vch:VC_2618,Q9KNW2
map01110,K00826,vch:VC_0029,Q9KVV9
map01110,K00830,vch:VC_0392,Q9KUW7
map01110,K00831,vch:VC_1159,Q9KSU7
map01110,K00832,vch:VC_1293,Q9KSG3
map01110,K00835,vch:VC_0019,Q9KVW9
map01110,K00836,vch:VC_A0824,Q9KLC2
map01110,K00847,vch:VC_0270,Q9KV86
map01110,K00847,vch:VC_A0656,Q9KLT5
map01110,K00850,vch:VC_2689,Q9KNP2
map01110,K00851,vch:VC_0287,Q9KV70
map01110,K00864,vch:VC_A0744,Q9KLJ9
map01110,K00865,vch:VC_A0903,Q9KL45
map01110,K00872,vch:VC_2363,Q9KPK4
map01110,K00873,vch:VC_0485,Q9KUN0
map01110,K00873,vch:VC_2008,Q9KQJ0
map01110,K00873,vch:VC_A0708,Q9KLN5
map01110,K00891,vch:VC_2629,Q9KNV1
map01110,K00901,vch:VC_A0714,Q9KLM9
map01110,K00919,vch:VC_2182,Q9KQ23
map01110,K00927,vch:VC_0477,P0C6Q3
map01110,K00928,vch:VC_0391,Q9KUW8
map01110,K00928,vch:VC_0547,Q9KUH4
map01110,K00928,vch:VC_A0822,Q9KLC4
map01110,K00930,vch:VC_2643,Q9KNT7
map01110,K00931,vch:VC_2274,Q9KPT8
map01110,K00939,vch:VC_0986,Q9KTB7
map01110,K00940,vch:VC_0756,Q9KTX4
map01110,K00948,vch:VC_2183,Q9KQ22
map01110,K00956,vch:VC_2559,Q9KP20
map01110,K00957,vch:VC_2560,Q9KP19
map01110,K00963,vch:VC_0395,Q9KUW4
map01110,K00975,vch:VC_1727,Q9KRB5
map01110,K00975,vch:VC_A0699,Q9KLP4
map01110,K00981,vch:VC_1936,Q9KQR2
map01110,K00981,vch:VC_2255,Q9KPV7
map01110,K00991,vch:VC_0528,Q9KUJ2
map01110,K00997,vch:VC_2457,Q9KPB6
map01110,K00998,vch:VC_0315,Q9KV43
map01110,K01007,vch:VC_A0987,Q9KKW3
map01110,K01046,vch:VC_A0221,P15493
map01110,K01057,vch:VC_A0897,Q9KL51
map01110,K01079,vch:VC_2345,Q9KPM2
map01110,K01081,vch:VC_A0545,Q9KM44
map01110,K01089,vch:VC_1135,Q9KSX1
map01110,K01091,vch:VC_2624,Q9KNV6
map01110,K01092,vch:VC_0745,Q9KTY5
map01110,K01176,vch:VC_A0250,Q9KMS0
map01110,K01176,vch:VC_A0860,Q9KL86
map01110,K01193,vch:VC_A0655,Q9KLT6
map01110,K01214,vch:VC_A1029,Q9KKS1
map01110,K01252,vch:VC_0771,P0C6D3
map01110,K01424,vch:VC_1995,Q9KQK3
map01110,K01425,vch:VC_0454,Q9KUR1
map01110,K01438,vch:VC_2645,Q9KNT5
map01110,K01478,vch:VC_0423,Q9KUU2
map01110,K01480,vch:VC_A0814,Q9KLD2
map01110,K01497,vch:VC_1263,Q9KSJ3
map01110,K01575,vch:VC_1589,Q9KRP7
map01110,K01581,vch:VC_A1063,Q9KKN9
map01110,K01582,vch:VC_0281,Q9KV75
map01110,K01585,vch:VC_A0815,Q9KLD1
map01110,K01586,vch:VC_0125,Q9KVL7
map01110,K01588,vch:VC_0052,Q9KVT7
map01110,K01589,vch:VC_0051,Q9KVT8
map01110,K01599,vch:VC_0332,Q9KV26
map01110,K01610,vch:VC_2738,Q9KNK0
map01110,K01613,vch:VC_0339,Q9KV19
map01110,K01620,vch:VC_A0765,Q9KLH9
map01110,K01624,vch:VC_0478,Q9KUN7
map01110,K01626,vch:VC_0695,Q9KU34
map01110,K01626,vch:VC_1507,Q9KRX6
map01110,K01637,vch:VC_0736,Q9KTZ4
map01110,K01638,vch:VC_0734,Q9KTZ6
map01110,K01647,vch:VC_2092,Q9KQA8
map01110,K01649,vch:VC_2490,Q9KP83
map01110,K01652,vch:VC_0031,Q9KVV7
map01110,K01652,vch:VC_1590,Q9KRP6
map01110,K01652,vch:VC_2483,Q9KP90
map01110,K01653,vch:VC_2482,Q9KP91
map01110,K01657,vch:VC_1174,Q9KST2
map01110,K01658,vch:VC_1173,Q9KST3
map01110,K01659,vch:VC_1337,Q9KSC1
map01110,K01661,vch:VC_1973,Q9KQM5
map01110,K01662,vch:VC_0889,Q9KTL3
map01110,K01676,vch:VC_1304,Q9KSF2
map01110,K01679,vch:VC_1573,Q9KRR3
map01110,K01682,vch:VC_0604,Q9KUB8
map01110,K01687,vch:VC_0028,Q9KVW0
map01110,K01689,vch:VC_2447,Q9KPC5
map01110,K01695,vch:VC_1169,Q9KST7
map01110,K01696,vch:VC_1170,Q9KST6
map01110,K01698,vch:VC_0105,Q9KVN6
map01110,K01703,vch:VC_2492,Q9KP81
map01110,K01704,vch:VC_2493,Q9KP80
map01110,K01714,vch:VC_2157,Q9KQ47
map01110,K01719,vch:VC_0119,Q9KVM2
map01110,K01733,vch:VC_2362,Q9KPK5
map01110,K01735,vch:VC_2628,Q9KNV2
map01110,K01736,vch:VC_2116,Q9KQ85
map01110,K01738,vch:VC_0968,Q9KTD4
map01110,K01738,vch:VC_1061,Q9KT44
map01110,K01739,vch:VC_2683,Q9KNP8
map01110,K01749,vch:VC_0120,Q9KVM1
map01110,K01752,vch:VC_1300,Q9KSF6
map01110,K01752,vch:VC_A0666,Q9KLS5
map01110,K01754,vch:VC_0027,Q9KVW1
map01110,K01755,vch:VC_2641,Q9KNT9
map01110,K01756,vch:VC_1126,Q9KSY0
map01110,K01760,vch:VC_1671,Q9KRH1
map01110,K01770,vch:VC_0529,Q9KUJ1
map01110,K01772,vch:VC_0987,Q9KTB6
map01110,K01778,vch:VC_0126,Q9KVL6
map01110,K01782,vch:VC_1047,Q9KT58
map01110,K01783,vch:VC_2625,Q9KNV5
map01110,K01785,vch:VC_1594,Q9KRP2
map01110,K01792,vch:VC_2001,Q9KQJ7
map01110,K01803,vch:VC_2670,Q9KNR1
map01110,K01807,vch:VC_2480,Q9KP93
map01110,K01809,vch:VC_0269,Q9KV87
map01110,K01809,vch:VC_1827,Q9KR20
map01110,K01810,vch:VC_0374,Q9KUY4
map01110,K01814,vch:VC_1137,Q9KSW9
map01110,K01825,vch:VC_2758,Q9KNI1
map01110,K01835,vch:VC_2095,Q9KQA5
map01110,K01840,vch:VC_0242,Q06951
map01110,K01840,vch:VC_A1041,Q9KKR1
map01110,K01845,vch:VC_0626,Q9KU97
map01110,K01885,vch:VC_2214,P0C6Q1
map01110,K01895,vch:VC_0298,Q9KV59
map01110,K01902,vch:VC_2084,Q9KQB6
map01110,K01903,vch:VC_2085,Q9KQB5
map01110,K01911,vch:VC_1971,Q9KQM7
map01110,K01915,vch:VC_2746,Q9KNJ2
map01110,K01918,vch:VC_0591,Q9KUD1
map01110,K01923,vch:VC_1190,Q9KSR6
map01110,K01933,vch:VC_2226,Q9KPY6
map01110,K01940,vch:VC_2642,Q9KNT8
map01110,K01945,vch:VC_0275,Q9KV81
map01110,K01952,vch:VC_0869,Q9KTN2
map01110,K01953,vch:VC_0991,Q9KTB2
map01110,K01955,vch:VC_2389,Q9KPH9
map01110,K01956,vch:VC_2390,Q9KPH8
map01110,K01961,vch:VC_0295,Q9KV62
map01110,K01962,vch:VC_2244,Q9KPW8
map01110,K01963,vch:VC_1000,Q9KTA3
map01110,K02078,vch:VC_0248,Q9KVA1
map01110,K02078,vch:VC_2020,Q9KQH8
map01110,K02160,vch:VC_0296,Q9KV61
map01110,K02303,vch:VC_2561,Q9KP18
map01110,K02361,vch:VC_0773,O07898
map01110,K02362,vch:VC_0780,Q9KTV7
map01110,K02363,vch:VC_0772,O07899
map01110,K02364,vch:VC_1579,Q9KRQ7
map01110,K02437,vch:VC_A0277,Q9KMP5
map01110,K02439,vch:VC_0100,Q9KVP1
map01110,K02446,vch:VC_2688,Q9KNP3
map01110,K02492,vch:VC_2180,Q9KQ24
map01110,K02495,vch:VC_0116,Q9KVM5
map01110,K02496,vch:VC_0118,Q9KVM3
map01110,K02500,vch:VC_1138,Q9KSW8
map01110,K02501,vch:VC_1136,Q9KSX0
map01110,K02523,vch:VC_0434,Q9KUT1
map01110,K02548,vch:VC_2673,Q9KNQ8
map01110,K02549,vch:VC_1972,Q9KQM6
map01110,K02551,vch:VC_1975,Q9KQM3
map01110,K02552,vch:VC_1976,Q9KQM2
map01110,K02858,vch:VC_A1060,Q9KKP2
map01110,K03179,vch:VC_0094,Q9KVP7
map01110,K03181,vch:VC_0095,Q9KVP6
map01110,K03182,vch:VC_0309,Q9KV48
map01110,K03183,vch:VC_0083,Q9KVQ6
map01110,K03184,vch:VC_0963,Q9KTD9
map01110,K03185,vch:VC_2475,Q9KP98
map01110,K03186,vch:VC_2541,Q9KP38
map01110,K03526,vch:VC_0759,Q9KTX1
map01110,K03527,vch:VC_0685,Q9KU44
map01110,K03621,vch:VC_2024,Q9KQH4
map01110,K03737,vch:VC_A0530,Q9KM58
map01110,K03781,vch:VC_1585,Q9KRQ1
map01110,K03782,vch:VC_1560,Q9KRS6
map01110,K03784,vch:VC_2347,Q9KPM0
map01110,K03784,vch:VC_A0053,Q9KNB2
map01110,K03786,vch:VC_0297,Q9KV60
map01110,K03787,vch:VC_0531,Q9KUI9
map01110,K03809,vch:VC_2166,Q9KQ38
map01110,K03823,vch:VC_A0387,Q9KMG9
map01110,K03841,vch:VC_2544,Q9KP35
map01110,K04072,vch:VC_2033,Q9KQG5
map01110,K06900,vch:VC_0178,Q9KVG8
map01110,K07226,vch:VC_A0907,Q9KL41
map01110,K08289,vch:VC_1228,Q9KSM8
map01110,K08591,vch:VC_0523,Q9KUJ7
map01110,K08680,vch:VC_1974,Q9KQM4
map01110,K09913,vch:VC_A0970,Q9KKY0
map01110,K11175,vch:VC_2227,Q9KPY5
map01110,K11258,vch:VC_0030,Q9KVV8
map01110,K11751,vch:VC_2174,Q9KQ30
map01110,K11752,vch:VC_2271,Q9KPU1
map01110,K11753,vch:VC_0681,Q9KU48
map01110,K11755,vch:VC_1139,Q9KSW7
map01110,K12524,vch:VC_2364,Q9KPK3
map01110,K12525,vch:VC_2684,Q9KNP7
map01110,K13051,vch:VC_2603,Q9KNX7
map01110,K13498,vch:VC_1171,Q9KST5
map01110,K13727,vch:VC_2240,Q9KPX2
map01110,K14170,vch:VC_0705,Q9KU24
map01110,K14187,vch:VC_0696,Q9KU33
map01110,K14260,vch:VC_1977,Q9KQM1
map01110,K14652,vch:VC_2269,Q9KPU3
map01110,K14682,vch:VC_2316,Q9KPQ0
map01110,K15633,vch:VC_0336,Q9KV22
map01110,K16011,vch:VC_0241,Q07024
map01110,K18009,vch:VC_1591,Q9KRP5
map01110,K18800,vch:VC_2474,Q9KP99
map01110,K19222,vch:VC_A0580,Q9KM09
map01110,K20862,vch:VC_0129,Q9KVL3
map01110,K22477,vch:VC_A0470,H9L4R4
map01110,K24264,vch:VC_1149,Q9KSV7
map01110,K24843,vch:VC_0654,Q9KU69
map01110,K24844,vch:VC_0652,Q9KU71
map01110,K24845,vch:VC_0651,Q9KU72
map01110,K24866,vch:VC_1363,Q9KS96
map00260,K00018,vch:VC_2504,Q9KP72
map00260,K00058,vch:VC_2481,Q9KP92
map00260,K00058,vch:VC_A0630,Q9KLW1
map00260,K00060,vch:VC_A0885,Q9KL62
map00260,K00133,vch:VC_2036,Q9KQG2
map00260,K00133,vch:VC_2107,P23247
map00260,K00382,vch:VC_2412,Q9KPF6
map00260,K00382,vch:VC_2638,Q9KNU2
map00260,K00600,vch:VC_0941,Q9KTG1
map00260,K00600,vch:VC_A0278,Q9KMP4
map00260,K00639,vch:VC_A0886,Q9KL61
map00260,K00830,vch:VC_0392,Q9KUW7
map00260,K00831,vch:VC_1159,Q9KSU7
map00260,K00836,vch:VC_A0824,Q9KLC2
map00260,K00865,vch:VC_A0903,Q9KL45
map00260,K00872,vch:VC_2363,Q9KPK4
map00260,K00928,vch:VC_0391,Q9KUW8
map00260,K00928,vch:VC_0547,Q9KUH4
map00260,K00928,vch:VC_A0822,Q9KLC4
map00260,K00998,vch:VC_0315,Q9KV43
map00260,K01079,vch:VC_2345,Q9KPM2
map00260,K01620,vch:VC_A0765,Q9KLH9
map00260,K01695,vch:VC_1169,Q9KST7
map00260,K01696,vch:VC_1170,Q9KST6
map00260,K01733,vch:VC_2362,Q9KPK5
map00260,K01752,vch:VC_1300,Q9KSF6
map00260,K01752,vch:VC_A0666,Q9KLS5
map00260,K01753,vch:VC_A0875,Q9KL72
map00260,K01754,vch:VC_0027,Q9KVW1
map00260,K02437,vch:VC_A0277,Q9KMP5
map00260,K06718,vch:VC_A0825,Q9KLC1
map00260,K06720,vch:VC_A0823,Q9KLC3
map00260,K12524,vch:VC_2364,Q9KPK3
map00260,K12525,vch:VC_2684,Q9KNP7
map00260,K15633,vch:VC_0336,Q9KV22
map00260,K25317,vch:VC_1312,Q9KSE5
map00261,K00133,vch:VC_2036,Q9KQG2
map00261,K00133,vch:VC_2107,P23247
map00261,K00215,vch:VC_2391,Q9KPH7
map00261,K00928,vch:VC_0391,Q9KUW8
map00261,K00928,vch:VC_0547,Q9KUH4
map00261,K00928,vch:VC_A0822,Q9KLC4
map00261,K00956,vch:VC_2559,Q9KP20
map00261,K00957,vch:VC_2560,Q9KP19
map00261,K01714,vch:VC_2157,Q9KQ47
map00261,K12524,vch:VC_2364,Q9KPK3
map00261,K12525,vch:VC_2684,Q9KNP7
map00270,K00024,vch:VC_0432,Q9KUT3
map00270,K00058,vch:VC_2481,Q9KP92
map00270,K00058,vch:VC_A0630,Q9KLW1
map00270,K00133,vch:VC_2036,Q9KQG2
map00270,K00133,vch:VC_2107,P23247
map00270,K00548,vch:VC_0390,Q9KUW9
map00270,K00549,vch:VC_1704,Q9KRD8
map00270,K00558,vch:VC_A0198,Q9KMW8
map00270,K00640,vch:VC_0919,Q9KTI3
map00270,K00640,vch:VC_0923,Q9KTH9
map00270,K00640,vch:VC_2649,Q9KNT2
map00270,K00651,vch:VC_1611,Q9KRM5
map00270,K00789,vch:VC_0472,Q9KUP3
map00270,K00813,vch:VC_A0513,Q9KM75
map00270,K00826,vch:VC_0029,Q9KVV9
map00270,K00831,vch:VC_1159,Q9KSU7
map00270,K00832,vch:VC_1293,Q9KSG3
map00270,K00872,vch:VC_2363,Q9KPK4
map00270,K00928,vch:VC_0391,Q9KUW8
map00270,K00928,vch:VC_0547,Q9KUH4
map00270,K00928,vch:VC_A0822,Q9KLC4
map00270,K01011,vch:VC_A0620,Q9KLX1
map00270,K01243,vch:VC_2379,Q9KPI8
map00270,K01738,vch:VC_0968,Q9KTD4
map00270,K01738,vch:VC_1061,Q9KT44
map00270,K01739,vch:VC_2683,Q9KNP8
map00270,K01752,vch:VC_1300,Q9KSF6
map00270,K01752,vch:VC_A0666,Q9KLS5
map00270,K01760,vch:VC_1671,Q9KRH1
map00270,K01919,vch:VC_0556,Q9KUG5
map00270,K01920,vch:VC_0468,Q9KUP7
map00270,K05810,vch:VC_0710,Q9KU19
map00270,K07173,vch:VC_0557,Q9KUG4
map00270,K08968,vch:VC_1498,Q9KRY5
map00270,K12339,vch:VC_0537,Q9KUI4
map00270,K12524,vch:VC_2364,Q9KPK3
map00270,K12525,vch:VC_2684,Q9KNP7
map00270,K25317,vch:VC_1312,Q9KSE5
map00300,K00133,vch:VC_2036,Q9KQG2
map00300,K00133,vch:VC_2107,P23247
map00300,K00215,vch:VC_2391,Q9KPH7
map00300,K00674,vch:VC_2329,Q9KPN7
map00300,K00821,vch:VC_2618,Q9KNW2
map00300,K00928,vch:VC_0391,Q9KUW8
map00300,K00928,vch:VC_0547,Q9KUH4
map00300,K00928,vch:VC_A0822,Q9KLC4
map00300,K01439,vch:VC_2152,Q9KQ52
map00300,K01586,vch:VC_0125,Q9KVL7
map00300,K01714,vch:VC_2157,Q9KQ47
map00300,K01778,vch:VC_0126,Q9KVL6
map00300,K01928,vch:VC_2406,Q9X6N4
map00300,K01929,vch:VC_2405,Q9KPG3
map00300,K12524,vch:VC_2364,Q9KPK3
map00300,K12525,vch:VC_2684,Q9KNP7
map01120,K00012,vch:VC_A0780,Q9KLG4
map01120,K00018,vch:VC_2504,Q9KP72
map01120,K00023,vch:VC_A0691,Q9KLQ1
map01120,K00024,vch:VC_0432,Q9KUT3
map01120,K00029,vch:VC_2681,Q9KNQ0
map01120,K00031,vch:VC_1141,Q9KSW5
map01120,K00033,vch:VC_A0898,Q9KL50
map01120,K00036,vch:VC_A0896,Q9KL52
map01120,K00058,vch:VC_2481,Q9KP92
map01120,K00058,vch:VC_A0630,Q9KLW1
map01120,K00124,vch:VC_1512,Q9KRX1
map01120,K00127,vch:VC_1511,Q9KRX2
map01120,K00128,vch:VC_0819,P0C6D7
map01120,K00133,vch:VC_2036,Q9KQG2
map01120,K00133,vch:VC_2107,P23247
map01120,K00134,vch:VC_2000,Q9KQJ8
map01120,K00134,vch:VC_A0843,Q9KLA3
map01120,K00135,vch:VC_1745,Q9KR97
map01120,K00138,vch:VC_1819,Q9KR28
map01120,K00163,vch:VC_2414,Q9KPF4
map01120,K00164,vch:VC_2087,Q9KQB3
map01120,K00209,vch:VC_1738,Q9KRA3
map01120,K00209,vch:VC_A0784,Q9KLG0
map01120,K00215,vch:VC_2391,Q9KPH7
map01120,K00239,vch:VC_2089,Q9KQB1
map01120,K00240,vch:VC_2088,Q9KQB2
map01120,K00241,vch:VC_2091,Q9KQA9
map01120,K00242,vch:VC_2090,Q9KQB0
map01120,K00244,vch:VC_2656,Q9KNS5
map01120,K00245,vch:VC_2657,Q9KNS4
map01120,K00246,vch:VC_2658,Q9KNS3
map01120,K00247,vch:VC_2659,Q9KNS2
map01120,K00265,vch:VC_2373,Q9KPJ4
map01120,K00265,vch:VC_2376,Q9KPJ1
map01120,K00266,vch:VC_2374,Q9KPJ3
map01120,K00266,vch:VC_2377,Q9KPJ0
map01120,K00275,vch:VC_A1079,Q9KKM4
map01120,K00297,vch:VC_2685,Q9KNP6
map01120,K00380,vch:VC_0384,Q9KUX4
map01120,K00381,vch:VC_0385,Q9KUX3
map01120,K00382,vch:VC_2412,Q9KPF6
map01120,K00382,vch:VC_2638,Q9KNU2
map01120,K00390,vch:VC_0386,Q9KUX2
map01120,K00451,vch:VC_1345,Q9KSB4
map01120,K00600,vch:VC_0941,Q9KTG1
map01120,K00600,vch:VC_A0278,Q9KMP4
map01120,K00615,vch:VC_0473,Q9KUP2
map01120,K00615,vch:VC_A0624,Q9KLW7
map01120,K00616,vch:VC_A0623,Q9KLW8
map01120,K00626,vch:VC_A0690,Q9KLQ2
map01120,K00627,vch:VC_2413,Q9KPF5
map01120,K00632,vch:VC_1046,Q9KT59
map01120,K00632,vch:VC_2759,Q9KNI0
map01120,K00640,vch:VC_0919,Q9KTI3
map01120,K00640,vch:VC_0923,Q9KTH9
map01120,K00640,vch:VC_2649,Q9KNT2
map01120,K00651,vch:VC_1611,Q9KRM5
map01120,K00656,vch:VC_1866,Q9KQY1
map01120,K00658,vch:VC_2086,Q9KQB4
map01120,K00674,vch:VC_2329,Q9KPN7
map01120,K00821,vch:VC_2618,Q9KNW2
map01120,K00830,vch:VC_0392,Q9KUW7
map01120,K00831,vch:VC_1159,Q9KSU7
map01120,K00836,vch:VC_A0824,Q9KLC2
map01120,K00850,vch:VC_2689,Q9KNP2
map01120,K00851,vch:VC_0287,Q9KV70
map01120,K00860,vch:VC_2558,Q9KP21
map01120,K00865,vch:VC_A0903,Q9KL45
map01120,K00872,vch:VC_2363,Q9KPK4
map01120,K00873,vch:VC_0485,Q9KUN0
map01120,K00873,vch:VC_2008,Q9KQJ0
map01120,K00873,vch:VC_A0708,Q9KLN5
map01120,K00925,vch:VC_1098,Q9KT07
map01120,K00925,vch:VC_A0235,Q9KMT5
map01120,K00927,vch:VC_0477,P0C6Q3
map01120,K00928,vch:VC_0391,Q9KUW8
map01120,K00928,vch:VC_0547,Q9KUH4
map01120,K00928,vch:VC_A0822,Q9KLC4
map01120,K00948,vch:VC_2183,Q9KQ22
map01120,K00956,vch:VC_2559,Q9KP20
map01120,K00957,vch:VC_2560,Q9KP19
map01120,K00963,vch:VC_0395,Q9KUW4
map01120,K01007,vch:VC_A0987,Q9KKW3
map01120,K01011,vch:VC_A0620,Q9KLX1
map01120,K01057,vch:VC_A0897,Q9KL51
map01120,K01079,vch:VC_2345,Q9KPM2
map01120,K01082,vch:VC_2722,Q9KNL0
map01120,K01439,vch:VC_2152,Q9KQ52
map01120,K01491,vch:VC_1942,Q9KQQ6
map01120,K01512,vch:VC_1355,Q9KSA4
map01120,K01582,vch:VC_0281,Q9KV75
map01120,K01586,vch:VC_0125,Q9KVL7
map01120,K01595,vch:VC_2646,Q9KNT4
map01120,K01610,vch:VC_2738,Q9KNK0
map01120,K01620,vch:VC_A0765,Q9KLH9
map01120,K01624,vch:VC_0478,Q9KUN7
map01120,K01625,vch:VC_0285,Q9KV72
map01120,K01637,vch:VC_0736,Q9KTZ4
map01120,K01638,vch:VC_0734,Q9KTZ6
map01120,K01647,vch:VC_2092,Q9KQA8
map01120,K01659,vch:VC_1337,Q9KSC1
map01120,K01676,vch:VC_1304,Q9KSF2
map01120,K01679,vch:VC_1573,Q9KRR3
map01120,K01682,vch:VC_0604,Q9KUB8
map01120,K01689,vch:VC_2447,Q9KPC5
map01120,K01690,vch:VC_0288,Q9KV69
map01120,K01698,vch:VC_0105,Q9KVN6
map01120,K01714,vch:VC_2157,Q9KQ47
map01120,K01719,vch:VC_0119,Q9KVM2
map01120,K01733,vch:VC_2362,Q9KPK5
map01120,K01734,vch:VC_A0711,Q9KLN2
map01120,K01738,vch:VC_0968,Q9KTD4
map01120,K01738,vch:VC_1061,Q9KT44
map01120,K01739,vch:VC_2683,Q9KNP8
map01120,K01749,vch:VC_0120,Q9KVM1
map01120,K01778,vch:VC_0126,Q9KVL6
map01120,K01782,vch:VC_1047,Q9KT58
map01120,K01783,vch:VC_2625,Q9KNV5
map01120,K01785,vch:VC_1594,Q9KRP2
map01120,K01792,vch:VC_2001,Q9KQJ7
map01120,K01800,vch:VC_1347,Q9KSB2
map01120,K01803,vch:VC_2670,Q9KNR1
map01120,K01807,vch:VC_2480,Q9KP93
map01120,K01810,vch:VC_0374,Q9KUY4
map01120,K01825,vch:VC_2758,Q9KNI1
map01120,K01826,vch:VC_2669,Q9KNR2
map01120,K01835,vch:VC_2095,Q9KQA5
map01120,K01845,vch:VC_0626,Q9KU97
map01120,K01885,vch:VC_2214,P0C6Q1
map01120,K01895,vch:VC_0298,Q9KV59
map01120,K01902,vch:VC_2084,Q9KQB6
map01120,K01903,vch:VC_2085,Q9KQB5
map01120,K01915,vch:VC_2746,Q9KNJ2
map01120,K01938,vch:VC_A0614,Q9KLX7
map01120,K01961,vch:VC_0295,Q9KV62
map01120,K01962,vch:VC_2244,Q9KPW8
map01120,K01963,vch:VC_1000,Q9KTA3
map01120,K02160,vch:VC_0296,Q9KV61
map01120,K02303,vch:VC_2561,Q9KP18
map01120,K02439,vch:VC_0100,Q9KVP1
map01120,K02446,vch:VC_2688,Q9KNP3
map01120,K02492,vch:VC_2180,Q9KQ24
map01120,K02496,vch:VC_0118,Q9KVM3
map01120,K02567,vch:VC_A0678,Q9KLR4
map01120,K02568,vch:VC_A0679,Q9KLR3
map01120,K02768,vch:VC_1820,Q9KR27
map01120,K02769,vch:VC_1823,Q9KR24
map01120,K02770,vch:VC_A0516,Q9KM72
map01120,K02821,vch:VC_A0245,Q9KMS5
map01120,K02822,vch:VC_A0246,Q9KMS4
map01120,K03077,vch:VC_A0244,Q9KMS6
map01120,K03078,vch:VC_A0242,Q9KMS8
map01120,K03079,vch:VC_A0241,Q9KMS9
map01120,K03186,vch:VC_2541,Q9KP38
map01120,K03417,vch:VC_1336,Q9KSC2
map01120,K03430,vch:VC_A0604,Q9KLY7
map01120,K03475,vch:VC_A0246,Q9KMS4
map01120,K03476,vch:VC_A0248,Q9KMS2
map01120,K03532,vch:VC_1693,Q9KRE9
map01120,K03533,vch:VC_1720,Q9KRC2
map01120,K03737,vch:VC_A0530,Q9KM58
map01120,K03778,vch:VC_A0192,Q9KMX4
map01120,K03841,vch:VC_2544,Q9KP35
map01120,K04072,vch:VC_2033,Q9KQG5
map01120,K04755,vch:VC_0753,Q9KTX7
map01120,K05306,vch:VC_A0606,Q9KLY5
map01120,K06718,vch:VC_A0825,Q9KLC1
map01120,K06720,vch:VC_A0823,Q9KLC3
map01120,K07811,vch:VC_1692,Q9KRF0
map01120,K07812,vch:VC_1950,Q9KQP8
map01120,K07821,vch:VC_1951,Q9KQP7
map01120,K09788,vch:VC_1339,Q9KSB9
map01120,K10679,vch:VC_A0637,Q9KLV4
map01120,K10680,vch:VC_A0993,Q9KKV7
map01120,K10680,vch:VC_A0998,Q9KKV2
map01120,K12524,vch:VC_2364,Q9KPK3
map01120,K12525,vch:VC_2684,Q9KNP7
map01120,K13788,vch:VC_1097,Q9KT08
map01120,K15371,vch:VC_1492,Q9KRZ1
map01120,K15633,vch:VC_0336,Q9KV22
map01120,K15736,vch:VC_A0147,Q9KN19
map01120,K16171,vch:VC_1346,Q9KSB3
map01120,K19745,vch:VC_0026,Q9KVW2
map01120,K20455,vch:VC_1338,Q9KSC0
map01120,K20509,vch:VC_0551,Q9KUH0
map01120,K20509,vch:VC_0792,Q9KTU5
map01120,K22602,vch:VC_A0558,Q9KM31
map01120,K25317,vch:VC_1312,Q9KSE5
map01120,K26063,vch:VC_1198,Q9KSQ8
map01120,K28462,vch:VC_2613,Q9KNW7
map01210,K00031,vch:VC_1141,Q9KSW5
map01210,K00052,vch:VC_2491,Q9KP82
map01210,K00053,vch:VC_0162,Q9KVI4
map01210,K00133,vch:VC_2036,Q9KQG2
map01210,K00133,vch:VC_2107,P23247
map01210,K00145,vch:VC_2644,Q9KNT6
map01210,K00163,vch:VC_2414,Q9KPF4
map01210,K00164,vch:VC_2087,Q9KQB3
map01210,K00382,vch:VC_2412,Q9KPF6
map01210,K00382,vch:VC_2638,Q9KNU2
map01210,K00627,vch:VC_2413,Q9KPF5
map01210,K00658,vch:VC_2086,Q9KQB4
map01210,K00813,vch:VC_A0513,Q9KM75
map01210,K00821,vch:VC_2618,Q9KNW2
map01210,K00826,vch:VC_0029,Q9KVV9
map01210,K00830,vch:VC_0392,Q9KUW7
map01210,K00836,vch:VC_A0824,Q9KLC2
map01210,K00928,vch:VC_0391,Q9KUW8
map01210,K00928,vch:VC_0547,Q9KUH4
map01210,K00928,vch:VC_A0822,Q9KLC4
map01210,K00930,vch:VC_2643,Q9KNT7
map01210,K01438,vch:VC_2645,Q9KNT5
map01210,K01575,vch:VC_1589,Q9KRP7
map01210,K01647,vch:VC_2092,Q9KQA8
map01210,K01649,vch:VC_2490,Q9KP83
map01210,K01652,vch:VC_0031,Q9KVV7
map01210,K01652,vch:VC_1590,Q9KRP6
map01210,K01652,vch:VC_2483,Q9KP90
map01210,K01653,vch:VC_2482,Q9KP91
map01210,K01659,vch:VC_1337,Q9KSC1
map01210,K01682,vch:VC_0604,Q9KUB8
map01210,K01687,vch:VC_0028,Q9KVW0
map01210,K01703,vch:VC_2492,Q9KP81
map01210,K01704,vch:VC_2493,Q9KP80
map01210,K03737,vch:VC_A0530,Q9KM58
map01210,K11258,vch:VC_0030,Q9KVV8
map01210,K14260,vch:VC_1977,Q9KQM1
map01210,K14682,vch:VC_2316,Q9KPQ0
map01210,K22477,vch:VC_A0470,H9L4R4
map01230,K00013,vch:VC_1133,Q9F854
map01230,K00014,vch:VC_0056,Q9KVT3
map01230,K00031,vch:VC_1141,Q9KSW5
map01230,K00052,vch:VC_2491,Q9KP82
map01230,K00053,vch:VC_0162,Q9KVI4
map01230,K00058,vch:VC_2481,Q9KP92
map01230,K00058,vch:VC_A0630,Q9KLW1
map01230,K00133,vch:VC_2036,Q9KQG2
map01230,K00133,vch:VC_2107,P23247
map01230,K00134,vch:VC_2000,Q9KQJ8
map01230,K00134,vch:VC_A0843,Q9KLA3
map01230,K00145,vch:VC_2644,Q9KNT6
map01230,K00147,vch:VC_2273,Q9KPT9
map01230,K00215,vch:VC_2391,Q9KPH7
map01230,K00265,vch:VC_2373,Q9KPJ4
map01230,K00265,vch:VC_2376,Q9KPJ1
map01230,K00266,vch:VC_2374,Q9KPJ3
map01230,K00266,vch:VC_2377,Q9KPJ0
map01230,K00286,vch:VC_0460,Q9KUQ5
map01230,K00500,vch:VC_A0828,Q9KLB8
map01230,K00548,vch:VC_0390,Q9KUW9
map01230,K00549,vch:VC_1704,Q9KRD8
map01230,K00600,vch:VC_0941,Q9KTG1
map01230,K00600,vch:VC_A0278,Q9KMP4
map01230,K00611,vch:VC_2508,Q9KP68
map01230,K00615,vch:VC_0473,Q9KUP2
map01230,K00615,vch:VC_A0624,Q9KLW7
map01230,K00616,vch:VC_A0623,Q9KLW8
map01230,K00640,vch:VC_0919,Q9KTI3
map01230,K00640,vch:VC_0923,Q9KTH9
map01230,K00640,vch:VC_2649,Q9KNT2
map01230,K00651,vch:VC_1611,Q9KRM5
map01230,K00674,vch:VC_2329,Q9KPN7
map01230,K00765,vch:VC_1132,Q9KSX4
map01230,K00766,vch:VC_1172,Q9KST4
map01230,K00789,vch:VC_0472,Q9KUP3
map01230,K00800,vch:VC_1732,Q9KRB0
map01230,K00813,vch:VC_A0513,Q9KM75
map01230,K00817,vch:VC_1134,Q9KSX2
map01230,K00821,vch:VC_2618,Q9KNW2
map01230,K00826,vch:VC_0029,Q9KVV9
map01230,K00831,vch:VC_1159,Q9KSU7
map01230,K00832,vch:VC_1293,Q9KSG3
map01230,K00836,vch:VC_A0824,Q9KLC2
map01230,K00850,vch:VC_2689,Q9KNP2
map01230,K00872,vch:VC_2363,Q9KPK4
map01230,K00873,vch:VC_0485,Q9KUN0
map01230,K00873,vch:VC_2008,Q9KQJ0
map01230,K00873,vch:VC_A0708,Q9KLN5
map01230,K00891,vch:VC_2629,Q9KNV1
map01230,K00927,vch:VC_0477,P0C6Q3
map01230,K00928,vch:VC_0391,Q9KUW8
map01230,K00928,vch:VC_0547,Q9KUH4
map01230,K00928,vch:VC_A0822,Q9KLC4
map01230,K00930,vch:VC_2643,Q9KNT7
map01230,K00931,vch:VC_2274,Q9KPT8
map01230,K00948,vch:VC_2183,Q9KQ22
map01230,K01079,vch:VC_2345,Q9KPM2
map01230,K01089,vch:VC_1135,Q9KSX1
map01230,K01243,vch:VC_2379,Q9KPI8
map01230,K01438,vch:VC_2645,Q9KNT5
map01230,K01439,vch:VC_2152,Q9KQ52
map01230,K01586,vch:VC_0125,Q9KVL7
map01230,K01620,vch:VC_A0765,Q9KLH9
map01230,K01624,vch:VC_0478,Q9KUN7
map01230,K01626,vch:VC_0695,Q9KU34
map01230,K01626,vch:VC_1507,Q9KRX6
map01230,K01647,vch:VC_2092,Q9KQA8
map01230,K01649,vch:VC_2490,Q9KP83
map01230,K01652,vch:VC_0031,Q9KVV7
map01230,K01652,vch:VC_1590,Q9KRP6
map01230,K01652,vch:VC_2483,Q9KP90
map01230,K01653,vch:VC_2482,Q9KP91
map01230,K01657,vch:VC_1174,Q9KST2
map01230,K01658,vch:VC_1173,Q9KST3
map01230,K01659,vch:VC_1337,Q9KSC1
map01230,K01682,vch:VC_0604,Q9KUB8
map01230,K01687,vch:VC_0028,Q9KVW0
map01230,K01689,vch:VC_2447,Q9KPC5
map01230,K01695,vch:VC_1169,Q9KST7
map01230,K01696,vch:VC_1170,Q9KST6
map01230,K01703,vch:VC_2492,Q9KP81
map01230,K01704,vch:VC_2493,Q9KP80
map01230,K01714,vch:VC_2157,Q9KQ47
map01230,K01733,vch:VC_2362,Q9KPK5
map01230,K01735,vch:VC_2628,Q9KNV2
map01230,K01736,vch:VC_2116,Q9KQ85
map01230,K01738,vch:VC_0968,Q9KTD4
map01230,K01738,vch:VC_1061,Q9KT44
map01230,K01739,vch:VC_2683,Q9KNP8
map01230,K01752,vch:VC_1300,Q9KSF6
map01230,K01752,vch:VC_A0666,Q9KLS5
map01230,K01754,vch:VC_0027,Q9KVW1
map01230,K01755,vch:VC_2641,Q9KNT9
map01230,K01760,vch:VC_1671,Q9KRH1
map01230,K01778,vch:VC_0126,Q9KVL6
map01230,K01783,vch:VC_2625,Q9KNV5
map01230,K01803,vch:VC_2670,Q9KNR1
map01230,K01807,vch:VC_2480,Q9KP93
map01230,K01814,vch:VC_1137,Q9KSW9
map01230,K01915,vch:VC_2746,Q9KNJ2
map01230,K01940,vch:VC_2642,Q9KNT8
map01230,K01953,vch:VC_0991,Q9KTB2
map01230,K02500,vch:VC_1138,Q9KSW8
map01230,K02501,vch:VC_1136,Q9KSX0
map01230,K03786,vch:VC_0297,Q9KV60
map01230,K07173,vch:VC_0557,Q9KUG4
map01230,K11258,vch:VC_0030,Q9KVV8
map01230,K11755,vch:VC_1139,Q9KSW7
map01230,K12339,vch:VC_0537,Q9KUI4
map01230,K12524,vch:VC_2364,Q9KPK3
map01230,K12525,vch:VC_2684,Q9KNP7
map01230,K13498,vch:VC_1171,Q9KST5
map01230,K14170,vch:VC_0705,Q9KU24
map01230,K14187,vch:VC_0696,Q9KU33
map01230,K14260,vch:VC_1977,Q9KQM1
map01230,K14682,vch:VC_2316,Q9KPQ0
map01230,K15633,vch:VC_0336,Q9KV22
map01230,K22477,vch:VC_A0470,H9L4R4
map03070,K02452,vch:VC_2734,P45777
map03070,K02454,vch:VC_2732,P37093
map03070,K02455,vch:VC_2731,P45780
map03070,K02456,vch:VC_2730,P45773
map03070,K02457,vch:VC_2729,P45774
map03070,K02458,vch:VC_2728,P45775
map03070,K02459,vch:VC_2727,P45776
map03070,K02460,vch:VC_2726,P45781
map03070,K02461,vch:VC_2725,P45782
map03070,K02462,vch:VC_2724,P41851
map03070,K03070,vch:VC_2394,Q9KPH4
map03070,K03071,vch:VC_2653,Q9KNS8
map03070,K03072,vch:VC_0743,Q9KTY7
map03070,K03072,vch:VC_A0693,Q9KLQ0
map03070,K03073,vch:VC_0322,Q9KV36
map03070,K03074,vch:VC_0744,Q9KTY6
map03070,K03075,vch:VC_0640,Q9KU83
map03070,K03076,vch:VC_2576,P78283
map03070,K03106,vch:VC_0560,Q9KUG1
map03070,K03110,vch:VC_0147,Q9KVJ6
map03070,K03116,vch:VC_0086,P57051
map03070,K03116,vch:VC_A0533,Q9KM55
map03070,K03117,vch:VC_0087,P57063
map03070,K03118,vch:VC_0088,Q9KVQ3
map03070,K03210,vch:VC_0742,Q9KTY8
map03070,K03217,vch:VC_0004,Q9KVY4
map03070,K11891,vch:VC_A0120,Q9KN45
map03070,K11892,vch:VC_A0115,Q9KN50
map03070,K11903,vch:VC_1415,H9L4Q3
map03070,K11903,vch:VC_A0017,H9L4Q3
map03070,K11904,vch:VC_1416,Q9KS45
map03070,K11904,vch:VC_A0018,Q9KNE7
map03070,K11904,vch:VC_A0123,Q9KN42
map03070,K11906,vch:VC_A0113,Q9KN52
map03070,K11907,vch:VC_A0116,Q9KN49
map03070,K12340,vch:VC_1565,Q9KRS1
map03070,K12340,vch:VC_1606,Q9KRN0
map03070,K12340,vch:VC_2436,Q9K2Y1
map00330,K00128,vch:VC_0819,P0C6D7
map00330,K00147,vch:VC_2273,Q9KPT9
map00330,K00286,vch:VC_0460,Q9KUQ5
map00330,K00657,vch:VC_A0947,Q9KL03
map00330,K00673,vch:VC_2617,Q9KNW3
map00330,K00813,vch:VC_A0513,Q9KM75
map00330,K00931,vch:VC_2274,Q9KPT8
map00330,K01480,vch:VC_A0814,Q9KLD2
map00330,K01581,vch:VC_A1063,Q9KKN9
map00330,K01585,vch:VC_A0815,Q9KLD1
map00330,K05526,vch:VC_1242,Q9KSL4
map00330,K06447,vch:VC_2616,Q9KNW4
map00330,K13746,vch:VC_1624,Q9KRL3
map00330,K13747,vch:VC_1623,Q9KRL4
map00860,K00228,vch:VC_0055,Q9KVT4
map00860,K00230,vch:VC_2755,Q9KNI4
map00860,K00768,vch:VC_1237,Q9KSL9
map00860,K01599,vch:VC_0332,Q9KV26
map00860,K01698,vch:VC_0105,Q9KVN6
map00860,K01719,vch:VC_0119,Q9KVM2
map00860,K01749,vch:VC_0120,Q9KVM1
map00860,K01772,vch:VC_0987,Q9KTB6
map00860,K01845,vch:VC_0626,Q9KU97
map00860,K01885,vch:VC_2214,P0C6Q1
map00860,K02226,vch:VC_1240,Q9KSL6
map00860,K02227,vch:VC_2380,Q9KPI7
map00860,K02231,vch:VC_1239,Q9KSL7
map00860,K02232,vch:VC_A0727,Q9KLL6
map00860,K02233,vch:VC_1238,Q9KSL8
map00860,K02303,vch:VC_2561,Q9KP18
map00860,K02492,vch:VC_2180,Q9KQ24
map00860,K02495,vch:VC_0116,Q9KVM5
map00860,K02496,vch:VC_0118,Q9KVM3
map00860,K03594,vch:VC_0365,Q9KUZ3
map00860,K07226,vch:VC_A0907,Q9KL41
map00860,K19221,vch:VC_1040,Q9KT65
map00860,K24866,vch:VC_1363,Q9KS96
map00071,K00128,vch:VC_0819,P0C6D7
map00071,K00626,vch:VC_A0690,Q9KLQ2
map00071,K00632,vch:VC_1046,Q9KT59
map00071,K00632,vch:VC_2759,Q9KNI0
map00071,K01782,vch:VC_1047,Q9KT58
map00071,K01825,vch:VC_2758,Q9KNI1
map00071,K01897,vch:VC_1985,Q9KQL3
map00071,K01897,vch:VC_2341,Q9KPM6
map00071,K01897,vch:VC_2484,Q9KP89
map00071,K04072,vch:VC_2033,Q9KQG5
map00071,K06445,vch:VC_1740,Q9KRA2
map00071,K06445,vch:VC_2231,Q9KPY1
map00280,K00128,vch:VC_0819,P0C6D7
map00280,K00382,vch:VC_2412,Q9KPF6
map00280,K00382,vch:VC_2638,Q9KNU2
map00280,K00626,vch:VC_A0690,Q9KLQ2
map00280,K00632,vch:VC_1046,Q9KT59
map00280,K00632,vch:VC_2759,Q9KNI0
map00280,K00826,vch:VC_0029,Q9KVV9
map00280,K01782,vch:VC_1047,Q9KT58
map00280,K01825,vch:VC_2758,Q9KNI1
map00280,K01907,vch:VC_A0829,Q9KLB7
map00310,K00128,vch:VC_0819,P0C6D7
map00310,K00135,vch:VC_1745,Q9KR97
map00310,K00382,vch:VC_2412,Q9KPF6
map00310,K00382,vch:VC_2638,Q9KNU2
map00310,K00626,vch:VC_A0690,Q9KLQ2
map00310,K00658,vch:VC_2086,Q9KQB4
map00310,K01582,vch:VC_0281,Q9KV75
map00310,K01782,vch:VC_1047,Q9KT58
map00310,K01825,vch:VC_2758,Q9KNI1
map00310,K15736,vch:VC_A0147,Q9KN19
map00310,K25317,vch:VC_1312,Q9KSE5
map00310,K26063,vch:VC_1198,Q9KSQ8
map00362,K00626,vch:VC_A0690,Q9KLQ2
map00362,K00632,vch:VC_1046,Q9KT59
map00362,K00632,vch:VC_2759,Q9KNI0
map00362,K01782,vch:VC_1047,Q9KT58
map00362,K01825,vch:VC_2758,Q9KNI1
map00362,K04755,vch:VC_0753,Q9KTX7
map00362,K20509,vch:VC_0551,Q9KUH0
map00362,K20509,vch:VC_0792,Q9KTU5
map00380,K00128,vch:VC_0819,P0C6D7
map00380,K00382,vch:VC_2412,Q9KPF6
map00380,K00382,vch:VC_2638,Q9KNU2
map00380,K00626,vch:VC_A0690,Q9KLQ2
map00380,K00658,vch:VC_2086,Q9KQB4
map00380,K01667,vch:VC_A0161,Q9KN05
map00380,K01782,vch:VC_1047,Q9KT58
map00380,K01825,vch:VC_2758,Q9KNI1
map00380,K03781,vch:VC_1585,Q9KRQ1
map00380,K03782,vch:VC_1560,Q9KRS6
map00410,K00128,vch:VC_0819,P0C6D7
map00410,K01782,vch:VC_1047,Q9KT58
map00410,K01825,vch:VC_2758,Q9KNI1
map00410,K01918,vch:VC_0591,Q9KUD1
map00640,K00382,vch:VC_2412,Q9KPF6
map00640,K00382,vch:VC_2638,Q9KNU2
map00640,K00656,vch:VC_1866,Q9KQY1
map00640,K00925,vch:VC_1098,Q9KT07
map00640,K00925,vch:VC_A0235,Q9KMT5
map00640,K01637,vch:VC_0736,Q9KTZ4
map00640,K01659,vch:VC_1337,Q9KSC1
map00640,K01682,vch:VC_0604,Q9KUB8
map00640,K01734,vch:VC_A0711,Q9KLN2
map00640,K01782,vch:VC_1047,Q9KT58
map00640,K01825,vch:VC_2758,Q9KNI1
map00640,K01895,vch:VC_0298,Q9KV59
map00640,K01902,vch:VC_2084,Q9KQB6
map00640,K01903,vch:VC_2085,Q9KQB5
map00640,K01908,vch:VC_1340,Q9KSB8
map00640,K01961,vch:VC_0295,Q9KV62
map00640,K01962,vch:VC_2244,Q9KPW8
map00640,K01963,vch:VC_1000,Q9KTA3
map00640,K02160,vch:VC_0296,Q9KV61
map00640,K03417,vch:VC_1336,Q9KSC2
map00640,K08325,vch:VC_A0702,Q9KLP1
map00640,K09788,vch:VC_1339,Q9KSB9
map00640,K13788,vch:VC_1097,Q9KT08
map00640,K19745,vch:VC_0026,Q9KVW2
map00640,K20455,vch:VC_1338,Q9KSC0
map00650,K00023,vch:VC_A0691,Q9KLQ1
map00650,K00135,vch:VC_1745,Q9KR97
map00650,K00209,vch:VC_1738,Q9KRA3
map00650,K00209,vch:VC_A0784,Q9KLG0
map00650,K00239,vch:VC_2089,Q9KQB1
map00650,K00240,vch:VC_2088,Q9KQB2
map00650,K00241,vch:VC_2091,Q9KQA9
map00650,K00242,vch:VC_2090,Q9KQB0
map00650,K00244,vch:VC_2656,Q9KNS5
map00650,K00245,vch:VC_2657,Q9KNS4
map00650,K00246,vch:VC_2658,Q9KNS3
map00650,K00247,vch:VC_2659,Q9KNS2
map00650,K00626,vch:VC_A0690,Q9KLQ2
map00650,K00656,vch:VC_1866,Q9KQY1
map00650,K01575,vch:VC_1589,Q9KRP7
map00650,K01652,vch:VC_0031,Q9KVV7
map00650,K01652,vch:VC_1590,Q9KRP6
map00650,K01652,vch:VC_2483,Q9KP90
map00650,K01653,vch:VC_2482,Q9KP91
map00650,K01782,vch:VC_1047,Q9KT58
map00650,K01825,vch:VC_2758,Q9KNI1
map00650,K01907,vch:VC_A0829,Q9KLB7
map00650,K03737,vch:VC_A0530,Q9KM58
map00650,K03821,vch:VC_A0688,Q9KLQ4
map00650,K04072,vch:VC_2033,Q9KQG5
map00650,K11258,vch:VC_0030,Q9KVV8
map00650,K18009,vch:VC_1591,Q9KRP5
map00650,K20509,vch:VC_0551,Q9KUH0
map00650,K20509,vch:VC_0792,Q9KTU5
map00907,K00632,vch:VC_1046,Q9KT59
map00907,K00632,vch:VC_2759,Q9KNI0
map00907,K01782,vch:VC_1047,Q9KT58
map00907,K01825,vch:VC_2758,Q9KNI1
map00930,K01782,vch:VC_1047,Q9KT58
map00930,K01825,vch:VC_2758,Q9KNI1
map01200,K00018,vch:VC_2504,Q9KP72
map01200,K00023,vch:VC_A0691,Q9KLQ1
map01200,K00024,vch:VC_0432,Q9KUT3
map01200,K00027,vch:VC_1188,Q9KSR8
map01200,K00029,vch:VC_2681,Q9KNQ0
map01200,K00031,vch:VC_1141,Q9KSW5
map01200,K00033,vch:VC_A0898,Q9KL50
map01200,K00036,vch:VC_A0896,Q9KL52
map01200,K00058,vch:VC_2481,Q9KP92
map01200,K00058,vch:VC_A0630,Q9KLW1
map01200,K00124,vch:VC_1512,Q9KRX1
map01200,K00127,vch:VC_1511,Q9KRX2
map01200,K00134,vch:VC_2000,Q9KQJ8
map01200,K00134,vch:VC_A0843,Q9KLA3
map01200,K00163,vch:VC_2414,Q9KPF4
map01200,K00164,vch:VC_2087,Q9KQB3
map01200,K00209,vch:VC_1738,Q9KRA3
map01200,K00209,vch:VC_A0784,Q9KLG0
map01200,K00239,vch:VC_2089,Q9KQB1
map01200,K00240,vch:VC_2088,Q9KQB2
map01200,K00241,vch:VC_2091,Q9KQA9
map01200,K00242,vch:VC_2090,Q9KQB0
map01200,K00244,vch:VC_2656,Q9KNS5
map01200,K00245,vch:VC_2657,Q9KNS4
map01200,K00246,vch:VC_2658,Q9KNS3
map01200,K00247,vch:VC_2659,Q9KNS2
map01200,K00297,vch:VC_2685,Q9KNP6
map01200,K00382,vch:VC_2412,Q9KPF6
map01200,K00382,vch:VC_2638,Q9KNU2
map01200,K00600,vch:VC_0941,Q9KTG1
map01200,K00600,vch:VC_A0278,Q9KMP4
map01200,K00615,vch:VC_0473,Q9KUP2
map01200,K00615,vch:VC_A0624,Q9KLW7
map01200,K00616,vch:VC_A0623,Q9KLW8
map01200,K00626,vch:VC_A0690,Q9KLQ2
map01200,K00627,vch:VC_2413,Q9KPF5
map01200,K00640,vch:VC_0919,Q9KTI3
map01200,K00640,vch:VC_0923,Q9KTH9
map01200,K00640,vch:VC_2649,Q9KNT2
map01200,K00658,vch:VC_2086,Q9KQB4
map01200,K00830,vch:VC_0392,Q9KUW7
map01200,K00831,vch:VC_1159,Q9KSU7
map01200,K00850,vch:VC_2689,Q9KNP2
map01200,K00851,vch:VC_0287,Q9KV70
map01200,K00873,vch:VC_0485,Q9KUN0
map01200,K00873,vch:VC_2008,Q9KQJ0
map01200,K00873,vch:VC_A0708,Q9KLN5
map01200,K00925,vch:VC_1098,Q9KT07
map01200,K00925,vch:VC_A0235,Q9KMT5
map01200,K00927,vch:VC_0477,P0C6Q3
map01200,K00948,vch:VC_2183,Q9KQ22
map01200,K01007,vch:VC_A0987,Q9KKW3
map01200,K01057,vch:VC_A0897,Q9KL51
map01200,K01079,vch:VC_2345,Q9KPM2
map01200,K01491,vch:VC_1942,Q9KQQ6
map01200,K01595,vch:VC_2646,Q9KNT4
map01200,K01610,vch:VC_2738,Q9KNK0
map01200,K01624,vch:VC_0478,Q9KUN7
map01200,K01625,vch:VC_0285,Q9KV72
map01200,K01637,vch:VC_0736,Q9KTZ4
map01200,K01638,vch:VC_0734,Q9KTZ6
map01200,K01647,vch:VC_2092,Q9KQA8
map01200,K01659,vch:VC_1337,Q9KSC1
map01200,K01676,vch:VC_1304,Q9KSF2
map01200,K01679,vch:VC_1573,Q9KRR3
map01200,K01682,vch:VC_0604,Q9KUB8
map01200,K01689,vch:VC_2447,Q9KPC5
map01200,K01690,vch:VC_0288,Q9KV69
map01200,K01738,vch:VC_0968,Q9KTD4
map01200,K01738,vch:VC_1061,Q9KT44
map01200,K01752,vch:VC_1300,Q9KSF6
map01200,K01752,vch:VC_A0666,Q9KLS5
map01200,K01754,vch:VC_0027,Q9KVW1
map01200,K01782,vch:VC_1047,Q9KT58
map01200,K01783,vch:VC_2625,Q9KNV5
map01200,K01803,vch:VC_2670,Q9KNR1
map01200,K01807,vch:VC_2480,Q9KP93
map01200,K01810,vch:VC_0374,Q9KUY4
map01200,K01825,vch:VC_2758,Q9KNI1
map01200,K01895,vch:VC_0298,Q9KV59
map01200,K01902,vch:VC_2084,Q9KQB6
map01200,K01903,vch:VC_2085,Q9KQB5
map01200,K01938,vch:VC_A0614,Q9KLX7
map01200,K01961,vch:VC_0295,Q9KV62
map01200,K01962,vch:VC_2244,Q9KPW8
map01200,K01963,vch:VC_1000,Q9KTA3
map01200,K02160,vch:VC_0296,Q9KV61
map01200,K02437,vch:VC_A0277,Q9KMP5
map01200,K02446,vch:VC_2688,Q9KNP3
map01200,K03417,vch:VC_1336,Q9KSC2
map01200,K03737,vch:VC_A0530,Q9KM58
map01200,K03781,vch:VC_1585,Q9KRQ1
map01200,K03841,vch:VC_2544,Q9KP35
map01200,K09788,vch:VC_1339,Q9KSB9
map01200,K13788,vch:VC_1097,Q9KT08
map01200,K15633,vch:VC_0336,Q9KV22
map01200,K20455,vch:VC_1338,Q9KSC0
map01200,K28462,vch:VC_2613,Q9KNW7
map01212,K00059,vch:VC_2021,Q9KQH7
map01212,K00209,vch:VC_1738,Q9KRA3
map01212,K00209,vch:VC_A0784,Q9KLG0
map01212,K00626,vch:VC_A0690,Q9KLQ2
map01212,K00632,vch:VC_1046,Q9KT59
map01212,K00632,vch:VC_2759,Q9KNI0
map01212,K00645,vch:VC_2022,Q9KQH6
map01212,K00648,vch:VC_2023,Q9KQH5
map01212,K00648,vch:VC_A0751,Q9KLJ3
map01212,K01716,vch:VC_1483,Q9KS00
map01212,K01782,vch:VC_1047,Q9KT58
map01212,K01825,vch:VC_2758,Q9KNI1
map01212,K01897,vch:VC_1985,Q9KQL3
map01212,K01897,vch:VC_2341,Q9KPM6
map01212,K01897,vch:VC_2484,Q9KP89
map01212,K01961,vch:VC_0295,Q9KV62
map01212,K01962,vch:VC_2244,Q9KPW8
map01212,K01963,vch:VC_1000,Q9KTA3
map01212,K02160,vch:VC_0296,Q9KV61
map01212,K02372,vch:VC_2249,Q9KPW3
map01212,K06445,vch:VC_1740,Q9KRA2
map01212,K06445,vch:VC_2231,Q9KPY1
map01212,K09458,vch:VC_2019,Q9KQH9
map00061,K00059,vch:VC_2021,Q9KQH7
map00061,K00209,vch:VC_1738,Q9KRA3
map00061,K00209,vch:VC_A0784,Q9KLG0
map00061,K00645,vch:VC_2022,Q9KQH6
map00061,K00648,vch:VC_2023,Q9KQH5
map00061,K00648,vch:VC_A0751,Q9KLJ3
map00061,K01716,vch:VC_1483,Q9KS00
map00061,K01897,vch:VC_1985,Q9KQL3
map00061,K01897,vch:VC_2341,Q9KPM6
map00061,K01897,vch:VC_2484,Q9KP89
map00061,K01961,vch:VC_0295,Q9KV62
map00061,K01962,vch:VC_2244,Q9KPW8
map00061,K01963,vch:VC_1000,Q9KTA3
map00061,K02160,vch:VC_0296,Q9KV61
map00061,K02372,vch:VC_2249,Q9KPW3
map00061,K09458,vch:VC_2019,Q9KQH9
map00470,K00285,vch:VC_0786,Q9KTV1
map00470,K01425,vch:VC_0454,Q9KUR1
map00470,K01586,vch:VC_0125,Q9KVL7
map00470,K01753,vch:VC_A0875,Q9KL72
map00470,K01775,vch:VC_0372,Q9KUY6
map00470,K01776,vch:VC_0158,Q9KVI7
map00470,K01778,vch:VC_0126,Q9KVL6
map00470,K01921,vch:VC_A0572,Q9KM17
map00470,K01925,vch:VC_2403,Q9KPG5
map00470,K25317,vch:VC_1312,Q9KSE5
map00564,K00057,vch:VC_2651,Q9KNT0
map00564,K00111,vch:VC_A0657,Q9KLT4
map00564,K00111,vch:VC_A0747,Q9KLJ7
map00564,K00112,vch:VC_A0748,Q9KLJ6
map00564,K00113,vch:VC_A0749,Q9KLJ5
map00564,K00631,vch:VC_0093,Q9KVP8
map00564,K00655,vch:VC_2513,Q9KP63
map00564,K00901,vch:VC_A0714,Q9KLM9
map00564,K00981,vch:VC_1936,Q9KQR2
map00564,K00981,vch:VC_2255,Q9KPV7
map00564,K00995,vch:VC_1215,Q9KSP1
map00564,K00998,vch:VC_0315,Q9KV43
map00564,K01048,vch:VC_0135,H9L4S2
map00564,K01095,vch:VC_2265,Q9KPU7
map00564,K01096,vch:VC_A0035,Q9KND0
map00564,K01126,vch:VC_1554,Q9KRT2
map00564,K01126,vch:VC_A0136,Q9KN30
map00564,K01613,vch:VC_0339,Q9KV19
map00564,K06131,vch:VC_1670,Q9KRH2
map00564,K06900,vch:VC_0178,Q9KVG8
map00564,K08591,vch:VC_0523,Q9KUJ7
map00592,K00632,vch:VC_1046,Q9KT59
map00592,K00632,vch:VC_2759,Q9KNI0
map00592,K06900,vch:VC_0178,Q9KVG8
map00520,K00012,vch:VC_A0780,Q9KLG4
map00520,K00075,vch:VC_0318,Q9KV40
map00520,K00790,vch:VC_2514,Q9KP62
map00520,K00820,vch:VC_0487,Q9KUM8
map00520,K00847,vch:VC_0270,Q9KV86
map00520,K00847,vch:VC_A0656,Q9KLT5
map00520,K00849,vch:VC_1595,Q9KRP1
map00520,K00885,vch:VC_1782,Q9KR61
map00520,K00963,vch:VC_0395,Q9KUW4
map00520,K00965,vch:VC_1596,Q9KRP0
map00520,K00975,vch:VC_1727,Q9KRB5
map00520,K00975,vch:VC_A0699,Q9KLP4
map00520,K01183,vch:VC_1952,Q9KQP6
map00520,K01183,vch:VC_A0027,Q9KND8
map00520,K01207,vch:VC_0692,Q9KU37
map00520,K01443,vch:VC_0994,O32445
map00520,K01443,vch:VC_1783,Q9KR60
map00520,K01784,vch:VC_A0774,Q9KLH0
map00520,K01788,vch:VC_1781,Q9KR62
map00520,K01791,vch:VC_0917,Q9KTI5
map00520,K01809,vch:VC_0269,Q9KV87
map00520,K01809,vch:VC_1827,Q9KR20
map00520,K01810,vch:VC_0374,Q9KUY4
map00520,K01835,vch:VC_2095,Q9KQA5
map00520,K01840,vch:VC_0242,Q06951
map00520,K01840,vch:VC_A1041,Q9KKR1
map00520,K02564,vch:VC_A1025,Q9KKS5
map00520,K02777,vch:VC_0964,Q9KTD8
map00520,K02779,vch:VC_2013,Q9KQI5
map00520,K02804,vch:VC_0995,Q9KTA8
map00520,K03431,vch:VC_0639,Q9KU84
map00520,K04042,vch:VC_2762,Q9KNH7
map00520,K07106,vch:VC_0206,Q9KVE0
map00520,K07106,vch:VC_0690,Q9KU39
map00520,K09001,vch:VC_0691,Q9KU38
map00520,K11192,vch:VC_0207,Q9KVD9
map00520,K12373,vch:VC_0613,Q9KUB0
map00520,K12373,vch:VC_2217,Q9KPZ5
map00520,K16011,vch:VC_0241,Q07024
map00520,K18675,vch:VC_0612,Q9KUB1
map00520,K18676,vch:VC_0614,Q9KUA9
map00520,K28207,vch:VC_1532,Q9KRV2
map00511,K12373,vch:VC_0613,Q9KUB0
map00511,K12373,vch:VC_2217,Q9KPZ5
map00511,K23550,vch:VC_1784,P0C6E9
map00600,K12373,vch:VC_0613,Q9KUB0
map00600,K12373,vch:VC_2217,Q9KPZ5
map00600,K23550,vch:VC_1784,P0C6E9
map00541,K00012,vch:VC_A0780,Q9KLG4
map00541,K00885,vch:VC_1782,Q9KR61
map00541,K00963,vch:VC_0395,Q9KUW4
map00541,K00979,vch:VC_1875,Q9KQX2
map00541,K01627,vch:VC_2175,Q9KQ29
map00541,K01639,vch:VC_1776,Q9KR67
map00541,K01711,vch:VC_0243,Q06952
map00541,K01791,vch:VC_0917,Q9KTI5
map00541,K02472,vch:VC_0918,Q9KTI4
map00541,K03270,vch:VC_2524,Q9KP52
map00541,K03271,vch:VC_2230,Q9KPY2
map00541,K03273,vch:VC_0908,Q9KTJ4
map00541,K03274,vch:VC_0240,Q06963
map00541,K04042,vch:VC_2762,Q9KNH7
map00541,K06041,vch:VC_2523,Q9KP53
map00541,K13010,vch:VC_0244,Q9KVA5
map00541,K16011,vch:VC_0241,Q07024
map00541,K21379,vch:VC_0252,H9L4Q4
map00541,K24300,vch:VC_0260,H9L4R0
map00541,K24310,vch:VC_0262,Q9KV94
map01250,K00012,vch:VC_A0780,Q9KLG4
map01250,K00075,vch:VC_0318,Q9KV40
map01250,K00790,vch:VC_2514,Q9KP62
map01250,K00820,vch:VC_0487,Q9KUM8
map01250,K00847,vch:VC_0270,Q9KV86
map01250,K00847,vch:VC_A0656,Q9KLT5
map01250,K00849,vch:VC_1595,Q9KRP1
map01250,K00963,vch:VC_0395,Q9KUW4
map01250,K00965,vch:VC_1596,Q9KRP0
map01250,K00975,vch:VC_1727,Q9KRB5
map01250,K00975,vch:VC_A0699,Q9KLP4
map01250,K00979,vch:VC_1875,Q9KQX2
map01250,K01627,vch:VC_2175,Q9KQ29
map01250,K01711,vch:VC_0243,Q06952
map01250,K01784,vch:VC_A0774,Q9KLH0
map01250,K01791,vch:VC_0917,Q9KTI5
map01250,K01809,vch:VC_0269,Q9KV87
map01250,K01809,vch:VC_1827,Q9KR20
map01250,K01810,vch:VC_0374,Q9KUY4
map01250,K01835,vch:VC_2095,Q9KQA5
map01250,K01840,vch:VC_0242,Q06951
map01250,K01840,vch:VC_A1041,Q9KKR1
map01250,K02472,vch:VC_0918,Q9KTI4
map01250,K03270,vch:VC_2524,Q9KP52
map01250,K03271,vch:VC_2230,Q9KPY2
map01250,K03273,vch:VC_0908,Q9KTJ4
map01250,K03274,vch:VC_0240,Q06963
map01250,K03431,vch:VC_0639,Q9KU84
map01250,K04042,vch:VC_2762,Q9KNH7
map01250,K06041,vch:VC_2523,Q9KP53
map01250,K09001,vch:VC_0691,Q9KU38
map01250,K13010,vch:VC_0244,Q9KVA5
map01250,K16011,vch:VC_0241,Q07024
map01250,K21379,vch:VC_0252,H9L4Q4
map01250,K24300,vch:VC_0260,H9L4R0
map01250,K24310,vch:VC_0262,Q9KV94
map00230,K00088,vch:VC_0767,Q9KTW3
map00230,K00364,vch:VC_A0197,Q9KMW9
map00230,K00525,vch:VC_1256,Q9KSK0
map00230,K00526,vch:VC_1255,Q9KSK1
map00230,K00602,vch:VC_0276,Q9KV80
map00230,K00759,vch:VC_1053,Q9KT52
map00230,K00760,vch:VC_0585,Q9KUD7
map00230,K00764,vch:VC_1004,Q9KT99
map00230,K00769,vch:VC_2277,Q9KPT5
map00230,K00860,vch:VC_2558,Q9KP21
map00230,K00892,vch:VC_1129,Q9KSX7
map00230,K00892,vch:VC_A0801,Q9KLE5
map00230,K00939,vch:VC_0986,Q9KTB7
map00230,K00940,vch:VC_0756,Q9KTX4
map00230,K00942,vch:VC_2708,Q9KNM4
map00230,K00948,vch:VC_2183,Q9KQ22
map00230,K00951,vch:VC_2451,H9L4Q9
map00230,K00956,vch:VC_2559,Q9KP20
map00230,K00957,vch:VC_2560,Q9KP19
map00230,K01081,vch:VC_A0545,Q9KM44
map00230,K01119,vch:VC_2416,Q9KPF2
map00230,K01119,vch:VC_2562,Q9KP17
map00230,K01129,vch:VC_1979,Q9KQL9
map00230,K01139,vch:VC_2710,Q9KNM2
map00230,K01488,vch:VC_2751,Q9KNI7
map00230,K01515,vch:VC_2435,Q9KPD5
map00230,K01515,vch:VC_A0764,Q9KLI0
map00230,K01519,vch:VC_0456,Q9KUQ9
map00230,K01524,vch:VC_0304,Q9KV53
map00230,K01524,vch:VC_0722,Q9KU08
map00230,K01525,vch:VC_0441,Q9KUS4
map00230,K01529,vch:VC_0702,Q9KU27
map00230,K01588,vch:VC_0052,Q9KVT7
map00230,K01589,vch:VC_0051,Q9KVT8
map00230,K01756,vch:VC_1126,Q9KSY0
map00230,K01835,vch:VC_2095,Q9KQA5
map00230,K01839,vch:VC_2348,Q9KPL9
map00230,K01923,vch:VC_1190,Q9KSR6
map00230,K01933,vch:VC_2226,Q9KPY6
map00230,K01939,vch:VC_2602,Q9KNX8
map00230,K01945,vch:VC_0275,Q9KV81
map00230,K01951,vch:VC_0768,Q9KTW2
map00230,K01952,vch:VC_0869,Q9KTN2
map00230,K03651,vch:VC_2433,Q9KPD7
map00230,K03784,vch:VC_2347,Q9KPM0
map00230,K03784,vch:VC_A0053,Q9KNB2
map00230,K03787,vch:VC_0531,Q9KUI9
map00230,K04765,vch:VC_2450,Q9KPC2
map00230,K05810,vch:VC_0710,Q9KU19
map00230,K05851,vch:VC_0122,Q9KVL9
map00230,K06966,vch:VC_0899,Q9KTK3
map00230,K08289,vch:VC_1228,Q9KSM8
map00230,K08312,vch:VC_2721,Q9KNL1
map00230,K08722,vch:VC_1978,Q9KQM0
map00230,K09913,vch:VC_A0970,Q9KKY0
map00230,K11175,vch:VC_2227,Q9KPY5
map00230,K11751,vch:VC_2174,Q9KQ30
map00230,K21636,vch:VC_A0511,Q9KM77
map00230,K22602,vch:VC_A0558,Q9KM31
map00240,K00254,vch:VC_1491,Q9KRZ2
map00240,K00525,vch:VC_1256,Q9KSK0
map00240,K00526,vch:VC_1255,Q9KSK1
map00240,K00560,vch:VC_0675,O66108
map00240,K00609,vch:VC_2510,Q9KP66
map00240,K00610,vch:VC_2511,Q9KP65
map00240,K00757,vch:VC_1034,Q9KT71
map00240,K00757,vch:VC_A0134,Q9KN32
map00240,K00758,vch:VC_2349,Q9KPL8
map00240,K00761,vch:VC_2225,Q9KPY7
map00240,K00762,vch:VC_0211,Q9KVD5
map00240,K00857,vch:VC_1167,Q9KST9
map00240,K00876,vch:VC_1038,Q9KT67
map00240,K00940,vch:VC_0756,Q9KTX4
map00240,K00943,vch:VC_2016,Q9KQI2
map00240,K00945,vch:VC_1916,Q9KQT2
map00240,K01081,vch:VC_A0545,Q9KM44
map00240,K01119,vch:VC_2416,Q9KPF2
map00240,K01119,vch:VC_2562,Q9KP17
map00240,K01465,vch:VC_A0925,Q9KL24
map00240,K01489,vch:VC_1231,Q9KSM5
map00240,K01493,vch:VC_A0840,Q9KLA6
map00240,K01591,vch:VC_1911,Q9KQT7
map00240,K01937,vch:VC_2448,Q9KPC4
map00240,K01955,vch:VC_2389,Q9KPH9
map00240,K01956,vch:VC_2390,Q9KPH8
map00240,K03787,vch:VC_0531,Q9KUI9
map00240,K04765,vch:VC_2450,Q9KPC2
map00240,K06287,vch:VC_0418,Q9KUU7
map00240,K06966,vch:VC_0899,Q9KTK3
map00240,K07043,vch:VC_1615,Q9KRM1
map00240,K08722,vch:VC_1978,Q9KQM0
map00240,K08723,vch:VC_A0608,Q9KLY3
map00240,K09903,vch:VC_2258,Q9KPV4
map00240,K09913,vch:VC_A0970,Q9KKY0
map00240,K11751,vch:VC_2174,Q9KQ30
map00240,K21636,vch:VC_A0511,Q9KM77
map01232,K00088,vch:VC_0767,Q9KTW3
map01232,K00364,vch:VC_A0197,Q9KMW9
map01232,K00525,vch:VC_1256,Q9KSK0
map01232,K00526,vch:VC_1255,Q9KSK1
map01232,K00560,vch:VC_0675,O66108
map01232,K00757,vch:VC_1034,Q9KT71
map01232,K00757,vch:VC_A0134,Q9KN32
map01232,K00758,vch:VC_2349,Q9KPL8
map01232,K00759,vch:VC_1053,Q9KT52
map01232,K00760,vch:VC_0585,Q9KUD7
map01232,K00761,vch:VC_2225,Q9KPY7
map01232,K00769,vch:VC_2277,Q9KPT5
map01232,K00857,vch:VC_1167,Q9KST9
map01232,K00876,vch:VC_1038,Q9KT67
map01232,K00892,vch:VC_1129,Q9KSX7
map01232,K00892,vch:VC_A0801,Q9KLE5
map01232,K00939,vch:VC_0986,Q9KTB7
map01232,K00940,vch:VC_0756,Q9KTX4
map01232,K00942,vch:VC_2708,Q9KNM4
map01232,K00943,vch:VC_2016,Q9KQI2
map01232,K00945,vch:VC_1916,Q9KQT2
map01232,K01081,vch:VC_A0545,Q9KM44
map01232,K01129,vch:VC_1979,Q9KQL9
map01232,K01488,vch:VC_2751,Q9KNI7
map01232,K01489,vch:VC_1231,Q9KSM5
map01232,K01493,vch:VC_A0840,Q9KLA6
map01232,K01519,vch:VC_0456,Q9KUQ9
map01232,K01529,vch:VC_0702,Q9KU27
map01232,K01756,vch:VC_1126,Q9KSY0
map01232,K01937,vch:VC_2448,Q9KPC4
map01232,K01939,vch:VC_2602,Q9KNX8
map01232,K01951,vch:VC_0768,Q9KTW2
map01232,K03784,vch:VC_2347,Q9KPM0
map01232,K03784,vch:VC_A0053,Q9KNB2
map01232,K03787,vch:VC_0531,Q9KUI9
map01232,K04765,vch:VC_2450,Q9KPC2
map01232,K05810,vch:VC_0710,Q9KU19
map01232,K06287,vch:VC_0418,Q9KUU7
map01232,K06966,vch:VC_0899,Q9KTK3
map01232,K07043,vch:VC_1615,Q9KRM1
map01232,K08722,vch:VC_1978,Q9KQM0
map01232,K08723,vch:VC_A0608,Q9KLY3
map01232,K09903,vch:VC_2258,Q9KPV4
map01232,K09913,vch:VC_A0970,Q9KKY0
map01232,K11751,vch:VC_2174,Q9KQ30
map01232,K21636,vch:VC_A0511,Q9KM77
map00910,K00265,vch:VC_2373,Q9KPJ4
map00910,K00265,vch:VC_2376,Q9KPJ1
map00910,K00266,vch:VC_2374,Q9KPJ3
map00910,K00266,vch:VC_2377,Q9KPJ0
map00910,K01673,vch:VC_0586,Q9KUD6
map00910,K01674,vch:VC_A0274,Q9KMP6
map00910,K01915,vch:VC_2746,Q9KNJ2
map00910,K02567,vch:VC_A0678,Q9KLR4
map00910,K02568,vch:VC_A0679,Q9KLR3
map00910,K15371,vch:VC_1492,Q9KRZ1
map00010,K00128,vch:VC_0819,P0C6D7
map00010,K00134,vch:VC_2000,Q9KQJ8
map00010,K00134,vch:VC_A0843,Q9KLA3
map00010,K00138,vch:VC_1819,Q9KR28
map00010,K00163,vch:VC_2414,Q9KPF4
map00010,K00382,vch:VC_2412,Q9KPF6
map00010,K00382,vch:VC_2638,Q9KNU2
map00010,K00627,vch:VC_2413,Q9KPF5
map00010,K00850,vch:VC_2689,Q9KNP2
map00010,K00873,vch:VC_0485,Q9KUN0
map00010,K00873,vch:VC_2008,Q9KQJ0
map00010,K00873,vch:VC_A0708,Q9KLN5
map00010,K00927,vch:VC_0477,P0C6Q3
map00010,K01007,vch:VC_A0987,Q9KKW3
map00010,K01222,vch:VC_1284,Q9KSH2
map00010,K01223,vch:VC_1558,Q9KRS8
map00010,K01610,vch:VC_2738,Q9KNK0
map00010,K01624,vch:VC_0478,Q9KUN7
map00010,K01689,vch:VC_2447,Q9KPC5
map00010,K01785,vch:VC_1594,Q9KRP2
map00010,K01792,vch:VC_2001,Q9KQJ7
map00010,K01803,vch:VC_2670,Q9KNR1
map00010,K01810,vch:VC_0374,Q9KUY4
map00010,K01835,vch:VC_2095,Q9KQA5
map00010,K01895,vch:VC_0298,Q9KV59
map00010,K02446,vch:VC_2688,Q9KNP3
map00010,K02777,vch:VC_0964,Q9KTD8
map00010,K02779,vch:VC_2013,Q9KQI5
map00010,K03737,vch:VC_A0530,Q9KM58
map00010,K03841,vch:VC_2544,Q9KP35
map00010,K04072,vch:VC_2033,Q9KQG5
map00010,K15633,vch:VC_0336,Q9KV22
map00030,K00033,vch:VC_A0898,Q9KL50
map00030,K00036,vch:VC_A0896,Q9KL52
map00030,K00615,vch:VC_0473,Q9KUP2
map00030,K00615,vch:VC_A0624,Q9KLW7
map00030,K00616,vch:VC_A0623,Q9KLW8
map00030,K00850,vch:VC_2689,Q9KNP2
map00030,K00851,vch:VC_0287,Q9KV70
map00030,K00852,vch:VC_A0131,Q9KN34
map00030,K00948,vch:VC_2183,Q9KQ22
map00030,K01057,vch:VC_A0897,Q9KL51
map00030,K01619,vch:VC_2350,Q9KPL7
map00030,K01624,vch:VC_0478,Q9KUN7
map00030,K01625,vch:VC_0285,Q9KV72
map00030,K01690,vch:VC_0288,Q9KV69
map00030,K01783,vch:VC_2625,Q9KNV5
map00030,K01807,vch:VC_2480,Q9KP93
map00030,K01810,vch:VC_0374,Q9KUY4
map00030,K01835,vch:VC_2095,Q9KQA5
map00030,K01839,vch:VC_2348,Q9KPL9
map00030,K02446,vch:VC_2688,Q9KNP3
map00030,K03841,vch:VC_2544,Q9KP35
map00051,K00009,vch:VC_A1046,Q9KKQ6
map00051,K00847,vch:VC_0270,Q9KV86
map00051,K00847,vch:VC_A0656,Q9KLT5
map00051,K00850,vch:VC_2689,Q9KNP2
map00051,K00882,vch:VC_A0517,Q9KM71
map00051,K01624,vch:VC_0478,Q9KUN7
map00051,K01711,vch:VC_0243,Q06952
map00051,K01803,vch:VC_2670,Q9KNR1
map00051,K01809,vch:VC_0269,Q9KV87
map00051,K01809,vch:VC_1827,Q9KR20
map00051,K01840,vch:VC_0242,Q06951
map00051,K01840,vch:VC_A1041,Q9KKR1
map00051,K02446,vch:VC_2688,Q9KNP3
map00051,K02768,vch:VC_1820,Q9KR27
map00051,K02769,vch:VC_1823,Q9KR24
map00051,K02770,vch:VC_A0516,Q9KM72
map00051,K02800,vch:VC_A1045,Q9KKQ7
map00051,K03841,vch:VC_2544,Q9KP35
map00051,K16011,vch:VC_0241,Q07024
map00052,K00849,vch:VC_1595,Q9KRP1
map00052,K00850,vch:VC_2689,Q9KNP2
map00052,K00963,vch:VC_0395,Q9KUW4
map00052,K00965,vch:VC_1596,Q9KRP0
map00052,K01193,vch:VC_A0655,Q9KLT6
map00052,K01784,vch:VC_A0774,Q9KLH0
map00052,K01785,vch:VC_1594,Q9KRP2
map00052,K01835,vch:VC_2095,Q9KQA5
map00680,K00018,vch:VC_2504,Q9KP72
map00680,K00024,vch:VC_0432,Q9KUT3
map00680,K00058,vch:VC_2481,Q9KP92
map00680,K00058,vch:VC_A0630,Q9KLW1
map00680,K00124,vch:VC_1512,Q9KRX1
map00680,K00127,vch:VC_1511,Q9KRX2
map00680,K00600,vch:VC_0941,Q9KTG1
map00680,K00600,vch:VC_A0278,Q9KMP4
map00680,K00830,vch:VC_0392,Q9KUW7
map00680,K00831,vch:VC_1159,Q9KSU7
map00680,K00850,vch:VC_2689,Q9KNP2
map00680,K00925,vch:VC_1098,Q9KT07
map00680,K00925,vch:VC_A0235,Q9KMT5
map00680,K01007,vch:VC_A0987,Q9KKW3
map00680,K01079,vch:VC_2345,Q9KPM2
map00680,K01595,vch:VC_2646,Q9KNT4
map00680,K01624,vch:VC_0478,Q9KUN7
map00680,K01689,vch:VC_2447,Q9KPC5
map00680,K01895,vch:VC_0298,Q9KV59
map00680,K02446,vch:VC_2688,Q9KNP3
map00680,K03532,vch:VC_1693,Q9KRE9
map00680,K03533,vch:VC_1720,Q9KRC2
map00680,K03841,vch:VC_2544,Q9KP35
map00680,K07811,vch:VC_1692,Q9KRF0
map00680,K07812,vch:VC_1950,Q9KQP8
map00680,K07821,vch:VC_1951,Q9KQP7
map00680,K13788,vch:VC_1097,Q9KT08
map00680,K15633,vch:VC_0336,Q9KV22
map03018,K00850,vch:VC_2689,Q9KNP2
map03018,K00937,vch:VC_0723,Q9KU07
map03018,K00962,vch:VC_0647,Q9KU76
map03018,K00970,vch:VC_0594,Q9KUC8
map03018,K01689,vch:VC_2447,Q9KPC5
map03018,K03628,vch:VC_0307,Q9KV50
map03018,K03654,vch:VC_0196,Q9KVF0
map03018,K03666,vch:VC_0347,Q9KV11
map03018,K03732,vch:VC_0305,Q9KV52
map03018,K04043,vch:VC_0855,O34241
map03018,K04077,vch:VC_2664,Q9KNR7
map03018,K04077,vch:VC_A0820,Q9KLC6
map03018,K05592,vch:VC_A0804,Q9KLE2
map03018,K08300,vch:VC_2030,Q9KQG8
map03018,K08311,vch:VC_0671,Q9KU53
map03018,K11927,vch:VC_1407,Q9KS53
map03018,K11927,vch:VC_A0204,Q9KMW4
map03018,K11927,vch:VC_A0768,Q9KLH6
map03018,K12573,vch:VC_2599,Q9KNY1
map03018,K22468,vch:VC_0728,Q9KU02
map00550,K00075,vch:VC_0318,Q9KV40
map00550,K00790,vch:VC_2514,Q9KP62
map00550,K00806,vch:VC_2256,Q9KPV6
map00550,K01000,vch:VC_2404,Q9KPG4
map00550,K01921,vch:VC_A0572,Q9KM17
map00550,K01924,vch:VC_2400,Q9KPG8
map00550,K01925,vch:VC_2403,Q9KPG5
map00550,K01928,vch:VC_2406,Q9X6N4
map00550,K01929,vch:VC_2405,Q9KPG3
map00550,K02563,vch:VC_2401,Q9KPG7
map00550,K03587,vch:VC_2407,Q9KPG1
map00550,K03588,vch:VC_2402,Q9KPG6
map00550,K05365,vch:VC_0602,Q9KUC0
map00550,K05366,vch:VC_2635,Q9KNU5
map00550,K05515,vch:VC_0950,Q9KTF2
map00550,K05837,vch:VC_0949,Q9KTF3
map00550,K06153,vch:VC_0526,Q9KUJ4
map00550,K07258,vch:VC_0947,Q9KTF5
map00550,K07258,vch:VC_A0270,Q9KMQ0
map00550,K07259,vch:VC_0632,Q9KU91
map00550,K19302,vch:VC_2488,Q9KP85
map01501,K01207,vch:VC_0692,Q9KU37
map01501,K03585,vch:VC_0165,Q9KVI1
map01501,K03585,vch:VC_0913,Q9KTI9
map01501,K03585,vch:VC_A0639,Q9KLV2
map01501,K03587,vch:VC_2407,Q9KPG1
map01501,K05366,vch:VC_2635,Q9KNU5
map01501,K05515,vch:VC_0950,Q9KTF2
map01501,K08218,vch:VC_2300,Q9KPR6
map01501,K08720,vch:VC_0633,P0C6Q6
map01501,K10823,vch:VC_1095,Q9KT10
map01501,K10823,vch:VC_A0977,Q9KKX3
map01501,K12340,vch:VC_1565,Q9KRS1
map01501,K12340,vch:VC_1606,Q9KRN0
map01501,K12340,vch:VC_2436,Q9K2Y1
map01501,K15580,vch:VC_1091,Q9KT14
map01501,K15581,vch:VC_1092,Q9KT13
map01501,K15582,vch:VC_1093,Q9KT12
map01501,K15583,vch:VC_1094,Q9KT11
map01501,K15583,vch:VC_A0977,Q9KKX3
map01501,K18136,vch:VC_0166,Q9KVI0
map01501,K18138,vch:VC_0164,Q9KVI2
map01501,K18138,vch:VC_0914,Q9KTI8
map01501,K18138,vch:VC_A0638,Q9KLV3
map01501,K18139,vch:VC_1409,Q9KS51
map01240,K00012,vch:VC_A0780,Q9KLG4
map01240,K00059,vch:VC_2021,Q9KQH7
map01240,K00077,vch:VC_2307,Q9KPQ9
map01240,K00097,vch:VC_0444,Q9KUS1
map01240,K00128,vch:VC_0819,P0C6D7
map01240,K00228,vch:VC_0055,Q9KVT4
map01240,K00230,vch:VC_2755,Q9KNI4
map01240,K00254,vch:VC_1491,Q9KRZ2
map01240,K00275,vch:VC_A1079,Q9KKM4
map01240,K00278,vch:VC_2469,Q9KPA4
map01240,K00287,vch:VC_0440,Q9KUS5
map01240,K00382,vch:VC_2412,Q9KPF6
map01240,K00382,vch:VC_2638,Q9KNU2
map01240,K00457,vch:VC_1344,H9L4S8
map01240,K00568,vch:VC_1257,Q9KSJ9
map01240,K00600,vch:VC_0941,Q9KTG1
map01240,K00600,vch:VC_A0278,Q9KMP4
map01240,K00606,vch:VC_0592,Q9KUD0
map01240,K00609,vch:VC_2510,Q9KP66
map01240,K00610,vch:VC_2511,Q9KP65
map01240,K00652,vch:VC_1113,Q9KSZ3
map01240,K00762,vch:VC_0211,Q9KVD5
map01240,K00763,vch:VC_A0098,Q9KN67
map01240,K00767,vch:VC_2422,Q9KPE6
map01240,K00768,vch:VC_1237,Q9KSL9
map01240,K00788,vch:VC_0062,Q9KVS7
map01240,K00789,vch:VC_0472,Q9KUP3
map01240,K00793,vch:VC_2270,Q9KPU2
map01240,K00794,vch:VC_2268,Q9KPU4
map01240,K00796,vch:VC_0638,Q9KU85
map01240,K00826,vch:VC_0029,Q9KVV9
map01240,K00831,vch:VC_1159,Q9KSU7
map01240,K00833,vch:VC_1111,Q9KSZ5
map01240,K00858,vch:VC_0853,Q9KTP8
map01240,K00859,vch:VC_2427,Q9KPE3
map01240,K00867,vch:VC_0320,Q9KV38
map01240,K00939,vch:VC_0986,Q9KTB7
map01240,K00940,vch:VC_0756,Q9KTX4
map01240,K00941,vch:VC_1296,Q9KSG0
map01240,K00946,vch:VC_2266,Q9KPU6
map01240,K00950,vch:VC_0525,Q9KUJ5
map01240,K00950,vch:VC_0593,Q9KUC9
map01240,K00954,vch:VC_0222,Q9KVC4
map01240,K00963,vch:VC_0395,Q9KUW4
map01240,K00969,vch:VC_A0208,Q9KMW0
map01240,K01012,vch:VC_1112,Q9KSZ4
map01240,K01465,vch:VC_A0925,Q9KL24
map01240,K01491,vch:VC_1942,Q9KQQ6
map01240,K01495,vch:VC_A0616,Q9KLX5
map01240,K01497,vch:VC_1263,Q9KSJ3
map01240,K01591,vch:VC_1911,Q9KQT7
map01240,K01599,vch:VC_0332,Q9KV26
map01240,K01633,vch:VC_0524,Q9KUJ6
map01240,K01661,vch:VC_1973,Q9KQM5
map01240,K01664,vch:VC_2619,Q9KNW1
map01240,K01665,vch:VC_1303,Q9KSF3
map01240,K01698,vch:VC_0105,Q9KVN6
map01240,K01719,vch:VC_0119,Q9KVM2
map01240,K01737,vch:VC_1299,Q9KSF7
map01240,K01749,vch:VC_0120,Q9KVM1
map01240,K01756,vch:VC_1126,Q9KSY0
map01240,K01772,vch:VC_0987,Q9KTB6
map01240,K01809,vch:VC_0269,Q9KV87
map01240,K01809,vch:VC_1827,Q9KR20
map01240,K01845,vch:VC_0626,Q9KU97
map01240,K01885,vch:VC_2214,P0C6Q1
map01240,K01911,vch:VC_1971,Q9KQM7
map01240,K01916,vch:VC_A0207,Q9KMW1
map01240,K01918,vch:VC_0591,Q9KUD1
map01240,K01919,vch:VC_0556,Q9KUG5
map01240,K01920,vch:VC_0468,Q9KUP7
map01240,K01935,vch:VC_1115,Q9KSZ1
map01240,K01937,vch:VC_2448,Q9KPC4
map01240,K01938,vch:VC_A0614,Q9KLX7
map01240,K01939,vch:VC_2602,Q9KNX8
map01240,K01955,vch:VC_2389,Q9KPH9
map01240,K01956,vch:VC_2390,Q9KPH8
map01240,K02169,vch:VC_1114,Q9KSZ2
map01240,K02170,vch:VC_2718,Q9KNL4
map01240,K02226,vch:VC_1240,Q9KSL6
map01240,K02227,vch:VC_2380,Q9KPI7
map01240,K02231,vch:VC_1239,Q9KSL7
map01240,K02232,vch:VC_A0727,Q9KLL6
map01240,K02233,vch:VC_1238,Q9KSL8
map01240,K02303,vch:VC_2561,Q9KP18
map01240,K02372,vch:VC_2249,Q9KPW3
map01240,K02492,vch:VC_2180,Q9KQ24
map01240,K02495,vch:VC_0116,Q9KVM5
map01240,K02496,vch:VC_0118,Q9KVM3
map01240,K02548,vch:VC_2673,Q9KNQ8
map01240,K02549,vch:VC_1972,Q9KQM6
map01240,K02551,vch:VC_1975,Q9KQM3
map01240,K02552,vch:VC_1976,Q9KQM2
map01240,K02619,vch:VC_2018,Q9KQI0
map01240,K02858,vch:VC_A1060,Q9KKP2
map01240,K03147,vch:VC_0061,Q9KVS8
map01240,K03148,vch:VC_0063,Q9KVS6
map01240,K03149,vch:VC_0065,Q9KVS4
map01240,K03150,vch:VC_0066,Q9KVS3
map01240,K03151,vch:VC_0894,Q9KTK8
map01240,K03179,vch:VC_0094,Q9KVP7
map01240,K03181,vch:VC_0095,Q9KVP6
map01240,K03182,vch:VC_0309,Q9KV48
map01240,K03183,vch:VC_0083,Q9KVQ6
map01240,K03184,vch:VC_0963,Q9KTD9
map01240,K03185,vch:VC_2475,Q9KP98
map01240,K03186,vch:VC_2541,Q9KP38
map01240,K03472,vch:VC_0476,P0C6C2
map01240,K03473,vch:VC_2108,Q9KQ92
map01240,K03474,vch:VC_2458,Q9KPB5
map01240,K03517,vch:VC_1833,Q9KR14
map01240,K03635,vch:VC_1028,Q9KT77
map01240,K03637,vch:VC_1026,Q9KT79
map01240,K03638,vch:VC_1025,Q9KT80
map01240,K03639,vch:VC_1024,Q9KT81
map01240,K03644,vch:VC_0943,Q9KTF9
map01240,K03750,vch:VC_1527,Q9KRV7
map01240,K03750,vch:VC_A0617,Q9KLX4
map01240,K03800,vch:VC_1388,Q9KS71
map01240,K03801,vch:VC_0944,Q9KTF8
map01240,K03809,vch:VC_2166,Q9KQ38
map01240,K04487,vch:VC_0748,Q9KTY2
map01240,K08281,vch:VC_A0712,Q9KLN1
map01240,K08680,vch:VC_1974,Q9KQM4
map01240,K09458,vch:VC_2019,Q9KQH9
map01240,K09903,vch:VC_2258,Q9KPV4
map01240,K11752,vch:VC_2271,Q9KPU1
map01240,K11753,vch:VC_0681,Q9KU48
map01240,K11754,vch:VC_1001,Q9KTA2
map01240,K13038,vch:VC_0215,Q9KVD1
map01240,K14652,vch:VC_2269,Q9KPU3
map01240,K18800,vch:VC_2474,Q9KP99
map01240,K19221,vch:VC_1040,Q9KT65
map01240,K19222,vch:VC_A0580,Q9KM09
map01240,K20862,vch:VC_0129,Q9KVL3
map01240,K24843,vch:VC_0654,Q9KU69
map01240,K24844,vch:VC_0652,Q9KU71
map01240,K24845,vch:VC_0651,Q9KU72
map01240,K24866,vch:VC_1363,Q9KS96
map00220,K00145,vch:VC_2644,Q9KNT6
map00220,K00611,vch:VC_2508,Q9KP68
map00220,K00813,vch:VC_A0513,Q9KM75
map00220,K00821,vch:VC_2618,Q9KNW2
map00220,K00930,vch:VC_2643,Q9KNT7
map00220,K01425,vch:VC_0454,Q9KUR1
map00220,K01438,vch:VC_2645,Q9KNT5
map00220,K01478,vch:VC_0423,Q9KUU2
map00220,K01755,vch:VC_2641,Q9KNT9
map00220,K01915,vch:VC_2746,Q9KNJ2
map00220,K01940,vch:VC_2642,Q9KNT8
map00220,K01955,vch:VC_2389,Q9KPH9
map00220,K01956,vch:VC_2390,Q9KPH8
map00220,K14260,vch:VC_1977,Q9KQM1
map00220,K14682,vch:VC_2316,Q9KPQ0
map00220,K15371,vch:VC_1492,Q9KRZ1
map00220,K22477,vch:VC_A0470,H9L4R4
map00250,K00135,vch:VC_1745,Q9KR97
map00250,K00259,vch:VC_1905,Q9KQU3
map00250,K00265,vch:VC_2373,Q9KPJ4
map00250,K00265,vch:VC_2376,Q9KPJ1
map00250,K00266,vch:VC_2374,Q9KPJ3
map00250,K00266,vch:VC_2377,Q9KPJ0
map00250,K00278,vch:VC_2469,Q9KPA4
map00250,K00609,vch:VC_2510,Q9KP66
map00250,K00610,vch:VC_2511,Q9KP65
map00250,K00764,vch:VC_1004,Q9KT99
map00250,K00813,vch:VC_A0513,Q9KM75
map00250,K00820,vch:VC_0487,Q9KUM8
map00250,K00830,vch:VC_0392,Q9KUW7
map00250,K01424,vch:VC_1995,Q9KQK3
map00250,K01425,vch:VC_0454,Q9KUR1
map00250,K01744,vch:VC_2698,Q9KNN3
map00250,K01755,vch:VC_2641,Q9KNT9
map00250,K01756,vch:VC_1126,Q9KSY0
map00250,K01915,vch:VC_2746,Q9KNJ2
map00250,K01939,vch:VC_2602,Q9KNX8
map00250,K01940,vch:VC_2642,Q9KNT8
map00250,K01953,vch:VC_0991,Q9KTB2
map00250,K01955,vch:VC_2389,Q9KPH9
map00250,K01956,vch:VC_2390,Q9KPH8
map00250,K13051,vch:VC_2603,Q9KNX7
map00250,K14260,vch:VC_1977,Q9KQM1
map00250,K15371,vch:VC_1492,Q9KRZ1
map03440,K01159,vch:VC_1847,Q9KR00
map03440,K02335,vch:VC_0108,Q9KVN3
map03440,K02337,vch:VC_2245,P52022
map03440,K02338,vch:VC_0013,Q9KVX5
map03440,K02339,vch:VC_2502,Q9KP74
map03440,K02340,vch:VC_0953,Q9KTE9
map03440,K02341,vch:VC_2015,Q9KQI3
map03440,K02342,vch:VC_0299,Q9KV58
map03440,K02342,vch:VC_1290,Q9KSG6
map03440,K02342,vch:VC_2233,Q9KPX9
map03440,K02343,vch:VC_1054,Q9KT51
map03440,K02344,vch:VC_0656,Q9KU67
map03440,K02686,vch:VC_0367,Q9KUZ1
map03440,K03111,vch:VC_0397,Q9KUW2
map03440,K03550,vch:VC_1846,Q9KR01
map03440,K03551,vch:VC_1845,Q9KR02
map03440,K03553,vch:VC_0543,P45383
map03440,K03581,vch:VC_2319,Q9KPP7
map03440,K03582,vch:VC_2320,Q9KPP6
map03440,K03583,vch:VC_2322,Q9KPP4
map03440,K03584,vch:VC_2459,Q9KPB4
map03440,K03629,vch:VC_0014,Q9KVX4
map03440,K03655,vch:VC_2711,Q9KNM1
map03440,K04066,vch:VC_2678,Q9KNQ3
map03440,K04067,vch:VC_1857,Q9KQZ0
map03440,K06187,vch:VC_1056,Q9KT49
map03440,K07462,vch:VC_2417,Q9KPF1
map02010,K02010,vch:VC_0610,Q9KUB3
map02010,K02010,vch:VC_A0602,Q9KLY9
map02010,K02010,vch:VC_A0687,Q9KLQ5
map02010,K02011,vch:VC_0609,Q9KUB4
map02010,K02011,vch:VC_A0601,Q9KLZ0
map02010,K02011,vch:VC_A0686,Q9KLQ6
map02010,K02012,vch:VC_0608,Q9KUB5
map02010,K02012,vch:VC_A0603,Q9KLY8
map02010,K02012,vch:VC_A0685,Q9KLQ7
map02010,K02017,vch:VC_A0724,Q9KLL9
map02010,K02018,vch:VC_A0725,Q9KLL8
map02010,K02020,vch:VC_A0726,Q9KLL7
map02010,K02036,vch:VC_0726,Q9KU04
map02010,K02036,vch:VC_A0073,Q9KN92
map02010,K02037,vch:VC_0724,Q9KU06
map02010,K02037,vch:VC_A0071,Q9KN94
map02010,K02038,vch:VC_0725,Q9KU05
map02010,K02038,vch:VC_A0072,Q9KN93
map02010,K02040,vch:VC_0721,Q9KU09
map02010,K02040,vch:VC_A0070,Q9KN95
map02010,K02040,vch:VC_A0807,Q9KLD9
map02010,K02045,vch:VC_0541,Q9KUI0
map02010,K02046,vch:VC_0539,Q9KUI2
map02010,K02047,vch:VC_0540,Q9KUI1
map02010,K02048,vch:VC_0538,Q9KUI3
map02010,K02062,vch:VC_2537,Q9KP42
map02010,K02063,vch:VC_2538,Q9KP41
map02010,K02064,vch:VC_2539,Q9KP40
map02010,K02065,vch:VC_2520,Q9KP56
map02010,K02066,vch:VC_2519,Q9KP57
map02010,K02067,vch:VC_2518,Q9KP58
map02010,K02071,vch:VC_0907,Q9KTJ5
map02010,K02072,vch:VC_0906,Q9KTJ6
map02010,K02073,vch:VC_0905,Q9KTJ7
map02010,K02193,vch:VC_2057,Q9KQE3
map02010,K02194,vch:VC_2056,Q9KQE4
map02010,K02195,vch:VC_2055,Q9KQE5
map02010,K02196,vch:VC_2054,Q9KQE6
map02010,K05772,vch:VC_1523,Q9KRW1
map02010,K05773,vch:VC_1524,Q9KRW0
map02010,K05813,vch:VC_1549,Q9KRT7
map02010,K05814,vch:VC_1550,Q9KRT6
map02010,K05815,vch:VC_1551,Q9KRT5
map02010,K05816,vch:VC_1552,Q9KRT4
map02010,K06073,vch:VC_1244,Q9KSL2
map02010,K06074,vch:VC_1245,Q9KSL1
map02010,K06726,vch:VC_A0127,Q9KN38
map02010,K06857,vch:VC_1525,Q9KRV9
map02010,K06858,vch:VC_2381,Q9KPI6
map02010,K06861,vch:VC_2528,H9L4Q7
map02010,K07091,vch:VC_2500,Q9KP75
map02010,K07122,vch:VC_2516,Q9KP60
map02010,K07323,vch:VC_2517,Q9KP59
map02010,K09690,vch:VC_0246,Q9KVA3
map02010,K09691,vch:VC_0247,Q9KVA2
map02010,K09808,vch:VC_1882,Q9KQW5
map02010,K09808,vch:VC_1884,Q9KQW4
map02010,K09810,vch:VC_1883,P57066
map02010,K09811,vch:VC_0149,Q9KVJ4
map02010,K09812,vch:VC_0148,Q9KVJ5
map02010,K09815,vch:VC_2081,Q9KQB9
map02010,K09816,vch:VC_2083,Q9KQB7
map02010,K09817,vch:VC_2082,Q9KQB8
map02010,K09969,vch:VC_1362,Q9KS97
map02010,K09970,vch:VC_1361,Q9KS98
map02010,K09971,vch:VC_1360,Q9KS99
map02010,K09972,vch:VC_1359,Q9KSA0
map02010,K09997,vch:VC_A0759,Q9KLI5
map02010,K09998,vch:VC_A0757,Q9KLI7
map02010,K09999,vch:VC_A0758,Q9KLI6
map02010,K10000,vch:VC_A0760,Q9KLI4
map02010,K10022,vch:VC_1863,Q9KQY4
map02010,K10023,vch:VC_1861,Q9KQY6
map02010,K10024,vch:VC_1862,Q9KQY5
map02010,K10025,vch:VC_1864,Q9KQY3
map02010,K10108,vch:VC_A0945,Q9KL05
map02010,K10109,vch:VC_A0944,Q9KL06
map02010,K10110,vch:VC_A0943,Q9KL07
map02010,K10111,vch:VC_A0946,Q9KL04
map02010,K10117,vch:VC_A1033,Q9KKR8
map02010,K10439,vch:VC_A0130,Q9KN35
map02010,K10440,vch:VC_A0129,Q9KN36
map02010,K10441,vch:VC_A0128,Q9KN37
map02010,K10540,vch:VC_1325,Q9KSD3
map02010,K10541,vch:VC_1328,Q9KSD0
map02010,K10542,vch:VC_1327,Q9KSD1
map02010,K10823,vch:VC_1095,Q9KT10
map02010,K10823,vch:VC_A0977,Q9KKX3
map02010,K10829,vch:VC_0201,Q9KVE5
map02010,K11069,vch:VC_0704,Q9KU25
map02010,K11069,vch:VC_1424,Q9KS37
map02010,K11069,vch:VC_1425,Q9KS36
map02010,K11069,vch:VC_A1113,Q9KKJ4
map02010,K11070,vch:VC_1426,Q9KS35
map02010,K11071,vch:VC_1427,Q9KS34
map02010,K11072,vch:VC_1428,Q9KS33
map02010,K11085,vch:VC_1878,Q9KQW9
map02010,K11720,vch:VC_2499,Q9KP76
map02010,K12541,vch:VC_A1084,Q9KKL9
map02010,K13893,vch:VC_A0591,Q9KLZ8
map02010,K13894,vch:VC_A0590,Q9KLZ9
map02010,K13895,vch:VC_A0589,Q9KM00
map02010,K13896,vch:VC_A0588,Q9KM01
map02010,K15580,vch:VC_1091,Q9KT14
map02010,K15581,vch:VC_1092,Q9KT13
map02010,K15582,vch:VC_1093,Q9KT12
map02010,K15583,vch:VC_1094,Q9KT11
map02010,K15583,vch:VC_A0977,Q9KKX3
map02010,K16012,vch:VC_1180,Q9KSS6
map02010,K16013,vch:VC_1181,Q9KSS5
map02010,K16961,vch:VC_0010,Q9KVX8
map02010,K16962,vch:VC_0009,Q9KVX9
map02010,K16963,vch:VC_0008,Q9KVY0
map02010,K18893,vch:VC_0199,Q9KVE7
map02010,K18893,vch:VC_A0996,Q9KKV4
map02010,K19226,vch:VC_1680,Q9KRG2
map02010,K19227,vch:VC_1681,Q9KRG1
map02010,K19228,vch:VC_1682,Q9KRG0
map02010,K19229,vch:VC_1683,Q9KRF9
map02010,K19230,vch:VC_1684,Q9KRF8
map02010,K23185,vch:VC_0776,H9L4S6
map02010,K23186,vch:VC_0777,H9L4Q8
map02010,K23187,vch:VC_0778,H9L4Q0
map02010,K23188,vch:VC_0779,Q9KTV8
map02010,K23227,vch:VC_0202,Q9KVE4
map02010,K23228,vch:VC_0203,Q9KVE3
map00400,K00014,vch:VC_0056,Q9KVT3
map00400,K00500,vch:VC_A0828,Q9KLB8
map00400,K00766,vch:VC_1172,Q9KST4
map00400,K00800,vch:VC_1732,Q9KRB0
map00400,K00813,vch:VC_A0513,Q9KM75
map00400,K00817,vch:VC_1134,Q9KSX2
map00400,K00832,vch:VC_1293,Q9KSG3
map00400,K00891,vch:VC_2629,Q9KNV1
map00400,K01626,vch:VC_0695,Q9KU34
map00400,K01626,vch:VC_1507,Q9KRX6
map00400,K01657,vch:VC_1174,Q9KST2
map00400,K01658,vch:VC_1173,Q9KST3
map00400,K01695,vch:VC_1169,Q9KST7
map00400,K01696,vch:VC_1170,Q9KST6
map00400,K01735,vch:VC_2628,Q9KNV2
map00400,K01736,vch:VC_2116,Q9KQ85
map00400,K03786,vch:VC_0297,Q9KV60
map00400,K13498,vch:VC_1171,Q9KST5
map00400,K14170,vch:VC_0705,Q9KU24
map00400,K14187,vch:VC_0696,Q9KU33
map00790,K00287,vch:VC_0440,Q9KUS5
map00790,K00500,vch:VC_A0828,Q9KLB8
map00790,K00796,vch:VC_0638,Q9KU85
map00790,K00950,vch:VC_0525,Q9KUJ5
map00790,K00950,vch:VC_0593,Q9KUC9
map00790,K01495,vch:VC_A0616,Q9KLX5
map00790,K01497,vch:VC_1263,Q9KSJ3
map00790,K01633,vch:VC_0524,Q9KUJ6
map00790,K01664,vch:VC_2619,Q9KNW1
map00790,K01665,vch:VC_1303,Q9KSF3
map00790,K01724,vch:VC_A0827,Q9KLB9
map00790,K01737,vch:VC_1299,Q9KSF7
map00790,K02619,vch:VC_2018,Q9KQI0
map00790,K03635,vch:VC_1028,Q9KT77
map00790,K03637,vch:VC_1026,Q9KT79
map00790,K03638,vch:VC_1025,Q9KT80
map00790,K03639,vch:VC_1024,Q9KT81
map00790,K03750,vch:VC_1527,Q9KRV7
map00790,K03750,vch:VC_A0617,Q9KLX4
map00790,K03752,vch:VC_1526,Q9KRV8
map00790,K06879,vch:VC_0902,Q9KTK0
map00790,K06920,vch:VC_1366,Q9KS93
map00790,K10026,vch:VC_1365,Q9KS94
map00790,K11754,vch:VC_1001,Q9KTA2
map00790,K14652,vch:VC_2269,Q9KPU3
map00730,K00788,vch:VC_0062,Q9KVS7
map00730,K00939,vch:VC_0986,Q9KTB7
map00730,K00941,vch:VC_1296,Q9KSG0
map00730,K00946,vch:VC_2266,Q9KPU6
map00730,K01662,vch:VC_0889,Q9KTL3
map00730,K03147,vch:VC_0061,Q9KVS8
map00730,K03148,vch:VC_0063,Q9KVS6
map00730,K03149,vch:VC_0065,Q9KVS4
map00730,K03150,vch:VC_0066,Q9KVS3
map00730,K03151,vch:VC_0894,Q9KTK8
map00730,K04487,vch:VC_0748,Q9KTY2
map00730,K06949,vch:VC_0340,Q9KV18
map04122,K00566,vch:VC_1128,Q9KSX8
map04122,K01011,vch:VC_A0620,Q9KLX1
map04122,K03148,vch:VC_0063,Q9KVS6
map04122,K03151,vch:VC_0894,Q9KTK8
map04122,K03154,vch:VC_0064,Q9KVS5
map04122,K03635,vch:VC_1028,Q9KT77
map04122,K03636,vch:VC_1027,Q9KT78
map04122,K03637,vch:VC_1026,Q9KT79
map04122,K03638,vch:VC_1025,Q9KT80
map04122,K03639,vch:VC_1024,Q9KT81
map04122,K04085,vch:VC_0024,Q9KVW4
map04122,K04085,vch:VC_2163,Q9KQ41
map04122,K04487,vch:VC_0748,Q9KTY2
map04122,K07235,vch:VC_0356,Q9KV02
map04122,K07236,vch:VC_0357,Q9KV01
map04122,K07237,vch:VC_0358,Q9KV00
map04122,K11179,vch:VC_1356,Q9KSA3
map04122,K21029,vch:VC_A0618,Q9KLX3
map01502,K01000,vch:VC_2404,Q9KPG4
map01502,K01775,vch:VC_0372,Q9KUY6
map01502,K01921,vch:VC_A0572,Q9KM17
map01502,K01929,vch:VC_2405,Q9KPG3
map01502,K02563,vch:VC_2401,Q9KPG7
map00760,K00135,vch:VC_1745,Q9KR97
map00760,K00278,vch:VC_2469,Q9KPA4
map00760,K00322,vch:VC_0151,P50529
map00760,K00324,vch:VC_A0563,Q9KM26
map00760,K00325,vch:VC_A0564,Q9KM25
map00760,K00763,vch:VC_A0098,Q9KN67
map00760,K00767,vch:VC_2422,Q9KPE6
map00760,K00858,vch:VC_0853,Q9KTP8
map00760,K00969,vch:VC_A0208,Q9KMW0
map00760,K01081,vch:VC_A0545,Q9KM44
map00760,K01916,vch:VC_A0207,Q9KMW1
map00760,K03426,vch:VC_0331,Q9KV27
map00760,K03517,vch:VC_1833,Q9KR14
map00760,K03743,vch:VC_0542,Q9KUH9
map00760,K03784,vch:VC_2347,Q9KPM0
map00760,K03784,vch:VC_A0053,Q9KNB2
map00760,K03787,vch:VC_0531,Q9KUI9
map00760,K04765,vch:VC_2450,Q9KPC2
map00760,K08281,vch:VC_A0712,Q9KLN1
map00760,K11751,vch:VC_2174,Q9KQ30
map00760,K12410,vch:VC_1509,Q9KRX4
map04146,K00031,vch:VC_1141,Q9KSW5
map04146,K00830,vch:VC_0392,Q9KUW7
map04146,K01897,vch:VC_1985,Q9KQL3
map04146,K01897,vch:VC_2341,Q9KPM6
map04146,K01897,vch:VC_2484,Q9KP89
map04146,K03426,vch:VC_0331,Q9KV27
map04146,K03781,vch:VC_1585,Q9KRQ1
map04146,K04564,vch:VC_2045,Q9KQF3
map04146,K04564,vch:VC_2694,Q9KNN7
map04146,K04565,vch:VC_1583,Q9KRQ3
map03410,K01142,vch:VC_1860,Q9KQY7
map03410,K01151,vch:VC_2360,Q9KPK7
map03410,K01246,vch:VC_1672,Q9KRH0
map03410,K01972,vch:VC_0971,Q9KTD1
map03410,K02335,vch:VC_0108,Q9KVN3
map03410,K03575,vch:VC_0452,Q9KUR3
map03410,K03648,vch:VC_2359,Q9KPK8
map03410,K07462,vch:VC_2417,Q9KPF1
map03410,K10563,vch:VC_0221,Q9KVC5
map03410,K10773,vch:VC_1011,Q9KT92
map03410,K13529,vch:VC_A1018,Q9KKT2
map00770,K00053,vch:VC_0162,Q9KVI4
map00770,K00077,vch:VC_2307,Q9KPQ9
map00770,K00128,vch:VC_0819,P0C6D7
map00770,K00606,vch:VC_0592,Q9KUD0
map00770,K00826,vch:VC_0029,Q9KVV9
map00770,K00859,vch:VC_2427,Q9KPE3
map00770,K00867,vch:VC_0320,Q9KV38
map00770,K00954,vch:VC_0222,Q9KVC4
map00770,K00997,vch:VC_2457,Q9KPB6
map00770,K01652,vch:VC_0031,Q9KVV7
map00770,K01652,vch:VC_1590,Q9KRP6
map00770,K01652,vch:VC_2483,Q9KP90
map00770,K01653,vch:VC_2482,Q9KP91
map00770,K01687,vch:VC_0028,Q9KVW0
map00770,K01918,vch:VC_0591,Q9KUD1
map00770,K04765,vch:VC_2450,Q9KPC2
map00770,K08682,vch:VC_A0769,Q9KLH5
map00770,K11258,vch:VC_0030,Q9KVV8
map00770,K13038,vch:VC_0215,Q9KVD1
map00770,K24264,vch:VC_1149,Q9KSV7
map00999,K00014,vch:VC_0056,Q9KVT3
map00999,K00789,vch:VC_0472,Q9KUP3
map00670,K00287,vch:VC_0440,Q9KUS5
map00670,K00297,vch:VC_2685,Q9KNP6
map00670,K00382,vch:VC_2412,Q9KPF6
map00670,K00382,vch:VC_2638,Q9KNU2
map00670,K00548,vch:VC_0390,Q9KUW9
map00670,K00560,vch:VC_0675,O66108
map00670,K00600,vch:VC_0941,Q9KTG1
map00670,K00600,vch:VC_A0278,Q9KMP4
map00670,K00602,vch:VC_0276,Q9KV80
map00670,K00789,vch:VC_0472,Q9KUP3
map00670,K01433,vch:VC_1992,Q9KQK6
map00670,K01491,vch:VC_1942,Q9KQQ6
map00670,K01934,vch:VC_2479,Q9KP94
map00670,K01938,vch:VC_A0614,Q9KLX7
map00670,K02437,vch:VC_A0277,Q9KMP5
map00670,K11175,vch:VC_2227,Q9KPY5
map04981,K00287,vch:VC_0440,Q9KUS5
map04981,K00548,vch:VC_0390,Q9KUW9
map04981,K00560,vch:VC_0675,O66108
map04981,K00600,vch:VC_0941,Q9KTG1
map04981,K00600,vch:VC_A0278,Q9KMP4
map04981,K01934,vch:VC_2479,Q9KP94
map00750,K00097,vch:VC_0444,Q9KUS1
map00750,K00275,vch:VC_A1079,Q9KKM4
map00750,K00831,vch:VC_1159,Q9KSU7
map00750,K01733,vch:VC_2362,Q9KPK5
map00750,K03472,vch:VC_0476,P0C6C2
map00750,K03473,vch:VC_2108,Q9KQ92
map00750,K03474,vch:VC_2458,Q9KPB5
map02020,K00027,vch:VC_1188,Q9KSR8
map02020,K00244,vch:VC_2656,Q9KNS5
map02020,K00245,vch:VC_2657,Q9KNS4
map02020,K00246,vch:VC_2658,Q9KNS3
map02020,K00247,vch:VC_2659,Q9KNS2
map02020,K00404,vch:VC_1442,Q9KS19
map02020,K00405,vch:VC_1441,Q9KS20
map02020,K00406,vch:VC_1439,Q9KS22
map02020,K00407,vch:VC_1440,Q9KS21
map02020,K00411,vch:VC_0573,Q9KUE8
map02020,K00412,vch:VC_0574,Q9KUE7
map02020,K00413,vch:VC_0575,Q9KUE6
map02020,K00424,vch:VC_1842,Q9KR05
map02020,K00425,vch:VC_1571,Q9KRR5
map02020,K00425,vch:VC_1844,Q9KR03
map02020,K00425,vch:VC_A0872,Q9KL75
map02020,K00426,vch:VC_1570,Q9KRR6
map02020,K00426,vch:VC_1843,Q9KR04
map02020,K00426,vch:VC_A0873,Q9KL74
map02020,K00575,vch:VC_1399,Q9KS61
map02020,K00575,vch:VC_2201,Q9KQ06
map02020,K00575,vch:VC_A1091,Q9KKL3
map02020,K00626,vch:VC_A0690,Q9KLQ2
map02020,K00990,vch:VC_2262,Q9KPV0
map02020,K01425,vch:VC_0454,Q9KUR1
map02020,K01643,vch:VC_0799,Q9KTT9
map02020,K01644,vch:VC_0798,Q9KTU0
map02020,K01646,vch:VC_0797,Q9KTU1
map02020,K01791,vch:VC_0917,Q9KTI5
map02020,K01910,vch:VC_0796,Q9KTU2
map02020,K01915,vch:VC_2746,Q9KNJ2
map02020,K02040,vch:VC_0721,Q9KU09
map02020,K02040,vch:VC_A0070,Q9KN95
map02020,K02040,vch:VC_A0807,Q9KLD9
map02020,K02313,vch:VC_0012,Q9KVX6
map02020,K02398,vch:VC_2204,Q9KQ03
map02020,K02405,vch:VC_2066,Q9KQD4
map02020,K02406,vch:VC_2142,P0C6C4
map02020,K02406,vch:VC_2143,P0C6C6
map02020,K02406,vch:VC_2144,P0C6C7
map02020,K02406,vch:VC_2187,P0C6C5
map02020,K02406,vch:VC_2188,P0C6C3
map02020,K02472,vch:VC_0918,Q9KTI4
map02020,K02556,vch:VC_0892,Q9KTL0
map02020,K02650,vch:VC_2423,Q9KPE5
map02020,K03092,vch:VC_2529,Q9KP49
map02020,K03406,vch:VC_0098,Q9KVP3
map02020,K03406,vch:VC_0216,Q9KVD0
map02020,K03406,vch:VC_0282,Q9KV74
map02020,K03406,vch:VC_0449,Q9KUR6
map02020,K03406,vch:VC_0514,Q9KUK4
map02020,K03406,vch:VC_1248,Q9KSK8
map02020,K03406,vch:VC_1289,Q9KSG7
map02020,K03406,vch:VC_1298,Q9KSF8
map02020,K03406,vch:VC_1313,Q9KSE4
map02020,K03406,vch:VC_1394,Q9KS65
map02020,K03406,vch:VC_1403,Q9KS57
map02020,K03406,vch:VC_1405,Q9KS55
map02020,K03406,vch:VC_1406,Q9KS54
map02020,K03406,vch:VC_1413,Q9KS47
map02020,K03406,vch:VC_1643,Q9KRJ7
map02020,K03406,vch:VC_1859,Q9KQY8
map02020,K03406,vch:VC_1868,Q9KQX9
map02020,K03406,vch:VC_1898,Q9KQV0
map02020,K03406,vch:VC_2161,Q9KQ43
map02020,K03406,vch:VC_2439,Q9KPD3
map02020,K03406,vch:VC_A0008,Q9KNF6
map02020,K03406,vch:VC_A0068,Q9KN97
map02020,K03406,vch:VC_A0176,Q9KMZ0
map02020,K03406,vch:VC_A0268,Q9KMQ2
map02020,K03406,vch:VC_A0663,Q9KLS8
map02020,K03406,vch:VC_A0773,Q9KLH1
map02020,K03406,vch:VC_A0864,Q9KL82
map02020,K03406,vch:VC_A0923,Q9KL26
map02020,K03406,vch:VC_A0974,Q9KKX6
map02020,K03406,vch:VC_A1034,Q9KKR7
map02020,K03406,vch:VC_A1056,Q9KKP6
map02020,K03406,vch:VC_A1069,Q9KKN3
map02020,K03406,vch:VC_A1088,Q9KKL5
map02020,K03406,vch:VC_A1092,Q9KKL2
map02020,K03407,vch:VC_1397,Q9KS63
map02020,K03407,vch:VC_2063,Q9KQD7
map02020,K03407,vch:VC_A1095,Q9KKK9
map02020,K03408,vch:VC_1402,Q9KS58
map02020,K03408,vch:VC_2059,Q9KQE1
map02020,K03408,vch:VC_2060,Q9KQE0
map02020,K03408,vch:VC_A1093,Q9KKL1
map02020,K03408,vch:VC_A1094,Q9KKL0
map02020,K03412,vch:VC_1401,Q9KS59
map02020,K03412,vch:VC_2062,Q9KQD8
map02020,K03413,vch:VC_1082,Q9KT23
map02020,K03413,vch:VC_1316,Q9KSE1
map02020,K03413,vch:VC_1398,Q9KS62
map02020,K03413,vch:VC_2065,Q9KQD5
map02020,K03413,vch:VC_A1096,Q9KKK8
map02020,K03415,vch:VC_1602,Q9KRN4
map02020,K03415,vch:VC_2006,Q9KQJ2
map02020,K03415,vch:VC_2202,Q9KQ05
map02020,K03415,vch:VC_A0954,Q9KKZ6
map02020,K03532,vch:VC_1693,Q9KRE9
map02020,K03533,vch:VC_1720,Q9KRC2
map02020,K03563,vch:VC_0548,Q9KUH3
map02020,K03776,vch:VC_0512,Q9KUK6
map02020,K03776,vch:VC_A0658,Q9KLT3
map02020,K03776,vch:VC_A0988,Q9KKW2
map02020,K04751,vch:VC_2239,Q9KPX3
map02020,K04771,vch:VC_0566,Q9KUF5
map02020,K05964,vch:VC_0800,Q9KTT8
map02020,K05966,vch:VC_0801,Q9KTT7
map02020,K07636,vch:VC_0720,Q9KU10
map02020,K07638,vch:VC_2713,Q9KNL9
map02020,K07639,vch:VC_1319,Q9KSD9
map02020,K07640,vch:VC_2693,Q9KNN8
map02020,K07646,vch:VC_A0531,Q9KM57
map02020,K07647,vch:VC_A0709,Q9KLN4
map02020,K07648,vch:VC_2369,Q9KPJ8
map02020,K07657,vch:VC_0719,Q9KU11
map02020,K07659,vch:VC_2714,Q9KNL8
map02020,K07661,vch:VC_1320,Q9KSD8
map02020,K07662,vch:VC_2692,Q9KNN9
map02020,K07666,vch:VC_A1105,Q9KKK0
map02020,K07667,vch:VC_A0532,Q9KM56
map02020,K07674,vch:VC_A0675,Q9KLR7
map02020,K07678,vch:VC_2453,Q9KPC0
map02020,K07679,vch:VC_1653,Q9KRI8
map02020,K07684,vch:VC_1277,Q9KSH9
map02020,K07689,vch:VC_1213,Q9KSP3
map02020,K07700,vch:VC_0791,Q9KTU6
map02020,K07702,vch:VC_0790,Q9KTU7
map02020,K07708,vch:VC_2748,Q9KNJ0
map02020,K07712,vch:VC_2749,Q9KNI9
map02020,K07772,vch:VC_1719,Q9KRC3
map02020,K07773,vch:VC_2368,Q9KPJ9
map02020,K07783,vch:VC_A0684,Q9KLQ8
map02020,K07783,vch:VC_A0707,Q9KLN6
map02020,K07792,vch:VC_A0205,Q9KMW3
map02020,K07793,vch:VC_1332,Q9KSC6
map02020,K07794,vch:VC_1333,Q9KSC5
map02020,K07795,vch:VC_1334,Q9KSC4
map02020,K07811,vch:VC_1692,Q9KRF0
map02020,K08177,vch:VC_A0554,Q9KM35
map02020,K08475,vch:VC_A0705,Q9KLN8
map02020,K08476,vch:VC_A0704,Q9KLN9
map02020,K08478,vch:VC_A0706,Q9KLN7
map02020,K10125,vch:VC_1925,Q9KQS3
map02020,K10126,vch:VC_1926,Q9KQS2
map02020,K10126,vch:VC_A0142,Q9KN24
map02020,K10909,vch:VC_A0736,Q9KLK7
map02020,K10910,vch:VC_A0737,Q9KLK6
map02020,K10911,vch:VC_1022,Q9KT83
map02020,K10912,vch:VC_1021,Q9KT84
map02020,K10914,vch:VC_2614,Q9KNW6
map02020,K10916,vch:VC_A0522,Q9KM66
map02020,K10941,vch:VC_2137,Q9KQ66
map02020,K10942,vch:VC_2136,H9L4P6
map02020,K10943,vch:VC_2135,Q9KQ67
map02020,K11688,vch:VC_0488,Q9KUM7
map02020,K11688,vch:VC_1273,Q9KSI3
map02020,K11688,vch:VC_1779,Q9KR64
map02020,K11688,vch:VC_1929,Q9KQR9
map02020,K11689,vch:VC_1274,Q9KSI2
map02020,K11689,vch:VC_1778,Q9KR65
map02020,K11689,vch:VC_1928,Q9KQS0
map02020,K11690,vch:VC_1275,Q9KSI1
map02020,K11690,vch:VC_1777,Q9KR66
map02020,K11690,vch:VC_1927,Q9KQS1
map02020,K12340,vch:VC_1565,Q9KRS1
map02020,K12340,vch:VC_1606,Q9KRN0
map02020,K12340,vch:VC_2436,Q9K2Y1
map02020,K12530,vch:VC_1448,Q9KS14
map02020,K12531,vch:VC_1446,Q9KS15
map02020,K12532,vch:VC_1447,H9L4R8
map02020,K20263,vch:VC_A0683,Q9KLQ9
map02020,K20264,vch:VC_A0682,Q9KLR0
map02020,K20976,vch:VC_1080,Q9KT25
map02020,K20977,vch:VC_A1086,Q9KKL7
map02020,K20978,vch:VC_A1087,Q9KKL6
map02020,K25307,vch:VC_1041,Q9KT64
map02020,K27882,vch:VC_0694,Q9KU35
map02020,K27883,vch:VC_0693,Q9KU36
map02040,K02386,vch:VC_2203,Q9KQ04
map02040,K02387,vch:VC_2200,Q9KQ07
map02040,K02388,vch:VC_2199,Q9KQ08
map02040,K02389,vch:VC_2198,Q9KQ09
map02040,K02390,vch:VC_2197,Q9KQ10
map02040,K02391,vch:VC_2196,Q9KQ11
map02040,K02392,vch:VC_2195,Q9KQ12
map02040,K02393,vch:VC_2194,Q9KQ13
map02040,K02394,vch:VC_2193,Q9KQ14
map02040,K02395,vch:VC_2192,Q9KQ15
map02040,K02396,vch:VC_2191,Q9KQ16
map02040,K02397,vch:VC_2190,Q9KQ17
map02040,K02398,vch:VC_2204,Q9KQ03
map02040,K02399,vch:VC_2205,Q9KQ02
map02040,K02400,vch:VC_2069,Q9KQD1
map02040,K02401,vch:VC_2120,Q9KQ81
map02040,K02405,vch:VC_2066,Q9KQD4
map02040,K02406,vch:VC_2142,P0C6C4
map02040,K02406,vch:VC_2143,P0C6C6
map02040,K02406,vch:VC_2144,P0C6C7
map02040,K02406,vch:VC_2187,P0C6C5
map02040,K02406,vch:VC_2188,P0C6C3
map02040,K02407,vch:VC_2140,Q9KQ63
map02040,K02408,vch:VC_2134,Q9KQ68
map02040,K02409,vch:VC_2133,Q9KQ69
map02040,K02410,vch:VC_2132,Q9X4Q9
map02040,K02411,vch:VC_2131,Q9KQ70
map02040,K02412,vch:VC_2130,Q9KQ71
map02040,K02413,vch:VC_2129,Q9KQ72
map02040,K02414,vch:VC_2128,Q9KQ73
map02040,K02415,vch:VC_0097,Q9KVP4
map02040,K02415,vch:VC_2127,Q9KQ74
map02040,K02416,vch:VC_2126,Q9KQ75
map02040,K02417,vch:VC_2125,Q9KQ76
map02040,K02418,vch:VC_2124,Q9KQ77
map02040,K02419,vch:VC_2123,Q9KQ78
map02040,K02420,vch:VC_2122,Q9KQ79
map02040,K02421,vch:VC_2121,Q9KQ80
map02040,K02422,vch:VC_2138,Q9KQ65
map02040,K02556,vch:VC_0892,Q9KTL0
map02040,K02557,vch:VC_0893,Q9KTK9
map02040,K03086,vch:VC_0517,Q9KUK1
map02040,K03092,vch:VC_2529,Q9KP49
map02040,K09860,vch:VC_2206,Q9KQ01
map02040,K10941,vch:VC_2137,Q9KQ66
map02040,K10943,vch:VC_2135,Q9KQ67
map02040,K21217,vch:VC_2601,Q9KNX9
map02040,K21218,vch:VC_1008,Q9KT95
map02040,K24343,vch:VC_2208,Q9KPZ9
map02040,K24344,vch:VC_2207,Q9KQ00
map01053,K00216,vch:VC_0774,Q56632
map01053,K01252,vch:VC_0771,P0C6D3
map01053,K02361,vch:VC_0773,O07898
map01053,K02362,vch:VC_0780,Q9KTV7
map01053,K02363,vch:VC_0772,O07899
map01053,K02364,vch:VC_1579,Q9KRQ7
map01053,K02552,vch:VC_1976,Q9KQM2
map01053,K04778,vch:VC_0775,Q9KTV9
map00053,K00012,vch:VC_A0780,Q9KLG4
map00053,K00128,vch:VC_0819,P0C6D7
map00053,K02821,vch:VC_A0245,Q9KMS5
map00053,K02822,vch:VC_A0246,Q9KMS4
map00053,K03077,vch:VC_A0244,Q9KMS6
map00053,K03078,vch:VC_A0242,Q9KMS8
map00053,K03079,vch:VC_A0241,Q9KMS9
map00053,K03475,vch:VC_A0246,Q9KMS4
map00053,K03476,vch:VC_A0248,Q9KMS2
map00340,K00013,vch:VC_1133,Q9F854
map00340,K00128,vch:VC_0819,P0C6D7
map00340,K00765,vch:VC_1132,Q9KSX4
map00340,K00817,vch:VC_1134,Q9KSX2
map00340,K01089,vch:VC_1135,Q9KSX1
map00340,K01468,vch:VC_1205,Q9KSQ1
map00340,K01479,vch:VC_1204,Q9KSQ2
map00340,K01712,vch:VC_1203,Q9KSQ3
map00340,K01745,vch:VC_1202,Q9KSQ4
map00340,K01814,vch:VC_1137,Q9KSW9
map00340,K02500,vch:VC_1138,Q9KSW8
map00340,K02501,vch:VC_1136,Q9KSX0
map00340,K11755,vch:VC_1139,Q9KSW7
map00620,K00024,vch:VC_0432,Q9KUT3
map00620,K00027,vch:VC_1188,Q9KSR8
map00620,K00029,vch:VC_2681,Q9KNQ0
map00620,K00101,vch:VC_A0984,Q9KKW6
map00620,K00128,vch:VC_0819,P0C6D7
map00620,K00138,vch:VC_1819,Q9KR28
map00620,K00163,vch:VC_2414,Q9KPF4
map00620,K00244,vch:VC_2656,Q9KNS5
map00620,K00245,vch:VC_2657,Q9KNS4
map00620,K00246,vch:VC_2658,Q9KNS3
map00620,K00247,vch:VC_2659,Q9KNS2
map00620,K00382,vch:VC_2412,Q9KPF6
map00620,K00382,vch:VC_2638,Q9KNU2
map00620,K00626,vch:VC_A0690,Q9KLQ2
map00620,K00627,vch:VC_2413,Q9KPF5
map00620,K00656,vch:VC_1866,Q9KQY1
map00620,K00873,vch:VC_0485,Q9KUN0
map00620,K00873,vch:VC_2008,Q9KQJ0
map00620,K00873,vch:VC_A0708,Q9KLN5
map00620,K00925,vch:VC_1098,Q9KT07
map00620,K00925,vch:VC_A0235,Q9KMT5
map00620,K01007,vch:VC_A0987,Q9KKW3
map00620,K01069,vch:VC_1270,Q9KSI6
map00620,K01069,vch:VC_2236,Q9KPX6
map00620,K01512,vch:VC_1355,Q9KSA4
map00620,K01571,vch:VC_0550,Q9KUH1
map00620,K01573,vch:VC_0549,Q9KUH2
map00620,K01573,vch:VC_0794,Q9KTU4
map00620,K01595,vch:VC_2646,Q9KNT4
map00620,K01610,vch:VC_2738,Q9KNK0
map00620,K01638,vch:VC_0734,Q9KTZ6
map00620,K01649,vch:VC_2490,Q9KP83
map00620,K01676,vch:VC_1304,Q9KSF2
map00620,K01679,vch:VC_1573,Q9KRR3
map00620,K01759,vch:VC_1010,Q9KT93
map00620,K01895,vch:VC_0298,Q9KV59
map00620,K01961,vch:VC_0295,Q9KV62
map00620,K01962,vch:VC_2244,Q9KPW8
map00620,K01963,vch:VC_1000,Q9KTA3
map00620,K02160,vch:VC_0296,Q9KV61
map00620,K03737,vch:VC_A0530,Q9KM58
map00620,K03778,vch:VC_A0192,Q9KMX4
map00620,K04072,vch:VC_2033,Q9KQG5
map00620,K13788,vch:VC_1097,Q9KT08
map00620,K18930,vch:VC_A0985,Q9KKW5
map00620,K20509,vch:VC_0551,Q9KUH0
map00620,K20509,vch:VC_0792,Q9KTU5
map00625,K00128,vch:VC_0819,P0C6D7
map00625,K04072,vch:VC_2033,Q9KQG5
map00480,K00031,vch:VC_1141,Q9KSW5
map00480,K00033,vch:VC_A0898,Q9KL50
map00480,K00036,vch:VC_A0896,Q9KL52
map00480,K00383,vch:VC_0186,Q9KVG0
map00480,K00681,vch:VC_0194,Q9KVF2
map00480,K01255,vch:VC_2501,P0C6E1
map00480,K01256,vch:VC_1494,Q9KRY9
map00480,K01270,vch:VC_2279,Q9KPT3
map00480,K01581,vch:VC_A1063,Q9KKN9
map00480,K01919,vch:VC_0556,Q9KUG5
map00480,K01920,vch:VC_0468,Q9KUP7
map00480,K07160,vch:VC_A0776,Q9KLG8
map00480,K07751,vch:VC_0755,Q9KTX5
map00480,K23124,vch:VC_A0778,Q9KLG6
map00480,K24136,vch:VC_2637,Q9KNU3
map00480,K24138,vch:VC_1350,Q9KSA9
map00970,K00604,vch:VC_0045,Q9KVU4
map00970,K01866,vch:VC_0465,Q9KUQ0
map00970,K01866,vch:VC_0631,Q9KU92
map00970,K01867,vch:VC_2623,Q9KNV7
map00970,K01868,vch:VC_A0287,Q9KMN7
map00970,K01869,vch:VC_0956,Q9KTE6
map00970,K01870,vch:VC_0682,Q9KU47
map00970,K01872,vch:VC_0545,Q56648
map00970,K01872,vch:VC_0764,Q9KTW6
map00970,K01873,vch:VC_2503,Q9KP73
map00970,K01874,vch:VC_1036,Q9KT69
map00970,K01875,vch:VC_1110,Q9KSZ6
map00970,K01876,vch:VC_1166,Q9KSU0
map00970,K01878,vch:VC_0021,Q9KVW7
map00970,K01879,vch:VC_0020,Q9KVW8
map00970,K01881,vch:VC_0875,Q9KTM7
map00970,K01883,vch:VC_1848,Q9KQZ9
map00970,K01885,vch:VC_2214,P0C6Q1
map00970,K01886,vch:VC_0997,Q9KTA6
map00970,K01887,vch:VC_2074,Q9KQC6
map00970,K01889,vch:VC_1219,Q9KSN7
map00970,K01890,vch:VC_1220,Q9KSN6
map00970,K01892,vch:VC_0760,Q9KTX0
map00970,K01893,vch:VC_1297,Q9KSF9
map00970,K04567,vch:VC_0664,Q9KU60
map00710,K00024,vch:VC_0432,Q9KUT3
map00710,K00029,vch:VC_2681,Q9KNQ0
map00710,K00134,vch:VC_2000,Q9KQJ8
map00710,K00134,vch:VC_A0843,Q9KLA3
map00710,K00615,vch:VC_0473,Q9KUP2
map00710,K00615,vch:VC_A0624,Q9KLW7
map00710,K00616,vch:VC_A0623,Q9KLW8
map00710,K00927,vch:VC_0477,P0C6Q3
map00710,K01595,vch:VC_2646,Q9KNT4
map00710,K01610,vch:VC_2738,Q9KNK0
map00710,K01624,vch:VC_0478,Q9KUN7
map00710,K01783,vch:VC_2625,Q9KNV5
map00710,K01803,vch:VC_2670,Q9KNR1
map00710,K01807,vch:VC_2480,Q9KP93
map00710,K02446,vch:VC_2688,Q9KNP3
map00710,K03841,vch:VC_2544,Q9KP35
map00710,K28462,vch:VC_2613,Q9KNW7
map03430,K01141,vch:VC_1234,Q9KSM2
map03430,K01972,vch:VC_0971,Q9KTD1
map03430,K02337,vch:VC_2245,P52022
map03430,K02338,vch:VC_0013,Q9KVX5
map03430,K02339,vch:VC_2502,Q9KP74
map03430,K02340,vch:VC_0953,Q9KTE9
map03430,K02341,vch:VC_2015,Q9KQI3
map03430,K02342,vch:VC_0299,Q9KV58
map03430,K02342,vch:VC_1290,Q9KSG6
map03430,K02342,vch:VC_2233,Q9KPX9
map03430,K02343,vch:VC_1054,Q9KT51
map03430,K02344,vch:VC_0656,Q9KU67
map03430,K03111,vch:VC_0397,Q9KUW2
map03430,K03555,vch:VC_0535,Q9KUI6
map03430,K03572,vch:VC_0345,Q9KV13
map03430,K03573,vch:VC_0668,Q9KU56
map03430,K03601,vch:VC_0766,Q9KTW4
map03430,K03602,vch:VC_0891,Q9KTL1
map03430,K03657,vch:VC_0190,Q9KVF6
map03430,K06223,vch:VC_2626,P0C6Q8
map03430,K07462,vch:VC_2417,Q9KPF1
map01503,K00677,vch:VC_2248,Q9KPW4
map01503,K01448,vch:VC_0344,Q9KV14
map01503,K03585,vch:VC_0165,Q9KVI1
map01503,K03585,vch:VC_0913,Q9KTI9
map01503,K03585,vch:VC_A0639,Q9KLV2
map01503,K03673,vch:VC_0034,P32557
map01503,K03760,vch:VC_A1102,Q9KKK2
map01503,K03767,vch:VC_2299,Q9KPR7
map01503,K04771,vch:VC_0566,Q9KUF5
map01503,K07640,vch:VC_2693,Q9KNN8
map01503,K07662,vch:VC_2692,Q9KNN9
map01503,K12340,vch:VC_1565,Q9KRS1
map01503,K12340,vch:VC_1606,Q9KRN0
map01503,K12340,vch:VC_2436,Q9K2Y1
map01503,K18138,vch:VC_0164,Q9KVI2
map01503,K18138,vch:VC_0914,Q9KTI8
map01503,K18138,vch:VC_A0638,Q9KLV3
map01503,K19226,vch:VC_1680,Q9KRG2
map01503,K19227,vch:VC_1681,Q9KRG1
map01503,K19228,vch:VC_1682,Q9KRG0
map01503,K19229,vch:VC_1683,Q9KRF9
map01503,K19230,vch:VC_1684,Q9KRF8
map01503,K19236,vch:VC_A0058,Q9KNA7
map03030,K01972,vch:VC_0971,Q9KTD1
map03030,K02314,vch:VC_0371,Q9KUY7
map03030,K02335,vch:VC_0108,Q9KVN3
map03030,K02337,vch:VC_2245,P52022
map03030,K02338,vch:VC_0013,Q9KVX5
map03030,K02339,vch:VC_2502,Q9KP74
map03030,K02340,vch:VC_0953,Q9KTE9
map03030,K02341,vch:VC_2015,Q9KQI3
map03030,K02342,vch:VC_0299,Q9KV58
map03030,K02342,vch:VC_1290,Q9KSG6
map03030,K02342,vch:VC_2233,Q9KPX9
map03030,K02343,vch:VC_1054,Q9KT51
map03030,K02344,vch:VC_0656,Q9KU67
map03030,K03111,vch:VC_0397,Q9KUW2
map03030,K03469,vch:VC_0498,Q9KUL7
map03030,K03469,vch:VC_2234,Q9KPX8
map03030,K03470,vch:VC_2246,P52021
map00740,K00793,vch:VC_2270,Q9KPU2
map00740,K00794,vch:VC_2268,Q9KPU4
map00740,K01497,vch:VC_1263,Q9KSJ3
map00740,K01515,vch:VC_2435,Q9KPD5
map00740,K01515,vch:VC_A0764,Q9KLI0
map00740,K02858,vch:VC_A1060,Q9KKP2
map00740,K03186,vch:VC_2541,Q9KP38
map00740,K05368,vch:VC_0312,Q9KV46
map00740,K11752,vch:VC_2271,Q9KPU1
map00740,K11753,vch:VC_0681,Q9KU48
map00740,K14652,vch:VC_2269,Q9KPU3
map00740,K19285,vch:VC_0715,Q9KU15
map00740,K20862,vch:VC_0129,Q9KVL3
map02060,K00882,vch:VC_A0517,Q9KM71
map02060,K02759,vch:VC_1283,Q9KSH3
map02060,K02760,vch:VC_1281,Q9KSH5
map02060,K02761,vch:VC_1282,Q9KSH4
map02060,K02768,vch:VC_1820,Q9KR27
map02060,K02769,vch:VC_1823,Q9KR24
map02060,K02770,vch:VC_A0516,Q9KM72
map02060,K02777,vch:VC_0964,Q9KTD8
map02060,K02779,vch:VC_2013,Q9KQI5
map02060,K02784,vch:VC_0966,Q9KTD6
map02060,K02800,vch:VC_A1045,Q9KKQ7
map02060,K02804,vch:VC_0995,Q9KTA8
map02060,K02806,vch:VC_1824,Q9KR23
map02060,K02806,vch:VC_2531,Q9KP48
map02060,K02810,vch:VC_A0653,Q9KLT8
map02060,K02819,vch:VC_0910,Q9KTJ2
map02060,K02821,vch:VC_A0245,Q9KMS5
map02060,K02822,vch:VC_A0246,Q9KMS4
map02060,K03475,vch:VC_A0246,Q9KMS4
map02060,K08483,vch:VC_0965,Q9KTD7
map02060,K08484,vch:VC_0672,Q9KU52
map02060,K08485,vch:VC_2533,Q9KP46
map02060,K11183,vch:VC_A0518,Q9KM70
map02060,K11192,vch:VC_0207,Q9KVD9
map02024,K01497,vch:VC_1263,Q9KSJ3
map02024,K01626,vch:VC_0695,Q9KU34
map02024,K01626,vch:VC_1507,Q9KRX6
map02024,K01657,vch:VC_1174,Q9KST2
map02024,K01658,vch:VC_1173,Q9KST3
map02024,K01897,vch:VC_1985,Q9KQL3
map02024,K01897,vch:VC_2341,Q9KPM6
map02024,K01897,vch:VC_2484,Q9KP89
map02024,K02031,vch:VC_0170,Q9KVH6
map02024,K02031,vch:VC_0617,Q9KUA6
map02024,K02031,vch:VC_A1101,Q9KKK3
map02024,K02032,vch:VC_0170,Q9KVH6
map02024,K02032,vch:VC_0616,Q9KUA7
map02024,K02032,vch:VC_A1101,Q9KKK3
map02024,K02033,vch:VC_0172,Q9KVH4
map02024,K02033,vch:VC_0619,Q9KUA4
map02024,K02033,vch:VC_A1099,Q9KKK5
map02024,K02034,vch:VC_0173,Q9KVH3
map02024,K02034,vch:VC_0618,Q9KUA5
map02024,K02034,vch:VC_A1100,Q9KKK4
map02024,K02035,vch:VC_0171,Q9KVH5
map02024,K02035,vch:VC_0620,Q9KUA3
map02024,K02035,vch:VC_A1098,Q9KKK6
map02024,K03070,vch:VC_2394,Q9KPH4
map02024,K03071,vch:VC_2653,Q9KNS8
map02024,K03073,vch:VC_0322,Q9KV36
map02024,K03075,vch:VC_0640,Q9KU83
map02024,K03076,vch:VC_2576,P78283
map02024,K03106,vch:VC_0560,Q9KUG1
map02024,K03110,vch:VC_0147,Q9KVJ6
map02024,K03210,vch:VC_0742,Q9KTY8
map02024,K03217,vch:VC_0004,Q9KVY4
map02024,K03666,vch:VC_0347,Q9KV11
map02024,K07173,vch:VC_0557,Q9KUG4
map02024,K07666,vch:VC_A1105,Q9KKK0
map02024,K07667,vch:VC_A0532,Q9KM56
map02024,K09823,vch:VC_0378,Q9KUY0
map02024,K10823,vch:VC_1095,Q9KT10
map02024,K10823,vch:VC_A0977,Q9KKX3
map02024,K10909,vch:VC_A0736,Q9KLK7
map02024,K10910,vch:VC_A0737,Q9KLK6
map02024,K10911,vch:VC_1022,Q9KT83
map02024,K10912,vch:VC_1021,Q9KT84
map02024,K10914,vch:VC_2614,Q9KNW6
map02024,K10915,vch:VC_A0523,Q9KM65
map02024,K10916,vch:VC_A0522,Q9KM66
map02024,K10917,vch:VC_2647,H9L4T0
map02024,K11752,vch:VC_2271,Q9KPU1
map02024,K14645,vch:VC_0157,Q9KVI8
map02024,K15580,vch:VC_1091,Q9KT14
map02024,K15581,vch:VC_1092,Q9KT13
map02024,K15582,vch:VC_1093,Q9KT12
map02024,K15583,vch:VC_1094,Q9KT11
map02024,K15583,vch:VC_A0977,Q9KKX3
map02024,K18139,vch:VC_1409,Q9KS51
map02024,K20263,vch:VC_A0683,Q9KLQ9
map02024,K20264,vch:VC_A0682,Q9KLR0
map00500,K00688,vch:VC_A0013,Q9KNF1
map00500,K00700,vch:VC_A0016,Q9KNE8
map00500,K00703,vch:VC_1726,Q9KRB6
map00500,K00705,vch:VC_A0014,Q9KNF0
map00500,K00847,vch:VC_0270,Q9KV86
map00500,K00847,vch:VC_A0656,Q9KLT5
map00500,K00963,vch:VC_0395,Q9KUW4
map00500,K00975,vch:VC_1727,Q9KRB5
map00500,K00975,vch:VC_A0699,Q9KLP4
map00500,K01176,vch:VC_A0250,Q9KMS0
map00500,K01176,vch:VC_A0860,Q9KL86
map00500,K01193,vch:VC_A0655,Q9KLT6
map00500,K01214,vch:VC_A1029,Q9KKS1
map00500,K01222,vch:VC_1284,Q9KSH2
map00500,K01223,vch:VC_1558,Q9KRS8
map00500,K01226,vch:VC_0911,Q9KTJ1
map00500,K01810,vch:VC_0374,Q9KUY4
map00500,K01835,vch:VC_2095,Q9KQA5
map00500,K02759,vch:VC_1283,Q9KSH3
map00500,K02760,vch:VC_1281,Q9KSH5
map00500,K02761,vch:VC_1282,Q9KSH4
map00500,K02777,vch:VC_0964,Q9KTD8
map00500,K02810,vch:VC_A0653,Q9KLT8
map00500,K02819,vch:VC_0910,Q9KTJ2
map00440,K03430,vch:VC_A0604,Q9KLY7
map00440,K03823,vch:VC_A0387,Q9KMG9
map00440,K05306,vch:VC_A0606,Q9KLY5
map00440,K26913,vch:VC_A0605,Q9KLY6
map00460,K00600,vch:VC_0941,Q9KTG1
map00460,K00600,vch:VC_A0278,Q9KMP4
map00460,K00681,vch:VC_0194,Q9KVF2
map00460,K01424,vch:VC_1995,Q9KQK3
map00460,K13051,vch:VC_2603,Q9KNX7
map00630,K00018,vch:VC_2504,Q9KP72
map00630,K00023,vch:VC_A0691,Q9KLQ1
map00630,K00024,vch:VC_0432,Q9KUT3
map00630,K00124,vch:VC_1512,Q9KRX1
map00630,K00127,vch:VC_1511,Q9KRX2
map00630,K00382,vch:VC_2412,Q9KPF6
map00630,K00382,vch:VC_2638,Q9KNU2
map00630,K00600,vch:VC_0941,Q9KTG1
map00630,K00600,vch:VC_A0278,Q9KMP4
map00630,K00626,vch:VC_A0690,Q9KLQ2
map00630,K00830,vch:VC_0392,Q9KUW7
map00630,K00865,vch:VC_A0903,Q9KL45
map00630,K01091,vch:VC_2624,Q9KNV6
map00630,K01433,vch:VC_1992,Q9KQK6
map00630,K01625,vch:VC_0285,Q9KV72
map00630,K01637,vch:VC_0736,Q9KTZ4
map00630,K01638,vch:VC_0734,Q9KTZ6
map00630,K01647,vch:VC_2092,Q9KQA8
map00630,K01659,vch:VC_1337,Q9KSC1
map00630,K01682,vch:VC_0604,Q9KUB8
map00630,K01895,vch:VC_0298,Q9KV59
map00630,K01915,vch:VC_2746,Q9KNJ2
map00630,K02437,vch:VC_A0277,Q9KMP5
map00630,K03781,vch:VC_1585,Q9KRQ1
map00430,K00259,vch:VC_1905,Q9KQU3
map00430,K00681,vch:VC_0194,Q9KVF2
map00430,K00925,vch:VC_1098,Q9KT07
map00430,K00925,vch:VC_A0235,Q9KMT5
map00430,K13788,vch:VC_1097,Q9KT08
map00430,K15371,vch:VC_1492,Q9KRZ1
map00720,K00024,vch:VC_0432,Q9KUT3
map00720,K00031,vch:VC_1141,Q9KSW5
map00720,K00239,vch:VC_2089,Q9KQB1
map00720,K00240,vch:VC_2088,Q9KQB2
map00720,K00241,vch:VC_2091,Q9KQA9
map00720,K00242,vch:VC_2090,Q9KQB0
map00720,K00244,vch:VC_2656,Q9KNS5
map00720,K00245,vch:VC_2657,Q9KNS4
map00720,K00246,vch:VC_2658,Q9KNS3
map00720,K00247,vch:VC_2659,Q9KNS2
map00720,K00297,vch:VC_2685,Q9KNP6
map00720,K00626,vch:VC_A0690,Q9KLQ2
map00720,K00925,vch:VC_1098,Q9KT07
map00720,K00925,vch:VC_A0235,Q9KMT5
map00720,K01007,vch:VC_A0987,Q9KKW3
map00720,K01491,vch:VC_1942,Q9KQQ6
map00720,K01595,vch:VC_2646,Q9KNT4
map00720,K01676,vch:VC_1304,Q9KSF2
map00720,K01679,vch:VC_1573,Q9KRR3
map00720,K01682,vch:VC_0604,Q9KUB8
map00720,K01895,vch:VC_0298,Q9KV59
map00720,K01902,vch:VC_2084,Q9KQB6
map00720,K01903,vch:VC_2085,Q9KQB5
map00720,K01938,vch:VC_A0614,Q9KLX7
map00720,K01961,vch:VC_0295,Q9KV62
map00720,K01962,vch:VC_2244,Q9KPW8
map00720,K01963,vch:VC_1000,Q9KTA3
map00720,K02160,vch:VC_0296,Q9KV61
map00720,K03737,vch:VC_A0530,Q9KM58
map00720,K13788,vch:VC_1097,Q9KT08
map00190,K00239,vch:VC_2089,Q9KQB1
map00190,K00240,vch:VC_2088,Q9KQB2
map00190,K00241,vch:VC_2091,Q9KQA9
map00190,K00242,vch:VC_2090,Q9KQB0
map00190,K00244,vch:VC_2656,Q9KNS5
map00190,K00245,vch:VC_2657,Q9KNS4
map00190,K00246,vch:VC_2658,Q9KNS3
map00190,K00247,vch:VC_2659,Q9KNS2
map00190,K00404,vch:VC_1442,Q9KS19
map00190,K00405,vch:VC_1441,Q9KS20
map00190,K00406,vch:VC_1439,Q9KS22
map00190,K00407,vch:VC_1440,Q9KS21
map00190,K00411,vch:VC_0573,Q9KUE8
map00190,K00412,vch:VC_0574,Q9KUE7
map00190,K00413,vch:VC_0575,Q9KUE6
map00190,K00424,vch:VC_1842,Q9KR05
map00190,K00425,vch:VC_1571,Q9KRR5
map00190,K00425,vch:VC_1844,Q9KR03
map00190,K00425,vch:VC_A0872,Q9KL75
map00190,K00426,vch:VC_1570,Q9KRR6
map00190,K00426,vch:VC_1843,Q9KR04
map00190,K00426,vch:VC_A0873,Q9KL74
map00190,K00937,vch:VC_0723,Q9KU07
map00190,K01507,vch:VC_2545,Q9KP34
map00190,K02108,vch:VC_2770,Q9KNG9
map00190,K02109,vch:VC_2768,Q9KNH1
map00190,K02110,vch:VC_2769,Q9KNH0
map00190,K02111,vch:VC_2766,Q9KNH3
map00190,K02112,vch:VC_2764,Q9KNH5
map00190,K02113,vch:VC_2767,Q9KNH2
map00190,K02114,vch:VC_2763,Q9KNH6
map00190,K02115,vch:VC_2765,Q9KNH4
map00190,K03885,vch:VC_1890,Q9KQV8
map00190,K15986,vch:VC_1687,Q9KRF5
map00190,K22468,vch:VC_0728,Q9KU02
map00984,K00632,vch:VC_1046,Q9KT59
map00984,K00632,vch:VC_2759,Q9KNI0
map00020,K00024,vch:VC_0432,Q9KUT3
map00020,K00031,vch:VC_1141,Q9KSW5
map00020,K00163,vch:VC_2414,Q9KPF4
map00020,K00164,vch:VC_2087,Q9KQB3
map00020,K00239,vch:VC_2089,Q9KQB1
map00020,K00240,vch:VC_2088,Q9KQB2
map00020,K00241,vch:VC_2091,Q9KQA9
map00020,K00242,vch:VC_2090,Q9KQB0
map00020,K00244,vch:VC_2656,Q9KNS5
map00020,K00245,vch:VC_2657,Q9KNS4
map00020,K00246,vch:VC_2658,Q9KNS3
map00020,K00247,vch:VC_2659,Q9KNS2
map00020,K00382,vch:VC_2412,Q9KPF6
map00020,K00382,vch:VC_2638,Q9KNU2
map00020,K00627,vch:VC_2413,Q9KPF5
map00020,K00658,vch:VC_2086,Q9KQB4
map00020,K01610,vch:VC_2738,Q9KNK0
map00020,K01647,vch:VC_2092,Q9KQA8
map00020,K01659,vch:VC_1337,Q9KSC1
map00020,K01676,vch:VC_1304,Q9KSF2
map00020,K01679,vch:VC_1573,Q9KRR3
map00020,K01682,vch:VC_0604,Q9KUB8
map00020,K01902,vch:VC_2084,Q9KQB6
map00020,K01903,vch:VC_2085,Q9KQB5
map00020,K03737,vch:VC_A0530,Q9KM58
map00920,K00380,vch:VC_0384,Q9KUX4
map00920,K00381,vch:VC_0385,Q9KUX3
map00920,K00390,vch:VC_0386,Q9KUX2
map00920,K00640,vch:VC_0919,Q9KTI3
map00920,K00640,vch:VC_0923,Q9KTH9
map00920,K00640,vch:VC_2649,Q9KNT2
map00920,K00651,vch:VC_1611,Q9KRM5
map00920,K00860,vch:VC_2558,Q9KP21
map00920,K00956,vch:VC_2559,Q9KP20
map00920,K00957,vch:VC_2560,Q9KP19
map00920,K01011,vch:VC_A0620,Q9KLX1
map00920,K01082,vch:VC_2722,Q9KNL0
map00920,K01738,vch:VC_0968,Q9KTD4
map00920,K01738,vch:VC_1061,Q9KT44
map00920,K01739,vch:VC_2683,Q9KNP8
map00920,K02045,vch:VC_0541,Q9KUI0
map00920,K02046,vch:VC_0539,Q9KUI2
map00920,K02047,vch:VC_0540,Q9KUI1
map00920,K02048,vch:VC_0538,Q9KUI3
map00920,K02439,vch:VC_0100,Q9KVP1
map00780,K00059,vch:VC_2021,Q9KQH7
map00780,K00652,vch:VC_1113,Q9KSZ3
map00780,K00833,vch:VC_1111,Q9KSZ5
map00780,K01012,vch:VC_1112,Q9KSZ4
map00780,K01935,vch:VC_1115,Q9KSZ1
map00780,K02169,vch:VC_1114,Q9KSZ2
map00780,K02170,vch:VC_2718,Q9KNL4
map00780,K02372,vch:VC_2249,Q9KPW3
map00780,K03524,vch:VC_0319,Q9KV39
map00780,K09458,vch:VC_2019,Q9KQH9
map03020,K03040,vch:VC_2571,Q9KP08
map03020,K03043,vch:VC_0328,Q9KV30
map03020,K03046,vch:VC_0329,Q9KV29
map03020,K03060,vch:VC_2709,Q9KNM3
map00130,K00457,vch:VC_1344,H9L4S8
map00130,K00568,vch:VC_1257,Q9KSJ9
map00130,K01661,vch:VC_1973,Q9KQM5
map00130,K01911,vch:VC_1971,Q9KQM7
map00130,K02361,vch:VC_0773,O07898
map00130,K02548,vch:VC_2673,Q9KNQ8
map00130,K02549,vch:VC_1972,Q9KQM6
map00130,K02551,vch:VC_1975,Q9KQM3
map00130,K02552,vch:VC_1976,Q9KQM2
map00130,K03179,vch:VC_0094,Q9KVP7
map00130,K03181,vch:VC_0095,Q9KVP6
map00130,K03182,vch:VC_0309,Q9KV48
map00130,K03183,vch:VC_0083,Q9KVQ6
map00130,K03184,vch:VC_0963,Q9KTD9
map00130,K03185,vch:VC_2475,Q9KP98
map00130,K03186,vch:VC_2541,Q9KP38
map00130,K03809,vch:VC_2166,Q9KQ38
map00130,K08680,vch:VC_1974,Q9KQM4
map00130,K18800,vch:VC_2474,Q9KP99
map00130,K19222,vch:VC_A0580,Q9KM09
map00130,K24843,vch:VC_0654,Q9KU69
map00130,K24844,vch:VC_0652,Q9KU71
map00130,K24845,vch:VC_0651,Q9KU72
map00562,K01092,vch:VC_0745,Q9KTY5
map00562,K01803,vch:VC_2670,Q9KNR1
map00040,K00012,vch:VC_A0780,Q9KLG4
map00040,K00963,vch:VC_0395,Q9KUW4
map00040,K01783,vch:VC_2625,Q9KNV5
map00040,K03077,vch:VC_A0244,Q9KMS6
map00040,K03078,vch:VC_A0242,Q9KMS8
map00040,K03079,vch:VC_A0241,Q9KMS9
map03010,K02863,vch:VC_0325,Q9KV33
map03010,K02864,vch:VC_0326,Q9KV32
map03010,K02867,vch:VC_0324,Q9KV34
map03010,K02871,vch:VC_0570,Q9KUF1
map03010,K02874,vch:VC_2586,Q9KNZ4
map03010,K02876,vch:VC_2577,Q9KP03
map03010,K02878,vch:VC_2589,Q9KNZ1
map03010,K02879,vch:VC_2570,Q9KP09
map03010,K02881,vch:VC_2580,Q9KP00
map03010,K02884,vch:VC_0564,Q9KUF7
map03010,K02886,vch:VC_2593,Q9KNY7
map03010,K02887,vch:VC_A0290,P0A479
map03010,K02888,vch:VC_0435,Q9KUT0
map03010,K02890,vch:VC_2591,Q9KNY9
map03010,K02892,vch:VC_2594,Q9KNY6
map03010,K02895,vch:VC_2585,Q9KNZ5
map03010,K02897,vch:VC_1640,Q9KRK0
map03010,K02899,vch:VC_0436,Q9KUS9
map03010,K02902,vch:VC_0218,Q9KVC8
map03010,K02904,vch:VC_2588,Q9KNZ2
map03010,K02906,vch:VC_2596,Q9KNY4
map03010,K02907,vch:VC_2578,Q9KP02
map03010,K02909,vch:VC_0878,Q9KTM4
map03010,K02909,vch:VC_2679,Q9KNQ2
map03010,K02911,vch:VC_2025,Q9KQH3
map03010,K02913,vch:VC_0219,Q9KVC7
map03010,K02914,vch:VC_0007,Q9KVY1
map03010,K02916,vch:VC_A0289,O68845
map03010,K02919,vch:VC_0879,Q9KTM3
map03010,K02919,vch:VC_2575,P0A497
map03010,K02926,vch:VC_2595,Q9KNY5
map03010,K02931,vch:VC_2584,Q9KNZ6
map03010,K02933,vch:VC_2581,Q9KNZ9
map03010,K02935,vch:VC_0327,Q9KV31
map03010,K02939,vch:VC_0369,Q9KUY9
map03010,K02945,vch:VC_1915,Q9KQT3
map03010,K02946,vch:VC_2597,Q9KNY3
map03010,K02948,vch:VC_2573,P66367
map03010,K02950,vch:VC_0359,Q9KUZ9
map03010,K02952,vch:VC_2574,Q9KP05
map03010,K02954,vch:VC_2583,Q9KNZ7
map03010,K02956,vch:VC_0646,Q9KU77
map03010,K02959,vch:VC_0561,Q9KUG0
map03010,K02961,vch:VC_2587,Q9KNZ3
map03010,K02963,vch:VC_0368,Q9KUZ0
map03010,K02965,vch:VC_2592,Q9KNY8
map03010,K02967,vch:VC_2260,Q9KPV2
map03010,K02968,vch:VC_0679,O34239
map03010,K02970,vch:VC_0520,P66532
map03010,K02982,vch:VC_2590,Q9KNZ0
map03010,K02986,vch:VC_2572,Q9KP07
map03010,K02988,vch:VC_2579,Q9KP01
map03010,K02990,vch:VC_0366,Q9KUZ2
map03010,K02992,vch:VC_0360,Q9KUZ8
map03010,K02994,vch:VC_2582,Q9KNZ8
map03010,K02996,vch:VC_0571,Q9KUF0
map00450,K00384,vch:VC_1182,Q9KSS4
map00450,K00548,vch:VC_0390,Q9KUW9
map00450,K00549,vch:VC_1704,Q9KRD8
map00450,K00956,vch:VC_2559,Q9KP20
map00450,K00957,vch:VC_2560,Q9KP19
map00450,K01739,vch:VC_2683,Q9KNP8
map00450,K01760,vch:VC_1671,Q9KRH1
map00450,K01874,vch:VC_1036,Q9KT69
map01320,K00380,vch:VC_0384,Q9KUX4
map01320,K00381,vch:VC_0385,Q9KUX3
map01320,K00390,vch:VC_0386,Q9KUX2
map01320,K00860,vch:VC_2558,Q9KP21
map01320,K00956,vch:VC_2559,Q9KP20
map01320,K00957,vch:VC_2560,Q9KP19
map01320,K01738,vch:VC_0968,Q9KTD4
map01320,K01738,vch:VC_1061,Q9KT44
map00290,K00052,vch:VC_2491,Q9KP82
map00290,K00053,vch:VC_0162,Q9KVI4
map00290,K00826,vch:VC_0029,Q9KVV9
map00290,K00835,vch:VC_0019,Q9KVW9
map00290,K01649,vch:VC_2490,Q9KP83
map00290,K01652,vch:VC_0031,Q9KVV7
map00290,K01652,vch:VC_1590,Q9KRP6
map00290,K01652,vch:VC_2483,Q9KP90
map00290,K01653,vch:VC_2482,Q9KP91
map00290,K01687,vch:VC_0028,Q9KVW0
map00290,K01703,vch:VC_2492,Q9KP81
map00290,K01704,vch:VC_2493,Q9KP80
map00290,K01754,vch:VC_0027,Q9KVW1
map00290,K11258,vch:VC_0030,Q9KVV8
map00290,K14260,vch:VC_1977,Q9KQM1
map00660,K00052,vch:VC_2491,Q9KP82
map00660,K01575,vch:VC_1589,Q9KRP7
map00660,K01652,vch:VC_0031,Q9KVV7
map00660,K01652,vch:VC_1590,Q9KRP6
map00660,K01652,vch:VC_2483,Q9KP90
map00660,K01653,vch:VC_2482,Q9KP91
map00660,K01703,vch:VC_2492,Q9KP81
map00660,K01704,vch:VC_2493,Q9KP80
map00660,K01902,vch:VC_2084,Q9KQB6
map00660,K01903,vch:VC_2085,Q9KQB5
map00660,K11258,vch:VC_0030,Q9KVV8
map03008,K03685,vch:VC_2461,Q9KPB2
map03008,K13288,vch:VC_0341,Q9KV17
map00785,K00163,vch:VC_2414,Q9KPF4
map00785,K00164,vch:VC_2087,Q9KQB3
map00785,K00382,vch:VC_2412,Q9KPF6
map00785,K00382,vch:VC_2638,Q9KNU2
map00785,K00627,vch:VC_2413,Q9KPF5
map00785,K00658,vch:VC_2086,Q9KQB4
map00785,K02437,vch:VC_A0277,Q9KMP5
map00785,K03644,vch:VC_0943,Q9KTF9
map00785,K03800,vch:VC_1388,Q9KS71
map00785,K03801,vch:VC_0944,Q9KTF8
map00540,K00677,vch:VC_2248,Q9KPW4
map00540,K00748,vch:VC_2247,Q9KPW5
map00540,K00912,vch:VC_1877,Q9KQX0
map00540,K02517,vch:VC_0213,Q9KVD3
map00540,K02527,vch:VC_0233,Q9KVB3
map00540,K02535,vch:VC_2396,Q9KPH2
map00540,K02536,vch:VC_2250,Q9KPW2
map00540,K02560,vch:VC_0212,Q9KVD4
map00540,K02843,vch:VC_0236,Q9KVB0
map00540,K02847,vch:VC_0237,H9L4P0
map00540,K03269,vch:VC_1850,Q9KQZ7
map00540,K03760,vch:VC_A1102,Q9KKK2
map00540,K09953,vch:VC_1867,Q9KQY0
map00540,K11211,vch:VC_0227,Q9KVB9
map03060,K03070,vch:VC_2394,Q9KPH4
map03060,K03071,vch:VC_2653,Q9KNS8
map03060,K03072,vch:VC_0743,Q9KTY7
map03060,K03072,vch:VC_A0693,Q9KLQ0
map03060,K03073,vch:VC_0322,Q9KV36
map03060,K03074,vch:VC_0744,Q9KTY6
map03060,K03075,vch:VC_0640,Q9KU83
map03060,K03076,vch:VC_2576,P78283
map03060,K03100,vch:VC_2462,Q9KPB1
map03060,K03101,vch:VC_0683,Q9KU46
map03060,K03106,vch:VC_0560,Q9KUG1
map03060,K03110,vch:VC_0147,Q9KVJ6
map03060,K03116,vch:VC_0086,P57051
map03060,K03116,vch:VC_A0533,Q9KM55
map03060,K03117,vch:VC_0087,P57063
map03060,K03118,vch:VC_0088,Q9KVQ3
map03060,K03210,vch:VC_0742,Q9KTY8
map03060,K03217,vch:VC_0004,Q9KVY4
map00332,K00147,vch:VC_2273,Q9KPT9
map00332,K00931,vch:VC_2274,Q9KPT8
map00900,K00021,vch:VC_A0723,Q9KLM0
map00900,K00099,vch:VC_2254,Q9KPV8
map00900,K00626,vch:VC_A0690,Q9KLQ2
map00900,K00795,vch:VC_0890,Q9KTL2
map00900,K00806,vch:VC_2256,Q9KPV6
map00900,K00919,vch:VC_2182,Q9KQ23
map00900,K00991,vch:VC_0528,Q9KUJ2
map00900,K01662,vch:VC_0889,Q9KTL3
map00900,K01770,vch:VC_0529,Q9KUJ1
map00900,K02523,vch:VC_0434,Q9KUT1
map00900,K03186,vch:VC_2541,Q9KP38
map00900,K03526,vch:VC_0759,Q9KTX1
map00900,K03527,vch:VC_0685,Q9KU44
map02030,K00575,vch:VC_1399,Q9KS61
map02030,K00575,vch:VC_2201,Q9KQ06
map02030,K00575,vch:VC_A1091,Q9KKL3
map02030,K02410,vch:VC_2132,Q9X4Q9
map02030,K02416,vch:VC_2126,Q9KQ75
map02030,K02417,vch:VC_2125,Q9KQ76
map02030,K02556,vch:VC_0892,Q9KTL0
map02030,K02557,vch:VC_0893,Q9KTK9
map02030,K03406,vch:VC_0098,Q9KVP3
map02030,K03406,vch:VC_0216,Q9KVD0
map02030,K03406,vch:VC_0282,Q9KV74
map02030,K03406,vch:VC_0449,Q9KUR6
map02030,K03406,vch:VC_0514,Q9KUK4
map02030,K03406,vch:VC_1248,Q9KSK8
map02030,K03406,vch:VC_1289,Q9KSG7
map02030,K03406,vch:VC_1298,Q9KSF8
map02030,K03406,vch:VC_1313,Q9KSE4
map02030,K03406,vch:VC_1394,Q9KS65
map02030,K03406,vch:VC_1403,Q9KS57
map02030,K03406,vch:VC_1405,Q9KS55
map02030,K03406,vch:VC_1406,Q9KS54
map02030,K03406,vch:VC_1413,Q9KS47
map02030,K03406,vch:VC_1643,Q9KRJ7
map02030,K03406,vch:VC_1859,Q9KQY8
map02030,K03406,vch:VC_1868,Q9KQX9
map02030,K03406,vch:VC_1898,Q9KQV0
map02030,K03406,vch:VC_2161,Q9KQ43
map02030,K03406,vch:VC_2439,Q9KPD3
map02030,K03406,vch:VC_A0008,Q9KNF6
map02030,K03406,vch:VC_A0068,Q9KN97
map02030,K03406,vch:VC_A0176,Q9KMZ0
map02030,K03406,vch:VC_A0268,Q9KMQ2
map02030,K03406,vch:VC_A0663,Q9KLS8
map02030,K03406,vch:VC_A0773,Q9KLH1
map02030,K03406,vch:VC_A0864,Q9KL82
map02030,K03406,vch:VC_A0923,Q9KL26
map02030,K03406,vch:VC_A0974,Q9KKX6
map02030,K03406,vch:VC_A1034,Q9KKR7
map02030,K03406,vch:VC_A1056,Q9KKP6
map02030,K03406,vch:VC_A1069,Q9KKN3
map02030,K03406,vch:VC_A1088,Q9KKL5
map02030,K03406,vch:VC_A1092,Q9KKL2
map02030,K03407,vch:VC_1397,Q9KS63
map02030,K03407,vch:VC_2063,Q9KQD7
map02030,K03407,vch:VC_A1095,Q9KKK9
map02030,K03408,vch:VC_1402,Q9KS58
map02030,K03408,vch:VC_2059,Q9KQE1
map02030,K03408,vch:VC_2060,Q9KQE0
map02030,K03408,vch:VC_A1093,Q9KKL1
map02030,K03408,vch:VC_A1094,Q9KKL0
map02030,K03409,vch:VC_0377,Q9KUY1
map02030,K03410,vch:VC_1083,Q9KT22
map02030,K03411,vch:VC_A1090,Q9KKL4
map02030,K03412,vch:VC_1401,Q9KS59
map02030,K03412,vch:VC_2062,Q9KQD8
map02030,K03413,vch:VC_1082,Q9KT23
map02030,K03413,vch:VC_1316,Q9KSE1
map02030,K03413,vch:VC_1398,Q9KS62
map02030,K03413,vch:VC_2065,Q9KQD5
map02030,K03413,vch:VC_A1096,Q9KKK8
map02030,K03414,vch:VC_2064,Q9KQD6
map02030,K03415,vch:VC_1602,Q9KRN4
map02030,K03415,vch:VC_2006,Q9KQJ2
map02030,K03415,vch:VC_2202,Q9KQ05
map02030,K03415,vch:VC_A0954,Q9KKZ6
map02030,K03776,vch:VC_0512,Q9KUK6
map02030,K03776,vch:VC_A0658,Q9KLT3
map02030,K03776,vch:VC_A0988,Q9KKW2
map02030,K10108,vch:VC_A0945,Q9KL05
map02030,K10439,vch:VC_A0130,Q9KN35
map02030,K10540,vch:VC_1325,Q9KSD3
map03420,K01972,vch:VC_0971,Q9KTD1
map03420,K02335,vch:VC_0108,Q9KVN3
map03420,K03657,vch:VC_0190,Q9KVF6
map03420,K03701,vch:VC_0394,Q9KUW5
map03420,K03703,vch:VC_1214,Q9KSP2
map03420,K03723,vch:VC_1886,Q9KQW2
map04122,K00566,eco:b1133,P25745
map04122,K01011,eco:b2521,P31142
map04122,K03148,eco:b3992,P30138
map04122,K03151,eco:b0423,P77718
map04122,K03154,eco:b4407,O32583
map04122,K03635,eco:b0785,P30749
map04122,K03636,eco:b0784,P30748
map04122,K03637,eco:b0783,P0A738
map04122,K03638,eco:b0782,P0AEZ9
map04122,K03639,eco:b0781,P30745
map04122,K03831,eco:b0009,P0AF03
map04122,K04085,eco:b3470,P0A890
map04122,K04487,eco:b2530,P0A6B7
map04122,K07235,eco:b3345,P45532
map04122,K07236,eco:b3344,P45531
map04122,K07237,eco:b3343,P45530
map04122,K11179,eco:b0969,P0AB18
map04122,K21028,eco:b1757,P78067
map04122,K21029,eco:b0826,P12282
map00030,K00033,eco:b2029,P00350
map00030,K00036,eco:b1852,P0AC53
map00030,K00090,eco:b3553,P37666
map00030,K00117,eco:b0124,P15877
map00030,K00615,eco:b2465,P33570
map00030,K00615,eco:b2935,P27302
map00030,K00616,eco:b0008,P0A870
map00030,K00616,eco:b2464,P0A867
map00030,K00850,eco:b3916,P0A796
map00030,K00851,eco:b3437,P46859
map00030,K00851,eco:b4268,P39208
map00030,K00852,eco:b3752,P0A9J6
map00030,K00874,eco:b3526,P37647
map00030,K00948,eco:b1207,P0A717
map00030,K01619,eco:b4381,P0A6L0
map00030,K01624,eco:b2925,P0AB71
map00030,K01625,eco:b1850,P0A955
map00030,K01690,eco:b1851,P0ADF6
map00030,K01783,eco:b3386,P0AG07
map00030,K01807,eco:b2914,P0A7Z0
map00030,K01808,eco:b4090,P37351
map00030,K01810,eco:b4025,P0A6T1
map00030,K01835,eco:b0688,P36938
map00030,K01839,eco:b3380,P45549
map00030,K01839,eco:b4383,P0A6K6
map00030,K02446,eco:b2930,P21437
map00030,K02446,eco:b3925,P0A9C9
map00030,K03841,eco:b4232,P0A993
map00030,K05774,eco:b4094,P16690
map00030,K07404,eco:b0767,P52697
map00030,K11645,eco:b2097,P0A991
map00030,K16370,eco:b1723,P06999
map00480,K00031,eco:b1136,P08200
map00480,K00033,eco:b2029,P00350
map00480,K00036,eco:b1852,P0AC53
map00480,K00383,eco:b3500,P06715
map00480,K00432,eco:b1710,P06610
map00480,K00681,eco:b3447,P18956
map00480,K00797,eco:b0121,P09158
map00480,K00799,eco:b0838,P0ACA7
map00480,K00799,eco:b1635,P0A9D2
map00480,K00799,eco:b2301,P77544
map00480,K01255,eco:b4260,P68767
map00480,K01256,eco:b0932,P04825
map00480,K01270,eco:b0237,P15288
map00480,K01460,eco:b2988,P0AES0
map00480,K01581,eco:b0693,P24169
map00480,K01581,eco:b2965,P21169
map00480,K01919,eco:b2688,P0A6W9
map00480,K01920,eco:b2947,P04425
map00480,K06048,eco:b0581,P77213
map00480,K07160,eco:b0713,P75746
map00480,K07232,eco:b1218,P39163
map00480,K07751,eco:b2523,P37095
map00480,K23123,eco:b0711,P0AAV4
map00480,K23124,eco:b0712,P75745
map01100,K00005,eco:b3945,P0A9S5
map01100,K00008,eco:b1774,P77280
map01100,K00009,eco:b3600,P09424
map01100,K00012,eco:b2028,P76373
map01100,K00013,eco:b2020,P06988
map01100,K00014,eco:b3281,P15770
map01100,K00024,eco:b3236,P61889
map01100,K00029,eco:b2463,P76558
map01100,K00031,eco:b1136,P08200
map01100,K00033,eco:b2029,P00350
map01100,K00036,eco:b1852,P0AC53
map01100,K00040,eco:b1542,P77260
map01100,K00040,eco:b4323,P39160
map01100,K00041,eco:b1521,P0A6L7
map01100,K00042,eco:b0509,P77161
map01100,K00042,eco:b3125,P0ABQ2
map01100,K00048,eco:b2799,P0A9S1
map01100,K00052,eco:b0073,P30125
map01100,K00053,eco:b3774,P05793
map01100,K00057,eco:b3608,P0A6S7
map01100,K00058,eco:b2913,P0A9T0
map01100,K00059,eco:b1093,P0AEK2
map01100,K00060,eco:b3616,P07913
map01100,K00065,eco:b2842,P37769
map01100,K00067,eco:b2040,P37760
map01100,K00068,eco:b2705,P05707
map01100,K00073,eco:b0517,P77555
map01100,K00074,eco:b1395,P76083
map01100,K00075,eco:b3972,P08373
map01100,K00077,eco:b0425,P0A9J4
map01100,K00087,eco:b2866,Q46799
map01100,K00088,eco:b2508,P0ADG7
map01100,K00090,eco:b3553,P37666
map01100,K00094,eco:b2091,P0A9S3
map01100,K00097,eco:b0052,P19624
map01100,K00099,eco:b0173,P45568
map01100,K00101,eco:b3605,P33232
map01100,K00104,eco:b2979,P0AEP9
map01100,K00108,eco:b0311,P17444
map01100,K00111,eco:b2241,P0A9C0
map01100,K00111,eco:b3426,P13035
map01100,K00112,eco:b2242,P13033
map01100,K00113,eco:b2243,P0A996
map01100,K00116,eco:b2210,P33940
map01100,K00117,eco:b0124,P15877
map01100,K00121,eco:b0356,P25437
map01100,K00123,eco:b3894,P32176
map01100,K00124,eco:b3893,P0AAJ5
map01100,K00127,eco:b3892,P0AEL0
map01100,K00130,eco:b0312,P17445
map01100,K00133,eco:b3433,P0A9Q9
map01100,K00134,eco:b1779,P0A9B2
map01100,K00135,eco:b2661,P25526
map01100,K00137,eco:b1444,P77674
map01100,K00138,eco:b3588,P37685
map01100,K00145,eco:b3958,P11446
map01100,K00146,eco:b1385,P80668
map01100,K00147,eco:b0243,P07004
map01100,K00156,eco:b0871,P07003
map01100,K00163,eco:b0114,P0AFG8
map01100,K00164,eco:b0726,P0AFG3
map01100,K00208,eco:b1288,P0AEK4
map01100,K00215,eco:b0031,P04036
map01100,K00228,eco:b2436,P36553
map01100,K00230,eco:b3850,P0ACB4
map01100,K00239,eco:b0723,P0AC41
map01100,K00240,eco:b0724,P07014
map01100,K00241,eco:b0721,P69054
map01100,K00242,eco:b0722,P0AC44
map01100,K00244,eco:b4154,P00363
map01100,K00245,eco:b4153,P0AC47
map01100,K00246,eco:b4152,P0A8Q0
map01100,K00247,eco:b4151,P0A8Q3
map01100,K00254,eco:b0945,P0A7E1
map01100,K00262,eco:b1761,P00370
map01100,K00265,eco:b3212,P09831
map01100,K00266,eco:b3213,P09832
map01100,K00275,eco:b1638,P0AFI7
map01100,K00276,eco:b1386,P46883
map01100,K00278,eco:b2574,P10902
map01100,K00281,eco:b2903,P33195
map01100,K00285,eco:b1189,P0A6J5
map01100,K00286,eco:b0386,P0A9L8
map01100,K00287,eco:b0048,P0ABQ4
map01100,K00297,eco:b3941,P0AEZ1
map01100,K00299,eco:b0937,P80644
map01100,K00322,eco:b3962,P27306
map01100,K00324,eco:b1603,P07001
map01100,K00325,eco:b1602,P0AB67
map01100,K00330,eco:b2288,P0AFC3
map01100,K00331,eco:b2287,P0AFC7
map01100,K00334,eco:b2285,P0AFD1
map01100,K00335,eco:b2284,P31979
map01100,K00336,eco:b2283,P33602
map01100,K00337,eco:b2282,P0AFD4
map01100,K00338,eco:b2281,P0AFD6
map01100,K00339,eco:b2280,P0AFE0
map01100,K00340,eco:b2279,P0AFE4
map01100,K00341,eco:b2278,P33607
map01100,K00342,eco:b2277,P0AFE8
map01100,K00343,eco:b2276,P0AFF0
map01100,K00362,eco:b3365,P08201
map01100,K00363,eco:b3366,P0A9I8
map01100,K00364,eco:b0104,P60560
map01100,K00370,eco:b1224,P09152
map01100,K00370,eco:b1468,P19319
map01100,K00371,eco:b1225,P11349
map01100,K00371,eco:b1467,P19318
map01100,K00374,eco:b1227,P11350
map01100,K00374,eco:b1465,P0AF32
map01100,K00380,eco:b2764,P38038
map01100,K00381,eco:b2763,P17846
map01100,K00382,eco:b0116,P0A9P0
map01100,K00383,eco:b3500,P06715
map01100,K00390,eco:b2762,P17854
map01100,K00424,eco:b4515,P56100
map01100,K00425,eco:b0733,P0ABJ9
map01100,K00425,eco:b0978,P26459
map01100,K00426,eco:b0734,P0ABK2
map01100,K00426,eco:b0979,P26458
map01100,K00432,eco:b1710,P06610
map01100,K00525,eco:b2234,P00452
map01100,K00525,eco:b2675,P39452
map01100,K00526,eco:b2235,P69924
map01100,K00526,eco:b2676,P37146
map01100,K00529,eco:b2542,P77650
map01100,K00547,eco:b0261,Q47690
map01100,K00548,eco:b4019,P13009
map01100,K00549,eco:b3829,P25665
map01100,K00558,eco:b1961,P0AED9
map01100,K00560,eco:b2827,P0A884
map01100,K00568,eco:b2232,P17993
map01100,K00600,eco:b2551,P0A825
map01100,K00602,eco:b4006,P15639
map01100,K00604,eco:b3288,P23882
map01100,K00605,eco:b2905,P27248
map01100,K00606,eco:b0134,P31057
map01100,K00609,eco:b4245,P0A786
map01100,K00610,eco:b4244,P0A7F3
map01100,K00611,eco:b0273,P06960
map01100,K00611,eco:b4254,P04391
map01100,K00615,eco:b2465,P33570
map01100,K00615,eco:b2935,P27302
map01100,K00616,eco:b0008,P0A870
map01100,K00616,eco:b2464,P0A867
map01100,K00626,eco:b2224,P76461
map01100,K00626,eco:b2844,Q46939
map01100,K00627,eco:b0115,P06959
map01100,K00631,eco:b4041,P0A7A7
map01100,K00632,eco:b2342,P76503
map01100,K00632,eco:b3845,P21151
map01100,K00639,eco:b3617,P0AB77
map01100,K00640,eco:b3607,P0A9D4
map01100,K00645,eco:b1092,P0AAI9
map01100,K00647,eco:b2323,P0A953
map01100,K00648,eco:b1091,P0A6R0
map01100,K00651,eco:b4013,P07623
map01100,K00652,eco:b0776,P12998
map01100,K00655,eco:b3018,P26647
map01100,K00656,eco:b0903,P09373
map01100,K00656,eco:b3114,P42632
map01100,K00657,eco:b1584,P0A951
map01100,K00658,eco:b0727,P0AFG6
map01100,K00673,eco:b1747,P0AE37
map01100,K00674,eco:b0166,P0A9D8
map01100,K00677,eco:b0181,P0A722
map01100,K00681,eco:b3447,P18956
map01100,K00688,eco:b3417,P00490
map01100,K00688,eco:b3428,P0AC86
map01100,K00694,eco:b3533,P37653
map01100,K00697,eco:b1896,P31677
map01100,K00700,eco:b3432,P07762
map01100,K00703,eco:b3429,P0A6U8
map01100,K00705,eco:b3416,P15977
map01100,K00748,eco:b0182,P10441
map01100,K00757,eco:b3831,P12758
map01100,K00758,eco:b4382,P07650
map01100,K00759,eco:b0469,P69503
map01100,K00760,eco:b0125,P0A9M2
map01100,K00761,eco:b2498,P0A8F0
map01100,K00762,eco:b3642,P0A7E3
map01100,K00763,eco:b0931,P18133
map01100,K00764,eco:b2312,P0AG16
map01100,K00765,eco:b2019,P60757
map01100,K00767,eco:b0109,P30011
map01100,K00768,eco:b1991,P36562
map01100,K00769,eco:b0238,P0A9M5
map01100,K00788,eco:b3993,P30137
map01100,K00789,eco:b2942,P0A817
map01100,K00790,eco:b3189,P0A749
map01100,K00791,eco:b4171,P16384
map01100,K00793,eco:b1662,P0AFU8
map01100,K00794,eco:b0415,P61714
map01100,K00795,eco:b0421,P22939
map01100,K00796,eco:b3177,P0AC13
map01100,K00797,eco:b0121,P09158
map01100,K00799,eco:b0838,P0ACA7
map01100,K00799,eco:b1635,P0A9D2
map01100,K00799,eco:b2301,P77544
map01100,K00800,eco:b0908,P0A6D3
map01100,K00813,eco:b0928,P00509
map01100,K00817,eco:b2021,P06986
map01100,K00820,eco:b3729,P17169
map01100,K00821,eco:b3359,P18335
map01100,K00823,eco:b1302,P50457
map01100,K00826,eco:b3770,P0AB80
map01100,K00831,eco:b0907,P23721
map01100,K00832,eco:b4054,P04693
map01100,K00833,eco:b0774,P12995
map01100,K00835,eco:b3572,P09053
map01100,K00840,eco:b1748,P77581
map01100,K00845,eco:b2388,P0A6V8
map01100,K00847,eco:b0394,P23917
map01100,K00848,eco:b3904,P32171
map01100,K00849,eco:b0757,P0A6T3
map01100,K00850,eco:b3916,P0A796
map01100,K00851,eco:b3437,P46859
map01100,K00851,eco:b4268,P39208
map01100,K00852,eco:b3752,P0A9J6
map01100,K00853,eco:b0063,P08204
map01100,K00854,eco:b3564,P09099
map01100,K00857,eco:b1238,P23331
map01100,K00858,eco:b2615,P0A7B3
map01100,K00859,eco:b0103,P0A6I9
map01100,K00860,eco:b2750,P0A6J1
map01100,K00864,eco:b3926,P0A6F3
map01100,K00865,eco:b0514,P77364
map01100,K00865,eco:b3124,P23524
map01100,K00867,eco:b3974,P0A6I3
map01100,K00868,eco:b1636,P77150
map01100,K00868,eco:b2418,P40191
map01100,K00872,eco:b0003,P00547
map01100,K00873,eco:b1676,P0AD61
map01100,K00873,eco:b1854,P21599
map01100,K00874,eco:b3526,P37647
map01100,K00876,eco:b2066,P0A8F4
map01100,K00878,eco:b2104,P76423
map01100,K00879,eco:b2803,P11553
map01100,K00880,eco:b3580,P37677
map01100,K00881,eco:b4084,P32718
map01100,K00882,eco:b2168,P0AEW9
map01100,K00883,eco:b3693,P31459
map01100,K00885,eco:b3222,P45425
map01100,K00891,eco:b0388,P0A6E1
map01100,K00891,eco:b3390,P0A6D7
map01100,K00892,eco:b0477,P0AEW6
map01100,K00901,eco:b4042,P0ABN1
map01100,K00912,eco:b0915,P27300
map01100,K00919,eco:b1208,P62615
map01100,K00925,eco:b2296,P0A6A3
map01100,K00926,eco:b0323,P77624
map01100,K00926,eco:b0521,P37306
map01100,K00926,eco:b2874,Q46807
map01100,K00927,eco:b2926,P0A799
map01100,K00928,eco:b4024,P08660
map01100,K00930,eco:b3959,P0A6C8
map01100,K00931,eco:b0242,P0A7B5
map01100,K00932,eco:b3115,P11868
map01100,K00939,eco:b0474,P69441
map01100,K00940,eco:b2518,P0A763
map01100,K00941,eco:b2103,P76422
map01100,K00942,eco:b3648,P60546
map01100,K00943,eco:b1098,P0A720
map01100,K00945,eco:b0910,P0A6I0
map01100,K00946,eco:b0417,P0AGG0
map01100,K00948,eco:b1207,P0A717
map01100,K00950,eco:b0142,P26281
map01100,K00951,eco:b2784,P0AG20
map01100,K00954,eco:b3634,P0A6I6
map01100,K00956,eco:b2751,P23845
map01100,K00957,eco:b2752,P21156
map01100,K00963,eco:b1236,P0AEP3
map01100,K00963,eco:b2042,P0AAB6
map01100,K00965,eco:b0758,P09148
map01100,K00969,eco:b0639,P0A752
map01100,K00971,eco:b2049,P24174
map01100,K00973,eco:b2039,P37744
map01100,K00973,eco:b3789,P61887
map01100,K00975,eco:b3430,P0A6V1
map01100,K00979,eco:b0918,P04951
map01100,K00981,eco:b0175,P0ABG1
map01100,K00981,eco:b1409,P76091
map01100,K00991,eco:b2747,Q46893
map01100,K00995,eco:b1912,P0ABF8
map01100,K00997,eco:b2563,P24224
map01100,K00998,eco:b2585,P23830
map01100,K01000,eco:b0087,P0A6W3
map01100,K01007,eco:b1702,P23538
map01100,K01008,eco:b1764,P16456
map01100,K01011,eco:b2521,P31142
map01100,K01012,eco:b0775,P12996
map01100,K01034,eco:b2221,P76458
map01100,K01035,eco:b2222,P76459
map01100,K01042,eco:b3591,P0A821
map01100,K01051,eco:b0772,P46130
map01100,K01058,eco:b3821,P0A921
map01100,K01061,eco:b3830,P56262
map01100,K01069,eco:b0212,P0AC84
map01100,K01069,eco:b0927,P75849
map01100,K01070,eco:b0355,P51025
map01100,K01070,eco:b2154,P33018
map01100,K01077,eco:b0383,P00634
map01100,K01079,eco:b4388,P0AGB0
map01100,K01082,eco:b4214,P22255
map01100,K01087,eco:b1897,P31678
map01100,K01089,eco:b2022,P06987
map01100,K01091,eco:b3385,P32662
map01100,K01092,eco:b2533,P0ADG4
map01100,K01093,eco:b0980,P07102
map01100,K01095,eco:b0418,P18200
map01100,K01096,eco:b1278,P0A924
map01100,K01119,eco:b4213,P08331
map01100,K01129,eco:b0160,P15723
map01100,K01130,eco:b3801,P25549
map01100,K01139,eco:b3650,P0AG24
map01100,K01176,eco:b1927,P26612
map01100,K01176,eco:b3571,P25718
map01100,K01187,eco:b0403,P21517
map01100,K01190,eco:b0344,P00722
map01100,K01194,eco:b1197,P13482
map01100,K01194,eco:b3519,P62601
map01100,K01195,eco:b1617,P05804
map01100,K01198,eco:b0271,P77713
map01100,K01207,eco:b1107,P75949
map01100,K01226,eco:b4239,P28904
map01100,K01241,eco:b1982,P0AE12
map01100,K01243,eco:b0159,P0AF12
map01100,K01250,eco:b0651,P41409
map01100,K01255,eco:b4260,P68767
map01100,K01256,eco:b0932,P04825
map01100,K01270,eco:b0237,P15288
map01100,K01424,eco:b1767,P0A962
map01100,K01424,eco:b2957,P00805
map01100,K01425,eco:b0485,P77454
map01100,K01425,eco:b1524,P0A6W0
map01100,K01433,eco:b1232,P37051
map01100,K01438,eco:b3957,P23908
map01100,K01439,eco:b2472,P0AED7
map01100,K01443,eco:b0677,P0AF18
map01100,K01460,eco:b2988,P0AES0
map01100,K01464,eco:b2873,Q46806
map01100,K01465,eco:b1062,P05020
map01100,K01466,eco:b0512,P77671
map01100,K01480,eco:b2937,P60651
map01100,K01483,eco:b0505,P77731
map01100,K01484,eco:b1745,P76216
map01100,K01485,eco:b0337,P25524
map01100,K01486,eco:b3665,P31441
map01100,K01487,eco:b2883,P76641
map01100,K01488,eco:b1623,P22333
map01100,K01489,eco:b2143,P0ABF6
map01100,K01491,eco:b0529,P24186
map01100,K01494,eco:b2065,P28248
map01100,K01495,eco:b2153,P0A6T5
map01100,K01497,eco:b1277,P0A7I7
map01100,K01512,eco:b0968,P0AB65
map01100,K01515,eco:b3034,Q93K97
map01100,K01519,eco:b2954,P52061
map01100,K01520,eco:b3640,P06968
map01100,K01524,eco:b2502,P0AFL6
map01100,K01524,eco:b3779,P25552
map01100,K01525,eco:b0049,P05637
map01100,K01529,eco:b4394,P39411
map01100,K01577,eco:b2373,P0AFI0
map01100,K01579,eco:b0131,P0A790
map01100,K01580,eco:b1493,P69910
map01100,K01580,eco:b3517,P69908
map01100,K01581,eco:b0693,P24169
map01100,K01581,eco:b2965,P21169
map01100,K01582,eco:b0186,P52095
map01100,K01582,eco:b4131,P0A9H3
map01100,K01584,eco:b4117,P28629
map01100,K01585,eco:b2938,P21170
map01100,K01586,eco:b2838,P00861
map01100,K01588,eco:b0523,P0AG18
map01100,K01589,eco:b0522,P09029
map01100,K01591,eco:b1281,P08244
map01100,K01595,eco:b3956,P00864
map01100,K01599,eco:b3997,P29680
map01100,K01608,eco:b0507,P0AEP7
map01100,K01610,eco:b3403,P22259
map01100,K01611,eco:b0120,P0A7F6
map01100,K01613,eco:b4160,P0A8K1
map01100,K01619,eco:b4381,P0A6L0
map01100,K01620,eco:b0870,P75823
map01100,K01624,eco:b2925,P0AB71
map01100,K01625,eco:b1850,P0A955
map01100,K01626,eco:b0754,P0AB91
map01100,K01626,eco:b1704,P00887
map01100,K01626,eco:b2601,P00888
map01100,K01627,eco:b1215,P0A715
map01100,K01628,eco:b2800,P0AB87
map01100,K01629,eco:b3902,P32169
map01100,K01630,eco:b3126,P23522
map01100,K01631,eco:b4477,Q6BF16
map01100,K01633,eco:b3058,P0AC16
map01100,K01637,eco:b4015,P0A9G6
map01100,K01638,eco:b2976,P37330
map01100,K01638,eco:b4014,P08997
map01100,K01639,eco:b3225,P0A6L4
map01100,K01647,eco:b0720,P0ABH7
map01100,K01649,eco:b0074,P09151
map01100,K01652,eco:b0077,P00893
map01100,K01652,eco:b3671,P08142
map01100,K01653,eco:b0078,P00894
map01100,K01653,eco:b3670,P0ADF8
map01100,K01657,eco:b1264,P00895
map01100,K01659,eco:b0333,P31660
map01100,K01661,eco:b2262,P0ABU0
map01100,K01662,eco:b0420,P77488
map01100,K01666,eco:b0352,P51020
map01100,K01667,eco:b3708,P0A853
map01100,K01671,eco:b3881,P32141
map01100,K01673,eco:b0126,P61517
map01100,K01673,eco:b0339,P0ABE9
map01100,K01675,eco:b1675,P0ACX5
map01100,K01676,eco:b1612,P0AC33
map01100,K01676,eco:b4122,P14407
map01100,K01679,eco:b1611,P05042
map01100,K01682,eco:b0118,P36683
map01100,K01684,eco:b4478,Q6BF17
map01100,K01685,eco:b3091,P42604
map01100,K01686,eco:b4322,P24215
map01100,K01687,eco:b3771,P05791
map01100,K01689,eco:b2779,P0A6P9
map01100,K01690,eco:b1851,P0ADF6
map01100,K01692,eco:b1393,P76082
map01100,K01695,eco:b1260,P0A877
map01100,K01696,eco:b1261,P0A879
map01100,K01698,eco:b0369,P0ACB2
map01100,K01703,eco:b0072,P0A6A6
map01100,K01704,eco:b0071,P30126
map01100,K01706,eco:b2787,P0AES2
map01100,K01708,eco:b3128,P39829
map01100,K01710,eco:b2041,P37759
map01100,K01710,eco:b3788,P27830
map01100,K01711,eco:b2053,P0AC88
map01100,K01714,eco:b2478,P0A6L2
map01100,K01716,eco:b0954,P0A6Q3
map01100,K01719,eco:b3804,P09126
map01100,K01720,eco:b0334,P77243
map01100,K01725,eco:b0340,P00816
map01100,K01733,eco:b0004,P00934
map01100,K01734,eco:b0963,P0A731
map01100,K01735,eco:b3389,P07639
map01100,K01736,eco:b2329,P12008
map01100,K01737,eco:b2765,P65870
map01100,K01738,eco:b2414,P0ABK5
map01100,K01739,eco:b3939,P00935
map01100,K01744,eco:b4139,P0AC38
map01100,K01749,eco:b3805,P06983
map01100,K01752,eco:b1814,P16095
map01100,K01752,eco:b2797,P30744
map01100,K01752,eco:b4471,P42630
map01100,K01753,eco:b2366,P00926
map01100,K01754,eco:b3117,P0AGF6
map01100,K01754,eco:b3772,P04968
map01100,K01755,eco:b3960,P11447
map01100,K01756,eco:b1131,P0AB89
map01100,K01759,eco:b1651,P0AC81
map01100,K01760,eco:b3008,P06721
map01100,K01770,eco:b2746,P62617
map01100,K01772,eco:b0475,P23871
map01100,K01774,eco:b2929,P11663
map01100,K01775,eco:b1190,P29012
map01100,K01775,eco:b4053,P0A6B4
map01100,K01776,eco:b3967,P22634
map01100,K01778,eco:b3809,P0A6K1
map01100,K01782,eco:b2341,P77399
map01100,K01783,eco:b3386,P0AG07
map01100,K01784,eco:b0759,P09147
map01100,K01785,eco:b0756,P0A9C3
map01100,K01788,eco:b3223,P0A761
map01100,K01790,eco:b2038,P37745
map01100,K01791,eco:b3786,P27828
map01100,K01792,eco:b1780,P39173
map01100,K01803,eco:b3919,P0A858
map01100,K01804,eco:b0062,P08202
map01100,K01805,eco:b3565,P00944
map01100,K01807,eco:b2914,P0A7Z0
map01100,K01808,eco:b4090,P37351
map01100,K01809,eco:b1613,P00946
map01100,K01810,eco:b4025,P0A6T1
map01100,K01812,eco:b3092,P0A8G3
map01100,K01813,eco:b3903,P32170
map01100,K01814,eco:b2024,P10371
map01100,K01815,eco:b2843,Q46938
map01100,K01816,eco:b0508,P30147
map01100,K01818,eco:b2802,P69922
map01100,K01821,eco:b1461,P31992
map01100,K01823,eco:b2889,Q46822
map01100,K01825,eco:b3846,P21177
map01100,K01834,eco:b0755,P62707
map01100,K01835,eco:b0688,P36938
map01100,K01839,eco:b3380,P45549
map01100,K01839,eco:b4383,P0A6K6
map01100,K01840,eco:b2048,P24175
map01100,K01845,eco:b0154,P23893
map01100,K01847,eco:b2917,P27253
map01100,K01854,eco:b2036,P37747
map01100,K01874,eco:b2114,P00959
map01100,K01885,eco:b2400,P04805
map01100,K01886,eco:b0680,P00962
map01100,K01895,eco:b4069,P27550
map01100,K01897,eco:b1805,P69451
map01100,K01902,eco:b0729,P0AGE9
map01100,K01903,eco:b0728,P0A836
map01100,K01908,eco:b0335,P77495
map01100,K01911,eco:b2260,P37353
map01100,K01912,eco:b1398,P76085
map01100,K01914,eco:b3744,P00963
map01100,K01915,eco:b3870,P0A9C5
map01100,K01916,eco:b1740,P18843
map01100,K01918,eco:b0133,P31663
map01100,K01919,eco:b2688,P0A6W9
map01100,K01920,eco:b2947,P04425
map01100,K01921,eco:b0092,P07862
map01100,K01921,eco:b0381,P0A6J8
map01100,K01923,eco:b2476,P0A7D7
map01100,K01924,eco:b0091,P17952
map01100,K01925,eco:b0088,P14900
map01100,K01928,eco:b0085,P22188
map01100,K01929,eco:b0086,P11880
map01100,K01933,eco:b2499,P08178
map01100,K01934,eco:b2912,P0AC28
map01100,K01935,eco:b0778,P13000
map01100,K01935,eco:b1593,P0A6E9
map01100,K01937,eco:b2780,P0A7E5
map01100,K01939,eco:b4177,P0A7D4
map01100,K01940,eco:b3172,P0A6E4
map01100,K01945,eco:b4005,P15640
map01100,K01951,eco:b2507,P04079
map01100,K01952,eco:b2557,P15254
map01100,K01953,eco:b0674,P22106
map01100,K01955,eco:b0033,P00968
map01100,K01956,eco:b0032,P0A6F1
map01100,K01961,eco:b3256,P24182
map01100,K01962,eco:b0185,P0ABD5
map01100,K01963,eco:b2316,P0A9Q5
map01100,K02078,eco:b1094,P0A6A8
map01100,K02082,eco:b3136,P42907
map01100,K02083,eco:b0516,P77425
map01100,K02108,eco:b3738,P0AB98
map01100,K02109,eco:b3736,P0ABA0
map01100,K02110,eco:b3737,P68699
map01100,K02111,eco:b3734,P0ABB0
map01100,K02112,eco:b3732,P0ABB4
map01100,K02113,eco:b3735,P0ABA4
map01100,K02114,eco:b3731,P0A6E6
map01100,K02115,eco:b3733,P0ABA6
map01100,K02160,eco:b3255,P0ABD8
map01100,K02169,eco:b0777,P12999
map01100,K02170,eco:b3412,P13001
map01100,K02226,eco:b0638,P52086
map01100,K02231,eco:b1993,P0AE76
map01100,K02233,eco:b1992,P36561
map01100,K02257,eco:b0428,P0AEA5
map01100,K02297,eco:b0432,P0ABJ1
map01100,K02298,eco:b0431,P0ABI8
map01100,K02299,eco:b0430,P0ABJ3
map01100,K02300,eco:b0429,P0ABJ6
map01100,K02302,eco:b3368,P0AEA8
map01100,K02361,eco:b0593,P0AEJ2
map01100,K02362,eco:b0583,P19925
map01100,K02372,eco:b0180,P0A6Q6
map01100,K02377,eco:b2052,P32055
map01100,K02437,eco:b2904,P0A6T9
map01100,K02438,eco:b3431,P15067
map01100,K02439,eco:b3425,P0A6V5
map01100,K02446,eco:b2930,P21437
map01100,K02446,eco:b3925,P0A9C9
map01100,K02472,eco:b3787,P27829
map01100,K02492,eco:b1210,P0A6X1
map01100,K02495,eco:b3867,P32131
map01100,K02496,eco:b3803,P09127
map01100,K02500,eco:b2025,P60664
map01100,K02501,eco:b2023,P60595
map01100,K02517,eco:b1054,P0ACV0
map01100,K02527,eco:b3633,P0AC75
map01100,K02535,eco:b0096,P0A725
map01100,K02536,eco:b0179,P21645
map01100,K02548,eco:b3930,P32166
map01100,K02549,eco:b2261,P29208
map01100,K02551,eco:b2264,P17109
map01100,K02552,eco:b2265,P38051
map01100,K02554,eco:b0350,P77608
map01100,K02560,eco:b1855,P24205
map01100,K02563,eco:b0090,P17443
map01100,K02564,eco:b0678,P0A759
map01100,K02566,eco:b0675,P0AF24
map01100,K02567,eco:b2206,P33937
map01100,K02568,eco:b2203,P0ABL3
map01100,K02609,eco:b1388,P76077
map01100,K02610,eco:b1389,P76078
map01100,K02611,eco:b1390,P76079
map01100,K02612,eco:b1391,P76080
map01100,K02613,eco:b1392,P76081
map01100,K02614,eco:b1396,P76084
map01100,K02615,eco:b1397,P0C7L2
map01100,K02618,eco:b1387,P77455
map01100,K02745,eco:b3133,P42904
map01100,K02770,eco:b2167,P20966
map01100,K02773,eco:b2094,P69828
map01100,K02773,eco:b4302,P39363
map01100,K02774,eco:b2093,P37188
map01100,K02774,eco:b4565,P58035
map01100,K02775,eco:b4304,P39365
map01100,K02777,eco:b2417,P69783
map01100,K02779,eco:b1101,P69786
map01100,K02781,eco:b2704,P05706
map01100,K02782,eco:b2703,P56580
map01100,K02783,eco:b2702,P56579
map01100,K02791,eco:b1621,P19642
map01100,K02794,eco:b1817,P69797
map01100,K02795,eco:b1818,P69801
map01100,K02796,eco:b1819,P69805
map01100,K02798,eco:b2934,P69824
map01100,K02800,eco:b2933,P69826
map01100,K02800,eco:b3599,P00550
map01100,K02805,eco:b3791,P27833
map01100,K02821,eco:b4195,P69820
map01100,K02822,eco:b4194,P69822
map01100,K02840,eco:b3628,P27127
map01100,K02841,eco:b3621,P24173
map01100,K02843,eco:b3620,P37692
map01100,K02844,eco:b3631,P25740
map01100,K02847,eco:b3622,P27243
map01100,K02848,eco:b3630,P25741
map01100,K02849,eco:b3632,P25742
map01100,K02850,eco:b3625,P27240
map01100,K02851,eco:b3784,P0AC78
map01100,K02858,eco:b3041,P0A7J0
map01100,K03077,eco:b0061,P08203
map01100,K03077,eco:b3583,P37680
map01100,K03077,eco:b4198,P39306
map01100,K03078,eco:b3581,P37678
map01100,K03078,eco:b4196,P39304
map01100,K03079,eco:b3582,P37679
map01100,K03079,eco:b4197,P39305
map01100,K03147,eco:b3994,P30136
map01100,K03148,eco:b3992,P30138
map01100,K03149,eco:b3991,P30139
map01100,K03150,eco:b3990,P30140
map01100,K03151,eco:b0423,P77718
map01100,K03179,eco:b4040,P0AGK1
map01100,K03181,eco:b4039,P26602
map01100,K03182,eco:b3843,P0AAB4
map01100,K03183,eco:b3833,P0A887
map01100,K03184,eco:b0662,P75728
map01100,K03185,eco:b2907,P25534
map01100,K03186,eco:b2311,P0AG03
map01100,K03269,eco:b0524,P43341
map01100,K03270,eco:b3198,P0ABZ4
map01100,K03271,eco:b0222,P63224
map01100,K03272,eco:b3052,P76658
map01100,K03273,eco:b0200,P63228
map01100,K03274,eco:b3619,P67910
map01100,K03275,eco:b3627,P27128
map01100,K03276,eco:b3626,P27129
map01100,K03277,eco:b3623,P27242
map01100,K03385,eco:b4070,P0ABK9
map01100,K03417,eco:b0331,P77541
map01100,K03426,eco:b3996,P32664
map01100,K03431,eco:b3176,P31120
map01100,K03472,eco:b2927,P0A9B6
map01100,K03473,eco:b2320,P05459
map01100,K03474,eco:b2564,P0A794
map01100,K03475,eco:b4193,P39301
map01100,K03476,eco:b4192,P39300
map01100,K03517,eco:b0750,P11458
map01100,K03524,eco:b3973,P06709
map01100,K03526,eco:b2515,P62620
map01100,K03527,eco:b0029,P62623
map01100,K03532,eco:b0996,P33226
map01100,K03533,eco:b0998,P36662
map01100,K03587,eco:b0084,P0AD68
map01100,K03621,eco:b1090,P27247
map01100,K03635,eco:b0785,P30749
map01100,K03637,eco:b0783,P0A738
map01100,K03638,eco:b0782,P0AEZ9
map01100,K03639,eco:b0781,P30745
map01100,K03644,eco:b0628,P60716
map01100,K03651,eco:b3032,P0AEW4
map01100,K03735,eco:b2441,P0AEJ6
map01100,K03736,eco:b2440,P19636
map01100,K03737,eco:b1378,P52647
map01100,K03743,eco:b2700,P0A6G3
map01100,K03750,eco:b0827,P12281
map01100,K03752,eco:b3857,P32173
map01100,K03760,eco:b4114,P30845
map01100,K03777,eco:b2133,P06149
map01100,K03778,eco:b1380,P52643
map01100,K03779,eco:b3061,P05847
map01100,K03780,eco:b3062,P0AC35
map01100,K03781,eco:b1732,P21179
map01100,K03782,eco:b3942,P13029
map01100,K03783,eco:b2407,P45563
map01100,K03784,eco:b4384,P0ABP8
map01100,K03785,eco:b1693,P05194
map01100,K03787,eco:b2744,P0A840
map01100,K03788,eco:b4055,P0AE22
map01100,K03800,eco:b4386,P32099
map01100,K03801,eco:b0630,P60720
map01100,K03809,eco:b1004,P0A8G6
map01100,K03814,eco:b3208,P46022
map01100,K03825,eco:b3441,P46854
map01100,K03831,eco:b0009,P0AF03
map01100,K03841,eco:b4232,P0A993
map01100,K03885,eco:b1109,P00393
map01100,K04019,eco:b2451,P76551
map01100,K04020,eco:b2458,P77218
map01100,K04021,eco:b2455,P77445
map01100,K04022,eco:b2453,P76553
map01100,K04032,eco:b2459,P65643
map01100,K04042,eco:b3730,P0ACC7
map01100,K04072,eco:b1241,P0A9Q7
map01100,K04073,eco:b0351,P77580
map01100,K04091,eco:b0935,P80645
map01100,K04487,eco:b2530,P0A6B7
map01100,K04765,eco:b2781,P0AEY3
map01100,K05275,eco:b1406,P25906
map01100,K05349,eco:b2132,P33363
map01100,K05365,eco:b0149,P02919
map01100,K05366,eco:b3396,P02918
map01100,K05367,eco:b2519,P76577
map01100,K05368,eco:b3844,P0AEN1
map01100,K05396,eco:b1919,P76316
map01100,K05515,eco:b0635,P0AD65
map01100,K05523,eco:b1967,P31658
map01100,K05526,eco:b1744,P76215
map01100,K05601,eco:b0873,P75825
map01100,K05708,eco:b2538,P0ABR5
map01100,K05709,eco:b2539,Q47140
map01100,K05710,eco:b2540,P0ABW0
map01100,K05711,eco:b2541,P0CI31
map01100,K05712,eco:b0347,P77397
map01100,K05713,eco:b0348,P0ABR9
map01100,K05714,eco:b0349,P77044
map01100,K05774,eco:b4094,P16690
map01100,K05780,eco:b4096,P16679
map01100,K05810,eco:b2593,P33644
map01100,K05851,eco:b3806,P00936
map01100,K05878,eco:b1200,P76015
map01100,K05879,eco:b1199,P76014
map01100,K05881,eco:b1198,P37349
map01100,K05887,eco:b1692,P0A6D5
map01100,K06041,eco:b3197,P45395
map01100,K06048,eco:b0581,P77213
map01100,K06131,eco:b0789,P0AA84
map01100,K06131,eco:b1249,P0A6H8
map01100,K06132,eco:b1046,P75919
map01100,K06133,eco:b3475,P37623
map01100,K06162,eco:b4095,P16689
map01100,K06163,eco:b4098,P16688
map01100,K06164,eco:b4099,P16687
map01100,K06165,eco:b4100,P16686
map01100,K06166,eco:b4101,P16685
map01100,K06167,eco:b4092,P16692
map01100,K06211,eco:b4390,P27278
map01100,K06287,eco:b3248,P25536
map01100,K06445,eco:b0221,Q47146
map01100,K06447,eco:b1746,P76217
map01100,K06879,eco:b2794,Q46920
map01100,K06920,eco:b0444,P77756
map01100,K06949,eco:b4161,P39286
map01100,K06952,eco:b2361,P76514
map01100,K06966,eco:b2795,P0ADR8
map01100,K07026,eco:b1955,P76329
map01100,K07043,eco:b3085,P42597
map01100,K07106,eco:b2428,P76535
map01100,K07127,eco:b1970,P76341
map01100,K07141,eco:b2877,Q46810
map01100,K07160,eco:b0713,P75746
map01100,K07173,eco:b2687,P45578
map01100,K07232,eco:b1218,P39163
map01100,K07246,eco:b1800,P76251
map01100,K07248,eco:b1415,P25553
map01100,K07250,eco:b2662,P22256
map01100,K07251,eco:b1106,P75948
map01100,K07258,eco:b0632,P0AEB2
map01100,K07258,eco:b0839,P08506
map01100,K07258,eco:b2010,P33013
map01100,K07259,eco:b3182,P24228
map01100,K07306,eco:b0894,P18775
map01100,K07307,eco:b0895,P18776
map01100,K07308,eco:b0896,P18777
map01100,K07404,eco:b0767,P52697
map01100,K07406,eco:b4119,P06720
map01100,K07749,eco:b2374,P69902
map01100,K07751,eco:b2523,P37095
map01100,K07806,eco:b2253,P77690
map01100,K07811,eco:b0997,P33225
map01100,K07812,eco:b1872,P46923
map01100,K07821,eco:b1873,P52005
map01100,K08092,eco:b3575,P37672
map01100,K08281,eco:b1768,P21369
map01100,K08289,eco:b1849,P33221
map01100,K08302,eco:b2096,P0C8J6
map01100,K08302,eco:b3137,P0AB74
map01100,K08310,eco:b1865,P0AFC0
map01100,K08312,eco:b3397,P45799
map01100,K08318,eco:b3882,P0A9V8
map01100,K08320,eco:b1759,P77788
map01100,K08322,eco:b1580,P38105
map01100,K08323,eco:b1581,P38104
map01100,K08324,eco:b1525,P76149
map01100,K08325,eco:b3011,Q46856
map01100,K08351,eco:b3551,P20099
map01100,K08354,eco:b1670,P77409
map01100,K08591,eco:b3059,P60782
map01100,K08680,eco:b2263,P37355
map01100,K08682,eco:b0404,P21515
map01100,K08722,eco:b2291,P76491
map01100,K08723,eco:b4374,P0A8Y1
map01100,K08968,eco:b1832,P76270
map01100,K09001,eco:b1640,P77570
map01100,K09018,eco:b1012,P75898
map01100,K09019,eco:b1008,P75894
map01100,K09020,eco:b1011,P75897
map01100,K09021,eco:b1010,P0AFQ5
map01100,K09023,eco:b1009,P75895
map01100,K09024,eco:b1007,P75893
map01100,K09251,eco:b3073,P42588
map01100,K09458,eco:b1095,P0AAI5
map01100,K09470,eco:b1297,P78061
map01100,K09471,eco:b1301,P37906
map01100,K09472,eco:b1300,P23883
map01100,K09473,eco:b1298,P76038
map01100,K09903,eco:b0171,P0A7E9
map01100,K09913,eco:b0391,P0C037
map01100,K10011,eco:b2255,P77398
map01100,K10012,eco:b2254,P77757
map01100,K10026,eco:b2777,P64554
map01100,K10213,eco:b2162,P33022
map01100,K10984,eco:b3138,P42909
map01100,K10985,eco:b3139,P42910
map01100,K10986,eco:b3140,P42911
map01100,K11175,eco:b2500,P08179
map01100,K11177,eco:b0284,P77489
map01100,K11178,eco:b0285,P77324
map01100,K11258,eco:b3769,P0ADG1
map01100,K11264,eco:b2919,P52045
map01100,K11472,eco:b4468,P52073
map01100,K11473,eco:b4467,P52074
map01100,K11645,eco:b2097,P0A991
map01100,K11717,eco:b1680,P77444
map01100,K11751,eco:b0480,P07024
map01100,K11752,eco:b0414,P25539
map01100,K11753,eco:b0025,P0AG40
map01100,K11754,eco:b2315,P08192
map01100,K11755,eco:b2026,P06989
map01100,K12111,eco:b3076,P06864
map01100,K12112,eco:b3077,P0AC73
map01100,K12339,eco:b2421,P16703
map01100,K12410,eco:b1120,P75960
map01100,K12524,eco:b0002,P00561
map01100,K12525,eco:b3940,P00562
map01100,K12660,eco:b2245,P76469
map01100,K12661,eco:b2247,P77215
map01100,K12700,eco:b0030,P22564
map01100,K12957,eco:b4269,P27250
map01100,K12972,eco:b1033,P75913
map01100,K13014,eco:b2256,P76472
map01100,K13038,eco:b3639,P0ABQ0
map01100,K13051,eco:b0828,P37595
map01100,K13378,eco:b2286,P33599
map01100,K13381,eco:b3338,P13656
map01100,K13479,eco:b2867,Q46800
map01100,K13480,eco:b2868,Q46801
map01100,K13483,eco:b0286,P77165
map01100,K13497,eco:b1263,P00904
map01100,K13498,eco:b1262,P00909
map01100,K13566,eco:b0219,Q47679
map01100,K13574,eco:b0801,P30178
map01100,K13788,eco:b2297,P0A9M8
map01100,K13821,eco:b1014,P09546
map01100,K13938,eco:b1606,P0AFS3
map01100,K13953,eco:b1478,P39451
map01100,K13954,eco:b3589,P37686
map01100,K13979,eco:b0325,P75691
map01100,K14155,eco:b1622,P23256
map01100,K14170,eco:b2599,P0A9J8
map01100,K14187,eco:b2600,P07023
map01100,K14260,eco:b2290,P0A959
map01100,K14682,eco:b2818,P0A6C5
map01100,K14977,eco:b0515,P75713
map01100,K15633,eco:b3612,P37689
map01100,K15634,eco:b4395,P0A7A2
map01100,K15736,eco:b2660,P37339
map01100,K15737,eco:b2659,P76621
map01100,K15777,eco:b3039,P24197
map01100,K15866,eco:b1394,P77467
map01100,K15922,eco:b3878,P32138
map01100,K16066,eco:b1539,P39831
map01100,K16328,eco:b2166,P30235
map01100,K16329,eco:b2165,P33025
map01100,K16370,eco:b1723,P06999
map01100,K16371,eco:b2095,P0C8J8
map01100,K16371,eco:b3132,P0C8K0
map01100,K16704,eco:b3790,P27832
map01100,K17195,eco:b4085,P32719
map01100,K17722,eco:b2146,P76440
map01100,K17723,eco:b2147,P25889
map01100,K18471,eco:b1771,P77256
map01100,K18478,eco:b3883,P32143
map01100,K18479,eco:b3880,P32140
map01100,K18800,eco:b2906,P25535
map01100,K19221,eco:b1270,P0A9H5
map01100,K19222,eco:b1686,P77781
map01100,K19267,eco:b4211,P39315
map01100,K19270,eco:b2293,P77625
map01100,K19709,eco:b1694,P37766
map01100,K19745,eco:b3253,P26646
map01100,K19956,eco:b4465,P52048
map01100,K20861,eco:b0844,P75809
map01100,K20862,eco:b3812,P0ADP0
map01100,K20881,eco:b3399,P64636
map01100,K21469,eco:b2430,P77619
map01100,K21636,eco:b4238,P28903
map01100,K22015,eco:b4079,P07658
map01100,K22214,eco:b2920,P52043
map01100,K22396,eco:b0269,P77596
map01100,K22396,eco:b4297,P39358
map01100,K22397,eco:b0268,P75682
map01100,K22397,eco:b4298,P39359
map01100,K22501,eco:b4592,P24244
map01100,K23007,eco:b4358,P39400
map01100,K23123,eco:b0711,P0AAV4
map01100,K23124,eco:b0712,P75745
map01100,K24204,eco:b1727,P77247
map01100,K24843,eco:b3157,P64599
map01100,K24844,eco:b3158,P45527
map01100,K24845,eco:b3159,P45475
map01100,K25316,eco:b2840,P03813
map01100,K25986,eco:b1423,P76097
map01100,K26063,eco:b1687,P77748
map01100,K27802,eco:b1276,P25516
map01100,K28207,eco:b1119,P75959
map01100,K28462,eco:b3355,P0AEX5
map01100,K28636,eco:b3879,P32139
map01110,K00005,eco:b3945,P0A9S5
map01110,K00013,eco:b2020,P06988
map01110,K00014,eco:b3281,P15770
map01110,K00024,eco:b3236,P61889
map01110,K00031,eco:b1136,P08200
map01110,K00033,eco:b2029,P00350
map01110,K00036,eco:b1852,P0AC53
map01110,K00052,eco:b0073,P30125
map01110,K00053,eco:b3774,P05793
map01110,K00057,eco:b3608,P0A6S7
map01110,K00058,eco:b2913,P0A9T0
map01110,K00059,eco:b1093,P0AEK2
map01110,K00067,eco:b2040,P37760
map01110,K00077,eco:b0425,P0A9J4
map01110,K00088,eco:b2508,P0ADG7
map01110,K00090,eco:b3553,P37666
map01110,K00099,eco:b0173,P45568
map01110,K00104,eco:b2979,P0AEP9
map01110,K00111,eco:b2241,P0A9C0
map01110,K00111,eco:b3426,P13035
map01110,K00112,eco:b2242,P13033
map01110,K00113,eco:b2243,P0A996
map01110,K00116,eco:b2210,P33940
map01110,K00117,eco:b0124,P15877
map01110,K00121,eco:b0356,P25437
map01110,K00133,eco:b3433,P0A9Q9
map01110,K00134,eco:b1779,P0A9B2
map01110,K00138,eco:b3588,P37685
map01110,K00145,eco:b3958,P11446
map01110,K00147,eco:b0243,P07004
map01110,K00163,eco:b0114,P0AFG8
map01110,K00164,eco:b0726,P0AFG3
map01110,K00208,eco:b1288,P0AEK4
map01110,K00215,eco:b0031,P04036
map01110,K00216,eco:b0596,P15047
map01110,K00228,eco:b2436,P36553
map01110,K00230,eco:b3850,P0ACB4
map01110,K00239,eco:b0723,P0AC41
map01110,K00240,eco:b0724,P07014
map01110,K00241,eco:b0721,P69054
map01110,K00242,eco:b0722,P0AC44
map01110,K00244,eco:b4154,P00363
map01110,K00245,eco:b4153,P0AC47
map01110,K00246,eco:b4152,P0A8Q0
map01110,K00247,eco:b4151,P0A8Q3
map01110,K00265,eco:b3212,P09831
map01110,K00266,eco:b3213,P09832
map01110,K00276,eco:b1386,P46883
map01110,K00281,eco:b2903,P33195
map01110,K00286,eco:b0386,P0A9L8
map01110,K00382,eco:b0116,P0A9P0
map01110,K00547,eco:b0261,Q47690
map01110,K00548,eco:b4019,P13009
map01110,K00549,eco:b3829,P25665
map01110,K00568,eco:b2232,P17993
map01110,K00600,eco:b2551,P0A825
map01110,K00602,eco:b4006,P15639
map01110,K00605,eco:b2905,P27248
map01110,K00606,eco:b0134,P31057
map01110,K00611,eco:b0273,P06960
map01110,K00611,eco:b4254,P04391
map01110,K00615,eco:b2465,P33570
map01110,K00615,eco:b2935,P27302
map01110,K00616,eco:b0008,P0A870
map01110,K00616,eco:b2464,P0A867
map01110,K00626,eco:b2224,P76461
map01110,K00626,eco:b2844,Q46939
map01110,K00627,eco:b0115,P06959
map01110,K00631,eco:b4041,P0A7A7
map01110,K00632,eco:b2342,P76503
map01110,K00632,eco:b3845,P21151
map01110,K00640,eco:b3607,P0A9D4
map01110,K00645,eco:b1092,P0AAI9
map01110,K00651,eco:b4013,P07623
map01110,K00655,eco:b3018,P26647
map01110,K00658,eco:b0727,P0AFG6
map01110,K00688,eco:b3417,P00490
map01110,K00688,eco:b3428,P0AC86
map01110,K00697,eco:b1896,P31677
map01110,K00700,eco:b3432,P07762
map01110,K00703,eco:b3429,P0A6U8
map01110,K00705,eco:b3416,P15977
map01110,K00760,eco:b0125,P0A9M2
map01110,K00764,eco:b2312,P0AG16
map01110,K00765,eco:b2019,P60757
map01110,K00769,eco:b0238,P0A9M5
map01110,K00789,eco:b2942,P0A817
map01110,K00791,eco:b4171,P16384
map01110,K00793,eco:b1662,P0AFU8
map01110,K00794,eco:b0415,P61714
map01110,K00795,eco:b0421,P22939
map01110,K00797,eco:b0121,P09158
map01110,K00800,eco:b0908,P0A6D3
map01110,K00806,eco:b0174,P60472
map01110,K00813,eco:b0928,P00509
map01110,K00817,eco:b2021,P06986
map01110,K00821,eco:b3359,P18335
map01110,K00826,eco:b3770,P0AB80
map01110,K00831,eco:b0907,P23721
map01110,K00832,eco:b4054,P04693
map01110,K00835,eco:b3572,P09053
map01110,K00845,eco:b2388,P0A6V8
map01110,K00847,eco:b0394,P23917
map01110,K00850,eco:b3916,P0A796
map01110,K00851,eco:b3437,P46859
map01110,K00851,eco:b4268,P39208
map01110,K00864,eco:b3926,P0A6F3
map01110,K00865,eco:b0514,P77364
map01110,K00865,eco:b3124,P23524
map01110,K00872,eco:b0003,P00547
map01110,K00873,eco:b1676,P0AD61
map01110,K00873,eco:b1854,P21599
map01110,K00891,eco:b0388,P0A6E1
map01110,K00891,eco:b3390,P0A6D7
map01110,K00901,eco:b4042,P0ABN1
map01110,K00919,eco:b1208,P62615
map01110,K00926,eco:b0323,P77624
map01110,K00926,eco:b0521,P37306
map01110,K00926,eco:b2874,Q46807
map01110,K00927,eco:b2926,P0A799
map01110,K00928,eco:b4024,P08660
map01110,K00930,eco:b3959,P0A6C8
map01110,K00931,eco:b0242,P0A7B5
map01110,K00939,eco:b0474,P69441
map01110,K00940,eco:b2518,P0A763
map01110,K00948,eco:b1207,P0A717
map01110,K00956,eco:b2751,P23845
map01110,K00957,eco:b2752,P21156
map01110,K00963,eco:b1236,P0AEP3
map01110,K00963,eco:b2042,P0AAB6
map01110,K00971,eco:b2049,P24174
map01110,K00973,eco:b2039,P37744
map01110,K00973,eco:b3789,P61887
map01110,K00975,eco:b3430,P0A6V1
map01110,K00981,eco:b0175,P0ABG1
map01110,K00981,eco:b1409,P76091
map01110,K00991,eco:b2747,Q46893
map01110,K00997,eco:b2563,P24224
map01110,K00998,eco:b2585,P23830
map01110,K01007,eco:b1702,P23538
map01110,K01058,eco:b3821,P0A921
map01110,K01079,eco:b4388,P0AGB0
map01110,K01087,eco:b1897,P31678
map01110,K01089,eco:b2022,P06987
map01110,K01091,eco:b3385,P32662
map01110,K01092,eco:b2533,P0ADG4
map01110,K01176,eco:b1927,P26612
map01110,K01176,eco:b3571,P25718
map01110,K01187,eco:b0403,P21517
map01110,K01194,eco:b1197,P13482
map01110,K01194,eco:b3519,P62601
map01110,K01195,eco:b1617,P05804
map01110,K01252,eco:b0595,P0ADI4
map01110,K01424,eco:b1767,P0A962
map01110,K01424,eco:b2957,P00805
map01110,K01425,eco:b0485,P77454
map01110,K01425,eco:b1524,P0A6W0
map01110,K01438,eco:b3957,P23908
map01110,K01480,eco:b2937,P60651
map01110,K01497,eco:b1277,P0A7I7
map01110,K01521,eco:b3918,P06282
map01110,K01579,eco:b0131,P0A790
map01110,K01580,eco:b1493,P69910
map01110,K01580,eco:b3517,P69908
map01110,K01581,eco:b0693,P24169
map01110,K01581,eco:b2965,P21169
map01110,K01582,eco:b0186,P52095
map01110,K01582,eco:b4131,P0A9H3
map01110,K01584,eco:b4117,P28629
map01110,K01585,eco:b2938,P21170
map01110,K01586,eco:b2838,P00861
map01110,K01588,eco:b0523,P0AG18
map01110,K01589,eco:b0522,P09029
map01110,K01599,eco:b3997,P29680
map01110,K01610,eco:b3403,P22259
map01110,K01611,eco:b0120,P0A7F6
map01110,K01613,eco:b4160,P0A8K1
map01110,K01620,eco:b0870,P75823
map01110,K01624,eco:b2925,P0AB71
map01110,K01626,eco:b0754,P0AB91
map01110,K01626,eco:b1704,P00887
map01110,K01626,eco:b2601,P00888
map01110,K01637,eco:b4015,P0A9G6
map01110,K01638,eco:b2976,P37330
map01110,K01638,eco:b4014,P08997
map01110,K01647,eco:b0720,P0ABH7
map01110,K01649,eco:b0074,P09151
map01110,K01652,eco:b0077,P00893
map01110,K01652,eco:b3671,P08142
map01110,K01653,eco:b0078,P00894
map01110,K01653,eco:b3670,P0ADF8
map01110,K01657,eco:b1264,P00895
map01110,K01659,eco:b0333,P31660
map01110,K01661,eco:b2262,P0ABU0
map01110,K01662,eco:b0420,P77488
map01110,K01675,eco:b1675,P0ACX5
map01110,K01676,eco:b1612,P0AC33
map01110,K01676,eco:b4122,P14407
map01110,K01679,eco:b1611,P05042
map01110,K01682,eco:b0118,P36683
map01110,K01687,eco:b3771,P05791
map01110,K01689,eco:b2779,P0A6P9
map01110,K01692,eco:b1393,P76082
map01110,K01695,eco:b1260,P0A877
map01110,K01696,eco:b1261,P0A879
map01110,K01698,eco:b0369,P0ACB2
map01110,K01703,eco:b0072,P0A6A6
map01110,K01704,eco:b0071,P30126
map01110,K01710,eco:b2041,P37759
map01110,K01710,eco:b3788,P27830
map01110,K01714,eco:b2478,P0A6L2
map01110,K01719,eco:b3804,P09126
map01110,K01733,eco:b0004,P00934
map01110,K01735,eco:b3389,P07639
map01110,K01736,eco:b2329,P12008
map01110,K01738,eco:b2414,P0ABK5
map01110,K01739,eco:b3939,P00935
map01110,K01749,eco:b3805,P06983
map01110,K01752,eco:b1814,P16095
map01110,K01752,eco:b2797,P30744
map01110,K01752,eco:b4471,P42630
map01110,K01754,eco:b3117,P0AGF6
map01110,K01754,eco:b3772,P04968
map01110,K01755,eco:b3960,P11447
map01110,K01756,eco:b1131,P0AB89
map01110,K01760,eco:b3008,P06721
map01110,K01770,eco:b2746,P62617
map01110,K01772,eco:b0475,P23871
map01110,K01774,eco:b2929,P11663
map01110,K01778,eco:b3809,P0A6K1
map01110,K01782,eco:b2341,P77399
map01110,K01783,eco:b3386,P0AG07
map01110,K01785,eco:b0756,P0A9C3
map01110,K01790,eco:b2038,P37745
map01110,K01792,eco:b1780,P39173
map01110,K01803,eco:b3919,P0A858
map01110,K01807,eco:b2914,P0A7Z0
map01110,K01808,eco:b4090,P37351
map01110,K01809,eco:b1613,P00946
map01110,K01810,eco:b4025,P0A6T1
map01110,K01814,eco:b2024,P10371
map01110,K01823,eco:b2889,Q46822
map01110,K01825,eco:b3846,P21177
map01110,K01834,eco:b0755,P62707
map01110,K01835,eco:b0688,P36938
map01110,K01840,eco:b2048,P24175
map01110,K01845,eco:b0154,P23893
map01110,K01885,eco:b2400,P04805
map01110,K01895,eco:b4069,P27550
map01110,K01902,eco:b0729,P0AGE9
map01110,K01903,eco:b0728,P0A836
map01110,K01911,eco:b2260,P37353
map01110,K01914,eco:b3744,P00963
map01110,K01915,eco:b3870,P0A9C5
map01110,K01918,eco:b0133,P31663
map01110,K01923,eco:b2476,P0A7D7
map01110,K01933,eco:b2499,P08178
map01110,K01940,eco:b3172,P0A6E4
map01110,K01945,eco:b4005,P15640
map01110,K01952,eco:b2557,P15254
map01110,K01953,eco:b0674,P22106
map01110,K01955,eco:b0033,P00968
map01110,K01956,eco:b0032,P0A6F1
map01110,K01961,eco:b3256,P24182
map01110,K01962,eco:b0185,P0ABD5
map01110,K01963,eco:b2316,P0A9Q5
map01110,K02078,eco:b1094,P0A6A8
map01110,K02160,eco:b3255,P0ABD8
map01110,K02257,eco:b0428,P0AEA5
map01110,K02302,eco:b3368,P0AEA8
map01110,K02361,eco:b0593,P0AEJ2
map01110,K02362,eco:b0583,P19925
map01110,K02363,eco:b0594,P10378
map01110,K02364,eco:b0586,P11454
map01110,K02437,eco:b2904,P0A6T9
map01110,K02439,eco:b3425,P0A6V5
map01110,K02446,eco:b2930,P21437
map01110,K02446,eco:b3925,P0A9C9
map01110,K02492,eco:b1210,P0A6X1
map01110,K02495,eco:b3867,P32131
map01110,K02496,eco:b3803,P09127
map01110,K02500,eco:b2025,P60664
map01110,K02501,eco:b2023,P60595
map01110,K02523,eco:b3187,P0AD57
map01110,K02548,eco:b3930,P32166
map01110,K02549,eco:b2261,P29208
map01110,K02551,eco:b2264,P17109
map01110,K02552,eco:b2265,P38051
map01110,K02566,eco:b0675,P0AF24
map01110,K02858,eco:b3041,P0A7J0
map01110,K03179,eco:b4040,P0AGK1
map01110,K03181,eco:b4039,P26602
map01110,K03182,eco:b3843,P0AAB4
map01110,K03183,eco:b3833,P0A887
map01110,K03184,eco:b0662,P75728
map01110,K03185,eco:b2907,P25534
map01110,K03186,eco:b2311,P0AG03
map01110,K03526,eco:b2515,P62620
map01110,K03527,eco:b0029,P62623
map01110,K03621,eco:b1090,P27247
map01110,K03737,eco:b1378,P52647
map01110,K03781,eco:b1732,P21179
map01110,K03782,eco:b3942,P13029
map01110,K03783,eco:b2407,P45563
map01110,K03784,eco:b4384,P0ABP8
map01110,K03785,eco:b1693,P05194
map01110,K03787,eco:b2744,P0A840
map01110,K03809,eco:b1004,P0A8G6
map01110,K03841,eco:b4232,P0A993
map01110,K04022,eco:b2453,P76553
map01110,K04072,eco:b1241,P0A9Q7
map01110,K05349,eco:b2132,P33363
map01110,K05878,eco:b1200,P76015
map01110,K05887,eco:b1692,P0A6D5
map01110,K07404,eco:b0767,P52697
map01110,K08289,eco:b1849,P33221
map01110,K08591,eco:b3059,P60782
map01110,K08680,eco:b2263,P37355
map01110,K09913,eco:b0391,P0C037
map01110,K11175,eco:b2500,P08179
map01110,K11258,eco:b3769,P0ADG1
map01110,K11472,eco:b4468,P52073
map01110,K11473,eco:b4467,P52074
map01110,K11645,eco:b2097,P0A991
map01110,K11751,eco:b0480,P07024
map01110,K11752,eco:b0414,P25539
map01110,K11753,eco:b0025,P0AG40
map01110,K11755,eco:b2026,P06989
map01110,K12524,eco:b0002,P00561
map01110,K12525,eco:b3940,P00562
map01110,K12957,eco:b4269,P27250
map01110,K12972,eco:b1033,P75913
map01110,K13051,eco:b0828,P37595
map01110,K13497,eco:b1263,P00904
map01110,K13498,eco:b1262,P00909
map01110,K13574,eco:b0801,P30178
map01110,K13821,eco:b1014,P09546
map01110,K13953,eco:b1478,P39451
map01110,K13954,eco:b3589,P37686
map01110,K13979,eco:b0325,P75691
map01110,K14155,eco:b1622,P23256
map01110,K14170,eco:b2599,P0A9J8
map01110,K14187,eco:b2600,P07023
map01110,K14260,eco:b2290,P0A959
map01110,K14682,eco:b2818,P0A6C5
map01110,K15633,eco:b3612,P37689
map01110,K15634,eco:b4395,P0A7A2
map01110,K15777,eco:b3039,P24197
map01110,K16370,eco:b1723,P06999
map01110,K18800,eco:b2906,P25535
map01110,K19222,eco:b1686,P77781
map01110,K19267,eco:b4211,P39315
map01110,K20861,eco:b0844,P75809
map01110,K20862,eco:b3812,P0ADP0
map01110,K24843,eco:b3157,P64599
map01110,K24844,eco:b3158,P45527
map01110,K24845,eco:b3159,P45475
map01110,K27802,eco:b1276,P25516
map01120,K00012,eco:b2028,P76373
map01120,K00024,eco:b3236,P61889
map01120,K00029,eco:b2463,P76558
map01120,K00031,eco:b1136,P08200
map01120,K00033,eco:b2029,P00350
map01120,K00036,eco:b1852,P0AC53
map01120,K00040,eco:b1542,P77260
map01120,K00040,eco:b4323,P39160
map01120,K00041,eco:b1521,P0A6L7
map01120,K00048,eco:b2799,P0A9S1
map01120,K00058,eco:b2913,P0A9T0
map01120,K00065,eco:b2842,P37769
map01120,K00073,eco:b0517,P77555
map01120,K00074,eco:b1395,P76083
map01120,K00087,eco:b2866,Q46799
map01120,K00090,eco:b3553,P37666
map01120,K00104,eco:b2979,P0AEP9
map01120,K00116,eco:b2210,P33940
map01120,K00121,eco:b0356,P25437
map01120,K00123,eco:b3894,P32176
map01120,K00124,eco:b3893,P0AAJ5
map01120,K00127,eco:b3892,P0AEL0
map01120,K00133,eco:b3433,P0A9Q9
map01120,K00134,eco:b1779,P0A9B2
map01120,K00135,eco:b2661,P25526
map01120,K00137,eco:b1444,P77674
map01120,K00138,eco:b3588,P37685
map01120,K00146,eco:b1385,P80668
map01120,K00163,eco:b0114,P0AFG8
map01120,K00164,eco:b0726,P0AFG3
map01120,K00215,eco:b0031,P04036
map01120,K00239,eco:b0723,P0AC41
map01120,K00240,eco:b0724,P07014
map01120,K00241,eco:b0721,P69054
map01120,K00242,eco:b0722,P0AC44
map01120,K00244,eco:b4154,P00363
map01120,K00245,eco:b4153,P0AC47
map01120,K00246,eco:b4152,P0A8Q0
map01120,K00247,eco:b4151,P0A8Q3
map01120,K00262,eco:b1761,P00370
map01120,K00265,eco:b3212,P09831
map01120,K00266,eco:b3213,P09832
map01120,K00275,eco:b1638,P0AFI7
map01120,K00297,eco:b3941,P0AEZ1
map01120,K00299,eco:b0937,P80644
map01120,K00362,eco:b3365,P08201
map01120,K00363,eco:b3366,P0A9I8
map01120,K00370,eco:b1224,P09152
map01120,K00370,eco:b1468,P19319
map01120,K00371,eco:b1225,P11349
map01120,K00371,eco:b1467,P19318
map01120,K00374,eco:b1227,P11350
map01120,K00374,eco:b1465,P0AF32
map01120,K00380,eco:b2764,P38038
map01120,K00381,eco:b2763,P17846
map01120,K00382,eco:b0116,P0A9P0
map01120,K00390,eco:b2762,P17854
map01120,K00529,eco:b2542,P77650
map01120,K00600,eco:b2551,P0A825
map01120,K00615,eco:b2465,P33570
map01120,K00615,eco:b2935,P27302
map01120,K00616,eco:b0008,P0A870
map01120,K00616,eco:b2464,P0A867
map01120,K00626,eco:b2224,P76461
map01120,K00626,eco:b2844,Q46939
map01120,K00627,eco:b0115,P06959
map01120,K00632,eco:b2342,P76503
map01120,K00632,eco:b3845,P21151
map01120,K00640,eco:b3607,P0A9D4
map01120,K00651,eco:b4013,P07623
map01120,K00656,eco:b0903,P09373
map01120,K00656,eco:b3114,P42632
map01120,K00658,eco:b0727,P0AFG6
map01120,K00674,eco:b0166,P0A9D8
map01120,K00821,eco:b3359,P18335
map01120,K00823,eco:b1302,P50457
map01120,K00831,eco:b0907,P23721
map01120,K00845,eco:b2388,P0A6V8
map01120,K00848,eco:b3904,P32171
map01120,K00850,eco:b3916,P0A796
map01120,K00851,eco:b3437,P46859
map01120,K00851,eco:b4268,P39208
map01120,K00860,eco:b2750,P0A6J1
map01120,K00865,eco:b0514,P77364
map01120,K00865,eco:b3124,P23524
map01120,K00872,eco:b0003,P00547
map01120,K00873,eco:b1676,P0AD61
map01120,K00873,eco:b1854,P21599
map01120,K00874,eco:b3526,P37647
map01120,K00879,eco:b2803,P11553
map01120,K00881,eco:b4084,P32718
map01120,K00925,eco:b2296,P0A6A3
map01120,K00926,eco:b0323,P77624
map01120,K00926,eco:b0521,P37306
map01120,K00926,eco:b2874,Q46807
map01120,K00927,eco:b2926,P0A799
map01120,K00928,eco:b4024,P08660
map01120,K00948,eco:b1207,P0A717
map01120,K00956,eco:b2751,P23845
map01120,K00957,eco:b2752,P21156
map01120,K00963,eco:b1236,P0AEP3
map01120,K00963,eco:b2042,P0AAB6
map01120,K01007,eco:b1702,P23538
map01120,K01011,eco:b2521,P31142
map01120,K01034,eco:b2221,P76458
map01120,K01035,eco:b2222,P76459
map01120,K01051,eco:b0772,P46130
map01120,K01061,eco:b3830,P56262
map01120,K01070,eco:b0355,P51025
map01120,K01070,eco:b2154,P33018
map01120,K01079,eco:b4388,P0AGB0
map01120,K01082,eco:b4214,P22255
map01120,K01085,eco:b1002,P19926
map01120,K01439,eco:b2472,P0AED7
map01120,K01466,eco:b0512,P77671
map01120,K01491,eco:b0529,P24186
map01120,K01512,eco:b0968,P0AB65
map01120,K01580,eco:b1493,P69910
map01120,K01580,eco:b3517,P69908
map01120,K01582,eco:b0186,P52095
map01120,K01582,eco:b4131,P0A9H3
map01120,K01586,eco:b2838,P00861
map01120,K01595,eco:b3956,P00864
map01120,K01610,eco:b3403,P22259
map01120,K01620,eco:b0870,P75823
map01120,K01624,eco:b2925,P0AB71
map01120,K01625,eco:b1850,P0A955
map01120,K01628,eco:b2800,P0AB87
map01120,K01629,eco:b3902,P32169
map01120,K01637,eco:b4015,P0A9G6
map01120,K01638,eco:b2976,P37330
map01120,K01638,eco:b4014,P08997
map01120,K01647,eco:b0720,P0ABH7
map01120,K01659,eco:b0333,P31660
map01120,K01666,eco:b0352,P51020
map01120,K01675,eco:b1675,P0ACX5
map01120,K01676,eco:b1612,P0AC33
map01120,K01676,eco:b4122,P14407
map01120,K01679,eco:b1611,P05042
map01120,K01682,eco:b0118,P36683
map01120,K01684,eco:b4478,Q6BF17
map01120,K01685,eco:b3091,P42604
map01120,K01686,eco:b4322,P24215
map01120,K01689,eco:b2779,P0A6P9
map01120,K01690,eco:b1851,P0ADF6
map01120,K01692,eco:b1393,P76082
map01120,K01698,eco:b0369,P0ACB2
map01120,K01714,eco:b2478,P0A6L2
map01120,K01719,eco:b3804,P09126
map01120,K01720,eco:b0334,P77243
map01120,K01733,eco:b0004,P00934
map01120,K01734,eco:b0963,P0A731
map01120,K01738,eco:b2414,P0ABK5
map01120,K01739,eco:b3939,P00935
map01120,K01749,eco:b3805,P06983
map01120,K01774,eco:b2929,P11663
map01120,K01778,eco:b3809,P0A6K1
map01120,K01782,eco:b2341,P77399
map01120,K01783,eco:b3386,P0AG07
map01120,K01785,eco:b0756,P0A9C3
map01120,K01792,eco:b1780,P39173
map01120,K01803,eco:b3919,P0A858
map01120,K01807,eco:b2914,P0A7Z0
map01120,K01808,eco:b4090,P37351
map01120,K01810,eco:b4025,P0A6T1
map01120,K01812,eco:b3092,P0A8G3
map01120,K01813,eco:b3903,P32170
map01120,K01815,eco:b2843,Q46938
map01120,K01818,eco:b2802,P69922
map01120,K01821,eco:b1461,P31992
map01120,K01825,eco:b3846,P21177
map01120,K01834,eco:b0755,P62707
map01120,K01835,eco:b0688,P36938
map01120,K01845,eco:b0154,P23893
map01120,K01847,eco:b2917,P27253
map01120,K01885,eco:b2400,P04805
map01120,K01895,eco:b4069,P27550
map01120,K01902,eco:b0729,P0AGE9
map01120,K01903,eco:b0728,P0A836
map01120,K01912,eco:b1398,P76085
map01120,K01915,eco:b3870,P0A9C5
map01120,K01961,eco:b3256,P24182
map01120,K01962,eco:b0185,P0ABD5
map01120,K01963,eco:b2316,P0A9Q5
map01120,K02083,eco:b0516,P77425
map01120,K02160,eco:b3255,P0ABD8
map01120,K02302,eco:b3368,P0AEA8
map01120,K02439,eco:b3425,P0A6V5
map01120,K02446,eco:b2930,P21437
map01120,K02446,eco:b3925,P0A9C9
map01120,K02492,eco:b1210,P0A6X1
map01120,K02496,eco:b3803,P09127
map01120,K02554,eco:b0350,P77608
map01120,K02567,eco:b2206,P33937
map01120,K02568,eco:b2203,P0ABL3
map01120,K02609,eco:b1388,P76077
map01120,K02610,eco:b1389,P76078
map01120,K02611,eco:b1390,P76079
map01120,K02612,eco:b1391,P76080
map01120,K02613,eco:b1392,P76081
map01120,K02615,eco:b1397,P0C7L2
map01120,K02618,eco:b1387,P77455
map01120,K02770,eco:b2167,P20966
map01120,K02821,eco:b4195,P69820
map01120,K02822,eco:b4194,P69822
map01120,K03077,eco:b0061,P08203
map01120,K03077,eco:b3583,P37680
map01120,K03077,eco:b4198,P39306
map01120,K03078,eco:b3581,P37678
map01120,K03078,eco:b4196,P39304
map01120,K03079,eco:b3582,P37679
map01120,K03079,eco:b4197,P39305
map01120,K03186,eco:b2311,P0AG03
map01120,K03385,eco:b4070,P0ABK9
map01120,K03417,eco:b0331,P77541
map01120,K03475,eco:b4193,P39301
map01120,K03476,eco:b4192,P39300
map01120,K03532,eco:b0996,P33226
map01120,K03533,eco:b0998,P36662
map01120,K03737,eco:b1378,P52647
map01120,K03777,eco:b2133,P06149
map01120,K03778,eco:b1380,P52643
map01120,K03841,eco:b4232,P0A993
map01120,K04021,eco:b2455,P77445
map01120,K04022,eco:b2453,P76553
map01120,K04072,eco:b1241,P0A9Q7
map01120,K04073,eco:b0351,P77580
map01120,K04091,eco:b0935,P80645
map01120,K04755,eco:b2525,P0A9R4
map01120,K05275,eco:b1406,P25906
map01120,K05523,eco:b1967,P31658
map01120,K05708,eco:b2538,P0ABR5
map01120,K05709,eco:b2539,Q47140
map01120,K05710,eco:b2540,P0ABW0
map01120,K05711,eco:b2541,P0CI31
map01120,K05712,eco:b0347,P77397
map01120,K05713,eco:b0348,P0ABR9
map01120,K05714,eco:b0349,P77044
map01120,K06281,eco:b0973,P0ACD8
map01120,K06281,eco:b2994,P0ACE0
map01120,K06282,eco:b0972,P69739
map01120,K06282,eco:b2997,P69741
map01120,K07127,eco:b1970,P76341
map01120,K07248,eco:b1415,P25553
map01120,K07250,eco:b2662,P22256
map01120,K07306,eco:b0894,P18775
map01120,K07307,eco:b0895,P18776
map01120,K07308,eco:b0896,P18777
map01120,K07404,eco:b0767,P52697
map01120,K07811,eco:b0997,P33225
map01120,K07812,eco:b1872,P46923
map01120,K07821,eco:b1873,P52005
map01120,K08323,eco:b1581,P38104
map01120,K08324,eco:b1525,P76149
map01120,K08354,eco:b1670,P77409
map01120,K09251,eco:b3073,P42588
map01120,K10678,eco:b0851,P17117
map01120,K10679,eco:b0578,P38489
map01120,K10680,eco:b1650,P77258
map01120,K11177,eco:b0284,P77489
map01120,K11178,eco:b0285,P77324
map01120,K11472,eco:b4468,P52073
map01120,K11473,eco:b4467,P52074
map01120,K11645,eco:b2097,P0A991
map01120,K12524,eco:b0002,P00561
map01120,K12525,eco:b3940,P00562
map01120,K12660,eco:b2245,P76469
map01120,K12661,eco:b2247,P77215
map01120,K12957,eco:b4269,P27250
map01120,K12972,eco:b1033,P75913
map01120,K13479,eco:b2867,Q46800
map01120,K13480,eco:b2868,Q46801
map01120,K13483,eco:b0286,P77165
map01120,K13788,eco:b2297,P0A9M8
map01120,K13953,eco:b1478,P39451
map01120,K13954,eco:b3589,P37686
map01120,K13979,eco:b0325,P75691
map01120,K14977,eco:b0515,P75713
map01120,K15633,eco:b3612,P37689
map01120,K15634,eco:b4395,P0A7A2
map01120,K15736,eco:b2660,P37339
map01120,K15737,eco:b2659,P76621
map01120,K15866,eco:b1394,P77467
map01120,K16370,eco:b1723,P06999
map01120,K17195,eco:b4085,P32719
map01120,K19709,eco:b1694,P37766
map01120,K19745,eco:b3253,P26646
map01120,K20866,eco:b3885,P0A8Y3
map01120,K22015,eco:b4079,P07658
map01120,K25316,eco:b2840,P03813
map01120,K25986,eco:b1423,P76097
map01120,K26063,eco:b1687,P77748
map01120,K27802,eco:b1276,P25516
map01120,K28462,eco:b3355,P0AEX5
map01200,K00024,eco:b3236,P61889
map01200,K00027,eco:b1479,P26616
map01200,K00029,eco:b2463,P76558
map01200,K00031,eco:b1136,P08200
map01200,K00033,eco:b2029,P00350
map01200,K00036,eco:b1852,P0AC53
map01200,K00058,eco:b2913,P0A9T0
map01200,K00074,eco:b1395,P76083
map01200,K00116,eco:b2210,P33940
map01200,K00121,eco:b0356,P25437
map01200,K00123,eco:b3894,P32176
map01200,K00124,eco:b3893,P0AAJ5
map01200,K00127,eco:b3892,P0AEL0
map01200,K00134,eco:b1779,P0A9B2
map01200,K00163,eco:b0114,P0AFG8
map01200,K00164,eco:b0726,P0AFG3
map01200,K00239,eco:b0723,P0AC41
map01200,K00240,eco:b0724,P07014
map01200,K00241,eco:b0721,P69054
map01200,K00242,eco:b0722,P0AC44
map01200,K00244,eco:b4154,P00363
map01200,K00245,eco:b4153,P0AC47
map01200,K00246,eco:b4152,P0A8Q0
map01200,K00247,eco:b4151,P0A8Q3
map01200,K00281,eco:b2903,P33195
map01200,K00297,eco:b3941,P0AEZ1
map01200,K00382,eco:b0116,P0A9P0
map01200,K00600,eco:b2551,P0A825
map01200,K00605,eco:b2905,P27248
map01200,K00615,eco:b2465,P33570
map01200,K00615,eco:b2935,P27302
map01200,K00616,eco:b0008,P0A870
map01200,K00616,eco:b2464,P0A867
map01200,K00626,eco:b2224,P76461
map01200,K00626,eco:b2844,Q46939
map01200,K00627,eco:b0115,P06959
map01200,K00640,eco:b3607,P0A9D4
map01200,K00658,eco:b0727,P0AFG6
map01200,K00831,eco:b0907,P23721
map01200,K00845,eco:b2388,P0A6V8
map01200,K00850,eco:b3916,P0A796
map01200,K00851,eco:b3437,P46859
map01200,K00851,eco:b4268,P39208
map01200,K00873,eco:b1676,P0AD61
map01200,K00873,eco:b1854,P21599
map01200,K00874,eco:b3526,P37647
map01200,K00925,eco:b2296,P0A6A3
map01200,K00926,eco:b0323,P77624
map01200,K00926,eco:b0521,P37306
map01200,K00926,eco:b2874,Q46807
map01200,K00927,eco:b2926,P0A799
map01200,K00948,eco:b1207,P0A717
map01200,K01007,eco:b1702,P23538
map01200,K01070,eco:b0355,P51025
map01200,K01070,eco:b2154,P33018
map01200,K01079,eco:b4388,P0AGB0
map01200,K01491,eco:b0529,P24186
map01200,K01595,eco:b3956,P00864
map01200,K01610,eco:b3403,P22259
map01200,K01624,eco:b2925,P0AB71
map01200,K01625,eco:b1850,P0A955
map01200,K01637,eco:b4015,P0A9G6
map01200,K01638,eco:b2976,P37330
map01200,K01638,eco:b4014,P08997
map01200,K01647,eco:b0720,P0ABH7
map01200,K01659,eco:b0333,P31660
map01200,K01676,eco:b1612,P0AC33
map01200,K01676,eco:b4122,P14407
map01200,K01679,eco:b1611,P05042
map01200,K01682,eco:b0118,P36683
map01200,K01689,eco:b2779,P0A6P9
map01200,K01690,eco:b1851,P0ADF6
map01200,K01720,eco:b0334,P77243
map01200,K01738,eco:b2414,P0ABK5
map01200,K01752,eco:b1814,P16095
map01200,K01752,eco:b2797,P30744
map01200,K01752,eco:b4471,P42630
map01200,K01754,eco:b3117,P0AGF6
map01200,K01754,eco:b3772,P04968
map01200,K01782,eco:b2341,P77399
map01200,K01783,eco:b3386,P0AG07
map01200,K01803,eco:b3919,P0A858
map01200,K01807,eco:b2914,P0A7Z0
map01200,K01808,eco:b4090,P37351
map01200,K01810,eco:b4025,P0A6T1
map01200,K01825,eco:b3846,P21177
map01200,K01834,eco:b0755,P62707
map01200,K01847,eco:b2917,P27253
map01200,K01895,eco:b4069,P27550
map01200,K01902,eco:b0729,P0AGE9
map01200,K01903,eco:b0728,P0A836
map01200,K01961,eco:b3256,P24182
map01200,K01962,eco:b0185,P0ABD5
map01200,K01963,eco:b2316,P0A9Q5
map01200,K02160,eco:b3255,P0ABD8
map01200,K02437,eco:b2904,P0A6T9
map01200,K02446,eco:b2930,P21437
map01200,K02446,eco:b3925,P0A9C9
map01200,K03417,eco:b0331,P77541
map01200,K03737,eco:b1378,P52647
map01200,K03781,eco:b1732,P21179
map01200,K03841,eco:b4232,P0A993
map01200,K07404,eco:b0767,P52697
map01200,K08318,eco:b3882,P0A9V8
map01200,K11645,eco:b2097,P0A991
map01200,K13788,eco:b2297,P0A9M8
map01200,K15633,eco:b3612,P37689
map01200,K15634,eco:b4395,P0A7A2
map01200,K16370,eco:b1723,P06999
map01200,K22015,eco:b4079,P07658
map01200,K27802,eco:b1276,P25516
map01200,K28462,eco:b3355,P0AEX5
map00020,K00024,eco:b3236,P61889
map00020,K00031,eco:b1136,P08200
map00020,K00116,eco:b2210,P33940
map00020,K00163,eco:b0114,P0AFG8
map00020,K00164,eco:b0726,P0AFG3
map00020,K00239,eco:b0723,P0AC41
map00020,K00240,eco:b0724,P07014
map00020,K00241,eco:b0721,P69054
map00020,K00242,eco:b0722,P0AC44
map00020,K00244,eco:b4154,P00363
map00020,K00245,eco:b4153,P0AC47
map00020,K00246,eco:b4152,P0A8Q0
map00020,K00247,eco:b4151,P0A8Q3
map00020,K00382,eco:b0116,P0A9P0
map00020,K00627,eco:b0115,P06959
map00020,K00658,eco:b0727,P0AFG6
map00020,K01610,eco:b3403,P22259
map00020,K01647,eco:b0720,P0ABH7
map00020,K01659,eco:b0333,P31660
map00020,K01675,eco:b1675,P0ACX5
map00020,K01676,eco:b1612,P0AC33
map00020,K01676,eco:b4122,P14407
map00020,K01679,eco:b1611,P05042
map00020,K01682,eco:b0118,P36683
map00020,K01774,eco:b2929,P11663
map00020,K01902,eco:b0729,P0AGE9
map00020,K01903,eco:b0728,P0A836
map00020,K03737,eco:b1378,P52647
map00020,K27802,eco:b1276,P25516
map00190,K00239,eco:b0723,P0AC41
map00190,K00240,eco:b0724,P07014
map00190,K00241,eco:b0721,P69054
map00190,K00242,eco:b0722,P0AC44
map00190,K00244,eco:b4154,P00363
map00190,K00245,eco:b4153,P0AC47
map00190,K00246,eco:b4152,P0A8Q0
map00190,K00247,eco:b4151,P0A8Q3
map00190,K00330,eco:b2288,P0AFC3
map00190,K00331,eco:b2287,P0AFC7
map00190,K00334,eco:b2285,P0AFD1
map00190,K00335,eco:b2284,P31979
map00190,K00336,eco:b2283,P33602
map00190,K00337,eco:b2282,P0AFD4
map00190,K00338,eco:b2281,P0AFD6
map00190,K00339,eco:b2280,P0AFE0
map00190,K00340,eco:b2279,P0AFE4
map00190,K00341,eco:b2278,P33607
map00190,K00342,eco:b2277,P0AFE8
map00190,K00343,eco:b2276,P0AFF0
map00190,K00424,eco:b4515,P56100
map00190,K00425,eco:b0733,P0ABJ9
map00190,K00425,eco:b0978,P26459
map00190,K00426,eco:b0734,P0ABK2
map00190,K00426,eco:b0979,P26458
map00190,K00937,eco:b2501,P0A7B1
map00190,K01507,eco:b4226,P0A7A9
map00190,K02108,eco:b3738,P0AB98
map00190,K02109,eco:b3736,P0ABA0
map00190,K02110,eco:b3737,P68699
map00190,K02111,eco:b3734,P0ABB0
map00190,K02112,eco:b3732,P0ABB4
map00190,K02113,eco:b3735,P0ABA4
map00190,K02114,eco:b3731,P0A6E6
map00190,K02115,eco:b3733,P0ABA6
map00190,K02257,eco:b0428,P0AEA5
map00190,K02297,eco:b0432,P0ABJ1
map00190,K02298,eco:b0431,P0ABI8
map00190,K02299,eco:b0430,P0ABJ3
map00190,K02300,eco:b0429,P0ABJ6
map00190,K03885,eco:b1109,P00393
map00190,K13378,eco:b2286,P33599
map00190,K22501,eco:b4592,P24244
map00620,K00024,eco:b3236,P61889
map00620,K00027,eco:b1479,P26616
map00620,K00029,eco:b2463,P76558
map00620,K00090,eco:b3553,P37666
map00620,K00101,eco:b3605,P33232
map00620,K00116,eco:b2210,P33940
map00620,K00121,eco:b0356,P25437
map00620,K00138,eco:b3588,P37685
map00620,K00156,eco:b0871,P07003
map00620,K00163,eco:b0114,P0AFG8
map00620,K00244,eco:b4154,P00363
map00620,K00245,eco:b4153,P0AC47
map00620,K00246,eco:b4152,P0A8Q0
map00620,K00247,eco:b4151,P0A8Q3
map00620,K00382,eco:b0116,P0A9P0
map00620,K00626,eco:b2224,P76461
map00620,K00626,eco:b2844,Q46939
map00620,K00627,eco:b0115,P06959
map00620,K00656,eco:b0903,P09373
map00620,K00656,eco:b3114,P42632
map00620,K00873,eco:b1676,P0AD61
map00620,K00873,eco:b1854,P21599
map00620,K00925,eco:b2296,P0A6A3
map00620,K01007,eco:b1702,P23538
map00620,K01069,eco:b0212,P0AC84
map00620,K01069,eco:b0927,P75849
map00620,K01512,eco:b0968,P0AB65
map00620,K01595,eco:b3956,P00864
map00620,K01610,eco:b3403,P22259
map00620,K01638,eco:b2976,P37330
map00620,K01638,eco:b4014,P08997
map00620,K01649,eco:b0074,P09151
map00620,K01675,eco:b1675,P0ACX5
map00620,K01676,eco:b1612,P0AC33
map00620,K01676,eco:b4122,P14407
map00620,K01679,eco:b1611,P05042
map00620,K01759,eco:b1651,P0AC81
map00620,K01774,eco:b2929,P11663
map00620,K01895,eco:b4069,P27550
map00620,K01961,eco:b3256,P24182
map00620,K01962,eco:b0185,P0ABD5
map00620,K01963,eco:b2316,P0A9Q5
map00620,K02160,eco:b3255,P0ABD8
map00620,K03737,eco:b1378,P52647
map00620,K03777,eco:b2133,P06149
map00620,K03778,eco:b1380,P52643
map00620,K04020,eco:b2458,P77218
map00620,K04021,eco:b2455,P77445
map00620,K04022,eco:b2453,P76553
map00620,K04072,eco:b1241,P0A9Q7
map00620,K04073,eco:b0351,P77580
map00620,K05523,eco:b1967,P31658
map00620,K07248,eco:b1415,P25553
map00620,K12957,eco:b4269,P27250
map00620,K12972,eco:b1033,P75913
map00620,K13788,eco:b2297,P0A9M8
map00620,K13953,eco:b1478,P39451
map00620,K13954,eco:b3589,P37686
map00620,K13979,eco:b0325,P75691
map00650,K00074,eco:b1395,P76083
map00650,K00135,eco:b2661,P25526
map00650,K00239,eco:b0723,P0AC41
map00650,K00240,eco:b0724,P07014
map00650,K00241,eco:b0721,P69054
map00650,K00242,eco:b0722,P0AC44
map00650,K00244,eco:b4154,P00363
map00650,K00245,eco:b4153,P0AC47
map00650,K00246,eco:b4152,P0A8Q0
map00650,K00247,eco:b4151,P0A8Q3
map00650,K00626,eco:b2224,P76461
map00650,K00626,eco:b2844,Q46939
map00650,K00656,eco:b0903,P09373
map00650,K00656,eco:b3114,P42632
map00650,K00823,eco:b1302,P50457
map00650,K01034,eco:b2221,P76458
map00650,K01035,eco:b2222,P76459
map00650,K01580,eco:b1493,P69910
map00650,K01580,eco:b3517,P69908
map00650,K01652,eco:b0077,P00893
map00650,K01652,eco:b3671,P08142
map00650,K01653,eco:b0078,P00894
map00650,K01653,eco:b3670,P0ADF8
map00650,K01692,eco:b1393,P76082
map00650,K01782,eco:b2341,P77399
map00650,K01825,eco:b3846,P21177
map00650,K03737,eco:b1378,P52647
map00650,K04072,eco:b1241,P0A9Q7
map00650,K04073,eco:b0351,P77580
map00650,K07246,eco:b1800,P76251
map00650,K07250,eco:b2662,P22256
map00650,K08318,eco:b3882,P0A9V8
map00650,K08324,eco:b1525,P76149
map00650,K11258,eco:b3769,P0ADG1
map00650,K19709,eco:b1694,P37766
map00720,K00024,eco:b3236,P61889
map00720,K00031,eco:b1136,P08200
map00720,K00239,eco:b0723,P0AC41
map00720,K00240,eco:b0724,P07014
map00720,K00241,eco:b0721,P69054
map00720,K00242,eco:b0722,P0AC44
map00720,K00244,eco:b4154,P00363
map00720,K00245,eco:b4153,P0AC47
map00720,K00246,eco:b4152,P0A8Q0
map00720,K00247,eco:b4151,P0A8Q3
map00720,K00297,eco:b3941,P0AEZ1
map00720,K00626,eco:b2224,P76461
map00720,K00626,eco:b2844,Q46939
map00720,K00925,eco:b2296,P0A6A3
map00720,K01007,eco:b1702,P23538
map00720,K01491,eco:b0529,P24186
map00720,K01595,eco:b3956,P00864
map00720,K01675,eco:b1675,P0ACX5
map00720,K01676,eco:b1612,P0AC33
map00720,K01676,eco:b4122,P14407
map00720,K01679,eco:b1611,P05042
map00720,K01682,eco:b0118,P36683
map00720,K01774,eco:b2929,P11663
map00720,K01847,eco:b2917,P27253
map00720,K01895,eco:b4069,P27550
map00720,K01902,eco:b0729,P0AGE9
map00720,K01903,eco:b0728,P0A836
map00720,K01961,eco:b3256,P24182
map00720,K01962,eco:b0185,P0ABD5
map00720,K01963,eco:b2316,P0A9Q5
map00720,K02160,eco:b3255,P0ABD8
map00720,K03737,eco:b1378,P52647
map00720,K13788,eco:b2297,P0A9M8
map00720,K22015,eco:b4079,P07658
map00720,K27802,eco:b1276,P25516
map02020,K00027,eco:b1479,P26616
map02020,K00244,eco:b4154,P00363
map02020,K00245,eco:b4153,P0AC47
map02020,K00246,eco:b4152,P0A8Q0
map02020,K00247,eco:b4151,P0A8Q3
map02020,K00370,eco:b1224,P09152
map02020,K00370,eco:b1468,P19319
map02020,K00371,eco:b1225,P11349
map02020,K00371,eco:b1467,P19318
map02020,K00373,eco:b1226,P0AF26
map02020,K00373,eco:b1466,P19317
map02020,K00374,eco:b1227,P11350
map02020,K00374,eco:b1465,P0AF32
map02020,K00424,eco:b4515,P56100
map02020,K00425,eco:b0733,P0ABJ9
map02020,K00425,eco:b0978,P26459
map02020,K00426,eco:b0734,P0ABK2
map02020,K00426,eco:b0979,P26458
map02020,K00575,eco:b1884,P07364
map02020,K00626,eco:b2224,P76461
map02020,K00626,eco:b2844,Q46939
map02020,K00990,eco:b0167,P27249
map02020,K01034,eco:b2221,P76458
map02020,K01035,eco:b2222,P76459
map02020,K01051,eco:b0772,P46130
map02020,K01077,eco:b0383,P00634
map02020,K01425,eco:b0485,P77454
map02020,K01425,eco:b1524,P0A6W0
map02020,K01467,eco:b4150,P00811
map02020,K01545,eco:b4513,P36937
map02020,K01546,eco:b0698,P03959
map02020,K01547,eco:b0697,P03960
map02020,K01548,eco:b0696,P03961
map02020,K01643,eco:b0615,P75726
map02020,K01644,eco:b0616,P0A9I1
map02020,K01646,eco:b0617,P69330
map02020,K01791,eco:b3786,P27828
map02020,K01910,eco:b0618,P77390
map02020,K01915,eco:b3870,P0A9C5
map02020,K01991,eco:b0983,P0A932
map02020,K01991,eco:b2062,P0A930
map02020,K02040,eco:b3728,P0AG82
map02020,K02106,eco:b2223,P76460
map02020,K02313,eco:b3702,P03004
map02020,K02398,eco:b1071,P0AEM4
map02020,K02402,eco:b1891,P0ABY7
map02020,K02403,eco:b1892,P0A8S9
map02020,K02405,eco:b1922,P0AEM6
map02020,K02406,eco:b1923,P04949
map02020,K02472,eco:b3787,P27829
map02020,K02556,eco:b1890,P09348
map02020,K03092,eco:b3202,P24255
map02020,K03408,eco:b1887,P0A964
map02020,K03412,eco:b1883,P07330
map02020,K03413,eco:b1882,P0AE67
map02020,K03532,eco:b0996,P33226
map02020,K03533,eco:b0998,P36662
map02020,K03563,eco:b2696,P69913
map02020,K03620,eco:b0974,P0AAM1
map02020,K03776,eco:b3072,P50466
map02020,K04751,eco:b2553,P0A9Z1
map02020,K04771,eco:b0161,P0C0V0
map02020,K05874,eco:b4355,P02942
map02020,K05875,eco:b1886,P07017
map02020,K05876,eco:b1421,P05704
map02020,K05877,eco:b1885,P07018
map02020,K05964,eco:b0614,P0A6G5
map02020,K05966,eco:b0613,P77231
map02020,K06080,eco:b0196,P69411
map02020,K06281,eco:b0973,P0ACD8
map02020,K06281,eco:b2994,P0ACE0
map02020,K06282,eco:b0972,P69739
map02020,K06282,eco:b2997,P69741
map02020,K07165,eco:b4292,P23485
map02020,K07346,eco:b0939,P75856
map02020,K07346,eco:b3143,P42914
map02020,K07346,eco:b4316,P31697
map02020,K07347,eco:b0139,P33129
map02020,K07347,eco:b0940,P75857
map02020,K07347,eco:b2109,P33341
map02020,K07347,eco:b3144,P42915
map02020,K07347,eco:b4317,P30130
map02020,K07636,eco:b0400,P08400
map02020,K07637,eco:b1129,P23837
map02020,K07638,eco:b3404,P0AEJ4
map02020,K07639,eco:b1609,P18392
map02020,K07640,eco:b3911,P0AE82
map02020,K07641,eco:b4399,P08401
map02020,K07642,eco:b2078,P30847
map02020,K07643,eco:b4112,P30844
map02020,K07644,eco:b0570,P77485
map02020,K07645,eco:b3026,P40719
map02020,K07646,eco:b0695,P21865
map02020,K07647,eco:b0993,P39453
map02020,K07648,eco:b3210,P0AEC3
map02020,K07657,eco:b0399,P0AFJ5
map02020,K07659,eco:b3405,P0AA16
map02020,K07660,eco:b1130,P23836
map02020,K07661,eco:b1608,P52108
map02020,K07662,eco:b3912,P0AE88
map02020,K07663,eco:b4398,P08368
map02020,K07664,eco:b2079,P69228
map02020,K07665,eco:b0571,P0ACZ8
map02020,K07666,eco:b3025,P52076
map02020,K07667,eco:b0694,P21866
map02020,K07673,eco:b1222,P0AFA2
map02020,K07674,eco:b2469,P27896
map02020,K07675,eco:b3668,P09835
map02020,K07676,eco:b2216,P39838
map02020,K07677,eco:b2218,P0DMC5
map02020,K07678,eco:b2786,P0AEC5
map02020,K07679,eco:b2370,P30855
map02020,K07684,eco:b1221,P0AF28
map02020,K07685,eco:b2193,P31802
map02020,K07686,eco:b3669,P0AGA6
map02020,K07687,eco:b2217,P0DMC7
map02020,K07688,eco:b0535,P0AEL8
map02020,K07689,eco:b1914,P0AED5
map02020,K07690,eco:b2369,P0ACZ4
map02020,K07700,eco:b0619,P77510
map02020,K07701,eco:b4125,P0AEC8
map02020,K07702,eco:b0620,P0AEF4
map02020,K07703,eco:b4124,P0AD01
map02020,K07708,eco:b3869,P0AFB5
map02020,K07709,eco:b4003,P14377
map02020,K07710,eco:b2219,Q06067
map02020,K07711,eco:b2556,P52101
map02020,K07712,eco:b3868,P0AFB8
map02020,K07713,eco:b4004,P14375
map02020,K07714,eco:b2220,Q06065
map02020,K07715,eco:b2554,P0AFU4
map02020,K07771,eco:b4113,P30843
map02020,K07772,eco:b0995,P38684
map02020,K07773,eco:b4401,P0A9Q1
map02020,K07780,eco:b0564,P05052
map02020,K07781,eco:b1951,P0DMC9
map02020,K07782,eco:b1916,P07026
map02020,K07783,eco:b3667,P09836
map02020,K07784,eco:b3666,P0AGC0
map02020,K07786,eco:b2367,P52600
map02020,K07787,eco:b0575,P38054
map02020,K07788,eco:b2075,P76398
map02020,K07789,eco:b2076,P76399
map02020,K07792,eco:b4123,P0ABN9
map02020,K07796,eco:b0572,P77211
map02020,K07797,eco:b2368,P52599
map02020,K07798,eco:b0574,P77239
map02020,K07799,eco:b2074,P76397
map02020,K07803,eco:b4002,P0AAA9
map02020,K07806,eco:b2253,P77690
map02020,K07810,eco:b0573,P77214
map02020,K07811,eco:b0997,P33225
map02020,K08177,eco:b3547,P37662
map02020,K08348,eco:b1474,P24183
map02020,K08349,eco:b1475,P0AAJ3
map02020,K08350,eco:b1476,P0AEK7
map02020,K08641,eco:b1488,P77790
map02020,K09475,eco:b2215,P06996
map02020,K09476,eco:b0929,P02931
map02020,K09477,eco:b0612,P0AE74
map02020,K10001,eco:b0655,P37902
map02020,K10002,eco:b0653,P0AER5
map02020,K10003,eco:b0654,P0AER3
map02020,K10004,eco:b0652,P0AAG3
map02020,K10914,eco:b3357,P0ACJ8
map02020,K11103,eco:b3528,P0A830
map02020,K11688,eco:b3579,P37676
map02020,K11689,eco:b3577,P37674
map02020,K11690,eco:b3578,P37675
map02020,K12340,eco:b3035,P02930
map02020,K16692,eco:b0981,P38134
map02020,K16692,eco:b2060,P76387
map02020,K18324,eco:b2470,P24177
map02020,K18326,eco:b2077,P36554
map02020,K19611,eco:b0584,P05825
map02020,K22501,eco:b4592,P24244
map02020,K23236,eco:b1500,P76136
map02020,K23514,eco:b4293,P23484
map02020,K23676,eco:b4354,P39396
map02020,K25307,eco:b0982,P0ACZ2
map02020,K25307,eco:b2061,P0AAB2
map02020,K25864,eco:b3096,P42615
map02020,K27882,eco:b2126,P0AD14
map02020,K27883,eco:b2125,P0AFT5
map02020,K27884,eco:b2380,P0AA93
map02020,K27885,eco:b2381,P0AE39
map00220,K00145,eco:b3958,P11446
map00220,K00262,eco:b1761,P00370
map00220,K00611,eco:b0273,P06960
map00220,K00611,eco:b4254,P04391
map00220,K00813,eco:b0928,P00509
map00220,K00821,eco:b3359,P18335
map00220,K00926,eco:b0323,P77624
map00220,K00926,eco:b0521,P37306
map00220,K00926,eco:b2874,Q46807
map00220,K00930,eco:b3959,P0A6C8
map00220,K01425,eco:b0485,P77454
map00220,K01425,eco:b1524,P0A6W0
map00220,K01438,eco:b3957,P23908
map00220,K01755,eco:b3960,P11447
map00220,K01915,eco:b3870,P0A9C5
map00220,K01940,eco:b3172,P0A6E4
map00220,K01955,eco:b0033,P00968
map00220,K01956,eco:b0032,P0A6F1
map00220,K14260,eco:b2290,P0A959
map00220,K14682,eco:b2818,P0A6C5
map00250,K00135,eco:b2661,P25526
map00250,K00262,eco:b1761,P00370
map00250,K00265,eco:b3212,P09831
map00250,K00266,eco:b3213,P09832
map00250,K00278,eco:b2574,P10902
map00250,K00609,eco:b4245,P0A786
map00250,K00610,eco:b4244,P0A7F3
map00250,K00764,eco:b2312,P0AG16
map00250,K00813,eco:b0928,P00509
map00250,K00820,eco:b3729,P17169
map00250,K00823,eco:b1302,P50457
map00250,K01424,eco:b1767,P0A962
map00250,K01424,eco:b2957,P00805
map00250,K01425,eco:b0485,P77454
map00250,K01425,eco:b1524,P0A6W0
map00250,K01580,eco:b1493,P69910
map00250,K01580,eco:b3517,P69908
map00250,K01744,eco:b4139,P0AC38
map00250,K01755,eco:b3960,P11447
map00250,K01756,eco:b1131,P0AB89
map00250,K01914,eco:b3744,P00963
map00250,K01915,eco:b3870,P0A9C5
map00250,K01939,eco:b4177,P0A7D4
map00250,K01940,eco:b3172,P0A6E4
map00250,K01953,eco:b0674,P22106
map00250,K01955,eco:b0033,P00968
map00250,K01956,eco:b0032,P0A6F1
map00250,K07250,eco:b2662,P22256
map00250,K08324,eco:b1525,P76149
map00250,K13051,eco:b0828,P37595
map00250,K13566,eco:b0219,Q47679
map00250,K13821,eco:b1014,P09546
map00250,K14260,eco:b2290,P0A959
map00910,K00262,eco:b1761,P00370
map00910,K00265,eco:b3212,P09831
map00910,K00266,eco:b3213,P09832
map00910,K00362,eco:b3365,P08201
map00910,K00363,eco:b3366,P0A9I8
map00910,K00370,eco:b1224,P09152
map00910,K00370,eco:b1468,P19319
map00910,K00371,eco:b1225,P11349
map00910,K00371,eco:b1467,P19318
map00910,K00374,eco:b1227,P11350
map00910,K00374,eco:b1465,P0AF32
map00910,K00926,eco:b0323,P77624
map00910,K00926,eco:b0521,P37306
map00910,K00926,eco:b2874,Q46807
map00910,K01673,eco:b0126,P61517
map00910,K01673,eco:b0339,P0ABE9
map00910,K01725,eco:b0340,P00816
map00910,K01915,eco:b3870,P0A9C5
map00910,K02567,eco:b2206,P33937
map00910,K02568,eco:b2203,P0ABL3
map00910,K02575,eco:b1223,P10903
map00910,K02575,eco:b1469,P37758
map00910,K03385,eco:b4070,P0ABK9
map00910,K05601,eco:b0873,P75825
map04146,K00031,eco:b1136,P08200
map04146,K01897,eco:b1805,P69451
map04146,K03426,eco:b3996,P32664
map04146,K03781,eco:b1732,P21179
map04146,K04564,eco:b1656,P0AGD3
map04146,K04564,eco:b3908,P00448
map04146,K04565,eco:b1646,P0AGD1
map00230,K00073,eco:b0517,P77555
map00230,K00087,eco:b2866,Q46799
map00230,K00088,eco:b2508,P0ADG7
map00230,K00364,eco:b0104,P60560
map00230,K00525,eco:b2234,P00452
map00230,K00525,eco:b2675,P39452
map00230,K00526,eco:b2235,P69924
map00230,K00526,eco:b2676,P37146
map00230,K00602,eco:b4006,P15639
map00230,K00759,eco:b0469,P69503
map00230,K00760,eco:b0125,P0A9M2
map00230,K00764,eco:b2312,P0AG16
map00230,K00769,eco:b0238,P0A9M5
map00230,K00860,eco:b2750,P0A6J1
map00230,K00892,eco:b0477,P0AEW6
map00230,K00926,eco:b0323,P77624
map00230,K00926,eco:b0521,P37306
map00230,K00926,eco:b2874,Q46807
map00230,K00939,eco:b0474,P69441
map00230,K00940,eco:b2518,P0A763
map00230,K00942,eco:b3648,P60546
map00230,K00948,eco:b1207,P0A717
map00230,K00951,eco:b2784,P0AG20
map00230,K00956,eco:b2751,P23845
map00230,K00957,eco:b2752,P21156
map00230,K01119,eco:b4213,P08331
map00230,K01129,eco:b0160,P15723
map00230,K01139,eco:b3650,P0AG24
map00230,K01241,eco:b1982,P0AE12
map00230,K01466,eco:b0512,P77671
map00230,K01483,eco:b0505,P77731
map00230,K01486,eco:b3665,P31441
map00230,K01487,eco:b2883,P76641
map00230,K01488,eco:b1623,P22333
map00230,K01515,eco:b3034,Q93K97
map00230,K01519,eco:b2954,P52061
map00230,K01524,eco:b2502,P0AFL6
map00230,K01524,eco:b3779,P25552
map00230,K01525,eco:b0049,P05637
map00230,K01529,eco:b4394,P39411
map00230,K01588,eco:b0523,P0AG18
map00230,K01589,eco:b0522,P09029
map00230,K01756,eco:b1131,P0AB89
map00230,K01835,eco:b0688,P36938
map00230,K01839,eco:b3380,P45549
map00230,K01839,eco:b4383,P0A6K6
map00230,K01923,eco:b2476,P0A7D7
map00230,K01933,eco:b2499,P08178
map00230,K01939,eco:b4177,P0A7D4
map00230,K01945,eco:b4005,P15640
map00230,K01951,eco:b2507,P04079
map00230,K01952,eco:b2557,P15254
map00230,K02083,eco:b0516,P77425
map00230,K02566,eco:b0675,P0AF24
map00230,K03651,eco:b3032,P0AEW4
map00230,K03783,eco:b2407,P45563
map00230,K03784,eco:b4384,P0ABP8
map00230,K03787,eco:b2744,P0A840
map00230,K04765,eco:b2781,P0AEY3
map00230,K05810,eco:b2593,P33644
map00230,K05851,eco:b3806,P00936
map00230,K06952,eco:b2361,P76514
map00230,K06966,eco:b2795,P0ADR8
map00230,K07127,eco:b1970,P76341
map00230,K08289,eco:b1849,P33221
map00230,K08312,eco:b3397,P45799
map00230,K08722,eco:b2291,P76491
map00230,K09913,eco:b0391,P0C037
map00230,K11175,eco:b2500,P08179
map00230,K11177,eco:b0284,P77489
map00230,K11178,eco:b0285,P77324
map00230,K11751,eco:b0480,P07024
map00230,K13479,eco:b2867,Q46800
map00230,K13480,eco:b2868,Q46801
map00230,K13483,eco:b0286,P77165
map00230,K14977,eco:b0515,P75713
map00230,K20881,eco:b3399,P64636
map00230,K21636,eco:b4238,P28903
map00240,K00254,eco:b0945,P0A7E1
map00240,K00525,eco:b2234,P00452
map00240,K00525,eco:b2675,P39452
map00240,K00526,eco:b2235,P69924
map00240,K00526,eco:b2676,P37146
map00240,K00560,eco:b2827,P0A884
map00240,K00609,eco:b4245,P0A786
map00240,K00610,eco:b4244,P0A7F3
map00240,K00757,eco:b3831,P12758
map00240,K00758,eco:b4382,P07650
map00240,K00761,eco:b2498,P0A8F0
map00240,K00762,eco:b3642,P0A7E3
map00240,K00857,eco:b1238,P23331
map00240,K00876,eco:b2066,P0A8F4
map00240,K00940,eco:b2518,P0A763
map00240,K00943,eco:b1098,P0A720
map00240,K00945,eco:b0910,P0A6I0
map00240,K01119,eco:b4213,P08331
map00240,K01250,eco:b0651,P41409
map00240,K01464,eco:b2873,Q46806
map00240,K01465,eco:b1062,P05020
map00240,K01485,eco:b0337,P25524
map00240,K01489,eco:b2143,P0ABF6
map00240,K01494,eco:b2065,P28248
map00240,K01520,eco:b3640,P06968
map00240,K01591,eco:b1281,P08244
map00240,K01937,eco:b2780,P0A7E5
map00240,K01955,eco:b0033,P00968
map00240,K01956,eco:b0032,P0A6F1
map00240,K02566,eco:b0675,P0AF24
map00240,K03787,eco:b2744,P0A840
map00240,K04765,eco:b2781,P0AEY3
map00240,K06287,eco:b3248,P25536
map00240,K06952,eco:b2361,P76514
map00240,K06966,eco:b2795,P0ADR8
map00240,K07043,eco:b3085,P42597
map00240,K08320,eco:b1759,P77788
map00240,K08722,eco:b2291,P76491
map00240,K08723,eco:b4374,P0A8Y1
map00240,K09018,eco:b1012,P75898
map00240,K09019,eco:b1008,P75894
map00240,K09020,eco:b1011,P75897
map00240,K09021,eco:b1010,P0AFQ5
map00240,K09023,eco:b1009,P75895
map00240,K09024,eco:b1007,P75893
map00240,K09903,eco:b0171,P0A7E9
map00240,K09913,eco:b0391,P0C037
map00240,K10213,eco:b2162,P33022
map00240,K11751,eco:b0480,P07024
map00240,K12700,eco:b0030,P22564
map00240,K16066,eco:b1539,P39831
map00240,K16328,eco:b2166,P30235
map00240,K16329,eco:b2165,P33025
map00240,K17722,eco:b2146,P76440
map00240,K17723,eco:b2147,P25889
map00240,K21636,eco:b4238,P28903
map01232,K00087,eco:b2866,Q46799
map01232,K00088,eco:b2508,P0ADG7
map01232,K00364,eco:b0104,P60560
map01232,K00525,eco:b2234,P00452
map01232,K00525,eco:b2675,P39452
map01232,K00526,eco:b2235,P69924
map01232,K00526,eco:b2676,P37146
map01232,K00560,eco:b2827,P0A884
map01232,K00757,eco:b3831,P12758
map01232,K00758,eco:b4382,P07650
map01232,K00759,eco:b0469,P69503
map01232,K00760,eco:b0125,P0A9M2
map01232,K00761,eco:b2498,P0A8F0
map01232,K00769,eco:b0238,P0A9M5
map01232,K00857,eco:b1238,P23331
map01232,K00876,eco:b2066,P0A8F4
map01232,K00892,eco:b0477,P0AEW6
map01232,K00939,eco:b0474,P69441
map01232,K00940,eco:b2518,P0A763
map01232,K00942,eco:b3648,P60546
map01232,K00943,eco:b1098,P0A720
map01232,K00945,eco:b0910,P0A6I0
map01232,K01129,eco:b0160,P15723
map01232,K01241,eco:b1982,P0AE12
map01232,K01250,eco:b0651,P41409
map01232,K01485,eco:b0337,P25524
map01232,K01486,eco:b3665,P31441
map01232,K01487,eco:b2883,P76641
map01232,K01488,eco:b1623,P22333
map01232,K01489,eco:b2143,P0ABF6
map01232,K01494,eco:b2065,P28248
map01232,K01519,eco:b2954,P52061
map01232,K01520,eco:b3640,P06968
map01232,K01529,eco:b4394,P39411
map01232,K01756,eco:b1131,P0AB89
map01232,K01937,eco:b2780,P0A7E5
map01232,K01939,eco:b4177,P0A7D4
map01232,K01951,eco:b2507,P04079
map01232,K02566,eco:b0675,P0AF24
map01232,K03783,eco:b2407,P45563
map01232,K03784,eco:b4384,P0ABP8
map01232,K03787,eco:b2744,P0A840
map01232,K04765,eco:b2781,P0AEY3
map01232,K05810,eco:b2593,P33644
map01232,K06287,eco:b3248,P25536
map01232,K06952,eco:b2361,P76514
map01232,K06966,eco:b2795,P0ADR8
map01232,K07043,eco:b3085,P42597
map01232,K08320,eco:b1759,P77788
map01232,K08722,eco:b2291,P76491
map01232,K08723,eco:b4374,P0A8Y1
map01232,K09903,eco:b0171,P0A7E9
map01232,K09913,eco:b0391,P0C037
map01232,K10213,eco:b2162,P33022
map01232,K11177,eco:b0284,P77489
map01232,K11178,eco:b0285,P77324
map01232,K11751,eco:b0480,P07024
map01232,K12700,eco:b0030,P22564
map01232,K13479,eco:b2867,Q46800
map01232,K13480,eco:b2868,Q46801
map01232,K13483,eco:b0286,P77165
map01232,K20881,eco:b3399,P64636
map01232,K21636,eco:b4238,P28903
map00500,K00688,eco:b3417,P00490
map00500,K00688,eco:b3428,P0AC86
map00500,K00694,eco:b3533,P37653
map00500,K00697,eco:b1896,P31677
map00500,K00700,eco:b3432,P07762
map00500,K00703,eco:b3429,P0A6U8
map00500,K00705,eco:b3416,P15977
map00500,K00845,eco:b2388,P0A6V8
map00500,K00847,eco:b0394,P23917
map00500,K00963,eco:b1236,P0AEP3
map00500,K00963,eco:b2042,P0AAB6
map00500,K00975,eco:b3430,P0A6V1
map00500,K01087,eco:b1897,P31678
map00500,K01176,eco:b1927,P26612
map00500,K01176,eco:b3571,P25718
map00500,K01187,eco:b0403,P21517
map00500,K01194,eco:b1197,P13482
map00500,K01194,eco:b3519,P62601
map00500,K01222,eco:b1734,P17411
map00500,K01223,eco:b2716,P24240
map00500,K01223,eco:b2901,Q46829
map00500,K01223,eco:b3721,P11988
map00500,K01226,eco:b4239,P28904
map00500,K01810,eco:b4025,P0A6T1
map00500,K01835,eco:b0688,P36938
map00500,K01838,eco:b1317,P77366
map00500,K02438,eco:b3431,P15067
map00500,K02759,eco:b1736,P69791
map00500,K02760,eco:b1738,P69795
map00500,K02761,eco:b1737,P17334
map00500,K02777,eco:b2417,P69783
map00500,K02791,eco:b1621,P19642
map00500,K02819,eco:b4240,P36672
map00500,K05349,eco:b2132,P33363
map02026,K00688,eco:b3417,P00490
map02026,K00688,eco:b3428,P0AC86
map02026,K00694,eco:b3533,P37653
map02026,K00703,eco:b3429,P0A6U8
map02026,K00975,eco:b3430,P0A6V1
map02026,K01991,eco:b0983,P0A932
map02026,K01991,eco:b2062,P0A930
map02026,K02398,eco:b1071,P0AEM4
map02026,K02402,eco:b1891,P0ABY7
map02026,K02403,eco:b1892,P0A8S9
map02026,K02405,eco:b1922,P0AEM6
map02026,K02425,eco:b1921,P52627
map02026,K02777,eco:b2417,P69783
map02026,K03087,eco:b2741,P13445
map02026,K03563,eco:b2696,P69913
map02026,K03566,eco:b2808,P0A9F6
map02026,K03567,eco:b2479,P0A9I3
map02026,K04333,eco:b1040,P52106
map02026,K04334,eco:b1042,P28307
map02026,K04335,eco:b1041,P0ABK7
map02026,K04336,eco:b1043,P52107
map02026,K04761,eco:b3961,P0ACQ4
map02026,K05851,eco:b3806,P00936
map02026,K06204,eco:b0145,P0ABS1
map02026,K07173,eco:b2687,P45578
map02026,K07638,eco:b3404,P0AEJ4
map02026,K07648,eco:b3210,P0AEC3
map02026,K07659,eco:b3405,P0AA16
map02026,K07676,eco:b2216,P39838
map02026,K07677,eco:b2218,P0DMC5
map02026,K07678,eco:b2786,P0AEC5
map02026,K07687,eco:b2217,P0DMC7
map02026,K07689,eco:b1914,P0AED5
map02026,K07773,eco:b4401,P0A9Q1
map02026,K07781,eco:b1951,P0DMC9
map02026,K07782,eco:b1916,P07026
map02026,K10914,eco:b3357,P0ACJ8
map02026,K11531,eco:b1512,P76141
map02026,K11931,eco:b1023,P75906
map02026,K11935,eco:b1024,P69434
map02026,K11936,eco:b1022,P75905
map02026,K11937,eco:b1021,P69432
map02026,K12687,eco:b2000,P39180
map02026,K14051,eco:b1285,P77334
map02026,K18968,eco:b0385,P0AAP1
map02026,K21084,eco:b2067,P38097
map02026,K21085,eco:b1956,P76330
map02026,K21086,eco:b3525,P37646
map02026,K21087,eco:b1194,P76010
map02026,K21088,eco:b1341,P77302
map02026,K21089,eco:b2127,P33358
map02026,K21090,eco:b1815,P76261
map00270,K00024,eco:b3236,P61889
map00270,K00058,eco:b2913,P0A9T0
map00270,K00133,eco:b3433,P0A9Q9
map00270,K00547,eco:b0261,Q47690
map00270,K00548,eco:b4019,P13009
map00270,K00549,eco:b3829,P25665
map00270,K00558,eco:b1961,P0AED9
map00270,K00640,eco:b3607,P0A9D4
map00270,K00651,eco:b4013,P07623
map00270,K00789,eco:b2942,P0A817
map00270,K00797,eco:b0121,P09158
map00270,K00813,eco:b0928,P00509
map00270,K00826,eco:b3770,P0AB80
map00270,K00831,eco:b0907,P23721
map00270,K00832,eco:b4054,P04693
map00270,K00872,eco:b0003,P00547
map00270,K00928,eco:b4024,P08660
map00270,K01011,eco:b2521,P31142
map00270,K01243,eco:b0159,P0AF12
map00270,K01611,eco:b0120,P0A7F6
map00270,K01738,eco:b2414,P0ABK5
map00270,K01739,eco:b3939,P00935
map00270,K01752,eco:b1814,P16095
map00270,K01752,eco:b2797,P30744
map00270,K01752,eco:b4471,P42630
map00270,K01760,eco:b3008,P06721
map00270,K01919,eco:b2688,P0A6W9
map00270,K01920,eco:b2947,P04425
map00270,K05396,eco:b1919,P76316
map00270,K05810,eco:b2593,P33644
map00270,K07173,eco:b2687,P45578
map00270,K08968,eco:b1832,P76270
map00270,K12339,eco:b2421,P16703
map00270,K12524,eco:b0002,P00561
map00270,K12525,eco:b3940,P00562
map00270,K14155,eco:b1622,P23256
map00270,K25316,eco:b2840,P03813
map00330,K00137,eco:b1444,P77674
map00330,K00147,eco:b0243,P07004
map00330,K00286,eco:b0386,P0A9L8
map00330,K00657,eco:b1584,P0A951
map00330,K00673,eco:b1747,P0AE37
map00330,K00797,eco:b0121,P09158
map00330,K00813,eco:b0928,P00509
map00330,K00840,eco:b1748,P77581
map00330,K00931,eco:b0242,P0A7B5
map00330,K01480,eco:b2937,P60651
map00330,K01484,eco:b1745,P76216
map00330,K01485,eco:b0337,P25524
map00330,K01581,eco:b0693,P24169
map00330,K01581,eco:b2965,P21169
map00330,K01584,eco:b4117,P28629
map00330,K01585,eco:b2938,P21170
map00330,K01611,eco:b0120,P0A7F6
map00330,K05526,eco:b1744,P76215
map00330,K06447,eco:b1746,P76217
map00330,K09251,eco:b3073,P42588
map00330,K09470,eco:b1297,P78061
map00330,K09471,eco:b1301,P37906
map00330,K09472,eco:b1300,P23883
map00330,K09473,eco:b1298,P76038
map00330,K13821,eco:b1014,P09546
map00350,K00121,eco:b0356,P25437
map00350,K00135,eco:b2661,P25526
map00350,K00146,eco:b1385,P80668
map00350,K00276,eco:b1386,P46883
map00350,K00813,eco:b0928,P00509
map00350,K00817,eco:b2021,P06986
map00350,K00832,eco:b4054,P04693
map00350,K04072,eco:b1241,P0A9Q7
map00350,K13574,eco:b0801,P30178
map00350,K13953,eco:b1478,P39451
map00350,K13954,eco:b3589,P37686
map00360,K00074,eco:b1395,P76083
map00360,K00146,eco:b1385,P80668
map00360,K00276,eco:b1386,P46883
map00360,K00285,eco:b1189,P0A6J5
map00360,K00529,eco:b2542,P77650
map00360,K00813,eco:b0928,P00509
map00360,K00817,eco:b2021,P06986
map00360,K00832,eco:b4054,P04693
map00360,K01666,eco:b0352,P51020
map00360,K01692,eco:b1393,P76082
map00360,K01912,eco:b1398,P76085
map00360,K02554,eco:b0350,P77608
map00360,K02609,eco:b1388,P76077
map00360,K02610,eco:b1389,P76078
map00360,K02611,eco:b1390,P76079
map00360,K02612,eco:b1391,P76080
map00360,K02613,eco:b1392,P76081
map00360,K02614,eco:b1396,P76084
map00360,K02615,eco:b1397,P0C7L2
map00360,K02618,eco:b1387,P77455
map00360,K03782,eco:b3942,P13029
map00360,K03825,eco:b3441,P46854
map00360,K04073,eco:b0351,P77580
map00360,K05708,eco:b2538,P0ABR5
map00360,K05709,eco:b2539,Q47140
map00360,K05710,eco:b2540,P0ABW0
map00360,K05711,eco:b2541,P0CI31
map00360,K05712,eco:b0347,P77397
map00360,K05713,eco:b0348,P0ABR9
map00360,K05714,eco:b0349,P77044
map00360,K13574,eco:b0801,P30178
map00360,K15866,eco:b1394,P77467
map00400,K00014,eco:b3281,P15770
map00400,K00800,eco:b0908,P0A6D3
map00400,K00813,eco:b0928,P00509
map00400,K00817,eco:b2021,P06986
map00400,K00832,eco:b4054,P04693
map00400,K00891,eco:b0388,P0A6E1
map00400,K00891,eco:b3390,P0A6D7
map00400,K01626,eco:b0754,P0AB91
map00400,K01626,eco:b1704,P00887
map00400,K01626,eco:b2601,P00888
map00400,K01657,eco:b1264,P00895
map00400,K01695,eco:b1260,P0A877
map00400,K01696,eco:b1261,P0A879
map00400,K01735,eco:b3389,P07639
map00400,K01736,eco:b2329,P12008
map00400,K03785,eco:b1693,P05194
map00400,K05887,eco:b1692,P0A6D5
map00400,K13497,eco:b1263,P00904
map00400,K13498,eco:b1262,P00909
map00400,K14170,eco:b2599,P0A9J8
map00400,K14187,eco:b2600,P07023
map00401,K00813,eco:b0928,P00509
map00401,K00817,eco:b2021,P06986
map00401,K00832,eco:b4054,P04693
map00401,K14187,eco:b2600,P07023
map01210,K00031,eco:b1136,P08200
map01210,K00052,eco:b0073,P30125
map01210,K00053,eco:b3774,P05793
map01210,K00133,eco:b3433,P0A9Q9
map01210,K00145,eco:b3958,P11446
map01210,K00163,eco:b0114,P0AFG8
map01210,K00164,eco:b0726,P0AFG3
map01210,K00382,eco:b0116,P0A9P0
map01210,K00627,eco:b0115,P06959
map01210,K00658,eco:b0727,P0AFG6
map01210,K00813,eco:b0928,P00509
map01210,K00821,eco:b3359,P18335
map01210,K00826,eco:b3770,P0AB80
map01210,K00928,eco:b4024,P08660
map01210,K00930,eco:b3959,P0A6C8
map01210,K01438,eco:b3957,P23908
map01210,K01647,eco:b0720,P0ABH7
map01210,K01649,eco:b0074,P09151
map01210,K01652,eco:b0077,P00893
map01210,K01652,eco:b3671,P08142
map01210,K01653,eco:b0078,P00894
map01210,K01653,eco:b3670,P0ADF8
map01210,K01659,eco:b0333,P31660
map01210,K01682,eco:b0118,P36683
map01210,K01687,eco:b3771,P05791
map01210,K01703,eco:b0072,P0A6A6
map01210,K01704,eco:b0071,P30126
map01210,K03737,eco:b1378,P52647
map01210,K11258,eco:b3769,P0ADG1
map01210,K14260,eco:b2290,P0A959
map01210,K14682,eco:b2818,P0A6C5
map01210,K27802,eco:b1276,P25516
map01230,K00013,eco:b2020,P06988
map01230,K00014,eco:b3281,P15770
map01230,K00031,eco:b1136,P08200
map01230,K00052,eco:b0073,P30125
map01230,K00053,eco:b3774,P05793
map01230,K00058,eco:b2913,P0A9T0
map01230,K00133,eco:b3433,P0A9Q9
map01230,K00134,eco:b1779,P0A9B2
map01230,K00145,eco:b3958,P11446
map01230,K00147,eco:b0243,P07004
map01230,K00215,eco:b0031,P04036
map01230,K00265,eco:b3212,P09831
map01230,K00266,eco:b3213,P09832
map01230,K00286,eco:b0386,P0A9L8
map01230,K00548,eco:b4019,P13009
map01230,K00549,eco:b3829,P25665
map01230,K00600,eco:b2551,P0A825
map01230,K00611,eco:b0273,P06960
map01230,K00611,eco:b4254,P04391
map01230,K00615,eco:b2465,P33570
map01230,K00615,eco:b2935,P27302
map01230,K00616,eco:b0008,P0A870
map01230,K00616,eco:b2464,P0A867
map01230,K00640,eco:b3607,P0A9D4
map01230,K00651,eco:b4013,P07623
map01230,K00674,eco:b0166,P0A9D8
map01230,K00765,eco:b2019,P60757
map01230,K00789,eco:b2942,P0A817
map01230,K00800,eco:b0908,P0A6D3
map01230,K00813,eco:b0928,P00509
map01230,K00817,eco:b2021,P06986
map01230,K00821,eco:b3359,P18335
map01230,K00826,eco:b3770,P0AB80
map01230,K00831,eco:b0907,P23721
map01230,K00832,eco:b4054,P04693
map01230,K00850,eco:b3916,P0A796
map01230,K00872,eco:b0003,P00547
map01230,K00873,eco:b1676,P0AD61
map01230,K00873,eco:b1854,P21599
map01230,K00891,eco:b0388,P0A6E1
map01230,K00891,eco:b3390,P0A6D7
map01230,K00927,eco:b2926,P0A799
map01230,K00928,eco:b4024,P08660
map01230,K00930,eco:b3959,P0A6C8
map01230,K00931,eco:b0242,P0A7B5
map01230,K00948,eco:b1207,P0A717
map01230,K01079,eco:b4388,P0AGB0
map01230,K01089,eco:b2022,P06987
map01230,K01243,eco:b0159,P0AF12
map01230,K01438,eco:b3957,P23908
map01230,K01439,eco:b2472,P0AED7
map01230,K01586,eco:b2838,P00861
map01230,K01620,eco:b0870,P75823
map01230,K01624,eco:b2925,P0AB71
map01230,K01626,eco:b0754,P0AB91
map01230,K01626,eco:b1704,P00887
map01230,K01626,eco:b2601,P00888
map01230,K01647,eco:b0720,P0ABH7
map01230,K01649,eco:b0074,P09151
map01230,K01652,eco:b0077,P00893
map01230,K01652,eco:b3671,P08142
map01230,K01653,eco:b0078,P00894
map01230,K01653,eco:b3670,P0ADF8
map01230,K01657,eco:b1264,P00895
map01230,K01659,eco:b0333,P31660
map01230,K01682,eco:b0118,P36683
map01230,K01687,eco:b3771,P05791
map01230,K01689,eco:b2779,P0A6P9
map01230,K01695,eco:b1260,P0A877
map01230,K01696,eco:b1261,P0A879
map01230,K01703,eco:b0072,P0A6A6
map01230,K01704,eco:b0071,P30126
map01230,K01714,eco:b2478,P0A6L2
map01230,K01733,eco:b0004,P00934
map01230,K01735,eco:b3389,P07639
map01230,K01736,eco:b2329,P12008
map01230,K01738,eco:b2414,P0ABK5
map01230,K01739,eco:b3939,P00935
map01230,K01752,eco:b1814,P16095
map01230,K01752,eco:b2797,P30744
map01230,K01752,eco:b4471,P42630
map01230,K01754,eco:b3117,P0AGF6
map01230,K01754,eco:b3772,P04968
map01230,K01755,eco:b3960,P11447
map01230,K01760,eco:b3008,P06721
map01230,K01778,eco:b3809,P0A6K1
map01230,K01783,eco:b3386,P0AG07
map01230,K01803,eco:b3919,P0A858
map01230,K01807,eco:b2914,P0A7Z0
map01230,K01808,eco:b4090,P37351
map01230,K01814,eco:b2024,P10371
map01230,K01834,eco:b0755,P62707
map01230,K01914,eco:b3744,P00963
map01230,K01915,eco:b3870,P0A9C5
map01230,K01940,eco:b3172,P0A6E4
map01230,K01953,eco:b0674,P22106
map01230,K02500,eco:b2025,P60664
map01230,K02501,eco:b2023,P60595
map01230,K03785,eco:b1693,P05194
map01230,K07173,eco:b2687,P45578
map01230,K11258,eco:b3769,P0ADG1
map01230,K11645,eco:b2097,P0A991
map01230,K11755,eco:b2026,P06989
map01230,K12339,eco:b2421,P16703
map01230,K12524,eco:b0002,P00561
map01230,K12525,eco:b3940,P00562
map01230,K13497,eco:b1263,P00904
map01230,K13498,eco:b1262,P00909
map01230,K14155,eco:b1622,P23256
map01230,K14170,eco:b2599,P0A9J8
map01230,K14187,eco:b2600,P07023
map01230,K14260,eco:b2290,P0A959
map01230,K14682,eco:b2818,P0A6C5
map01230,K15633,eco:b3612,P37689
map01230,K15634,eco:b4395,P0A7A2
map01230,K16370,eco:b1723,P06999
map01230,K27802,eco:b1276,P25516
map00051,K00008,eco:b1774,P77280
map00051,K00009,eco:b3600,P09424
map00051,K00068,eco:b2705,P05707
map00051,K00847,eco:b0394,P23917
map00051,K00848,eco:b3904,P32171
map00051,K00850,eco:b3916,P0A796
map00051,K00879,eco:b2803,P11553
map00051,K00881,eco:b4084,P32718
map00051,K00882,eco:b2168,P0AEW9
map00051,K00971,eco:b2049,P24174
map00051,K01624,eco:b2925,P0AB71
map00051,K01628,eco:b2800,P0AB87
map00051,K01629,eco:b3902,P32169
map00051,K01711,eco:b2053,P0AC88
map00051,K01803,eco:b3919,P0A858
map00051,K01805,eco:b3565,P00944
map00051,K01808,eco:b4090,P37351
map00051,K01809,eco:b1613,P00946
map00051,K01813,eco:b3903,P32170
map00051,K01818,eco:b2802,P69922
map00051,K01840,eco:b2048,P24175
map00051,K02377,eco:b2052,P32055
map00051,K02446,eco:b2930,P21437
map00051,K02446,eco:b3925,P0A9C9
map00051,K02770,eco:b2167,P20966
map00051,K02781,eco:b2704,P05706
map00051,K02782,eco:b2703,P56580
map00051,K02783,eco:b2702,P56579
map00051,K02794,eco:b1817,P69797
map00051,K02795,eco:b1818,P69801
map00051,K02796,eco:b1819,P69805
map00051,K02798,eco:b2934,P69824
map00051,K02800,eco:b2933,P69826
map00051,K02800,eco:b3599,P00550
map00051,K03841,eco:b4232,P0A993
map00051,K07026,eco:b1955,P76329
map00051,K11645,eco:b2097,P0A991
map00051,K12660,eco:b2245,P76469
map00051,K12661,eco:b2247,P77215
map00051,K16370,eco:b1723,P06999
map00051,K17195,eco:b4085,P32719
map00051,K19270,eco:b2293,P77625
map00051,K19956,eco:b4465,P52048
map00051,K24204,eco:b1727,P77247
map02060,K00882,eco:b2168,P0AEW9
map02060,K02745,eco:b3133,P42904
map02060,K02753,eco:b2715,P24241
map02060,K02757,eco:b3722,P08722
map02060,K02759,eco:b1736,P69791
map02060,K02760,eco:b1738,P69795
map02060,K02761,eco:b1737,P17334
map02060,K02770,eco:b2167,P20966
map02060,K02773,eco:b2094,P69828
map02060,K02773,eco:b4302,P39363
map02060,K02774,eco:b2093,P37188
map02060,K02774,eco:b4565,P58035
map02060,K02775,eco:b4304,P39365
map02060,K02777,eco:b2417,P69783
map02060,K02779,eco:b1101,P69786
map02060,K02781,eco:b2704,P05706
map02060,K02782,eco:b2703,P56580
map02060,K02783,eco:b2702,P56579
map02060,K02784,eco:b2415,P0AA04
map02060,K02791,eco:b1621,P19642
map02060,K02794,eco:b1817,P69797
map02060,K02795,eco:b1818,P69801
map02060,K02796,eco:b1819,P69805
map02060,K02798,eco:b2934,P69824
map02060,K02800,eco:b2933,P69826
map02060,K02800,eco:b3599,P00550
map02060,K02804,eco:b0679,P09323
map02060,K02806,eco:b3204,P69829
map02060,K02819,eco:b4240,P36672
map02060,K02821,eco:b4195,P69820
map02060,K02822,eco:b4194,P69822
map02060,K03475,eco:b4193,P39301
map02060,K08483,eco:b2416,P08839
map02060,K08484,eco:b2829,P37177
map02060,K08485,eco:b3206,P0A9N0
map02060,K10984,eco:b3138,P42909
map02060,K10985,eco:b3139,P42910
map02060,K10986,eco:b3140,P42911
map02060,K11183,eco:b2169,P69811
map02060,K11192,eco:b2429,P77272
map02060,K11200,eco:b0731,P54745
map00260,K00058,eco:b2913,P0A9T0
map00260,K00060,eco:b3616,P07913
map00260,K00090,eco:b3553,P37666
map00260,K00108,eco:b0311,P17444
map00260,K00130,eco:b0312,P17445
map00260,K00133,eco:b3433,P0A9Q9
map00260,K00276,eco:b1386,P46883
map00260,K00281,eco:b2903,P33195
map00260,K00382,eco:b0116,P0A9P0
map00260,K00600,eco:b2551,P0A825
map00260,K00605,eco:b2905,P27248
map00260,K00639,eco:b3617,P0AB77
map00260,K00831,eco:b0907,P23721
map00260,K00865,eco:b0514,P77364
map00260,K00865,eco:b3124,P23524
map00260,K00872,eco:b0003,P00547
map00260,K00928,eco:b4024,P08660
map00260,K00998,eco:b2585,P23830
map00260,K01079,eco:b4388,P0AGB0
map00260,K01620,eco:b0870,P75823
map00260,K01695,eco:b1260,P0A877
map00260,K01696,eco:b1261,P0A879
map00260,K01733,eco:b0004,P00934
map00260,K01752,eco:b1814,P16095
map00260,K01752,eco:b2797,P30744
map00260,K01752,eco:b4471,P42630
map00260,K01753,eco:b2366,P00926
map00260,K01754,eco:b3117,P0AGF6
map00260,K01754,eco:b3772,P04968
map00260,K01834,eco:b0755,P62707
map00260,K02437,eco:b2904,P0A6T9
map00260,K12524,eco:b0002,P00561
map00260,K12525,eco:b3940,P00562
map00260,K12972,eco:b1033,P75913
map00260,K15633,eco:b3612,P37689
map00260,K15634,eco:b4395,P0A7A2
map00260,K16066,eco:b1539,P39831
map00260,K25316,eco:b2840,P03813
map00261,K00133,eco:b3433,P0A9Q9
map00261,K00215,eco:b0031,P04036
map00261,K00928,eco:b4024,P08660
map00261,K00956,eco:b2751,P23845
map00261,K00957,eco:b2752,P21156
map00261,K01714,eco:b2478,P0A6L2
map00261,K12524,eco:b0002,P00561
map00261,K12525,eco:b3940,P00562
map00300,K00133,eco:b3433,P0A9Q9
map00300,K00215,eco:b0031,P04036
map00300,K00674,eco:b0166,P0A9D8
map00300,K00821,eco:b3359,P18335
map00300,K00928,eco:b4024,P08660
map00300,K01439,eco:b2472,P0AED7
map00300,K01586,eco:b2838,P00861
map00300,K01714,eco:b2478,P0A6L2
map00300,K01778,eco:b3809,P0A6K1
map00300,K01928,eco:b0085,P22188
map00300,K01929,eco:b0086,P11880
map00300,K12524,eco:b0002,P00561
map00300,K12525,eco:b3940,P00562
map02040,K02386,eco:b1072,P75933
map02040,K02387,eco:b1073,P0ABW9
map02040,K02388,eco:b1074,P0ABX2
map02040,K02389,eco:b1075,P75936
map02040,K02390,eco:b1076,P75937
map02040,K02391,eco:b1077,P75938
map02040,K02392,eco:b1078,P0ABX5
map02040,K02393,eco:b1079,P0A6S0
map02040,K02394,eco:b1080,P0A6S3
map02040,K02395,eco:b1081,P75942
map02040,K02396,eco:b1082,P33235
map02040,K02397,eco:b1083,P29744
map02040,K02398,eco:b1071,P0AEM4
map02040,K02399,eco:b1070,P43533
map02040,K02400,eco:b1879,P76298
map02040,K02401,eco:b1880,P76299
map02040,K02402,eco:b1891,P0ABY7
map02040,K02403,eco:b1892,P0A8S9
map02040,K02405,eco:b1922,P0AEM6
map02040,K02406,eco:b1923,P04949
map02040,K02407,eco:b1924,P24216
map02040,K02408,eco:b1937,P0A8T5
map02040,K02409,eco:b1938,P25798
map02040,K02410,eco:b1939,P0ABZ1
map02040,K02411,eco:b1940,P31068
map02040,K02412,eco:b1941,P52612
map02040,K02413,eco:b1942,P52613
map02040,K02414,eco:b1943,P52614
map02040,K02415,eco:b1944,P0ABX8
map02040,K02416,eco:b1945,P06974
map02040,K02417,eco:b1946,P15070
map02040,K02418,eco:b1947,P22586
map02040,K02419,eco:b1948,P0AC05
map02040,K02420,eco:b1949,P0AC07
map02040,K02421,eco:b1950,P33135
map02040,K02422,eco:b1925,P26608
map02040,K02423,eco:b1926,P0ABY2
map02040,K02424,eco:b1920,P0AEM9
map02040,K02425,eco:b1921,P52627
map02040,K02556,eco:b1890,P09348
map02040,K02557,eco:b1889,P0AF06
map02040,K03086,eco:b3067,P00579
map02040,K03092,eco:b3202,P24255
map02040,K03516,eco:b1878,P76297
map03030,K01972,eco:b2411,P15042
map03030,K01972,eco:b3647,P25772
map03030,K02314,eco:b4052,P0ACB0
map03030,K02316,eco:b3066,P0ABS5
map03030,K02335,eco:b3863,P00582
map03030,K02337,eco:b0184,P10443
map03030,K02338,eco:b3701,P0A988
map03030,K02339,eco:b4259,P28905
map03030,K02340,eco:b0640,P28630
map03030,K02341,eco:b1099,P28631
map03030,K02342,eco:b0215,P03007
map03030,K02343,eco:b0470,P06710
map03030,K02344,eco:b4372,P28632
map03030,K02345,eco:b1842,P0ABS8
map03030,K03111,eco:b4059,P0AGE0
map03030,K03469,eco:b0214,P0A7Y4
map03030,K03470,eco:b0183,P10442
map03410,K01142,eco:b1749,P09030
map03410,K01151,eco:b2159,P0A6C1
map03410,K01246,eco:b3549,P05100
map03410,K01247,eco:b2068,P04395
map03410,K01972,eco:b2411,P15042
map03410,K01972,eco:b3647,P25772
map03410,K02335,eco:b3863,P00582
map03410,K03575,eco:b2961,P17802
map03410,K03648,eco:b2580,P12295
map03410,K03649,eco:b3068,P0A9H1
map03410,K05522,eco:b0714,P50465
map03410,K07462,eco:b2892,P21893
map03410,K10563,eco:b3635,P05523
map03410,K10773,eco:b1633,P0AB83
map03420,K01972,eco:b2411,P15042
map03420,K01972,eco:b3647,P25772
map03420,K02335,eco:b3863,P00582
map03420,K03657,eco:b3813,P03018
map03420,K03701,eco:b4058,P0A698
map03420,K03702,eco:b0779,P0A8F8
map03420,K03703,eco:b1913,P0A8G0
map03420,K03723,eco:b1114,P30958
map03440,K01159,eco:b1863,P0A814
map03440,K02317,eco:b4362,P0A8J2
map03440,K02335,eco:b3863,P00582
map03440,K02337,eco:b0184,P10443
map03440,K02338,eco:b3701,P0A988
map03440,K02339,eco:b4259,P28905
map03440,K02340,eco:b0640,P28630
map03440,K02341,eco:b1099,P28631
map03440,K02342,eco:b0215,P03007
map03440,K02343,eco:b0470,P06710
map03440,K02344,eco:b4372,P28632
map03440,K02345,eco:b1842,P0ABS8
map03440,K02686,eco:b4201,P07013
map03440,K03111,eco:b4059,P0AGE0
map03440,K03550,eco:b1861,P0A809
map03440,K03551,eco:b1860,P0A812
map03440,K03553,eco:b2699,P0A7G6
map03440,K03581,eco:b2819,P04993
map03440,K03582,eco:b2820,P08394
map03440,K03583,eco:b2822,P07648
map03440,K03584,eco:b2565,P0A7H3
map03440,K03629,eco:b3700,P0A7H0
map03440,K03655,eco:b3652,P24230
map03440,K04066,eco:b3935,P17888
map03440,K04067,eco:b0467,P23862
map03440,K06187,eco:b0472,P0A7H6
map03440,K07462,eco:b2892,P21893
map00730,K00788,eco:b3993,P30137
map00730,K00878,eco:b2104,P76423
map00730,K00939,eco:b0474,P69441
map00730,K00941,eco:b2103,P76422
map00730,K00946,eco:b0417,P0AGG0
map00730,K01077,eco:b0383,P00634
map00730,K01662,eco:b0420,P77488
map00730,K03147,eco:b3994,P30136
map00730,K03148,eco:b3992,P30138
map00730,K03149,eco:b3991,P30139
map00730,K03150,eco:b3990,P30140
map00730,K03151,eco:b0423,P77718
map00730,K04487,eco:b2530,P0A6B7
map00730,K06949,eco:b4161,P39286
map00730,K07251,eco:b1106,P75948
map00790,K00287,eco:b0048,P0ABQ4
map00790,K00796,eco:b3177,P0AC13
map00790,K00950,eco:b0142,P26281
map00790,K01077,eco:b0383,P00634
map00790,K01495,eco:b2153,P0A6T5
map00790,K01497,eco:b1277,P0A7I7
map00790,K01633,eco:b3058,P0AC16
map00790,K01664,eco:b3360,P00903
map00790,K01665,eco:b1812,P05041
map00790,K01737,eco:b2765,P65870
map00790,K02619,eco:b1096,P28305
map00790,K03635,eco:b0785,P30749
map00790,K03637,eco:b0783,P0A738
map00790,K03638,eco:b0782,P0AEZ9
map00790,K03639,eco:b0781,P30745
map00790,K03750,eco:b0827,P12281
map00790,K03752,eco:b3857,P32173
map00790,K03831,eco:b0009,P0AF03
map00790,K06879,eco:b2794,Q46920
map00790,K06920,eco:b0444,P77756
map00790,K07141,eco:b2877,Q46810
map00790,K07589,eco:b2303,P0AC19
map00790,K08310,eco:b1865,P0AFC0
map00790,K10026,eco:b2777,P64554
map00790,K11754,eco:b2315,P08192
map00790,K13938,eco:b1606,P0AFS3
map01240,K00012,eco:b2028,P76373
map01240,K00059,eco:b1093,P0AEK2
map01240,K00077,eco:b0425,P0A9J4
map01240,K00097,eco:b0052,P19624
map01240,K00208,eco:b1288,P0AEK4
map01240,K00228,eco:b2436,P36553
map01240,K00230,eco:b3850,P0ACB4
map01240,K00254,eco:b0945,P0A7E1
map01240,K00275,eco:b1638,P0AFI7
map01240,K00278,eco:b2574,P10902
map01240,K00287,eco:b0048,P0ABQ4
map01240,K00382,eco:b0116,P0A9P0
map01240,K00568,eco:b2232,P17993
map01240,K00600,eco:b2551,P0A825
map01240,K00606,eco:b0134,P31057
map01240,K00609,eco:b4245,P0A786
map01240,K00610,eco:b4244,P0A7F3
map01240,K00647,eco:b2323,P0A953
map01240,K00652,eco:b0776,P12998
map01240,K00762,eco:b3642,P0A7E3
map01240,K00763,eco:b0931,P18133
map01240,K00767,eco:b0109,P30011
map01240,K00768,eco:b1991,P36562
map01240,K00788,eco:b3993,P30137
map01240,K00789,eco:b2942,P0A817
map01240,K00793,eco:b1662,P0AFU8
map01240,K00794,eco:b0415,P61714
map01240,K00796,eco:b3177,P0AC13
map01240,K00826,eco:b3770,P0AB80
map01240,K00831,eco:b0907,P23721
map01240,K00833,eco:b0774,P12995
map01240,K00858,eco:b2615,P0A7B3
map01240,K00859,eco:b0103,P0A6I9
map01240,K00867,eco:b3974,P0A6I3
map01240,K00868,eco:b1636,P77150
map01240,K00868,eco:b2418,P40191
map01240,K00878,eco:b2104,P76423
map01240,K00939,eco:b0474,P69441
map01240,K00940,eco:b2518,P0A763
map01240,K00941,eco:b2103,P76422
map01240,K00946,eco:b0417,P0AGG0
map01240,K00950,eco:b0142,P26281
map01240,K00954,eco:b3634,P0A6I6
map01240,K00963,eco:b1236,P0AEP3
map01240,K00963,eco:b2042,P0AAB6
map01240,K00969,eco:b0639,P0A752
map01240,K01012,eco:b0775,P12996
map01240,K01077,eco:b0383,P00634
map01240,K01195,eco:b1617,P05804
map01240,K01465,eco:b1062,P05020
map01240,K01491,eco:b0529,P24186
map01240,K01495,eco:b2153,P0A6T5
map01240,K01497,eco:b1277,P0A7I7
map01240,K01579,eco:b0131,P0A790
map01240,K01591,eco:b1281,P08244
map01240,K01599,eco:b3997,P29680
map01240,K01633,eco:b3058,P0AC16
map01240,K01661,eco:b2262,P0ABU0
map01240,K01664,eco:b3360,P00903
map01240,K01665,eco:b1812,P05041
map01240,K01698,eco:b0369,P0ACB2
map01240,K01719,eco:b3804,P09126
map01240,K01737,eco:b2765,P65870
map01240,K01749,eco:b3805,P06983
map01240,K01756,eco:b1131,P0AB89
map01240,K01772,eco:b0475,P23871
map01240,K01809,eco:b1613,P00946
map01240,K01845,eco:b0154,P23893
map01240,K01885,eco:b2400,P04805
map01240,K01911,eco:b2260,P37353
map01240,K01916,eco:b1740,P18843
map01240,K01918,eco:b0133,P31663
map01240,K01919,eco:b2688,P0A6W9
map01240,K01920,eco:b2947,P04425
map01240,K01935,eco:b0778,P13000
map01240,K01935,eco:b1593,P0A6E9
map01240,K01937,eco:b2780,P0A7E5
map01240,K01939,eco:b4177,P0A7D4
map01240,K01955,eco:b0033,P00968
map01240,K01956,eco:b0032,P0A6F1
map01240,K02169,eco:b0777,P12999
map01240,K02170,eco:b3412,P13001
map01240,K02226,eco:b0638,P52086
map01240,K02231,eco:b1993,P0AE76
map01240,K02233,eco:b1992,P36561
map01240,K02257,eco:b0428,P0AEA5
map01240,K02302,eco:b3368,P0AEA8
map01240,K02372,eco:b0180,P0A6Q6
map01240,K02492,eco:b1210,P0A6X1
map01240,K02495,eco:b3867,P32131
map01240,K02496,eco:b3803,P09127
map01240,K02548,eco:b3930,P32166
map01240,K02549,eco:b2261,P29208
map01240,K02551,eco:b2264,P17109
map01240,K02552,eco:b2265,P38051
map01240,K02619,eco:b1096,P28305
map01240,K02858,eco:b3041,P0A7J0
map01240,K03147,eco:b3994,P30136
map01240,K03148,eco:b3992,P30138
map01240,K03149,eco:b3991,P30139
map01240,K03150,eco:b3990,P30140
map01240,K03151,eco:b0423,P77718
map01240,K03179,eco:b4040,P0AGK1
map01240,K03181,eco:b4039,P26602
map01240,K03182,eco:b3843,P0AAB4
map01240,K03183,eco:b3833,P0A887
map01240,K03184,eco:b0662,P75728
map01240,K03185,eco:b2907,P25534
map01240,K03186,eco:b2311,P0AG03
map01240,K03472,eco:b2927,P0A9B6
map01240,K03473,eco:b2320,P05459
map01240,K03474,eco:b2564,P0A794
map01240,K03517,eco:b0750,P11458
map01240,K03635,eco:b0785,P30749
map01240,K03637,eco:b0783,P0A738
map01240,K03638,eco:b0782,P0AEZ9
map01240,K03639,eco:b0781,P30745
map01240,K03644,eco:b0628,P60716
map01240,K03750,eco:b0827,P12281
map01240,K03800,eco:b4386,P32099
map01240,K03801,eco:b0630,P60720
map01240,K03809,eco:b1004,P0A8G6
map01240,K03831,eco:b0009,P0AF03
map01240,K04032,eco:b2459,P65643
map01240,K04487,eco:b2530,P0A6B7
map01240,K08281,eco:b1768,P21369
map01240,K08310,eco:b1865,P0AFC0
map01240,K08680,eco:b2263,P37355
map01240,K09458,eco:b1095,P0AAI5
map01240,K09903,eco:b0171,P0A7E9
map01240,K11752,eco:b0414,P25539
map01240,K11753,eco:b0025,P0AG40
map01240,K11754,eco:b2315,P08192
map01240,K13038,eco:b3639,P0ABQ0
map01240,K18800,eco:b2906,P25535
map01240,K19221,eco:b1270,P0A9H5
map01240,K19222,eco:b1686,P77781
map01240,K19267,eco:b4211,P39315
map01240,K20861,eco:b0844,P75809
map01240,K20862,eco:b3812,P0ADP0
map01240,K24843,eco:b3157,P64599
map01240,K24844,eco:b3158,P45527
map01240,K24845,eco:b3159,P45475
map00052,K00094,eco:b2091,P0A9S3
map00052,K00845,eco:b2388,P0A6V8
map00052,K00849,eco:b0757,P0A6T3
map00052,K00850,eco:b3916,P0A796
map00052,K00883,eco:b3693,P31459
map00052,K00963,eco:b1236,P0AEP3
map00052,K00963,eco:b2042,P0AAB6
map00052,K00965,eco:b0758,P09148
map00052,K01187,eco:b0403,P21517
map00052,K01190,eco:b0344,P00722
map00052,K01631,eco:b4477,Q6BF16
map00052,K01684,eco:b4478,Q6BF17
map00052,K01784,eco:b0759,P09147
map00052,K01785,eco:b0756,P0A9C3
map00052,K01804,eco:b0062,P08202
map00052,K01835,eco:b0688,P36938
map00052,K01854,eco:b2036,P37747
map00052,K02082,eco:b3136,P42907
map00052,K02745,eco:b3133,P42904
map00052,K02773,eco:b2094,P69828
map00052,K02773,eco:b4302,P39363
map00052,K02774,eco:b2093,P37188
map00052,K02774,eco:b4565,P58035
map00052,K02775,eco:b4304,P39365
map00052,K07406,eco:b4119,P06720
map00052,K08302,eco:b2096,P0C8J6
map00052,K08302,eco:b3137,P0AB74
map00052,K10984,eco:b3138,P42909
map00052,K10985,eco:b3139,P42910
map00052,K10986,eco:b3140,P42911
map00052,K12111,eco:b3076,P06864
map00052,K12112,eco:b3077,P0AC73
map00052,K16370,eco:b1723,P06999
map00052,K16371,eco:b2095,P0C8J8
map00052,K16371,eco:b3132,P0C8K0
map00511,K01190,eco:b0344,P00722
map00511,K12111,eco:b3076,P06864
map00511,K12112,eco:b3077,P0AC73
map00600,K01130,eco:b3801,P25549
map00600,K01190,eco:b0344,P00722
map00600,K07406,eco:b4119,P06720
map03060,K03070,eco:b0098,P10408
map03060,K03071,eco:b3609,P0AG86
map03060,K03072,eco:b0408,P0AG90
map03060,K03073,eco:b3981,P0AG96
map03060,K03074,eco:b0409,P0AG93
map03060,K03075,eco:b3175,P0AG99
map03060,K03076,eco:b3300,P0AGA2
map03060,K03100,eco:b2568,P00803
map03060,K03101,eco:b0027,P00804
map03060,K03106,eco:b2610,P0AGD7
map03060,K03110,eco:b3464,P10121
map03060,K03116,eco:b3836,P69428
map03060,K03117,eco:b3838,P69425
map03060,K03118,eco:b3839,P69423
map03060,K03210,eco:b0407,P0ADZ7
map03060,K03217,eco:b3705,P25714
map03060,K03425,eco:b0627,P0A843
map03060,K13301,eco:b0097,P62395
map00460,K00600,eco:b2551,P0A825
map00460,K00681,eco:b3447,P18956
map00460,K01424,eco:b1767,P0A962
map00460,K01424,eco:b2957,P00805
map00460,K01914,eco:b3744,P00963
map00460,K05349,eco:b2132,P33363
map00460,K13051,eco:b0828,P37595
map01501,K01207,eco:b1107,P75949
map01501,K01467,eco:b4150,P00811
map01501,K03585,eco:b0463,P0AE06
map01501,K03587,eco:b0084,P0AD68
map01501,K05366,eco:b3396,P02918
map01501,K05515,eco:b0635,P0AD65
map01501,K08218,eco:b0433,P0AE16
map01501,K09475,eco:b2215,P06996
map01501,K09476,eco:b0929,P02931
map01501,K10823,eco:b1247,P77737
map01501,K12340,eco:b3035,P02930
map01501,K15580,eco:b1243,P23843
map01501,K15580,eco:b1329,P77348
map01501,K15581,eco:b1244,P0AFH2
map01501,K15582,eco:b1245,P0AFH6
map01501,K15583,eco:b1246,P76027
map01501,K18138,eco:b0462,P31224
map00470,K00285,eco:b1189,P0A6J5
map00470,K01425,eco:b0485,P77454
map00470,K01425,eco:b1524,P0A6W0
map00470,K01586,eco:b2838,P00861
map00470,K01753,eco:b2366,P00926
map00470,K01775,eco:b1190,P29012
map00470,K01775,eco:b4053,P0A6B4
map00470,K01776,eco:b3967,P22634
map00470,K01778,eco:b3809,P0A6K1
map00470,K01921,eco:b0092,P07862
map00470,K01921,eco:b0381,P0A6J8
map00470,K01925,eco:b0088,P14900
map00470,K05396,eco:b1919,P76316
map00470,K19802,eco:b1325,P51981
map00470,K25316,eco:b2840,P03813
map00680,K00024,eco:b3236,P61889
map00680,K00058,eco:b2913,P0A9T0
map00680,K00121,eco:b0356,P25437
map00680,K00123,eco:b3894,P32176
map00680,K00124,eco:b3893,P0AAJ5
map00680,K00127,eco:b3892,P0AEL0
map00680,K00600,eco:b2551,P0A825
map00680,K00831,eco:b0907,P23721
map00680,K00850,eco:b3916,P0A796
map00680,K00925,eco:b2296,P0A6A3
map00680,K01007,eco:b1702,P23538
map00680,K01070,eco:b0355,P51025
map00680,K01070,eco:b2154,P33018
map00680,K01079,eco:b4388,P0AGB0
map00680,K01595,eco:b3956,P00864
map00680,K01624,eco:b2925,P0AB71
map00680,K01689,eco:b2779,P0A6P9
map00680,K01834,eco:b0755,P62707
map00680,K01895,eco:b4069,P27550
map00680,K02446,eco:b2930,P21437
map00680,K02446,eco:b3925,P0A9C9
map00680,K03532,eco:b0996,P33226
map00680,K03533,eco:b0998,P36662
map00680,K03841,eco:b4232,P0A993
map00680,K07811,eco:b0997,P33225
map00680,K07812,eco:b1872,P46923
map00680,K07821,eco:b1873,P52005
map00680,K11645,eco:b2097,P0A991
map00680,K13788,eco:b2297,P0A9M8
map00680,K15633,eco:b3612,P37689
map00680,K15634,eco:b4395,P0A7A2
map00680,K16370,eco:b1723,P06999
map00680,K22015,eco:b4079,P07658
map00710,K00024,eco:b3236,P61889
map00710,K00029,eco:b2463,P76558
map00710,K00134,eco:b1779,P0A9B2
map00710,K00615,eco:b2465,P33570
map00710,K00615,eco:b2935,P27302
map00710,K00616,eco:b0008,P0A870
map00710,K00616,eco:b2464,P0A867
map00710,K00927,eco:b2926,P0A799
map00710,K01595,eco:b3956,P00864
map00710,K01610,eco:b3403,P22259
map00710,K01624,eco:b2925,P0AB71
map00710,K01783,eco:b3386,P0AG07
map00710,K01803,eco:b3919,P0A858
map00710,K01807,eco:b2914,P0A7Z0
map00710,K01808,eco:b4090,P37351
map00710,K02446,eco:b2930,P21437
map00710,K02446,eco:b3925,P0A9C9
map00710,K03841,eco:b4232,P0A993
map00710,K11645,eco:b2097,P0A991
map00710,K28462,eco:b3355,P0AEX5
map00290,K00052,eco:b0073,P30125
map00290,K00053,eco:b3774,P05793
map00290,K00826,eco:b3770,P0AB80
map00290,K00835,eco:b3572,P09053
map00290,K01649,eco:b0074,P09151
map00290,K01652,eco:b0077,P00893
map00290,K01652,eco:b3671,P08142
map00290,K01653,eco:b0078,P00894
map00290,K01653,eco:b3670,P0ADF8
map00290,K01687,eco:b3771,P05791
map00290,K01703,eco:b0072,P0A6A6
map00290,K01704,eco:b0071,P30126
map00290,K01754,eco:b3117,P0AGF6
map00290,K01754,eco:b3772,P04968
map00290,K11258,eco:b3769,P0ADG1
map00290,K14260,eco:b2290,P0A959
map00660,K00052,eco:b0073,P30125
map00660,K01652,eco:b0077,P00893
map00660,K01652,eco:b3671,P08142
map00660,K01653,eco:b0078,P00894
map00660,K01653,eco:b3670,P0ADF8
map00660,K01703,eco:b0072,P0A6A6
map00660,K01704,eco:b0071,P30126
map00660,K01902,eco:b0729,P0AGE9
map00660,K01903,eco:b0728,P0A836
map00660,K11258,eco:b3769,P0ADG1
map00770,K00053,eco:b3774,P05793
map00770,K00077,eco:b0425,P0A9J4
map00770,K00606,eco:b0134,P31057
map00770,K00826,eco:b3770,P0AB80
map00770,K00859,eco:b0103,P0A6I9
map00770,K00867,eco:b3974,P0A6I3
map00770,K00954,eco:b3634,P0A6I6
map00770,K00997,eco:b2563,P24224
map00770,K01464,eco:b2873,Q46806
map00770,K01579,eco:b0131,P0A790
map00770,K01652,eco:b0077,P00893
map00770,K01652,eco:b3671,P08142
map00770,K01653,eco:b0078,P00894
map00770,K01653,eco:b3670,P0ADF8
map00770,K01687,eco:b3771,P05791
map00770,K01918,eco:b0133,P31663
map00770,K04765,eco:b2781,P0AEY3
map00770,K06133,eco:b3475,P37623
map00770,K08682,eco:b0404,P21515
map00770,K11258,eco:b3769,P0ADG1
map00770,K13038,eco:b3639,P0ABQ0
map00770,K17722,eco:b2146,P76440
map00770,K17723,eco:b2147,P25889
map00450,K00384,eco:b0888,P0A9P4
map00450,K00548,eco:b4019,P13009
map00450,K00549,eco:b3829,P25665
map00450,K00956,eco:b2751,P23845
map00450,K00957,eco:b2752,P21156
map00450,K01008,eco:b1764,P16456
map00450,K01042,eco:b3591,P0A821
map00450,K01739,eco:b3939,P00935
map00450,K01760,eco:b3008,P06721
map00450,K01874,eco:b2114,P00959
map00450,K07309,eco:b1587,P77374
map00450,K07310,eco:b1588,P77783
map00450,K11717,eco:b1680,P77444
map00450,K12527,eco:b2878,Q46811
map00450,K12528,eco:b2881,Q46814
map00450,K12529,eco:b2880,P64557
map00450,K14155,eco:b1622,P23256
map00920,K00299,eco:b0937,P80644
map00920,K00380,eco:b2764,P38038
map00920,K00381,eco:b2763,P17846
map00920,K00390,eco:b2762,P17854
map00920,K00640,eco:b3607,P0A9D4
map00920,K00651,eco:b4013,P07623
map00920,K00860,eco:b2750,P0A6J1
map00920,K00956,eco:b2751,P23845
map00920,K00957,eco:b2752,P21156
map00920,K01011,eco:b2521,P31142
map00920,K01082,eco:b4214,P22255
map00920,K01738,eco:b2414,P0ABK5
map00920,K01739,eco:b3939,P00935
map00920,K02045,eco:b2422,P16676
map00920,K02046,eco:b2424,P16701
map00920,K02047,eco:b2423,P0AEB0
map00920,K02048,eco:b2425,P16700
map00920,K02439,eco:b3425,P0A6V5
map00920,K03119,eco:b0368,P37610
map00920,K04091,eco:b0935,P80645
map00920,K07306,eco:b0894,P18775
map00920,K07307,eco:b0895,P18776
map00920,K07308,eco:b0896,P18777
map00920,K08354,eco:b1670,P77409
map00920,K10831,eco:b0366,Q47538
map00920,K15551,eco:b0365,Q47537
map00920,K15552,eco:b0367,Q47539
map00920,K15553,eco:b0936,P75853
map00920,K15554,eco:b0934,P75851
map00920,K15555,eco:b0933,P0AAI1
map00920,K23163,eco:b3917,P0AG78
map00520,K00012,eco:b2028,P76373
map00520,K00075,eco:b3972,P08373
map00520,K00790,eco:b3189,P0A749
map00520,K00820,eco:b3729,P17169
map00520,K00845,eco:b2388,P0A6V8
map00520,K00847,eco:b0394,P23917
map00520,K00849,eco:b0757,P0A6T3
map00520,K00885,eco:b3222,P45425
map00520,K00963,eco:b1236,P0AEP3
map00520,K00963,eco:b2042,P0AAB6
map00520,K00965,eco:b0758,P09148
map00520,K00971,eco:b2049,P24174
map00520,K00973,eco:b2039,P37744
map00520,K00973,eco:b3789,P61887
map00520,K00975,eco:b3430,P0A6V1
map00520,K01198,eco:b0271,P77713
map00520,K01207,eco:b1107,P75949
map00520,K01443,eco:b0677,P0AF18
map00520,K01784,eco:b0759,P09147
map00520,K01788,eco:b3223,P0A761
map00520,K01791,eco:b3786,P27828
map00520,K01809,eco:b1613,P00946
map00520,K01810,eco:b4025,P0A6T1
map00520,K01835,eco:b0688,P36938
map00520,K01840,eco:b2048,P24175
map00520,K01854,eco:b2036,P37747
map00520,K02564,eco:b0678,P0A759
map00520,K02745,eco:b3133,P42904
map00520,K02777,eco:b2417,P69783
map00520,K02779,eco:b1101,P69786
map00520,K02791,eco:b1621,P19642
map00520,K02794,eco:b1817,P69797
map00520,K02795,eco:b1818,P69801
map00520,K02796,eco:b1819,P69805
map00520,K02804,eco:b0679,P09323
map00520,K03431,eco:b3176,P31120
map00520,K04042,eco:b3730,P0ACC7
map00520,K07106,eco:b2428,P76535
map00520,K09001,eco:b1640,P77570
map00520,K10984,eco:b3138,P42909
map00520,K10985,eco:b3139,P42910
map00520,K10986,eco:b3140,P42911
map00520,K11192,eco:b2429,P77272
map00520,K13381,eco:b3338,P13656
map00520,K28207,eco:b1119,P75959
map01250,K00012,eco:b2028,P76373
map01250,K00067,eco:b2040,P37760
map01250,K00075,eco:b3972,P08373
map01250,K00790,eco:b3189,P0A749
map01250,K00820,eco:b3729,P17169
map01250,K00845,eco:b2388,P0A6V8
map01250,K00847,eco:b0394,P23917
map01250,K00849,eco:b0757,P0A6T3
map01250,K00963,eco:b1236,P0AEP3
map01250,K00963,eco:b2042,P0AAB6
map01250,K00965,eco:b0758,P09148
map01250,K00971,eco:b2049,P24174
map01250,K00973,eco:b2039,P37744
map01250,K00973,eco:b3789,P61887
map01250,K00975,eco:b3430,P0A6V1
map01250,K00979,eco:b0918,P04951
map01250,K01627,eco:b1215,P0A715
map01250,K01710,eco:b2041,P37759
map01250,K01710,eco:b3788,P27830
map01250,K01711,eco:b2053,P0AC88
map01250,K01784,eco:b0759,P09147
map01250,K01790,eco:b2038,P37745
map01250,K01791,eco:b3786,P27828
map01250,K01809,eco:b1613,P00946
map01250,K01810,eco:b4025,P0A6T1
map01250,K01835,eco:b0688,P36938
map01250,K01840,eco:b2048,P24175
map01250,K01854,eco:b2036,P37747
map01250,K02377,eco:b2052,P32055
map01250,K02472,eco:b3787,P27829
map01250,K02805,eco:b3791,P27833
map01250,K03270,eco:b3198,P0ABZ4
map01250,K03271,eco:b0222,P63224
map01250,K03272,eco:b3052,P76658
map01250,K03273,eco:b0200,P63228
map01250,K03274,eco:b3619,P67910
map01250,K03431,eco:b3176,P31120
map01250,K04042,eco:b3730,P0ACC7
map01250,K06041,eco:b3197,P45395
map01250,K07806,eco:b2253,P77690
map01250,K09001,eco:b1640,P77570
map01250,K10011,eco:b2255,P77398
map01250,K16704,eco:b3790,P27832
map00970,K00604,eco:b3288,P23882
map00970,K01042,eco:b3591,P0A821
map00970,K01866,eco:b1637,P0AGJ9
map00970,K01867,eco:b3384,P00954
map00970,K01868,eco:b1719,P0A8M3
map00970,K01869,eco:b0642,P07813
map00970,K01870,eco:b0026,P00956
map00970,K01872,eco:b2697,P00957
map00970,K01873,eco:b4258,P07118
map00970,K01874,eco:b2114,P00959
map00970,K01875,eco:b0893,P0A8L1
map00970,K01876,eco:b1866,P21889
map00970,K01878,eco:b3560,P00960
map00970,K01879,eco:b3559,P00961
map00970,K01881,eco:b0194,P16659
map00970,K01883,eco:b0526,P21888
map00970,K01885,eco:b2400,P04805
map00970,K01886,eco:b0680,P00962
map00970,K01887,eco:b1876,P11875
map00970,K01889,eco:b1714,P08312
map00970,K01890,eco:b1713,P07395
map00970,K01892,eco:b2514,P60906
map00970,K01893,eco:b0930,P0A8M0
map00970,K04567,eco:b2890,P0A8N3
map00970,K04567,eco:b4129,P0A8N5
map03010,K02863,eco:b3984,P0A7L0
map03010,K02864,eco:b3985,P0A7J3
map03010,K02867,eco:b3983,P0A7J7
map03010,K02871,eco:b3231,P0AA10
map03010,K02874,eco:b3310,P0ADY3
map03010,K02876,eco:b3301,P02413
map03010,K02878,eco:b3313,P0ADY7
map03010,K02879,eco:b3294,P0AG44
map03010,K02881,eco:b3304,P0C018
map03010,K02884,eco:b2606,P0A7K6
map03010,K02886,eco:b3317,P60422
map03010,K02887,eco:b1716,P0A7L3
map03010,K02888,eco:b3186,P0AG48
map03010,K02890,eco:b3315,P61175
map03010,K02892,eco:b3318,P0ADZ0
map03010,K02895,eco:b3309,P60624
map03010,K02897,eco:b2185,P68919
map03010,K02899,eco:b3185,P0A7L8
map03010,K02902,eco:b3637,P0A7M2
map03010,K02904,eco:b3312,P0A7M6
map03010,K02906,eco:b3320,P60438
map03010,K02907,eco:b3302,P0AG51
map03010,K02909,eco:b0296,P0A7N1
map03010,K02909,eco:b3936,P0A7M9
map03010,K02911,eco:b1089,P0A7N4
map03010,K02913,eco:b3636,P0A7N9
map03010,K02914,eco:b3703,P0A7P5
map03010,K02916,eco:b1717,P0A7Q1
map03010,K02919,eco:b3299,P0A7Q6
map03010,K02919,eco:b4506,Q2EEQ2
map03010,K02926,eco:b3319,P60723
map03010,K02931,eco:b3308,P62399
map03010,K02933,eco:b3305,P0AG55
map03010,K02935,eco:b3986,P0A7K2
map03010,K02939,eco:b4203,P0A7R1
map03010,K02945,eco:b0911,P0AG67
map03010,K02946,eco:b3321,P0A7R5
map03010,K02948,eco:b3297,P0A7R9
map03010,K02950,eco:b3342,P0A7S3
map03010,K02952,eco:b3298,P0A7S9
map03010,K02954,eco:b3307,P0AG59
map03010,K02956,eco:b3165,P0ADZ4
map03010,K02959,eco:b2609,P0A7T3
map03010,K02961,eco:b3311,P0AG63
map03010,K02963,eco:b4202,P0A7T7
map03010,K02965,eco:b3316,P0A7U3
map03010,K02967,eco:b0169,P0A7V0
map03010,K02968,eco:b0023,P0A7U7
map03010,K02970,eco:b3065,P68679
map03010,K02982,eco:b3314,P0A7V3
map03010,K02986,eco:b3296,P0A7V8
map03010,K02988,eco:b3303,P0A7W1
map03010,K02990,eco:b4200,P02358
map03010,K02992,eco:b3341,P02359
map03010,K02994,eco:b3306,P0A7W7
map03010,K02996,eco:b3230,P0A7X3
map02010,K01995,eco:b3455,P0A9S7
map02010,K01996,eco:b3454,P22731
map02010,K01997,eco:b3457,P0AEX7
map02010,K01998,eco:b3456,P22729
map02010,K01999,eco:b3458,P04816
map02010,K01999,eco:b3460,P0AD96
map02010,K02000,eco:b2677,P14175
map02010,K02001,eco:b2678,P14176
map02010,K02002,eco:b2679,P0AFM2
map02010,K02010,eco:b0262,P37009
map02010,K02017,eco:b0765,P09833
map02010,K02018,eco:b0764,P0AF01
map02010,K02020,eco:b0763,P37329
map02010,K02036,eco:b3725,P0AAH0
map02010,K02037,eco:b3727,P0AGH8
map02010,K02038,eco:b3726,P07654
map02010,K02040,eco:b3728,P0AG82
map02010,K02041,eco:b4106,P16677
map02010,K02044,eco:b4105,P16682
map02010,K02045,eco:b2422,P16676
map02010,K02046,eco:b2424,P16701
map02010,K02047,eco:b2423,P0AEB0
map02010,K02048,eco:b2425,P16700
map02010,K02062,eco:b0066,P31548
map02010,K02063,eco:b0067,P31549
map02010,K02064,eco:b0068,P31550
map02010,K02065,eco:b3195,P63386
map02010,K02066,eco:b3194,P64606
map02010,K02067,eco:b3193,P64604
map02010,K02071,eco:b0199,P30750
map02010,K02072,eco:b0198,P31547
map02010,K02073,eco:b0197,P28635
map02010,K02073,eco:b3661,P04846
map02010,K02193,eco:b2201,P33931
map02010,K02194,eco:b2200,P0ABL8
map02010,K02195,eco:b2199,P0ABM1
map02010,K02196,eco:b2198,P0ABM5
map02010,K02424,eco:b1920,P0AEM9
map02010,K02471,eco:b1496,P31826
map02010,K05685,eco:b0879,P75831
map02010,K05776,eco:b0760,P31060
map02010,K05813,eco:b3453,P0AG80
map02010,K05814,eco:b3452,P10905
map02010,K05815,eco:b3451,P10906
map02010,K05816,eco:b3450,P10907
map02010,K05845,eco:b2131,P33362
map02010,K05846,eco:b2128,P33359
map02010,K05846,eco:b2130,P33361
map02010,K05847,eco:b2129,P33360
map02010,K06073,eco:b1711,P06609
map02010,K06074,eco:b1709,P06611
map02010,K06159,eco:b2211,P33941
map02010,K06726,eco:b3748,P04982
map02010,K06858,eco:b0158,P37028
map02010,K06861,eco:b3201,P0A9V1
map02010,K07091,eco:b4261,P0AF98
map02010,K07122,eco:b3191,P64602
map02010,K07323,eco:b3192,P0ADV7
map02010,K09808,eco:b1116,P0ADC3
map02010,K09808,eco:b1118,P75958
map02010,K09810,eco:b1117,P75957
map02010,K09811,eco:b3462,P0AC30
map02010,K09812,eco:b3463,P0A9R7
map02010,K09815,eco:b1857,P39172
map02010,K09816,eco:b1859,P39832
map02010,K09817,eco:b1858,P0A9X1
map02010,K09970,eco:b3269,P45767
map02010,K09971,eco:b3270,P45768
map02010,K09972,eco:b3271,P45769
map02010,K09996,eco:b0860,P30860
map02010,K09997,eco:b0863,P30859
map02010,K09998,eco:b0861,P0AE30
map02010,K09999,eco:b0862,P0AE34
map02010,K10000,eco:b0864,P0AAF6
map02010,K10001,eco:b0655,P37902
map02010,K10002,eco:b0653,P0AER5
map02010,K10003,eco:b0654,P0AER3
map02010,K10004,eco:b0652,P0AAG3
map02010,K10009,eco:b1918,P0AFT2
map02010,K10010,eco:b1917,P37774
map02010,K10013,eco:b2310,P09551
map02010,K10014,eco:b2309,P0AEU0
map02010,K10015,eco:b2307,P0AEU3
map02010,K10016,eco:b2308,P52094
map02010,K10017,eco:b2306,P07109
map02010,K10036,eco:b0811,P0AEQ3
map02010,K10037,eco:b0810,P0AEQ6
map02010,K10038,eco:b0809,P10346
map02010,K10108,eco:b4034,P0AEX9
map02010,K10109,eco:b4033,P02916
map02010,K10110,eco:b4032,P68183
map02010,K10111,eco:b4035,P68187
map02010,K10439,eco:b3751,P02925
map02010,K10440,eco:b3750,P0AGI1
map02010,K10441,eco:b3749,P04983
map02010,K10537,eco:b1901,P02924
map02010,K10538,eco:b4460,P0AE26
map02010,K10539,eco:b1900,P0AAF3
map02010,K10540,eco:b2150,P0AEE5
map02010,K10541,eco:b2148,P23200
map02010,K10542,eco:b2149,P0AAG8
map02010,K10543,eco:b3566,P37387
map02010,K10544,eco:b3568,P0AGI4
map02010,K10545,eco:b3567,P37388
map02010,K10549,eco:b4088,P39265
map02010,K10550,eco:b4086,P32720
map02010,K10551,eco:b4087,P32721
map02010,K10555,eco:b1516,P76142
map02010,K10556,eco:b1514,P77672
map02010,K10557,eco:b1515,P0AFS1
map02010,K10558,eco:b1513,P77257
map02010,K10820,eco:b4485,Q6BEX0
map02010,K10823,eco:b1247,P77737
map02010,K10824,eco:b3480,P33594
map02010,K10829,eco:b0151,P07821
map02010,K10831,eco:b0366,Q47538
map02010,K11069,eco:b1123,P0AFK9
map02010,K11070,eco:b1124,P0AFK6
map02010,K11071,eco:b1125,P0AFK4
map02010,K11072,eco:b1126,P69874
map02010,K11073,eco:b0854,P31133
map02010,K11074,eco:b0857,P0AFL1
map02010,K11075,eco:b0856,P31135
map02010,K11076,eco:b0855,P31134
map02010,K11085,eco:b0914,P60752
map02010,K11720,eco:b4262,P0ADC6
map02010,K12368,eco:b3544,P23847
map02010,K12369,eco:b3543,P0AEF8
map02010,K12370,eco:b3542,P0AEG1
map02010,K12371,eco:b3541,P0AAG0
map02010,K12372,eco:b3540,P37313
map02010,K13889,eco:b0830,P75797
map02010,K13890,eco:b0831,P75798
map02010,K13891,eco:b0832,P75799
map02010,K13892,eco:b0829,P75796
map02010,K13893,eco:b2177,P33913
map02010,K13894,eco:b2178,P0AFU0
map02010,K13895,eco:b2179,P33915
map02010,K13896,eco:b2180,P33916
map02010,K15551,eco:b0365,Q47537
map02010,K15552,eco:b0367,Q47539
map02010,K15553,eco:b0936,P75853
map02010,K15554,eco:b0934,P75851
map02010,K15555,eco:b0933,P0AAI1
map02010,K15580,eco:b1243,P23843
map02010,K15580,eco:b1329,P77348
map02010,K15581,eco:b1244,P0AFH2
map02010,K15582,eco:b1245,P0AFH6
map02010,K15583,eco:b1246,P76027
map02010,K15584,eco:b3476,P33590
map02010,K15585,eco:b3477,P33591
map02010,K15586,eco:b3478,P0AFA9
map02010,K15587,eco:b3479,P33593
map02010,K16012,eco:b0886,P23886
map02010,K16013,eco:b0887,P29018
map02010,K18889,eco:b0448,P77265
map02010,K18890,eco:b0449,P0AAG5
map02010,K19226,eco:b1294,Q47622
map02010,K19227,eco:b1293,P0AGH3
map02010,K19228,eco:b1292,P0AGH5
map02010,K19229,eco:b1291,P0AAH4
map02010,K19230,eco:b1290,P0AAH8
map02010,K23163,eco:b3917,P0AG78
map02010,K23181,eco:b4290,P15028
map02010,K23182,eco:b4288,P15029
map02010,K23183,eco:b4289,P15030
map02010,K23184,eco:b4287,P15031
map02010,K23185,eco:b0592,P0AEL6
map02010,K23186,eco:b0590,P23876
map02010,K23187,eco:b0589,P23877
map02010,K23188,eco:b0588,P23878
map02010,K23227,eco:b0152,P07822
map02010,K23228,eco:b0153,P06972
map02010,K23508,eco:b4227,P39325
map02010,K23509,eco:b4230,P39328
map02010,K23509,eco:b4231,P37772
map02010,K23545,eco:b2548,P77269
map02010,K23546,eco:b2546,P77315
map02010,K23547,eco:b2547,P77509
map00550,K00075,eco:b3972,P08373
map00550,K00790,eco:b3189,P0A749
map00550,K00806,eco:b0174,P60472
map00550,K01000,eco:b0087,P0A6W3
map00550,K01921,eco:b0092,P07862
map00550,K01921,eco:b0381,P0A6J8
map00550,K01924,eco:b0091,P17952
map00550,K01925,eco:b0088,P14900
map00550,K01928,eco:b0085,P22188
map00550,K01929,eco:b0086,P11880
map00550,K02563,eco:b0090,P17443
map00550,K03587,eco:b0084,P0AD68
map00550,K03588,eco:b0089,P0ABG4
map00550,K03814,eco:b3208,P46022
map00550,K05365,eco:b0149,P02919
map00550,K05366,eco:b3396,P02918
map00550,K05367,eco:b2519,P76577
map00550,K05515,eco:b0635,P0AD65
map00550,K05837,eco:b0634,P0ABG7
map00550,K06153,eco:b3057,P60932
map00550,K07258,eco:b0632,P0AEB2
map00550,K07258,eco:b0839,P08506
map00550,K07258,eco:b2010,P33013
map00550,K07259,eco:b3182,P24228
map00550,K19302,eco:b0841,P75806
map00550,K21469,eco:b2430,P77619
map02030,K00575,eco:b1884,P07364
map02030,K02410,eco:b1939,P0ABZ1
map02030,K02416,eco:b1945,P06974
map02030,K02417,eco:b1946,P15070
map02030,K02556,eco:b1890,P09348
map02030,K02557,eco:b1889,P0AF06
map02030,K03408,eco:b1887,P0A964
map02030,K03412,eco:b1883,P07330
map02030,K03413,eco:b1882,P0AE67
map02030,K03414,eco:b1881,P0A9H9
map02030,K03776,eco:b3072,P50466
map02030,K05874,eco:b4355,P02942
map02030,K05875,eco:b1886,P07017
map02030,K05876,eco:b1421,P05704
map02030,K05877,eco:b1885,P07018
map02030,K10108,eco:b4034,P0AEX9
map02030,K10439,eco:b3751,P02925
map02030,K10540,eco:b2150,P0AEE5
map02030,K12368,eco:b3544,P23847
map01503,K00677,eco:b0181,P0A722
map01503,K01448,eco:b2435,P36548
map01503,K01448,eco:b2817,P63883
map01503,K01448,eco:b4169,P26365
map01503,K03585,eco:b0463,P0AE06
map01503,K03673,eco:b3860,P0AEG4
map01503,K03760,eco:b4114,P30845
map01503,K03767,eco:b3363,P0AFL3
map01503,K04771,eco:b0161,P0C0V0
map01503,K06079,eco:b0192,P40710
map01503,K07264,eco:b2257,P76473
map01503,K07637,eco:b1129,P23837
map01503,K07640,eco:b3911,P0AE82
map01503,K07643,eco:b4112,P30844
map01503,K07660,eco:b1130,P23836
map01503,K07662,eco:b3912,P0AE88
map01503,K07771,eco:b4113,P30843
map01503,K07806,eco:b2253,P77690
map01503,K10011,eco:b2255,P77398
map01503,K10012,eco:b2254,P77757
map01503,K12340,eco:b3035,P02930
map01503,K12962,eco:b4544,Q47377
map01503,K12963,eco:b2258,P76474
map01503,K12973,eco:b0622,P37001
map01503,K12975,eco:b3546,P37661
map01503,K13014,eco:b2256,P76472
map01503,K13632,eco:b1531,P0ACH5
map01503,K18138,eco:b0462,P31224
map01503,K19226,eco:b1294,Q47622
map01503,K19227,eco:b1293,P0AGH3
map01503,K19228,eco:b1292,P0AGH5
map01503,K19229,eco:b1291,P0AAH4
map01503,K19230,eco:b1290,P0AAH8
map01503,K19236,eco:b1113,P75954
map01503,K19238,eco:b2259,P37590
map03070,K02452,eco:b3324,P45757
map03070,K02453,eco:b3325,P45758
map03070,K02454,eco:b3326,P45759
map03070,K02455,eco:b3327,P41441
map03070,K02456,eco:b3328,P41442
map03070,K02457,eco:b3329,P41443
map03070,K02458,eco:b3330,P45760
map03070,K02459,eco:b3331,P45761
map03070,K02460,eco:b3332,P45762
map03070,K02461,eco:b3333,P45763
map03070,K02462,eco:b2968,Q46832
map03070,K02462,eco:b3334,P36678
map03070,K02464,eco:b3335,P25960
map03070,K03070,eco:b0098,P10408
map03070,K03071,eco:b3609,P0AG86
map03070,K03072,eco:b0408,P0AG90
map03070,K03073,eco:b3981,P0AG96
map03070,K03074,eco:b0409,P0AG93
map03070,K03075,eco:b3175,P0AG99
map03070,K03076,eco:b3300,P0AGA2
map03070,K03106,eco:b2610,P0AGD7
map03070,K03110,eco:b3464,P10121
map03070,K03116,eco:b3836,P69428
map03070,K03117,eco:b3838,P69425
map03070,K03118,eco:b3839,P69423
map03070,K03210,eco:b0407,P0ADZ7
map03070,K03217,eco:b3705,P25714
map03070,K03425,eco:b0627,P0A843
map03070,K12340,eco:b3035,P02930
map03070,K13301,eco:b0097,P62395
map03430,K01141,eco:b2011,P04995
map03430,K01972,eco:b2411,P15042
map03430,K01972,eco:b3647,P25772
map03430,K02337,eco:b0184,P10443
map03430,K02338,eco:b3701,P0A988
map03430,K02339,eco:b4259,P28905
map03430,K02340,eco:b0640,P28630
map03430,K02341,eco:b1099,P28631
map03430,K02342,eco:b0215,P03007
map03430,K02343,eco:b0470,P06710
map03430,K02344,eco:b4372,P28632
map03430,K02345,eco:b1842,P0ABS8
map03430,K03111,eco:b4059,P0AGE0
map03430,K03555,eco:b2733,P23909
map03430,K03572,eco:b4170,P23367
map03430,K03573,eco:b2831,P06722
map03430,K03601,eco:b2509,P04994
map03430,K03602,eco:b0422,P0A8G9
map03430,K03657,eco:b3813,P03018
map03430,K06223,eco:b3387,P0AEE8
map03430,K07462,eco:b2892,P21893
map03430,K10857,eco:b1844,P0AEK0
map00860,K00228,eco:b2436,P36553
map00860,K00230,eco:b3850,P0ACB4
map00860,K00768,eco:b1991,P36562
map00860,K01195,eco:b1617,P05804
map00860,K01599,eco:b3997,P29680
map00860,K01698,eco:b0369,P0ACB2
map00860,K01719,eco:b3804,P09126
map00860,K01749,eco:b3805,P06983
map00860,K01772,eco:b0475,P23871
map00860,K01845,eco:b0154,P23893
map00860,K01885,eco:b2400,P04805
map00860,K02226,eco:b0638,P52086
map00860,K02231,eco:b1993,P0AE76
map00860,K02233,eco:b1992,P36561
map00860,K02257,eco:b0428,P0AEA5
map00860,K02302,eco:b3368,P0AEA8
map00860,K02492,eco:b1210,P0A6X1
map00860,K02495,eco:b3867,P32131
map00860,K02496,eco:b3803,P09127
map00860,K03594,eco:b3336,P0ABD3
map00860,K04032,eco:b2459,P65643
map00860,K19221,eco:b1270,P0A9H5
map03018,K00850,eco:b3916,P0A796
map03018,K00937,eco:b2501,P0A7B1
map03018,K00962,eco:b3164,P05055
map03018,K00970,eco:b0143,P0ABF1
map03018,K01689,eco:b2779,P0A6P9
map03018,K03628,eco:b3783,P0AG30
map03018,K03654,eco:b3822,P15043
map03018,K03666,eco:b4172,P0A6X3
map03018,K03732,eco:b3780,P0A8J8
map03018,K04043,eco:b0014,P0A6Y8
map03018,K04077,eco:b4143,P0A6F5
map03018,K05592,eco:b3162,P0A9P6
map03018,K08300,eco:b1084,P21513
map03018,K08311,eco:b2830,P0A776
map03018,K11927,eco:b0797,P25888
map03018,K12573,eco:b4179,P21499
map00040,K00008,eco:b1774,P77280
map00040,K00012,eco:b2028,P76373
map00040,K00040,eco:b1542,P77260
map00040,K00040,eco:b4323,P39160
map00040,K00041,eco:b1521,P0A6L7
map00040,K00065,eco:b2842,P37769
map00040,K00848,eco:b3904,P32171
map00040,K00853,eco:b0063,P08204
map00040,K00854,eco:b3564,P09099
map00040,K00879,eco:b2803,P11553
map00040,K00880,eco:b3580,P37677
map00040,K00963,eco:b1236,P0AEP3
map00040,K00963,eco:b2042,P0AAB6
map00040,K01051,eco:b0772,P46130
map00040,K01195,eco:b1617,P05804
map00040,K01628,eco:b2800,P0AB87
map00040,K01629,eco:b3902,P32169
map00040,K01685,eco:b3091,P42604
map00040,K01686,eco:b4322,P24215
map00040,K01783,eco:b3386,P0AG07
map00040,K01804,eco:b0062,P08202
map00040,K01805,eco:b3565,P00944
map00040,K01812,eco:b3092,P0A8G3
map00040,K01815,eco:b2843,Q46938
map00040,K01818,eco:b2802,P69922
map00040,K03077,eco:b0061,P08203
map00040,K03077,eco:b3583,P37680
map00040,K03077,eco:b4198,P39306
map00040,K03078,eco:b3581,P37678
map00040,K03078,eco:b4196,P39304
map00040,K03079,eco:b3582,P37679
map00040,K03079,eco:b4197,P39305
map00040,K08092,eco:b3575,P37672
map00040,K08322,eco:b1580,P38105
map00040,K08323,eco:b1581,P38104
map00040,K22396,eco:b0269,P77596
map00040,K22396,eco:b4297,P39358
map00040,K22397,eco:b0268,P75682
map00040,K22397,eco:b4298,P39359
map00053,K00012,eco:b2028,P76373
map00053,K00880,eco:b3580,P37677
map00053,K01195,eco:b1617,P05804
map00053,K01630,eco:b3126,P23522
map00053,K01706,eco:b2787,P0AES2
map00053,K01708,eco:b3128,P39829
map00053,K02821,eco:b4195,P69820
map00053,K02822,eco:b4194,P69822
map00053,K03077,eco:b0061,P08203
map00053,K03077,eco:b3583,P37680
map00053,K03077,eco:b4198,P39306
map00053,K03078,eco:b3581,P37678
map00053,K03078,eco:b4196,P39304
map00053,K03079,eco:b3582,P37679
map00053,K03079,eco:b4197,P39305
map00053,K03475,eco:b4193,P39301
map00053,K03476,eco:b4192,P39300
map00053,K08092,eco:b3575,P37672
map00053,K23007,eco:b4358,P39400
map00780,K00059,eco:b1093,P0AEK2
map00780,K00208,eco:b1288,P0AEK4
map00780,K00647,eco:b2323,P0A953
map00780,K00652,eco:b0776,P12998
map00780,K00833,eco:b0774,P12995
map00780,K01012,eco:b0775,P12996
map00780,K01935,eco:b0778,P13000
map00780,K01935,eco:b1593,P0A6E9
map00780,K02169,eco:b0777,P12999
map00780,K02170,eco:b3412,P13001
map00780,K02372,eco:b0180,P0A6Q6
map00780,K03524,eco:b3973,P06709
map00780,K08351,eco:b3551,P20099
map00780,K09458,eco:b1095,P0AAI5
map00010,K00121,eco:b0356,P25437
map00010,K00134,eco:b1779,P0A9B2
map00010,K00138,eco:b3588,P37685
map00010,K00163,eco:b0114,P0AFG8
map00010,K00382,eco:b0116,P0A9P0
map00010,K00627,eco:b0115,P06959
map00010,K00845,eco:b2388,P0A6V8
map00010,K00850,eco:b3916,P0A796
map00010,K00873,eco:b1676,P0AD61
map00010,K00873,eco:b1854,P21599
map00010,K00927,eco:b2926,P0A799
map00010,K01007,eco:b1702,P23538
map00010,K01085,eco:b1002,P19926
map00010,K01222,eco:b1734,P17411
map00010,K01223,eco:b2716,P24240
map00010,K01223,eco:b2901,Q46829
map00010,K01223,eco:b3721,P11988
map00010,K01610,eco:b3403,P22259
map00010,K01624,eco:b2925,P0AB71
map00010,K01689,eco:b2779,P0A6P9
map00010,K01785,eco:b0756,P0A9C3
map00010,K01792,eco:b1780,P39173
map00010,K01803,eco:b3919,P0A858
map00010,K01810,eco:b4025,P0A6T1
map00010,K01834,eco:b0755,P62707
map00010,K01835,eco:b0688,P36938
map00010,K01895,eco:b4069,P27550
map00010,K02446,eco:b2930,P21437
map00010,K02446,eco:b3925,P0A9C9
map00010,K02753,eco:b2715,P24241
map00010,K02777,eco:b2417,P69783
map00010,K02779,eco:b1101,P69786
map00010,K02791,eco:b1621,P19642
map00010,K03737,eco:b1378,P52647
map00010,K03841,eco:b4232,P0A993
map00010,K04022,eco:b2453,P76553
map00010,K04072,eco:b1241,P0A9Q7
map00010,K11645,eco:b2097,P0A991
map00010,K12957,eco:b4269,P27250
map00010,K13953,eco:b1478,P39451
map00010,K13954,eco:b3589,P37686
map00010,K13979,eco:b0325,P75691
map00010,K15633,eco:b3612,P37689
map00010,K15634,eco:b4395,P0A7A2
map00010,K16370,eco:b1723,P06999
map00010,K20866,eco:b3885,P0A8Y3
map00785,K00163,eco:b0114,P0AFG8
map00785,K00164,eco:b0726,P0AFG3
map00785,K00281,eco:b2903,P33195
map00785,K00382,eco:b0116,P0A9P0
map00785,K00605,eco:b2905,P27248
map00785,K00627,eco:b0115,P06959
map00785,K00658,eco:b0727,P0AFG6
map00785,K02437,eco:b2904,P0A6T9
map00785,K03644,eco:b0628,P60716
map00785,K03800,eco:b4386,P32099
map00785,K03801,eco:b0630,P60720
map00340,K00013,eco:b2020,P06988
map00340,K00765,eco:b2019,P60757
map00340,K00817,eco:b2021,P06986
map00340,K01089,eco:b2022,P06987
map00340,K01814,eco:b2024,P10371
map00340,K02500,eco:b2025,P60664
map00340,K02501,eco:b2023,P60595
map00340,K11755,eco:b2026,P06989
map00760,K00135,eco:b2661,P25526
map00760,K00278,eco:b2574,P10902
map00760,K00322,eco:b3962,P27306
map00760,K00324,eco:b1603,P07001
map00760,K00325,eco:b1602,P0AB67
map00760,K00763,eco:b0931,P18133
map00760,K00767,eco:b0109,P30011
map00760,K00858,eco:b2615,P0A7B3
map00760,K00969,eco:b0639,P0A752
map00760,K01916,eco:b1740,P18843
map00760,K02566,eco:b0675,P0AF24
map00760,K03426,eco:b3996,P32664
map00760,K03517,eco:b0750,P11458
map00760,K03743,eco:b2700,P0A6G3
map00760,K03783,eco:b2407,P45563
map00760,K03784,eco:b4384,P0ABP8
map00760,K03787,eco:b2744,P0A840
map00760,K04765,eco:b2781,P0AEY3
map00760,K06211,eco:b4390,P27278
map00760,K08281,eco:b1768,P21369
map00760,K08324,eco:b1525,P76149
map00760,K11751,eco:b0480,P07024
map00760,K12410,eco:b1120,P75960
map00332,K00147,eco:b0243,P07004
map00332,K00931,eco:b0242,P0A7B5
map00562,K01092,eco:b2533,P0ADG4
map00562,K01093,eco:b0980,P07102
map00562,K01803,eco:b3919,P0A858
map00740,K00299,eco:b0937,P80644
map00740,K00793,eco:b1662,P0AFU8
map00740,K00794,eco:b0415,P61714
map00740,K00878,eco:b2104,P76423
map00740,K01093,eco:b0980,P07102
map00740,K01497,eco:b1277,P0A7I7
map00740,K01515,eco:b3034,Q93K97
map00740,K02858,eco:b3041,P0A7J0
map00740,K03186,eco:b2311,P0AG03
map00740,K03788,eco:b4055,P0AE22
map00740,K05368,eco:b3844,P0AEN1
map00740,K11752,eco:b0414,P25539
map00740,K11753,eco:b0025,P0AG40
map00740,K12152,eco:b1134,P0AEI6
map00740,K20861,eco:b0844,P75809
map00740,K20862,eco:b3812,P0ADP0
map01502,K01000,eco:b0087,P0A6W3
map01502,K01775,eco:b1190,P29012
map01502,K01775,eco:b4053,P0A6B4
map01502,K01921,eco:b0092,P07862
map01502,K01921,eco:b0381,P0A6J8
map01502,K01929,eco:b0086,P11880
map01502,K02563,eco:b0090,P17443
map01502,K08641,eco:b1488,P77790
map00670,K00108,eco:b0311,P17444
map00670,K00130,eco:b0312,P17445
map00670,K00281,eco:b2903,P33195
map00670,K00287,eco:b0048,P0ABQ4
map00670,K00297,eco:b3941,P0AEZ1
map00670,K00382,eco:b0116,P0A9P0
map00670,K00547,eco:b0261,Q47690
map00670,K00548,eco:b4019,P13009
map00670,K00560,eco:b2827,P0A884
map00670,K00600,eco:b2551,P0A825
map00670,K00602,eco:b4006,P15639
map00670,K00605,eco:b2905,P27248
map00670,K00789,eco:b2942,P0A817
map00670,K01433,eco:b1232,P37051
map00670,K01491,eco:b0529,P24186
map00670,K01934,eco:b2912,P0AC28
map00670,K02437,eco:b2904,P0A6T9
map00670,K11175,eco:b2500,P08179
map00670,K13938,eco:b1606,P0AFS3
map01310,K00362,eco:b3365,P08201
map01310,K00363,eco:b3366,P0A9I8
map01310,K00370,eco:b1224,P09152
map01310,K00370,eco:b1468,P19319
map01310,K00371,eco:b1225,P11349
map01310,K00371,eco:b1467,P19318
map01310,K00374,eco:b1227,P11350
map01310,K00374,eco:b1465,P0AF32
map01310,K02567,eco:b2206,P33937
map01310,K02568,eco:b2203,P0ABL3
map01310,K03385,eco:b4070,P0ABK9
map00640,K00005,eco:b3945,P0A9S5
map00640,K00048,eco:b2799,P0A9S1
map00640,K00382,eco:b0116,P0A9P0
map00640,K00656,eco:b0903,P09373
map00640,K00656,eco:b3114,P42632
map00640,K00823,eco:b1302,P50457
map00640,K00925,eco:b2296,P0A6A3
map00640,K00932,eco:b3115,P11868
map00640,K01637,eco:b4015,P0A9G6
map00640,K01659,eco:b0333,P31660
map00640,K01682,eco:b0118,P36683
map00640,K01692,eco:b1393,P76082
map00640,K01720,eco:b0334,P77243
map00640,K01734,eco:b0963,P0A731
map00640,K01782,eco:b2341,P77399
map00640,K01825,eco:b3846,P21177
map00640,K01847,eco:b2917,P27253
map00640,K01895,eco:b4069,P27550
map00640,K01902,eco:b0729,P0AGE9
map00640,K01903,eco:b0728,P0A836
map00640,K01908,eco:b0335,P77495
map00640,K01961,eco:b3256,P24182
map00640,K01962,eco:b0185,P0ABD5
map00640,K01963,eco:b2316,P0A9Q5
map00640,K02160,eco:b3255,P0ABD8
map00640,K03417,eco:b0331,P77541
map00640,K07250,eco:b2662,P22256
map00640,K08325,eco:b3011,Q46856
map00640,K11264,eco:b2919,P52045
map00640,K13788,eco:b2297,P0A9M8
map00640,K18471,eco:b1771,P77256
map00640,K19745,eco:b3253,P26646
map00640,K22214,eco:b2920,P52043
map00640,K27802,eco:b1276,P25516
map00564,K00057,eco:b3608,P0A6S7
map00564,K00111,eco:b2241,P0A9C0
map00564,K00111,eco:b3426,P13035
map00564,K00112,eco:b2242,P13033
map00564,K00113,eco:b2243,P0A996
map00564,K00631,eco:b4041,P0A7A7
map00564,K00655,eco:b3018,P26647
map00564,K00901,eco:b4042,P0ABN1
map00564,K00981,eco:b0175,P0ABG1
map00564,K00981,eco:b1409,P76091
map00564,K00995,eco:b1912,P0ABF8
map00564,K00998,eco:b2585,P23830
map00564,K01048,eco:b3825,P07000
map00564,K01058,eco:b3821,P0A921
map00564,K01095,eco:b0418,P18200
map00564,K01096,eco:b1278,P0A924
map00564,K01126,eco:b2239,P09394
map00564,K01126,eco:b3449,P10908
map00564,K01521,eco:b3918,P06282
map00564,K01613,eco:b4160,P0A8K1
map00564,K03735,eco:b2441,P0AEJ6
map00564,K03736,eco:b2440,P19636
map00564,K04019,eco:b2451,P76551
map00564,K05939,eco:b2836,P31119
map00564,K06131,eco:b0789,P0AA84
map00564,K06131,eco:b1249,P0A6H8
map00564,K06132,eco:b1046,P75919
map00564,K08591,eco:b3059,P60782
map00564,K18697,eco:b2560,P0AD42
map00430,K00681,eco:b3447,P18956
map00430,K00925,eco:b2296,P0A6A3
map00430,K01580,eco:b1493,P69910
map00430,K01580,eco:b3517,P69908
map00430,K03119,eco:b0368,P37610
map00430,K13788,eco:b2297,P0A9M8
map00561,K00005,eco:b3945,P0A9S5
map00561,K00631,eco:b4041,P0A7A7
map00561,K00655,eco:b3018,P26647
map00561,K00864,eco:b3926,P0A6F3
map00561,K00865,eco:b0514,P77364
map00561,K00865,eco:b3124,P23524
map00561,K00901,eco:b4042,P0ABN1
map00561,K03621,eco:b1090,P27247
map00561,K05878,eco:b1200,P76015
map00561,K05879,eco:b1199,P76014
map00561,K05881,eco:b1198,P37349
map00561,K07406,eco:b4119,P06720
map00561,K08591,eco:b3059,P60782
map00561,K13979,eco:b0325,P75691
map00541,K00012,eco:b2028,P76373
map00541,K00067,eco:b2040,P37760
map00541,K00885,eco:b3222,P45425
map00541,K00963,eco:b1236,P0AEP3
map00541,K00963,eco:b2042,P0AAB6
map00541,K00971,eco:b2049,P24174
map00541,K00973,eco:b2039,P37744
map00541,K00973,eco:b3789,P61887
map00541,K00979,eco:b0918,P04951
map00541,K01627,eco:b1215,P0A715
map00541,K01639,eco:b3225,P0A6L4
map00541,K01710,eco:b2041,P37759
map00541,K01710,eco:b3788,P27830
map00541,K01711,eco:b2053,P0AC88
map00541,K01790,eco:b2038,P37745
map00541,K01791,eco:b3786,P27828
map00541,K02377,eco:b2052,P32055
map00541,K02472,eco:b3787,P27829
map00541,K02805,eco:b3791,P27833
map00541,K03270,eco:b3198,P0ABZ4
map00541,K03271,eco:b0222,P63224
map00541,K03272,eco:b3052,P76658
map00541,K03273,eco:b0200,P63228
map00541,K03274,eco:b3619,P67910
map00541,K04042,eco:b3730,P0ACC7
map00541,K06041,eco:b3197,P45395
map00541,K07806,eco:b2253,P77690
map00541,K10011,eco:b2255,P77398
map00541,K10012,eco:b2254,P77757
map00541,K13014,eco:b2256,P76472
map00541,K16704,eco:b3790,P27832
map00061,K00059,eco:b1093,P0AEK2
map00061,K00208,eco:b1288,P0AEK4
map00061,K00645,eco:b1092,P0AAI9
map00061,K00647,eco:b2323,P0A953
map00061,K00648,eco:b1091,P0A6R0
map00061,K01716,eco:b0954,P0A6Q3
map00061,K01897,eco:b1805,P69451
map00061,K01961,eco:b3256,P24182
map00061,K01962,eco:b0185,P0ABD5
map00061,K01963,eco:b2316,P0A9Q5
map00061,K02160,eco:b3255,P0ABD8
map00061,K02372,eco:b0180,P0A6Q6
map00061,K09458,eco:b1095,P0AAI5
map01212,K00059,eco:b1093,P0AEK2
map01212,K00208,eco:b1288,P0AEK4
map01212,K00626,eco:b2224,P76461
map01212,K00626,eco:b2844,Q46939
map01212,K00632,eco:b2342,P76503
map01212,K00632,eco:b3845,P21151
map01212,K00645,eco:b1092,P0AAI9
map01212,K00647,eco:b2323,P0A953
map01212,K00648,eco:b1091,P0A6R0
map01212,K01692,eco:b1393,P76082
map01212,K01716,eco:b0954,P0A6Q3
map01212,K01782,eco:b2341,P77399
map01212,K01825,eco:b3846,P21177
map01212,K01897,eco:b1805,P69451
map01212,K01961,eco:b3256,P24182
map01212,K01962,eco:b0185,P0ABD5
map01212,K01963,eco:b2316,P0A9Q5
map01212,K02160,eco:b3255,P0ABD8
map01212,K02372,eco:b0180,P0A6Q6
map01212,K06445,eco:b0221,Q47146
map01212,K09458,eco:b1095,P0AAI5
map02024,K01497,eco:b1277,P0A7I7
map02024,K01580,eco:b1493,P69910
map02024,K01580,eco:b3517,P69908
map02024,K01626,eco:b0754,P0AB91
map02024,K01626,eco:b1704,P00887
map02024,K01626,eco:b2601,P00888
map02024,K01657,eco:b1264,P00895
map02024,K01897,eco:b1805,P69451
map02024,K01995,eco:b3455,P0A9S7
map02024,K01996,eco:b3454,P22731
map02024,K01997,eco:b3457,P0AEX7
map02024,K01998,eco:b3456,P22729
map02024,K01999,eco:b3458,P04816
map02024,K01999,eco:b3460,P0AD96
map02024,K02031,eco:b1484,P77268
map02024,K02032,eco:b1483,P77622
map02024,K02033,eco:b1486,P77308
map02024,K02034,eco:b1485,P77463
map02024,K02035,eco:b1487,P76128
map02024,K02035,eco:b3020,Q46863
map02024,K02052,eco:b1441,P77795
map02024,K02053,eco:b1443,P0AFR9
map02024,K02054,eco:b1442,P77156
map02024,K02055,eco:b1440,P76108
map02024,K02402,eco:b1891,P0ABY7
map02024,K02403,eco:b1892,P0A8S9
map02024,K03070,eco:b0098,P10408
map02024,K03071,eco:b3609,P0AG86
map02024,K03073,eco:b3981,P0AG96
map02024,K03075,eco:b3175,P0AG99
map02024,K03076,eco:b3300,P0AGA2
map02024,K03106,eco:b2610,P0AGD7
map02024,K03110,eco:b3464,P10121
map02024,K03210,eco:b0407,P0ADZ7
map02024,K03217,eco:b3705,P25714
map02024,K03666,eco:b4172,P0A6X3
map02024,K07173,eco:b2687,P45578
map02024,K07645,eco:b3026,P40719
map02024,K07666,eco:b3025,P52076
map02024,K07667,eco:b0694,P21866
map02024,K07711,eco:b2556,P52101
map02024,K07715,eco:b2554,P0AFU4
map02024,K07781,eco:b1951,P0DMC9
map02024,K07782,eco:b1916,P07026
map02024,K08321,eco:b1517,P76143
map02024,K09823,eco:b4046,P0AC51
map02024,K09936,eco:b1447,P76111
map02024,K10555,eco:b1516,P76142
map02024,K10556,eco:b1514,P77672
map02024,K10557,eco:b1515,P0AFS1
map02024,K10558,eco:b1513,P77257
map02024,K10823,eco:b1247,P77737
map02024,K10914,eco:b3357,P0ACJ8
map02024,K11216,eco:b1511,P77432
map02024,K11530,eco:b1518,P64461
map02024,K11531,eco:b1512,P76141
map02024,K11752,eco:b0414,P25539
map02024,K14051,eco:b1285,P77334
map02024,K15580,eco:b1243,P23843
map02024,K15580,eco:b1329,P77348
map02024,K15581,eco:b1244,P0AFH2
map02024,K15582,eco:b1245,P0AFH6
map02024,K15583,eco:b1246,P76027
map02024,K20265,eco:b1492,P63235
map00540,K00677,eco:b0181,P0A722
map00540,K00748,eco:b0182,P10441
map00540,K00912,eco:b0915,P27300
map00540,K02517,eco:b1054,P0ACV0
map00540,K02527,eco:b3633,P0AC75
map00540,K02535,eco:b0096,P0A725
map00540,K02536,eco:b0179,P21645
map00540,K02560,eco:b1855,P24205
map00540,K02840,eco:b3628,P27127
map00540,K02841,eco:b3621,P24173
map00540,K02843,eco:b3620,P37692
map00540,K02844,eco:b3631,P25740
map00540,K02847,eco:b3622,P27243
map00540,K02848,eco:b3630,P25741
map00540,K02849,eco:b3632,P25742
map00540,K02850,eco:b3625,P27240
map00540,K03269,eco:b0524,P43341
map00540,K03275,eco:b3627,P27128
map00540,K03276,eco:b3626,P27129
map00540,K03277,eco:b3623,P27242
map00540,K03760,eco:b4114,P30845
map00540,K07264,eco:b2257,P76473
map00540,K12973,eco:b0622,P37001
map00540,K12974,eco:b2378,P0ACV2
map00540,K12975,eco:b3546,P37661
map00540,K12981,eco:b3624,P27241
map00540,K12986,eco:b3629,P27126
map00540,K19353,eco:b3955,P0CB39
map00540,K19354,eco:b3615,P11290
map00540,K19803,eco:b2174,P76445
map03008,K03685,eco:b2567,P0A7Y0
map03008,K13288,eco:b4162,P0A784
map00410,K00137,eco:b1444,P77674
map00410,K00276,eco:b1386,P46883
map00410,K00823,eco:b1302,P50457
map00410,K01464,eco:b2873,Q46806
map00410,K01579,eco:b0131,P0A790
map00410,K01580,eco:b1493,P69910
map00410,K01580,eco:b3517,P69908
map00410,K01692,eco:b1393,P76082
map00410,K01782,eco:b2341,P77399
map00410,K01825,eco:b3846,P21177
map00410,K01918,eco:b0133,P31663
map00410,K07250,eco:b2662,P22256
map00410,K17722,eco:b2146,P76440
map00410,K17723,eco:b2147,P25889
map00750,K00097,eco:b0052,P19624
map00750,K00275,eco:b1638,P0AFI7
map00750,K00831,eco:b0907,P23721
map00750,K00868,eco:b1636,P77150
map00750,K00868,eco:b2418,P40191
map00750,K01733,eco:b0004,P00934
map00750,K03472,eco:b2927,P0A9B6
map00750,K03473,eco:b2320,P05459
map00750,K03474,eco:b2564,P0A794
map00750,K05275,eco:b1406,P25906
map03020,K03040,eco:b3295,P0A7Z4
map03020,K03043,eco:b3987,P0A8V2
map03020,K03046,eco:b3988,P0A8T7
map03020,K03060,eco:b3649,P0A800
map00999,K00014,eco:b3281,P15770
map00999,K00789,eco:b2942,P0A817
map00999,K05349,eco:b2132,P33363
map00630,K00024,eco:b3236,P61889
map00630,K00042,eco:b0509,P77161
map00630,K00042,eco:b3125,P0ABQ2
map00630,K00048,eco:b2799,P0A9S1
map00630,K00090,eco:b3553,P37666
map00630,K00104,eco:b2979,P0AEP9
map00630,K00123,eco:b3894,P32176
map00630,K00124,eco:b3893,P0AAJ5
map00630,K00127,eco:b3892,P0AEL0
map00630,K00281,eco:b2903,P33195
map00630,K00382,eco:b0116,P0A9P0
map00630,K00600,eco:b2551,P0A825
map00630,K00605,eco:b2905,P27248
map00630,K00626,eco:b2224,P76461
map00630,K00626,eco:b2844,Q46939
map00630,K00865,eco:b0514,P77364
map00630,K00865,eco:b3124,P23524
map00630,K01091,eco:b3385,P32662
map00630,K01433,eco:b1232,P37051
map00630,K01577,eco:b2373,P0AFI0
map00630,K01608,eco:b0507,P0AEP7
map00630,K01625,eco:b1850,P0A955
map00630,K01637,eco:b4015,P0A9G6
map00630,K01638,eco:b2976,P37330
map00630,K01638,eco:b4014,P08997
map00630,K01647,eco:b0720,P0ABH7
map00630,K01659,eco:b0333,P31660
map00630,K01682,eco:b0118,P36683
map00630,K01816,eco:b0508,P30147
map00630,K01847,eco:b2917,P27253
map00630,K01895,eco:b4069,P27550
map00630,K01915,eco:b3870,P0A9C5
map00630,K02437,eco:b2904,P0A6T9
map00630,K03779,eco:b3061,P05847
map00630,K03780,eco:b3062,P0AC35
map00630,K03781,eco:b1732,P21179
map00630,K07246,eco:b1800,P76251
map00630,K07248,eco:b1415,P25553
map00630,K07749,eco:b2374,P69902
map00630,K11472,eco:b4468,P52073
map00630,K11473,eco:b4467,P52074
map00630,K12972,eco:b1033,P75913
map00630,K27802,eco:b1276,P25516
map04981,K00287,eco:b0048,P0ABQ4
map04981,K00547,eco:b0261,Q47690
map04981,K00548,eco:b4019,P13009
map04981,K00560,eco:b2827,P0A884
map04981,K00600,eco:b2551,P0A825
map04981,K01934,eco:b2912,P0AC28
map00380,K00382,eco:b0116,P0A9P0
map00380,K00626,eco:b2224,P76461
map00380,K00626,eco:b2844,Q46939
map00380,K00658,eco:b0727,P0AFG6
map00380,K01667,eco:b3708,P0A853
map00380,K01692,eco:b1393,P76082
map00380,K01782,eco:b2341,P77399
map00380,K01825,eco:b3846,P21177
map00380,K03781,eco:b1732,P21179
map00380,K03782,eco:b3942,P13029
map00130,K00568,eco:b2232,P17993
map00130,K01661,eco:b2262,P0ABU0
map00130,K01911,eco:b2260,P37353
map00130,K02361,eco:b0593,P0AEJ2
map00130,K02548,eco:b3930,P32166
map00130,K02549,eco:b2261,P29208
map00130,K02551,eco:b2264,P17109
map00130,K02552,eco:b2265,P38051
map00130,K03179,eco:b4040,P0AGK1
map00130,K03181,eco:b4039,P26602
map00130,K03182,eco:b3843,P0AAB4
map00130,K03183,eco:b3833,P0A887
map00130,K03184,eco:b0662,P75728
map00130,K03185,eco:b2907,P25534
map00130,K03186,eco:b2311,P0AG03
map00130,K03809,eco:b1004,P0A8G6
map00130,K08680,eco:b2263,P37355
map00130,K18800,eco:b2906,P25535
map00130,K19222,eco:b1686,P77781
map00130,K19267,eco:b4211,P39315
map00130,K24843,eco:b3157,P64599
map00130,K24844,eco:b3158,P45527
map00130,K24845,eco:b3159,P45475
map01053,K00216,eco:b0596,P15047
map01053,K01252,eco:b0595,P0ADI4
map01053,K02361,eco:b0593,P0AEJ2
map01053,K02362,eco:b0583,P19925
map01053,K02363,eco:b0594,P10378
map01053,K02364,eco:b0586,P11454
map01053,K02552,eco:b2265,P38051
map01053,K24147,eco:b0597,P0A8Y8
map00565,K01058,eco:b3821,P0A921
map00592,K00632,eco:b2342,P76503
map00592,K00632,eco:b3845,P21151
map00592,K01058,eco:b3821,P0A921
map00310,K00135,eco:b2661,P25526
map00310,K00137,eco:b1444,P77674
map00310,K00382,eco:b0116,P0A9P0
map00310,K00626,eco:b2224,P76461
map00310,K00626,eco:b2844,Q46939
map00310,K00658,eco:b0727,P0AFG6
map00310,K01034,eco:b2221,P76458
map00310,K01035,eco:b2222,P76459
map00310,K01582,eco:b0186,P52095
map00310,K01582,eco:b4131,P0A9H3
map00310,K01692,eco:b1393,P76082
map00310,K01782,eco:b2341,P77399
map00310,K01825,eco:b3846,P21177
map00310,K07250,eco:b2662,P22256
map00310,K09251,eco:b3073,P42588
map00310,K15736,eco:b2660,P37339
map00310,K15737,eco:b2659,P76621
map00310,K25316,eco:b2840,P03813
map00310,K25986,eco:b1423,P76097
map00310,K26063,eco:b1687,P77748
map00280,K00382,eco:b0116,P0A9P0
map00280,K00626,eco:b2224,P76461
map00280,K00626,eco:b2844,Q46939
map00280,K00632,eco:b2342,P76503
map00280,K00632,eco:b3845,P21151
map00280,K00826,eco:b3770,P0AB80
map00280,K01692,eco:b1393,P76082
map00280,K01782,eco:b2341,P77399
map00280,K01825,eco:b3846,P21177
map00280,K01847,eco:b2917,P27253
map00280,K07250,eco:b2662,P22256
map00071,K00121,eco:b0356,P25437
map00071,K00529,eco:b2542,P77650
map00071,K00626,eco:b2224,P76461
map00071,K00626,eco:b2844,Q46939
map00071,K00632,eco:b2342,P76503
map00071,K00632,eco:b3845,P21151
map00071,K01692,eco:b1393,P76082
map00071,K01782,eco:b2341,P77399
map00071,K01825,eco:b3846,P21177
map00071,K01897,eco:b1805,P69451
map00071,K04072,eco:b1241,P0A9Q7
map00071,K05939,eco:b2836,P31119
map00071,K06445,eco:b0221,Q47146
map00071,K13953,eco:b1478,P39451
map00071,K13954,eco:b3589,P37686
map00625,K00121,eco:b0356,P25437
map00625,K04072,eco:b1241,P0A9Q7
map00625,K13953,eco:b1478,P39451
map00625,K13954,eco:b3589,P37686
map00626,K00121,eco:b0356,P25437
map00626,K04072,eco:b1241,P0A9Q7
map00626,K13953,eco:b1478,P39451
map00626,K13954,eco:b3589,P37686
map01220,K00121,eco:b0356,P25437
map01220,K00529,eco:b2542,P77650
map01220,K01666,eco:b0352,P51020
map01220,K01821,eco:b1461,P31992
map01220,K02554,eco:b0350,P77608
map01220,K03186,eco:b2311,P0AG03
map01220,K04072,eco:b1241,P0A9Q7
map01220,K04073,eco:b0351,P77580
map01220,K05708,eco:b2538,P0ABR5
map01220,K05709,eco:b2539,Q47140
map01220,K05710,eco:b2540,P0ABW0
map01220,K05711,eco:b2541,P0CI31
map01220,K05712,eco:b0347,P77397
map01220,K05713,eco:b0348,P0ABR9
map01220,K05714,eco:b0349,P77044
map01220,K13953,eco:b1478,P39451
map01220,K13954,eco:b3589,P37686
map00362,K00074,eco:b1395,P76083
map00362,K00529,eco:b2542,P77650
map00362,K00626,eco:b2224,P76461
map00362,K00626,eco:b2844,Q46939
map00362,K00632,eco:b2342,P76503
map00362,K00632,eco:b3845,P21151
map00362,K01666,eco:b0352,P51020
map00362,K01692,eco:b1393,P76082
map00362,K01782,eco:b2341,P77399
map00362,K01821,eco:b1461,P31992
map00362,K01825,eco:b3846,P21177
map00362,K02554,eco:b0350,P77608
map00362,K04073,eco:b0351,P77580
map00362,K04755,eco:b2525,P0A9R4
map00566,K00024,eco:b3236,P61889
map00566,K01671,eco:b3881,P32141
map00566,K08318,eco:b3882,P0A9V8
map00566,K15922,eco:b3878,P32138
map00566,K18478,eco:b3883,P32143
map00566,K18479,eco:b3880,P32140
map00566,K28636,eco:b3879,P32139
map01320,K00380,eco:b2764,P38038
map01320,K00381,eco:b2763,P17846
map01320,K00390,eco:b2762,P17854
map01320,K00860,eco:b2750,P0A6J1
map01320,K00956,eco:b2751,P23845
map01320,K00957,eco:b2752,P21156
map01320,K01738,eco:b2414,P0ABK5
map00542,K02851,eco:b3784,P0AC78
map00542,K23072,eco:b2034,P37749
map00542,K23073,eco:b2032,P37751
map00543,K00640,eco:b3607,P0A9D4
map00543,K02851,eco:b3784,P0AC78
map00543,K02852,eco:b3794,P27836
map00543,K03208,eco:b2050,P32057
map00543,K03606,eco:b2047,P71241
map00543,K03818,eco:b2054,P0ACD2
map00543,K03819,eco:b2058,P0ACC9
map00543,K11936,eco:b1022,P75905
map00543,K11937,eco:b1021,P69432
map00543,K12582,eco:b4481,P56258
map00543,K13683,eco:b2055,P71239
map00543,K13684,eco:b2057,P71237
map00543,K16703,eco:b2044,P71243
map00543,K16710,eco:b2045,P71242
map00543,K25875,eco:b2059,P77414
map00552,K02851,eco:b3784,P0AC78
map00552,K06153,eco:b3057,P60932
map00552,K19302,eco:b0841,P75806
map00633,K06281,eco:b0973,P0ACD8
map00633,K06281,eco:b2994,P0ACE0
map00633,K06282,eco:b0972,P69739
map00633,K06282,eco:b2997,P69741
map00633,K10678,eco:b0851,P17117
map00633,K10679,eco:b0578,P38489
map00633,K10680,eco:b1650,P77258
map01100,K00001,mtu:Rv1530,P9WQC3
map01100,K00003,mtu:Rv1294,P9WPX1
map01100,K00012,mtu:Rv0322,O07248
map01100,K00013,mtu:Rv1599,P9WNW9
map01100,K00020,mtu:Rv0751c,P9WNY5
map01100,K00024,mtu:Rv1240,P9WK13
map01100,K00031,mtu:Rv0066c,O53611
map01100,K00031,mtu:Rv3339c,P9WKL1
map01100,K00033,mtu:Rv1122,O06574
map01100,K00033,mtu:Rv1844c,Q79FJ2
map01100,K00036,mtu:Rv1121,P9WN71
map01100,K00036,mtu:Rv1447c,P9WN73
map01100,K00038,mtu:Rv2002,P9WGT1
map01100,K00052,mtu:Rv2995c,P9WKK9
map01100,K00053,mtu:Rv3001c,P9WKJ7
map01100,K00057,mtu:Rv0564c,P9WN75
map01100,K00057,mtu:Rv2982c,P9WN77
map01100,K00058,mtu:Rv0728c,I6WZ71
map01100,K00058,mtu:Rv2996c,P9WNX3
map01100,K00059,mtu:Rv0242c,I6Y778
map01100,K00059,mtu:Rv1350,P9WGR9
map01100,K00067,mtu:Rv3266c,P9WH09
map01100,K00074,mtu:Rv0468,P9WNP7
map01100,K00074,mtu:Rv1715,L7N688
map01100,K00075,mtu:Rv0482,P9WJL9
map01100,K00077,mtu:Rv2573,P9WIL1
map01100,K00088,mtu:Rv3410c,P9WKI5
map01100,K00088,mtu:Rv3411c,P9WKI7
map01100,K00099,mtu:Rv2870c,P9WNS1
map01100,K00101,mtu:Rv1872c,P9WND5
map01100,K00104,mtu:Rv1257c,Q11061
map01100,K00111,mtu:Rv2249c,P9WN81
map01100,K00111,mtu:Rv3302c,P9WN79
map01100,K00116,mtu:Rv2852c,P9WJP5
map01100,K00121,mtu:Rv0761c,P9WQC7
map01100,K00128,mtu:Rv0147,P96824
map01100,K00128,mtu:Rv0223c,I6X8S7
map01100,K00128,mtu:Rv0768,I6X9R9
map01100,K00133,mtu:Rv3708c,P9WNX5
map01100,K00134,mtu:Rv1436,P9WN83
map01100,K00135,mtu:Rv0234c,P9WNX9
map01100,K00135,mtu:Rv1731,P9WNX7
map01100,K00138,mtu:Rv0458,P9WNY1
map01100,K00140,mtu:Rv0753c,O53816
map01100,K00145,mtu:Rv1652,P9WPZ9
map01100,K00147,mtu:Rv2427c,P9WHV1
map01100,K00163,mtu:Rv2241,P9WIS9
map01100,K00166,mtu:Rv2497c,P9WIS3
map01100,K00167,mtu:Rv2496c,P9WIS1
map01100,K00174,mtu:Rv2455c,O53182
map01100,K00175,mtu:Rv2454c,O53181
map01100,K00215,mtu:Rv2773c,P9WP23
map01100,K00231,mtu:Rv2677c,P9WMP1
map01100,K00239,mtu:Rv0248c,O53670
map01100,K00239,mtu:Rv3318,O53370
map01100,K00240,mtu:Rv0247c,O53669
map01100,K00240,mtu:Rv3319,O53371
map01100,K00241,mtu:Rv3316,O53368
map01100,K00242,mtu:Rv3317,O53369
map01100,K00244,mtu:Rv1552,P9WN91
map01100,K00245,mtu:Rv1553,P9WN89
map01100,K00246,mtu:Rv1554,P9WNB7
map01100,K00247,mtu:Rv1555,P9WNB5
map01100,K00249,mtu:Rv0131c,P96808
map01100,K00249,mtu:Rv0154c,P96831
map01100,K00249,mtu:Rv0231,P96414
map01100,K00249,mtu:Rv0975c,O86319
map01100,K00249,mtu:Rv3140,P95186
map01100,K00252,mtu:Rv0400c,P95208
map01100,K00254,mtu:Rv2139,P9WHL1
map01100,K00255,mtu:Rv2724c,O33229
map01100,K00259,mtu:Rv2780,P9WQB1
map01100,K00265,mtu:Rv3859c,P96218
map01100,K00266,mtu:Rv3858c,P9WN19
map01100,K00273,mtu:Rv1905c,P9WP27
map01100,K00274,mtu:Rv3170,P9WQ15
map01100,K00275,mtu:Rv2607,P9WIJ1
map01100,K00278,mtu:Rv1595,P9WJJ9
map01100,K00281,mtu:Rv1832,P9WN53
map01100,K00286,mtu:Rv0500,P9WHU7
map01100,K00287,mtu:Rv2763c,P9WNX1
map01100,K00294,mtu:Rv1187,O50443
map01100,K00318,mtu:Rv1188,O50444
map01100,K00322,mtu:Rv2713,P9WHH5
map01100,K00324,mtu:Rv0155,P96832
map01100,K00324,mtu:Rv0156,P96833
map01100,K00325,mtu:Rv0157,P96834
map01100,K00330,mtu:Rv3145,P9WIW7
map01100,K00331,mtu:Rv3146,P9WJH1
map01100,K00332,mtu:Rv3147,P9WJH3
map01100,K00333,mtu:Rv3148,P9WJH5
map01100,K00334,mtu:Rv3149,P9WIV5
map01100,K00335,mtu:Rv3150,P9WIV7
map01100,K00336,mtu:Rv3151,P9WIV9
map01100,K00337,mtu:Rv3152,P9WIX1
map01100,K00338,mtu:Rv3153,P9WJG9
map01100,K00339,mtu:Rv3154,P95172
map01100,K00340,mtu:Rv3155,P9WIX3
map01100,K00341,mtu:Rv3156,P9WIW1
map01100,K00342,mtu:Rv3157,P9WIW5
map01100,K00343,mtu:Rv3158,P9WIW9
map01100,K00362,mtu:Rv0252,O53674
map01100,K00363,mtu:Rv0253,O53675
map01100,K00370,mtu:Rv1161,P9WJQ3
map01100,K00370,mtu:Rv1736c,P9WJQ1
map01100,K00371,mtu:Rv1162,O06560
map01100,K00374,mtu:Rv1164,O06562
map01100,K00382,mtu:Rv0462,P9WHH9
map01100,K00390,mtu:Rv2392,P9WIK3
map01100,K00392,mtu:Rv2391,P9WJ03
map01100,K00425,mtu:Rv1623c,L7N662
map01100,K00426,mtu:Rv1622c,O06139
map01100,K00435,mtu:Rv2676c,P9WL45
map01100,K00459,mtu:Rv0021c,P71591
map01100,K00459,mtu:Rv2781c,I6X5C5
map01100,K00525,mtu:Rv0570,P9WH77
map01100,K00525,mtu:Rv3051c,P9WH75
map01100,K00526,mtu:Rv0233,P9WH69
map01100,K00526,mtu:Rv1981c,P9WH73
map01100,K00526,mtu:Rv3048c,P9WH71
map01100,K00529,mtu:Rv1869c,P95146
map01100,K00547,mtu:Rv2458,O53185
map01100,K00548,mtu:Rv2124c,O33259
map01100,K00549,mtu:Rv1133c,P9WK07
map01100,K00560,mtu:Rv2764c,P9WFR9
map01100,K00595,mtu:Rv2072c,P9WGA9
map01100,K00600,mtu:Rv0070c,P9WGI7
map01100,K00600,mtu:Rv1093,P9WGI9
map01100,K00602,mtu:Rv0957,P9WHM7
map01100,K00604,mtu:Rv1406,P9WND3
map01100,K00605,mtu:Rv2211c,P9WN51
map01100,K00606,mtu:Rv2225,P9WIL7
map01100,K00609,mtu:Rv1380,P9WIT7
map01100,K00611,mtu:Rv1656,P9WIT9
map01100,K00615,mtu:Rv1449c,P9WG25
map01100,K00616,mtu:Rv1448c,P9WG33
map01100,K00619,mtu:Rv2747,O33289
map01100,K00620,mtu:Rv1653,P9WPZ3
map01100,K00622,mtu:Rv3566c,P9WJI5
map01100,K00626,mtu:Rv0243,O86361
map01100,K00626,mtu:Rv0859,O53871
map01100,K00626,mtu:Rv0914c,I6XWJ8
map01100,K00626,mtu:Rv1074c,O53422
map01100,K00626,mtu:Rv1323,P9WG69
map01100,K00626,mtu:Rv1867,P95148
map01100,K00626,mtu:Rv3523,I6YGD8
map01100,K00627,mtu:Rv2215,P9WIS7
map01100,K00631,mtu:Rv1551,P9WI59
map01100,K00631,mtu:Rv2482c,P9WI61
map01100,K00632,mtu:Rv2790c,O33332
map01100,K00632,mtu:Rv3546,I6XHI4
map01100,K00632,mtu:Rv3556c,I6XHJ3
map01100,K00635,mtu:Rv0221,P9WKB7
map01100,K00635,mtu:Rv0895,P9WKA3
map01100,K00635,mtu:Rv1425,P9WKC1
map01100,K00635,mtu:Rv1760,P9WKB9
map01100,K00635,mtu:Rv2285,P9WKB5
map01100,K00635,mtu:Rv2484c,P9WKB3
map01100,K00635,mtu:Rv3087,P9WKB1
map01100,K00635,mtu:Rv3088,P9WKC3
map01100,K00635,mtu:Rv3130c,P9WKC9
map01100,K00635,mtu:Rv3234c,P9WKC5
map01100,K00635,mtu:Rv3371,P9WKA9
map01100,K00635,mtu:Rv3480c,P9WKA7
map01100,K00635,mtu:Rv3734c,P9WKC7
map01100,K00635,mtu:Rv3740c,P9WKA5
map01100,K00640,mtu:Rv2335,P95231
map01100,K00641,mtu:Rv3341,P9WJY9
map01100,K00645,mtu:Rv0649,Q79FX5
map01100,K00645,mtu:Rv2243,P9WNG5
map01100,K00652,mtu:Rv0032,P9WQ85
map01100,K00652,mtu:Rv1569,P9WQ87
map01100,K00655,mtu:Rv2182c,O53516
map01100,K00674,mtu:Rv1201c,P9WP21
map01100,K00681,mtu:Rv0773c,I6X9S5
map01100,K00681,mtu:Rv2394,P71750
map01100,K00688,mtu:Rv1328,P9WMW1
map01100,K00697,mtu:Rv3490,P9WN11
map01100,K00700,mtu:Rv1326c,P9WN45
map01100,K00705,mtu:Rv1781c,P9WK23
map01100,K00728,mtu:Rv1002c,P9WN05
map01100,K00758,mtu:Rv3314c,P9WFS1
map01100,K00759,mtu:Rv2584c,P9WQ07
map01100,K00760,mtu:Rv3624c,P9WHQ9
map01100,K00761,mtu:Rv3309c,P9WFF3
map01100,K00762,mtu:Rv0382c,P9WHK9
map01100,K00763,mtu:Rv0573c,P9WJI7
map01100,K00763,mtu:Rv1330c,P9WJI9
map01100,K00764,mtu:Rv0808,P9WHQ7
map01100,K00765,mtu:Rv2121c,P9WMN1
map01100,K00766,mtu:Rv2192c,P9WFX5
map01100,K00767,mtu:Rv1596,P9WJJ7
map01100,K00768,mtu:Rv2207,P9WP85
map01100,K00772,mtu:Rv0535,O06401
map01100,K00788,mtu:Rv0414c,P9WG75
map01100,K00789,mtu:Rv1392,P9WGV1
map01100,K00790,mtu:Rv1315,P9WJM1
map01100,K00791,mtu:Rv2727c,P9WJW1
map01100,K00793,mtu:Rv1412,P9WK35
map01100,K00794,mtu:Rv1416,P9WHE9
map01100,K00796,mtu:Rv1207,P9WNC9
map01100,K00796,mtu:Rv3608c,P9WND1
map01100,K00797,mtu:Rv2601,P9WGE5
map01100,K00798,mtu:Rv1314c,P9WP99
map01100,K00800,mtu:Rv3227,P9WPY5
map01100,K00803,mtu:Rv2251,L0TBR2
map01100,K00803,mtu:Rv3107c,O05784
map01100,K00817,mtu:Rv1600,P9WML7
map01100,K00817,mtu:Rv2231c,P9WQ89
map01100,K00817,mtu:Rv3772,P9WML5
map01100,K00820,mtu:Rv3436c,P9WN49
map01100,K00821,mtu:Rv1655,P9WPZ7
map01100,K00826,mtu:Rv2210c,P9WQ75
map01100,K00831,mtu:Rv0884c,P9WQ73
map01100,K00833,mtu:Rv1568,P9WQ81
map01100,K00849,mtu:Rv0620,P9WN63
map01100,K00852,mtu:Rv2436,P71913
map01100,K00854,mtu:Rv0729,I6Y4K0
map01100,K00856,mtu:Rv2202c,P9WID5
map01100,K00858,mtu:Rv1695,P9WHV7
map01100,K00859,mtu:Rv1631,P9WPA3
map01100,K00864,mtu:Rv3696c,P9WPK1
map01100,K00865,mtu:Rv2205c,P9WMT7
map01100,K00867,mtu:Rv1092c,P9WPA7
map01100,K00872,mtu:Rv1296,P9WKE7
map01100,K00873,mtu:Rv1617,P9WKE5
map01100,K00886,mtu:Rv2702,P9WIN1
map01100,K00891,mtu:Rv2539c,P9WPY3
map01100,K00919,mtu:Rv1011,P9WKG7
map01100,K00925,mtu:Rv0409,P9WQH1
map01100,K00927,mtu:Rv1437,P9WID1
map01100,K00928,mtu:Rv3709c,P9WPX3
map01100,K00930,mtu:Rv1654,P9WQ01
map01100,K00931,mtu:Rv2439c,P9WHU9
map01100,K00939,mtu:Rv0733,P9WKF5
map01100,K00940,mtu:Rv2445c,P9WJH7
map01100,K00941,mtu:Rv0422c,P9WG77
map01100,K00942,mtu:Rv1389,P9WKE9
map01100,K00943,mtu:Rv3247c,P9WKE1
map01100,K00945,mtu:Rv1712,P9WPA9
map01100,K00946,mtu:Rv2977c,P9WG71
map01100,K00948,mtu:Rv1017c,P9WKE3
map01100,K00950,mtu:Rv3606c,P9WNC7
map01100,K00954,mtu:Rv2965c,P9WPA5
map01100,K00955,mtu:Rv1286,P9WNM5
map01100,K00957,mtu:Rv1285,P9WIK1
map01100,K00963,mtu:Rv0993,O05576
map01100,K00966,mtu:Rv3264c,L7N6A5
map01100,K00969,mtu:Rv2421c,P9WJJ5
map01100,K00973,mtu:Rv0334,P9WH13
map01100,K00975,mtu:Rv1213,P9WN43
map01100,K00981,mtu:Rv2881c,P9WPF7
map01100,K00991,mtu:Rv3582c,P9WKG9
map01100,K00995,mtu:Rv2746c,P9WPG3
map01100,K00997,mtu:Rv2523c,P9WQD3
map01100,K01000,mtu:Rv2156c,P9WMW7
map01100,K01006,mtu:Rv1127c,O06579
map01100,K01011,mtu:Rv0815c,P9WHF9
map01100,K01011,mtu:Rv2291,P9WHF5
map01100,K01011,mtu:Rv3117,P9WHF9
map01100,K01011,mtu:Rv3283,P9WHF7
map01100,K01012,mtu:Rv1589,P9WPQ7
map01100,K01028,mtu:Rv2504c,P9WPW5
map01100,K01029,mtu:Rv2503c,P9WPW3
map01100,K01046,mtu:Rv3097c,I6Y2J4
map01100,K01054,mtu:Rv0183,O07427
map01100,K01057,mtu:Rv1445c,P9WQP5
map01100,K01061,mtu:Rv2054,O86353
map01100,K01061,mtu:Rv2765,I6XF92
map01100,K01069,mtu:Rv2581c,P9WMW3
map01100,K01079,mtu:Rv3042c,O53289
map01100,K01082,mtu:Rv2131c,P9WKJ1
map01100,K01087,mtu:Rv3372,P9WFZ5
map01100,K01092,mtu:Rv1604,O53907
map01100,K01092,mtu:Rv2701c,P9WKI9
map01100,K01114,mtu:Rv2349c,P9WIB1
map01100,K01114,mtu:Rv2350c,P9WIB3
map01100,K01114,mtu:Rv2351c,P9WIB5
map01100,K01129,mtu:Rv2344c,P9WNY7
map01100,K01139,mtu:Rv2583c,P9WHG9
map01100,K01179,mtu:Rv0062,Q79G13
map01100,K01187,mtu:Rv2471,O53198
map01100,K01194,mtu:Rv2006,P9WN15
map01100,K01207,mtu:Rv0237,L7N6B0
map01100,K01214,mtu:Rv1564c,P9WQ25
map01100,K01236,mtu:Rv1562c,P9WQ23
map01100,K01239,mtu:Rv3393,O50418
map01100,K01243,mtu:Rv0091,P9WJM3
map01100,K01251,mtu:Rv3248c,P9WGV3
map01100,K01255,mtu:Rv2213,P9WHT3
map01100,K01256,mtu:Rv2467,L7N655
map01100,K01259,mtu:Rv0840c,I6Y8X0
map01100,K01424,mtu:Rv1538c,P9WPX5
map01100,K01426,mtu:Rv1263,P9WQ97
map01100,K01426,mtu:Rv2363,P9WQ99
map01100,K01426,mtu:Rv2888c,P9WQ95
map01100,K01426,mtu:Rv3175,O53325
map01100,K01426,mtu:Rv3375,P9WQ93
map01100,K01428,mtu:Rv1850,P9WFF1
map01100,K01429,mtu:Rv1849,P9WFE9
map01100,K01430,mtu:Rv1848,P9WFE7
map01100,K01433,mtu:Rv2964,P9WHM3
map01100,K01439,mtu:Rv1202,P9WHS9
map01100,K01443,mtu:Rv3332,O53382
map01100,K01465,mtu:Rv1381,P9WHL3
map01100,K01469,mtu:Rv0266c,P95223
map01100,K01478,mtu:Rv1001,P9WQ05
map01100,K01488,mtu:Rv3313c,P63907
map01100,K01489,mtu:Rv3315c,P9WPH3
map01100,K01491,mtu:Rv3356c,P9WG81
map01100,K01494,mtu:Rv0321,P9WP17
map01100,K01495,mtu:Rv3609c,P9WN57
map01100,K01496,mtu:Rv1606,P9WMM7
map01100,K01512,mtu:Rv2922A,P9WQC9
map01100,K01519,mtu:Rv1341,P9WMR7
map01100,K01520,mtu:Rv2697c,P9WNS5
map01100,K01523,mtu:Rv2122c,P9WMM9
map01100,K01524,mtu:Rv0496,P9WHV5
map01100,K01524,mtu:Rv1026,P96374
map01100,K01563,mtu:Rv1833c,P9WMS1
map01100,K01563,mtu:Rv2296,P9WMS3
map01100,K01563,mtu:Rv2579,P9WMR9
map01100,K01577,mtu:Rv0118c,O53639
map01100,K01579,mtu:Rv3601c,P9WIL3
map01100,K01580,mtu:Rv3432c,I6YG46
map01100,K01586,mtu:Rv1293,P9WIU7
map01100,K01588,mtu:Rv3275c,P9WHM1
map01100,K01589,mtu:Rv3276c,P9WHL9
map01100,K01591,mtu:Rv1385,P9WIU3
map01100,K01596,mtu:Rv0211,P9WIH3
map01100,K01599,mtu:Rv2678c,P9WFE1
map01100,K01607,mtu:Rv0771,I6Y4S7
map01100,K01609,mtu:Rv1611,P9WFX7
map01100,K01613,mtu:Rv0437c,P9WHQ5
map01100,K01616,mtu:Rv1248c,P9WIS5
map01100,K01619,mtu:Rv0478,P9WP03
map01100,K01624,mtu:Rv0363c,P9WQA3
map01100,K01626,mtu:Rv2178c,O53512
map01100,K01628,mtu:Rv0727c,P95075
map01100,K01633,mtu:Rv3607c,P9WNC5
map01100,K01637,mtu:Rv0467,P9WKK7
map01100,K01637,mtu:Rv1915,O07718
map01100,K01637,mtu:Rv1916,O07717
map01100,K01638,mtu:Rv1837c,P9WK17
map01100,K01647,mtu:Rv0889c,P9WPD3
map01100,K01647,mtu:Rv0896,P9WPD5
map01100,K01649,mtu:Rv3710,P9WQB3
map01100,K01652,mtu:Rv3003c,P9WG41
map01100,K01652,mtu:Rv3470c,O06335
map01100,K01652,mtu:Rv3509c,O53554
map01100,K01653,mtu:Rv3002c,P9WKJ3
map01100,K01657,mtu:Rv1609,P9WFX3
map01100,K01659,mtu:Rv1131,I6Y9Q3
map01100,K01661,mtu:Rv0548c,P9WNP5
map01100,K01662,mtu:Rv2682c,P9WNS3
map01100,K01662,mtu:Rv3379c,O50408
map01100,K01666,mtu:Rv3469c,O06334
map01100,K01666,mtu:Rv3534c,P9WMK5
map01100,K01673,mtu:Rv1284,P9WPJ7
map01100,K01673,mtu:Rv3273,P96878
map01100,K01673,mtu:Rv3588c,P9WPJ9
map01100,K01679,mtu:Rv1098c,P9WN93
map01100,K01687,mtu:Rv0189c,P9WKJ5
map01100,K01689,mtu:Rv1023,P9WNL1
map01100,K01692,mtu:Rv1070c,P9WNN9
map01100,K01692,mtu:Rv1472,P9WNN7
map01100,K01692,mtu:Rv2486,P9WNN5
map01100,K01692,mtu:Rv3039c,P9WNN3
map01100,K01693,mtu:Rv1601,P9WML9
map01100,K01695,mtu:Rv1613,P9WFY1
map01100,K01696,mtu:Rv1612,P9WFX9
map01100,K01697,mtu:Rv1077,P9WP51
map01100,K01698,mtu:Rv0512,P9WMP5
map01100,K01703,mtu:Rv2988c,P9WQF5
map01100,K01704,mtu:Rv2987c,P9WK95
map01100,K01710,mtu:Rv3464,P9WN65
map01100,K01710,mtu:Rv3784,P72050
map01100,K01711,mtu:Rv1511,P71790
map01100,K01714,mtu:Rv2753c,P9WP25
map01100,K01719,mtu:Rv0260c,P95217
map01100,K01720,mtu:Rv1130,O06582
map01100,K01724,mtu:Rv1159A,P9WI93
map01100,K01724,mtu:Rv3110,Q6MX13
map01100,K01733,mtu:Rv1295,P9WG59
map01100,K01735,mtu:Rv2538c,P9WPX9
map01100,K01736,mtu:Rv2540c,P9WPY1
map01100,K01738,mtu:Rv2334,P9WP55
map01100,K01738,mtu:Rv3684,O69652
map01100,K01739,mtu:Rv1079,P9WGB7
map01100,K01740,mtu:Rv3340,O53390
map01100,K01749,mtu:Rv0510,P9WMP3
map01100,K01752,mtu:Rv0069c,P9WGT5
map01100,K01754,mtu:Rv1559,P9WG95
map01100,K01755,mtu:Rv1659,P9WPY7
map01100,K01756,mtu:Rv0777,I6XWA1
map01100,K01768,mtu:Rv1264,P9WMU9
map01100,K01768,mtu:Rv1625c,P9WQ35
map01100,K01768,mtu:Rv3645,I6X7Z3
map01100,K01770,mtu:Rv3581c,P9WKG5
map01100,K01772,mtu:Rv1485,P9WNE3
map01100,K01775,mtu:Rv3423c,P9WQA9
map01100,K01776,mtu:Rv1338,P9WPW9
map01100,K01778,mtu:Rv2726c,P9WP19
map01100,K01782,mtu:Rv0860,O53872
map01100,K01783,mtu:Rv1408,P9WI51
map01100,K01784,mtu:Rv0501,P9WKT3
map01100,K01784,mtu:Rv3634c,P9WN67
map01100,K01790,mtu:Rv3465,P9WH11
map01100,K01796,mtu:Rv0855,I6Y8Y0
map01100,K01796,mtu:Rv1143,O06543
map01100,K01803,mtu:Rv1438,P9WG43
map01100,K01808,mtu:Rv2465c,P9WKD7
map01100,K01809,mtu:Rv3255c,O05898
map01100,K01810,mtu:Rv0946c,P9WN69
map01100,K01822,mtu:Rv0760c,I6WZD7
map01100,K01823,mtu:Rv1745c,P9WKK5
map01100,K01834,mtu:Rv0489,P9WIC9
map01100,K01835,mtu:Rv3068c,I6Y2G3
map01100,K01840,mtu:Rv3257c,O86374
map01100,K01840,mtu:Rv3308,O53360
map01100,K01845,mtu:Rv0524,P9WMN9
map01100,K01847,mtu:Rv1492,P9WJK7
map01100,K01847,mtu:Rv1493,P9WJK5
map01100,K01854,mtu:Rv3809c,P9WIQ1
map01100,K01858,mtu:Rv0046c,P9WKI1
map01100,K01874,mtu:Rv1007c,P9WFU5
map01100,K01885,mtu:Rv2992c,P9WFV9
map01100,K01895,mtu:Rv3667,P9WQD1
map01100,K01897,mtu:Rv2187,O53521
map01100,K01902,mtu:Rv0952,P9WGC7
map01100,K01903,mtu:Rv0951,P9WGC5
map01100,K01911,mtu:Rv0542c,P9WQ39
map01100,K01915,mtu:Rv1878,O07752
map01100,K01915,mtu:Rv2220,P9WN39
map01100,K01915,mtu:Rv2222c,P9WN37
map01100,K01915,mtu:Rv2860c,I6X5K1
map01100,K01918,mtu:Rv3602c,P9WIL5
map01100,K01919,mtu:Rv3704c,P9WPK7
map01100,K01921,mtu:Rv2981c,P9WP31
map01100,K01923,mtu:Rv0780,P9WHN1
map01100,K01924,mtu:Rv2152c,P9WJL7
map01100,K01925,mtu:Rv2155c,P9WJL5
map01100,K01928,mtu:Rv2158c,P9WJL3
map01100,K01929,mtu:Rv2157c,P9WJL1
map01100,K01933,mtu:Rv0809,I6Y4V6
map01100,K01934,mtu:Rv0992c,O05575
map01100,K01935,mtu:Rv1570,P9WPQ5
map01100,K01937,mtu:Rv1699,P9WHK7
map01100,K01939,mtu:Rv0357c,P9WHN3
map01100,K01940,mtu:Rv1658,P9WPW7
map01100,K01945,mtu:Rv0772,P9WHM9
map01100,K01950,mtu:Rv2438c,P9WJJ3
map01100,K01951,mtu:Rv3396c,P9WMS7
map01100,K01953,mtu:Rv2201,P9WN33
map01100,K01955,mtu:Rv1384,P9WPK3
map01100,K01956,mtu:Rv1383,P9WPK5
map01100,K01958,mtu:Rv2967c,I6YEU0
map01100,K01968,mtu:Rv2501c,P9WPQ3
map01100,K01969,mtu:Rv2502c,I6YDK7
map01100,K02078,mtu:Rv1344,P9WQF1
map01100,K02078,mtu:Rv2244,P9WQF3
map01100,K02108,mtu:Rv1304,P9WPV7
map01100,K02109,mtu:Rv1306,P9WPV5
map01100,K02109,mtu:Rv1307,P9WPV3
map01100,K02110,mtu:Rv1305,P9WPS1
map01100,K02111,mtu:Rv1308,P9WPU7
map01100,K02112,mtu:Rv1310,P9WPU5
map01100,K02113,mtu:Rv1307,P9WPV3
map01100,K02114,mtu:Rv1311,P9WPV1
map01100,K02115,mtu:Rv1309,P9WPU9
map01100,K02160,mtu:Rv3221c,P9WPQ1
map01100,K02224,mtu:Rv2848c,P9WP97
map01100,K02227,mtu:Rv2236c,P9WP93
map01100,K02229,mtu:Rv2064,Q10675
map01100,K02230,mtu:Rv2062c,O53498
map01100,K02231,mtu:Rv0254c,O53676
map01100,K02232,mtu:Rv0255c,P9WP95
map01100,K02233,mtu:Rv2208,P9WP91
map01100,K02257,mtu:Rv1451,P9WFR7
map01100,K02259,mtu:Rv1456c,O53148
map01100,K02274,mtu:Rv3043c,P9WP71
map01100,K02275,mtu:Rv2200c,P9WP69
map01100,K02276,mtu:Rv2193,P9WP67
map01100,K02291,mtu:Rv3397c,P9WHP3
map01100,K02302,mtu:Rv2847c,I6X5I7
map01100,K02361,mtu:Rv3215,P9WFW9
map01100,K02362,mtu:Rv2794c,O33336
map01100,K02377,mtu:Rv1512,P71791
map01100,K02433,mtu:Rv3011c,P9WQA1
map01100,K02434,mtu:Rv3009c,P9WN61
map01100,K02435,mtu:Rv3012c,P9WN59
map01100,K02437,mtu:Rv1826,P9WN55
map01100,K02446,mtu:Rv1099c,P9WN21
map01100,K02492,mtu:Rv0509,P9WMP7
map01100,K02500,mtu:Rv1605,P9WMM3
map01100,K02501,mtu:Rv1602,P9WMM1
map01100,K02548,mtu:Rv0534c,P9WIP3
map01100,K02549,mtu:Rv0553,P9WJP3
map01100,K02551,mtu:Rv0555,P9WK11
map01100,K02554,mtu:Rv3536c,I6XHH5
map01100,K02563,mtu:Rv2153c,P9WJK9
map01100,K02825,mtu:Rv1379,P9WHK3
map01100,K02851,mtu:Rv1302,P9WMW5
map01100,K03147,mtu:Rv0423c,P9WG79
map01100,K03149,mtu:Rv0417,P9WG73
map01100,K03153,mtu:Rv0415,P96261
map01100,K03181,mtu:Rv2949c,P9WIC5
map01100,K03183,mtu:Rv0558,P9WFR3
map01100,K03271,mtu:Rv0113,P9WGG1
map01100,K03273,mtu:Rv0114,P9WMV3
map01100,K03404,mtu:Rv2850c,P9WPR3
map01100,K03405,mtu:Rv0958,P71552
map01100,K03426,mtu:Rv3199c,P9WIX5
map01100,K03431,mtu:Rv3441c,P9WN41
map01100,K03465,mtu:Rv2754c,P9WG57
map01100,K03517,mtu:Rv1594,P9WJK1
map01100,K03524,mtu:Rv3279c,I6YFP0
map01100,K03525,mtu:Rv3600c,P9WPA1
map01100,K03526,mtu:Rv2868c,P9WKG3
map01100,K03527,mtu:Rv1110,P9WKG1
map01100,K03527,mtu:Rv3382c,P9WKF9
map01100,K03587,mtu:Rv2163c,L0T911
map01100,K03635,mtu:Rv0866,P9WJR1
map01100,K03635,mtu:Rv3119,P9WJR3
map01100,K03637,mtu:Rv0864,P9WJR7
map01100,K03637,mtu:Rv3111,P9WJR9
map01100,K03637,mtu:Rv3324c,P9WJR5
map01100,K03639,mtu:Rv0869c,P9WJS1
map01100,K03639,mtu:Rv3109,P9WJS3
map01100,K03644,mtu:Rv2218,P9WK91
map01100,K03651,mtu:Rv0805,P9WP65
map01100,K03750,mtu:Rv0438c,P9WJQ5
map01100,K03750,mtu:Rv0994,P9WJQ7
map01100,K03752,mtu:Rv2453c,P9WJQ9
map01100,K03782,mtu:Rv1908c,P9WIE5
map01100,K03783,mtu:Rv3307,P9WP01
map01100,K03786,mtu:Rv2537c,P9WPX7
map01100,K03801,mtu:Rv2217,P9WK83
map01100,K03885,mtu:Rv0392c,P95200
map01100,K03885,mtu:Rv1812c,P9WJJ1
map01100,K03885,mtu:Rv1854c,P95160
map01100,K03889,mtu:Rv2194,P9WP35
map01100,K03890,mtu:Rv2195,P9WH23
map01100,K03891,mtu:Rv2196,P9WP37
map01100,K03921,mtu:Rv0824c,P9WNZ7
map01100,K03922,mtu:Rv1094,P9WNZ5
map01100,K04042,mtu:Rv1018c,P9WMN3
map01100,K04073,mtu:Rv3535c,P9WQH3
map01100,K04093,mtu:Rv0948c,P9WIC1
map01100,K04093,mtu:Rv1885c,P9WIB9
map01100,K04487,mtu:Rv3025c,P9WQ71
map01100,K04517,mtu:Rv3754,O69721
map01100,K04518,mtu:Rv3838c,P9WIC3
map01100,K04719,mtu:Rv0306,O07233
map01100,K04765,mtu:Rv1021,P96379
map01100,K05343,mtu:Rv0126,P9WQ19
map01100,K05349,mtu:Rv0186,O07430
map01100,K05364,mtu:Rv0016c,P9WKD1
map01100,K05375,mtu:Rv2377c,P9WIP5
map01100,K05602,mtu:Rv3137,P95189
map01100,K05606,mtu:Rv1322A,L7N6B1
map01100,K05810,mtu:Rv2149c,P9WKD5
map01100,K05895,mtu:Rv2070c,P9WP89
map01100,K05898,mtu:Rv3537,P71864
map01100,K05917,mtu:Rv0764c,P9WPP9
map01100,K05936,mtu:Rv2071c,P9WGB1
map01100,K06042,mtu:Rv2065,P9WP87
map01100,K06044,mtu:Rv1563c,P9WQ21
map01100,K06048,mtu:Rv0433,P9WPK9
map01100,K06117,mtu:Rv1692,O33194
map01100,K06211,mtu:Rv0212c,P96394
map01100,K06215,mtu:Rv2606c,P9WII9
map01100,K06287,mtu:Rv3282,P9WK27
map01100,K06881,mtu:Rv2837c,P71615
map01100,K06949,mtu:Rv3228,O05873
map01100,K07008,mtu:Rv3702c,O69670
map01100,K07009,mtu:Rv3713,I6XI14
map01100,K07029,mtu:Rv2252,P9WP29
map01100,K07031,mtu:Rv0115,O53637
map01100,K07141,mtu:Rv0371c,I6WY86
map01100,K07250,mtu:Rv2589,P9WQ79
map01100,K07258,mtu:Rv2911,I6Y204
map01100,K07258,mtu:Rv3330,O53380
map01100,K07259,mtu:Rv3627c,O06380
map01100,K08256,mtu:Rv2610c,P9WMZ5
map01100,K08281,mtu:Rv2043c,I6XD65
map01100,K08289,mtu:Rv0389,P95197
map01100,K08351,mtu:Rv1442,O06817
map01100,K08681,mtu:Rv2604c,P9WII7
map01100,K08744,mtu:Rv1822,P9WPG5
map01100,K09699,mtu:Rv2495c,O06159
map01100,K09903,mtu:Rv2883c,P9WHK5
map01100,K10764,mtu:Rv0391,P9WGB5
map01100,K11175,mtu:Rv0956,P9WHM5
map01100,K11212,mtu:Rv3261,P9WP81
map01100,K11263,mtu:Rv3285,P96890
map01100,K11410,mtu:Rv2500c,I6Y0W5
map01100,K11533,mtu:Rv2524c,P95029
map01100,K11608,mtu:Rv0533c,P9WNG3
map01100,K11609,mtu:Rv2245,P9WQD9
map01100,K11610,mtu:Rv1483,P9WGT3
map01100,K11611,mtu:Rv1484,P9WGR1
map01100,K11717,mtu:Rv1464,P9WQ69
map01100,K11752,mtu:Rv1409,P9WPH1
map01100,K11753,mtu:Rv2786c,I6X5C9
map01100,K11754,mtu:Rv2447c,I6Y0R5
map01100,K11779,mtu:Rv1173,P9WP77
map01100,K12349,mtu:Rv0669c,O06769
map01100,K12410,mtu:Rv1151c,P9WGG3
map01100,K12428,mtu:Rv3801c,O53580
map01100,K12437,mtu:Rv3800c,I6X8D2
map01100,K13038,mtu:Rv1391,P9WNZ1
map01100,K13540,mtu:Rv2066,P9WGB3
map01100,K13542,mtu:Rv0511,Q6MX34
map01100,K13668,mtu:Rv2188c,P9WMZ3
map01100,K13669,mtu:Rv1159,P9WN01
map01100,K13686,mtu:Rv3792,P9WN03
map01100,K13687,mtu:Rv3805c,O53582
map01100,K13787,mtu:Rv2173,O53507
map01100,K13787,mtu:Rv3383c,O50410
map01100,K13787,mtu:Rv3398c,P9WKH1
map01100,K13788,mtu:Rv0408,P9WHP1
map01100,K13953,mtu:Rv1862,P9WQC1
map01100,K13979,mtu:Rv3045,P9WQC5
map01100,K14155,mtu:Rv0075,O53620
map01100,K14155,mtu:Rv2294,P9WQ83
map01100,K14260,mtu:Rv0337c,P9WQ91
map01100,K14267,mtu:Rv0858c,P9WPZ5
map01100,K14340,mtu:Rv1635c,O06152
map01100,K14652,mtu:Rv1415,P9WHF1
map01100,K14652,mtu:Rv1940,L7N669
map01100,K14941,mtu:Rv2983,P9WP83
map01100,K15371,mtu:Rv2476c,O53203
map01100,K15856,mtu:Rv0112,O53634
map01100,K15982,mtu:Rv3526,P71875
map01100,K15983,mtu:Rv3571,P9WJ93
map01100,K16047,mtu:Rv3570c,P9WJA1
map01100,K16048,mtu:Rv3567c,P9WND9
map01100,K16049,mtu:Rv3568c,P9WNW7
map01100,K16050,mtu:Rv3569c,P9WNH5
map01100,K16146,mtu:Rv0127,O07177
map01100,K16147,mtu:Rv1327c,P9WQ17
map01100,K16148,mtu:Rv1212c,P9WMZ1
map01100,K16149,mtu:Rv3031,P9WQ27
map01100,K16150,mtu:Rv3032,P9WMY9
map01100,K16370,mtu:Rv2029c,P9WID3
map01100,K16649,mtu:Rv3782,P9WMX3
map01100,K16650,mtu:Rv3808c,O53585
map01100,K16870,mtu:Rv3265c,P9WMY3
map01100,K17103,mtu:Rv0436c,P9WPG1
map01100,K18013,mtu:Rv1718,P71976
map01100,K18472,mtu:Rv2247,P9WQH5
map01100,K18687,mtu:Rv3561,P96843
map01100,K18851,mtu:Rv0129c,P9WQN9
map01100,K18851,mtu:Rv1886c,P9WQP1
map01100,K18851,mtu:Rv3804c,P9WQP3
map01100,K18911,mtu:Rv3701c,P9WN47
map01100,K18912,mtu:Rv3703c,O69671
map01100,K18913,mtu:Rv3700c,O69668
map01100,K19221,mtu:Rv2849c,I6Y1V6
map01100,K19222,mtu:Rv1847,P9WIM3
map01100,K19710,mtu:Rv2613c,P9WMK9
map01100,K21071,mtu:Rv3010c,P9WID7
map01100,K21142,mtu:Rv3323c,Q6MWY3
map01100,K21302,mtu:Rv3310,O53361
map01100,K21310,mtu:Rv3238c,O05883
map01100,K22311,mtu:Rv2611c,P9WMB5
map01100,K22316,mtu:Rv2228c,P9WLH5
map01100,K22476,mtu:Rv0428c,P96274
map01100,K22769,mtu:Rv3229c,P9WNZ3
map01100,K22770,mtu:Rv3230c,P9WNE9
map01100,K22847,mtu:Rv0848,Q79FV4
map01100,K22934,mtu:Rv2402,P71741
map01100,K23264,mtu:Rv0787A,I6Y8S6
map01100,K23265,mtu:Rv0788,P9WHL5
map01100,K23269,mtu:Rv0803,P9WHL7
map01100,K23393,mtu:Rv3712,I6Y4C7
map01100,K23825,mtu:Rv2074,P9WLL7
map01100,K24017,mtu:Rv1603,P9WMM5
map01100,K24998,mtu:Rv3262,P9WP79
map01100,K25026,mtu:Rv0650,I6Y8D3
map01100,K26061,mtu:Rv3293,L7N650
map01100,K26110,mtu:Rv1843c,P9WKI3
map01100,K27070,mtu:Rv2246,P9WQD7
map01100,K27071,mtu:Rv0635,P9WFK1
map01100,K27072,mtu:Rv0636,I6WYY7
map01100,K27073,mtu:Rv0637,P9WFJ9
map01100,K27074,mtu:Rv0504c,P9WFK3
map01100,K27093,mtu:Rv3799c,O53578
map01100,K27094,mtu:Rv3280,P9WQH7
map01100,K27095,mtu:Rv3281,P96886
map01100,K27109,mtu:Rv2199c,P9WP45
map01100,K27306,mtu:Rv2509,I6Y9I3
map01100,K27359,mtu:Rv3451,P9WP39
map01100,K27545,mtu:Rv2323c,P71889
map01100,K27775,mtu:Rv3267,P96872
map01100,K27802,mtu:Rv1475c,O53166
map01100,K28161,mtu:Rv3089,P9WQ37
map01110,K00001,mtu:Rv1530,P9WQC3
map01110,K00003,mtu:Rv1294,P9WPX1
map01110,K00013,mtu:Rv1599,P9WNW9
map01110,K00024,mtu:Rv1240,P9WK13
map01110,K00031,mtu:Rv0066c,O53611
map01110,K00031,mtu:Rv3339c,P9WKL1
map01110,K00033,mtu:Rv1122,O06574
map01110,K00033,mtu:Rv1844c,Q79FJ2
map01110,K00036,mtu:Rv1121,P9WN71
map01110,K00036,mtu:Rv1447c,P9WN73
map01110,K00052,mtu:Rv2995c,P9WKK9
map01110,K00053,mtu:Rv3001c,P9WKJ7
map01110,K00057,mtu:Rv0564c,P9WN75
map01110,K00057,mtu:Rv2982c,P9WN77
map01110,K00058,mtu:Rv0728c,I6WZ71
map01110,K00058,mtu:Rv2996c,P9WNX3
map01110,K00059,mtu:Rv0242c,I6Y778
map01110,K00059,mtu:Rv1350,P9WGR9
map01110,K00067,mtu:Rv3266c,P9WH09
map01110,K00077,mtu:Rv2573,P9WIL1
map01110,K00088,mtu:Rv3410c,P9WKI5
map01110,K00088,mtu:Rv3411c,P9WKI7
map01110,K00099,mtu:Rv2870c,P9WNS1
map01110,K00104,mtu:Rv1257c,Q11061
map01110,K00111,mtu:Rv2249c,P9WN81
map01110,K00111,mtu:Rv3302c,P9WN79
map01110,K00116,mtu:Rv2852c,P9WJP5
map01110,K00121,mtu:Rv0761c,P9WQC7
map01110,K00128,mtu:Rv0147,P96824
map01110,K00128,mtu:Rv0223c,I6X8S7
map01110,K00128,mtu:Rv0768,I6X9R9
map01110,K00133,mtu:Rv3708c,P9WNX5
map01110,K00134,mtu:Rv1436,P9WN83
map01110,K00138,mtu:Rv0458,P9WNY1
map01110,K00145,mtu:Rv1652,P9WPZ9
map01110,K00147,mtu:Rv2427c,P9WHV1
map01110,K00163,mtu:Rv2241,P9WIS9
map01110,K00166,mtu:Rv2497c,P9WIS3
map01110,K00167,mtu:Rv2496c,P9WIS1
map01110,K00174,mtu:Rv2455c,O53182
map01110,K00175,mtu:Rv2454c,O53181
map01110,K00215,mtu:Rv2773c,P9WP23
map01110,K00231,mtu:Rv2677c,P9WMP1
map01110,K00239,mtu:Rv0248c,O53670
map01110,K00239,mtu:Rv3318,O53370
map01110,K00240,mtu:Rv0247c,O53669
map01110,K00240,mtu:Rv3319,O53371
map01110,K00241,mtu:Rv3316,O53368
map01110,K00242,mtu:Rv3317,O53369
map01110,K00244,mtu:Rv1552,P9WN91
map01110,K00245,mtu:Rv1553,P9WN89
map01110,K00246,mtu:Rv1554,P9WNB7
map01110,K00247,mtu:Rv1555,P9WNB5
map01110,K00249,mtu:Rv0131c,P96808
map01110,K00249,mtu:Rv0154c,P96831
map01110,K00249,mtu:Rv0231,P96414
map01110,K00249,mtu:Rv0975c,O86319
map01110,K00249,mtu:Rv3140,P95186
map01110,K00252,mtu:Rv0400c,P95208
map01110,K00265,mtu:Rv3859c,P96218
map01110,K00266,mtu:Rv3858c,P9WN19
map01110,K00273,mtu:Rv1905c,P9WP27
map01110,K00274,mtu:Rv3170,P9WQ15
map01110,K00281,mtu:Rv1832,P9WN53
map01110,K00286,mtu:Rv0500,P9WHU7
map01110,K00318,mtu:Rv1188,O50444
map01110,K00382,mtu:Rv0462,P9WHH9
map01110,K00435,mtu:Rv2676c,P9WL45
map01110,K00547,mtu:Rv2458,O53185
map01110,K00548,mtu:Rv2124c,O33259
map01110,K00549,mtu:Rv1133c,P9WK07
map01110,K00600,mtu:Rv0070c,P9WGI7
map01110,K00600,mtu:Rv1093,P9WGI9
map01110,K00602,mtu:Rv0957,P9WHM7
map01110,K00605,mtu:Rv2211c,P9WN51
map01110,K00606,mtu:Rv2225,P9WIL7
map01110,K00611,mtu:Rv1656,P9WIT9
map01110,K00615,mtu:Rv1449c,P9WG25
map01110,K00616,mtu:Rv1448c,P9WG33
map01110,K00619,mtu:Rv2747,O33289
map01110,K00620,mtu:Rv1653,P9WPZ3
map01110,K00622,mtu:Rv3566c,P9WJI5
map01110,K00626,mtu:Rv0243,O86361
map01110,K00626,mtu:Rv0859,O53871
map01110,K00626,mtu:Rv0914c,I6XWJ8
map01110,K00626,mtu:Rv1074c,O53422
map01110,K00626,mtu:Rv1323,P9WG69
map01110,K00626,mtu:Rv1867,P95148
map01110,K00626,mtu:Rv3523,I6YGD8
map01110,K00627,mtu:Rv2215,P9WIS7
map01110,K00631,mtu:Rv1551,P9WI59
map01110,K00631,mtu:Rv2482c,P9WI61
map01110,K00632,mtu:Rv2790c,O33332
map01110,K00632,mtu:Rv3546,I6XHI4
map01110,K00632,mtu:Rv3556c,I6XHJ3
map01110,K00635,mtu:Rv0221,P9WKB7
map01110,K00635,mtu:Rv0895,P9WKA3
map01110,K00635,mtu:Rv1425,P9WKC1
map01110,K00635,mtu:Rv1760,P9WKB9
map01110,K00635,mtu:Rv2285,P9WKB5
map01110,K00635,mtu:Rv2484c,P9WKB3
map01110,K00635,mtu:Rv3087,P9WKB1
map01110,K00635,mtu:Rv3088,P9WKC3
map01110,K00635,mtu:Rv3130c,P9WKC9
map01110,K00635,mtu:Rv3234c,P9WKC5
map01110,K00635,mtu:Rv3371,P9WKA9
map01110,K00635,mtu:Rv3480c,P9WKA7
map01110,K00635,mtu:Rv3734c,P9WKC7
map01110,K00635,mtu:Rv3740c,P9WKA5
map01110,K00640,mtu:Rv2335,P95231
map01110,K00641,mtu:Rv3341,P9WJY9
map01110,K00645,mtu:Rv0649,Q79FX5
map01110,K00645,mtu:Rv2243,P9WNG5
map01110,K00655,mtu:Rv2182c,O53516
map01110,K00688,mtu:Rv1328,P9WMW1
map01110,K00697,mtu:Rv3490,P9WN11
map01110,K00700,mtu:Rv1326c,P9WN45
map01110,K00705,mtu:Rv1781c,P9WK23
map01110,K00760,mtu:Rv3624c,P9WHQ9
map01110,K00764,mtu:Rv0808,P9WHQ7
map01110,K00765,mtu:Rv2121c,P9WMN1
map01110,K00766,mtu:Rv2192c,P9WFX5
map01110,K00789,mtu:Rv1392,P9WGV1
map01110,K00791,mtu:Rv2727c,P9WJW1
map01110,K00793,mtu:Rv1412,P9WK35
map01110,K00794,mtu:Rv1416,P9WHE9
map01110,K00797,mtu:Rv2601,P9WGE5
map01110,K00800,mtu:Rv3227,P9WPY5
map01110,K00817,mtu:Rv1600,P9WML7
map01110,K00817,mtu:Rv2231c,P9WQ89
map01110,K00817,mtu:Rv3772,P9WML5
map01110,K00821,mtu:Rv1655,P9WPZ7
map01110,K00826,mtu:Rv2210c,P9WQ75
map01110,K00831,mtu:Rv0884c,P9WQ73
map01110,K00864,mtu:Rv3696c,P9WPK1
map01110,K00865,mtu:Rv2205c,P9WMT7
map01110,K00872,mtu:Rv1296,P9WKE7
map01110,K00873,mtu:Rv1617,P9WKE5
map01110,K00886,mtu:Rv2702,P9WIN1
map01110,K00891,mtu:Rv2539c,P9WPY3
map01110,K00919,mtu:Rv1011,P9WKG7
map01110,K00927,mtu:Rv1437,P9WID1
map01110,K00928,mtu:Rv3709c,P9WPX3
map01110,K00930,mtu:Rv1654,P9WQ01
map01110,K00931,mtu:Rv2439c,P9WHU9
map01110,K00939,mtu:Rv0733,P9WKF5
map01110,K00940,mtu:Rv2445c,P9WJH7
map01110,K00948,mtu:Rv1017c,P9WKE3
map01110,K00955,mtu:Rv1286,P9WNM5
map01110,K00957,mtu:Rv1285,P9WIK1
map01110,K00963,mtu:Rv0993,O05576
map01110,K00966,mtu:Rv3264c,L7N6A5
map01110,K00973,mtu:Rv0334,P9WH13
map01110,K00975,mtu:Rv1213,P9WN43
map01110,K00981,mtu:Rv2881c,P9WPF7
map01110,K00991,mtu:Rv3582c,P9WKG9
map01110,K00997,mtu:Rv2523c,P9WQD3
map01110,K01006,mtu:Rv1127c,O06579
map01110,K01046,mtu:Rv3097c,I6Y2J4
map01110,K01054,mtu:Rv0183,O07427
map01110,K01057,mtu:Rv1445c,P9WQP5
map01110,K01079,mtu:Rv3042c,O53289
map01110,K01087,mtu:Rv3372,P9WFZ5
map01110,K01092,mtu:Rv1604,O53907
map01110,K01092,mtu:Rv2701c,P9WKI9
map01110,K01114,mtu:Rv2349c,P9WIB1
map01110,K01114,mtu:Rv2350c,P9WIB3
map01110,K01114,mtu:Rv2351c,P9WIB5
map01110,K01187,mtu:Rv2471,O53198
map01110,K01194,mtu:Rv2006,P9WN15
map01110,K01214,mtu:Rv1564c,P9WQ25
map01110,K01236,mtu:Rv1562c,P9WQ23
map01110,K01239,mtu:Rv3393,O50418
map01110,K01424,mtu:Rv1538c,P9WPX5
map01110,K01478,mtu:Rv1001,P9WQ05
map01110,K01496,mtu:Rv1606,P9WMM7
map01110,K01521,mtu:Rv2289,P9WPG9
map01110,K01523,mtu:Rv2122c,P9WMM9
map01110,K01579,mtu:Rv3601c,P9WIL3
map01110,K01580,mtu:Rv3432c,I6YG46
map01110,K01586,mtu:Rv1293,P9WIU7
map01110,K01588,mtu:Rv3275c,P9WHM1
map01110,K01589,mtu:Rv3276c,P9WHL9
map01110,K01596,mtu:Rv0211,P9WIH3
map01110,K01599,mtu:Rv2678c,P9WFE1
map01110,K01609,mtu:Rv1611,P9WFX7
map01110,K01613,mtu:Rv0437c,P9WHQ5
map01110,K01616,mtu:Rv1248c,P9WIS5
map01110,K01624,mtu:Rv0363c,P9WQA3
map01110,K01626,mtu:Rv2178c,O53512
map01110,K01637,mtu:Rv0467,P9WKK7
map01110,K01637,mtu:Rv1915,O07718
map01110,K01637,mtu:Rv1916,O07717
map01110,K01638,mtu:Rv1837c,P9WK17
map01110,K01647,mtu:Rv0889c,P9WPD3
map01110,K01647,mtu:Rv0896,P9WPD5
map01110,K01649,mtu:Rv3710,P9WQB3
map01110,K01652,mtu:Rv3003c,P9WG41
map01110,K01652,mtu:Rv3470c,O06335
map01110,K01652,mtu:Rv3509c,O53554
map01110,K01653,mtu:Rv3002c,P9WKJ3
map01110,K01657,mtu:Rv1609,P9WFX3
map01110,K01659,mtu:Rv1131,I6Y9Q3
map01110,K01661,mtu:Rv0548c,P9WNP5
map01110,K01662,mtu:Rv2682c,P9WNS3
map01110,K01662,mtu:Rv3379c,O50408
map01110,K01679,mtu:Rv1098c,P9WN93
map01110,K01687,mtu:Rv0189c,P9WKJ5
map01110,K01689,mtu:Rv1023,P9WNL1
map01110,K01692,mtu:Rv1070c,P9WNN9
map01110,K01692,mtu:Rv1472,P9WNN7
map01110,K01692,mtu:Rv2486,P9WNN5
map01110,K01692,mtu:Rv3039c,P9WNN3
map01110,K01693,mtu:Rv1601,P9WML9
map01110,K01695,mtu:Rv1613,P9WFY1
map01110,K01696,mtu:Rv1612,P9WFX9
map01110,K01697,mtu:Rv1077,P9WP51
map01110,K01698,mtu:Rv0512,P9WMP5
map01110,K01703,mtu:Rv2988c,P9WQF5
map01110,K01704,mtu:Rv2987c,P9WK95
map01110,K01710,mtu:Rv3464,P9WN65
map01110,K01710,mtu:Rv3784,P72050
map01110,K01714,mtu:Rv2753c,P9WP25
map01110,K01719,mtu:Rv0260c,P95217
map01110,K01733,mtu:Rv1295,P9WG59
map01110,K01735,mtu:Rv2538c,P9WPX9
map01110,K01736,mtu:Rv2540c,P9WPY1
map01110,K01738,mtu:Rv2334,P9WP55
map01110,K01738,mtu:Rv3684,O69652
map01110,K01739,mtu:Rv1079,P9WGB7
map01110,K01749,mtu:Rv0510,P9WMP3
map01110,K01752,mtu:Rv0069c,P9WGT5
map01110,K01754,mtu:Rv1559,P9WG95
map01110,K01755,mtu:Rv1659,P9WPY7
map01110,K01756,mtu:Rv0777,I6XWA1
map01110,K01770,mtu:Rv3581c,P9WKG5
map01110,K01772,mtu:Rv1485,P9WNE3
map01110,K01778,mtu:Rv2726c,P9WP19
map01110,K01782,mtu:Rv0860,O53872
map01110,K01783,mtu:Rv1408,P9WI51
map01110,K01790,mtu:Rv3465,P9WH11
map01110,K01803,mtu:Rv1438,P9WG43
map01110,K01808,mtu:Rv2465c,P9WKD7
map01110,K01809,mtu:Rv3255c,O05898
map01110,K01810,mtu:Rv0946c,P9WN69
map01110,K01823,mtu:Rv1745c,P9WKK5
map01110,K01834,mtu:Rv0489,P9WIC9
map01110,K01835,mtu:Rv3068c,I6Y2G3
map01110,K01840,mtu:Rv3257c,O86374
map01110,K01840,mtu:Rv3308,O53360
map01110,K01845,mtu:Rv0524,P9WMN9
map01110,K01858,mtu:Rv0046c,P9WKI1
map01110,K01885,mtu:Rv2992c,P9WFV9
map01110,K01895,mtu:Rv3667,P9WQD1
map01110,K01902,mtu:Rv0952,P9WGC7
map01110,K01903,mtu:Rv0951,P9WGC5
map01110,K01911,mtu:Rv0542c,P9WQ39
map01110,K01915,mtu:Rv1878,O07752
map01110,K01915,mtu:Rv2220,P9WN39
map01110,K01915,mtu:Rv2222c,P9WN37
map01110,K01915,mtu:Rv2860c,I6X5K1
map01110,K01918,mtu:Rv3602c,P9WIL5
map01110,K01923,mtu:Rv0780,P9WHN1
map01110,K01933,mtu:Rv0809,I6Y4V6
map01110,K01940,mtu:Rv1658,P9WPW7
map01110,K01945,mtu:Rv0772,P9WHM9
map01110,K01953,mtu:Rv2201,P9WN33
map01110,K01955,mtu:Rv1384,P9WPK3
map01110,K01956,mtu:Rv1383,P9WPK5
map01110,K02078,mtu:Rv1344,P9WQF1
map01110,K02078,mtu:Rv2244,P9WQF3
map01110,K02160,mtu:Rv3221c,P9WPQ1
map01110,K02257,mtu:Rv1451,P9WFR7
map01110,K02259,mtu:Rv1456c,O53148
map01110,K02291,mtu:Rv3397c,P9WHP3
map01110,K02302,mtu:Rv2847c,I6X5I7
map01110,K02361,mtu:Rv3215,P9WFW9
map01110,K02362,mtu:Rv2794c,O33336
map01110,K02437,mtu:Rv1826,P9WN55
map01110,K02446,mtu:Rv1099c,P9WN21
map01110,K02492,mtu:Rv0509,P9WMP7
map01110,K02500,mtu:Rv1605,P9WMM3
map01110,K02501,mtu:Rv1602,P9WMM1
map01110,K02548,mtu:Rv0534c,P9WIP3
map01110,K02549,mtu:Rv0553,P9WJP3
map01110,K02551,mtu:Rv0555,P9WK11
map01110,K03181,mtu:Rv2949c,P9WIC5
map01110,K03183,mtu:Rv0558,P9WFR3
map01110,K03404,mtu:Rv2850c,P9WPR3
map01110,K03405,mtu:Rv0958,P71552
map01110,K03526,mtu:Rv2868c,P9WKG3
map01110,K03527,mtu:Rv1110,P9WKG1
map01110,K03527,mtu:Rv3382c,P9WKF9
map01110,K03782,mtu:Rv1908c,P9WIE5
map01110,K03783,mtu:Rv3307,P9WP01
map01110,K03786,mtu:Rv2537c,P9WPX7
map01110,K04093,mtu:Rv0948c,P9WIC1
map01110,K04093,mtu:Rv1885c,P9WIB9
map01110,K04517,mtu:Rv3754,O69721
map01110,K04518,mtu:Rv3838c,P9WIC3
map01110,K04781,mtu:Rv2386c,P9WFX1
map01110,K05343,mtu:Rv0126,P9WQ19
map01110,K05349,mtu:Rv0186,O07430
map01110,K05375,mtu:Rv2377c,P9WIP5
map01110,K05602,mtu:Rv3137,P95189
map01110,K05917,mtu:Rv0764c,P9WPP9
map01110,K06044,mtu:Rv1563c,P9WQ21
map01110,K06117,mtu:Rv1692,O33194
map01110,K07029,mtu:Rv2252,P9WP29
map01110,K08289,mtu:Rv0389,P95197
map01110,K09699,mtu:Rv2495c,O06159
map01110,K11175,mtu:Rv0956,P9WHM5
map01110,K11263,mtu:Rv3285,P96890
map01110,K11410,mtu:Rv2500c,I6Y0W5
map01110,K11608,mtu:Rv0533c,P9WNG3
map01110,K11609,mtu:Rv2245,P9WQD9
map01110,K11610,mtu:Rv1483,P9WGT3
map01110,K11611,mtu:Rv1484,P9WGR1
map01110,K11752,mtu:Rv1409,P9WPH1
map01110,K11753,mtu:Rv2786c,I6X5C9
map01110,K12428,mtu:Rv3801c,O53580
map01110,K12437,mtu:Rv3800c,I6X8D2
map01110,K12503,mtu:Rv1086,P9WFF5
map01110,K13542,mtu:Rv0511,Q6MX34
map01110,K13775,mtu:Rv3224,O05842
map01110,K13787,mtu:Rv2173,O53507
map01110,K13787,mtu:Rv3383c,O50410
map01110,K13787,mtu:Rv3398c,P9WKH1
map01110,K13953,mtu:Rv1862,P9WQC1
map01110,K13979,mtu:Rv3045,P9WQC5
map01110,K14155,mtu:Rv0075,O53620
map01110,K14155,mtu:Rv2294,P9WQ83
map01110,K14215,mtu:Rv2361c,P9WFF7
map01110,K14260,mtu:Rv0337c,P9WQ91
map01110,K14652,mtu:Rv1415,P9WHF1
map01110,K14652,mtu:Rv1940,L7N669
map01110,K16149,mtu:Rv3031,P9WQ27
map01110,K16150,mtu:Rv3032,P9WMY9
map01110,K16370,mtu:Rv2029c,P9WID3
map01110,K17103,mtu:Rv0436c,P9WPG1
map01110,K17836,mtu:Rv2068c,P9WKD3
map01110,K17947,mtu:Rv0536,L7N670
map01110,K18472,mtu:Rv2247,P9WQH5
map01110,K18851,mtu:Rv0129c,P9WQN9
map01110,K18851,mtu:Rv1886c,P9WQP1
map01110,K18851,mtu:Rv3804c,P9WQP3
map01110,K19222,mtu:Rv1847,P9WIM3
map01110,K21071,mtu:Rv3010c,P9WID7
map01110,K22476,mtu:Rv0428c,P96274
map01110,K22934,mtu:Rv2402,P71741
map01110,K23264,mtu:Rv0787A,I6Y8S6
map01110,K23265,mtu:Rv0788,P9WHL5
map01110,K23269,mtu:Rv0803,P9WHL7
map01110,K23825,mtu:Rv2074,P9WLL7
map01110,K24017,mtu:Rv1603,P9WMM5
map01110,K25026,mtu:Rv0650,I6Y8D3
map01110,K27070,mtu:Rv2246,P9WQD7
map01110,K27071,mtu:Rv0635,P9WFK1
map01110,K27072,mtu:Rv0636,I6WYY7
map01110,K27073,mtu:Rv0637,P9WFJ9
map01110,K27074,mtu:Rv0504c,P9WFK3
map01110,K27093,mtu:Rv3799c,O53578
map01110,K27094,mtu:Rv3280,P9WQH7
map01110,K27095,mtu:Rv3281,P96886
map01110,K27306,mtu:Rv2509,I6Y9I3
map01110,K27359,mtu:Rv3451,P9WP39
map01110,K27545,mtu:Rv2323c,P71889
map01110,K27802,mtu:Rv1475c,O53166
map01110,K28138,mtu:Rv3391,O50417
map00074,K00120,mtu:Rv0132c,P96809
map00074,K00645,mtu:Rv0649,Q79FX5
map00074,K00645,mtu:Rv2243,P9WNG5
map00074,K00997,mtu:Rv2523c,P9WQD3
map00074,K02362,mtu:Rv2794c,O33336
map00074,K03921,mtu:Rv0824c,P9WNZ7
map00074,K03922,mtu:Rv1094,P9WNZ5
map00074,K11263,mtu:Rv3285,P96890
map00074,K11533,mtu:Rv2524c,P95029
map00074,K11608,mtu:Rv0533c,P9WNG3
map00074,K11609,mtu:Rv2245,P9WQD9
map00074,K11610,mtu:Rv1483,P9WGT3
map00074,K11611,mtu:Rv1484,P9WGR1
map00074,K12428,mtu:Rv3801c,O53580
map00074,K12437,mtu:Rv3800c,I6X8D2
map00074,K18472,mtu:Rv2247,P9WQH5
map00074,K18851,mtu:Rv0129c,P9WQN9
map00074,K18851,mtu:Rv1886c,P9WQP1
map00074,K18851,mtu:Rv3804c,P9WQP3
map00074,K26590,mtu:Rv0469,Q6MX39
map00074,K26591,mtu:Rv0470c,P9WPB3
map00074,K26592,mtu:Rv0642c,Q79FX8
map00074,K26593,mtu:Rv0643c,P0CH91
map00074,K26594,mtu:Rv0645c,P9WPB1
map00074,K26595,mtu:Rv0644c,Q79FX6
map00074,K26596,mtu:Rv0503c,P9WPB5
map00074,K27070,mtu:Rv2246,P9WQD7
map00074,K27071,mtu:Rv0635,P9WFK1
map00074,K27072,mtu:Rv0636,I6WYY7
map00074,K27073,mtu:Rv0637,P9WFJ9
map00074,K27074,mtu:Rv0504c,P9WFK3
map00074,K27093,mtu:Rv3799c,O53578
map00074,K27094,mtu:Rv3280,P9WQH7
map00074,K27095,mtu:Rv3281,P96886
map00074,K27306,mtu:Rv2509,I6Y9I3
map00074,K27359,mtu:Rv3451,P9WP39
map01240,K00012,mtu:Rv0322,O07248
map01240,K00059,mtu:Rv0242c,I6Y778
map01240,K00059,mtu:Rv1350,P9WGR9
map01240,K00077,mtu:Rv2573,P9WIL1
map01240,K00128,mtu:Rv0147,P96824
map01240,K00128,mtu:Rv0223c,I6X8S7
map01240,K00128,mtu:Rv0768,I6X9R9
map01240,K00231,mtu:Rv2677c,P9WMP1
map01240,K00254,mtu:Rv2139,P9WHL1
map01240,K00275,mtu:Rv2607,P9WIJ1
map01240,K00278,mtu:Rv1595,P9WJJ9
map01240,K00287,mtu:Rv2763c,P9WNX1
map01240,K00382,mtu:Rv0462,P9WHH9
map01240,K00435,mtu:Rv2676c,P9WL45
map01240,K00595,mtu:Rv2072c,P9WGA9
map01240,K00600,mtu:Rv0070c,P9WGI7
map01240,K00600,mtu:Rv1093,P9WGI9
map01240,K00606,mtu:Rv2225,P9WIL7
map01240,K00609,mtu:Rv1380,P9WIT7
map01240,K00652,mtu:Rv0032,P9WQ85
map01240,K00652,mtu:Rv1569,P9WQ87
map01240,K00762,mtu:Rv0382c,P9WHK9
map01240,K00763,mtu:Rv0573c,P9WJI7
map01240,K00763,mtu:Rv1330c,P9WJI9
map01240,K00767,mtu:Rv1596,P9WJJ7
map01240,K00768,mtu:Rv2207,P9WP85
map01240,K00788,mtu:Rv0414c,P9WG75
map01240,K00789,mtu:Rv1392,P9WGV1
map01240,K00793,mtu:Rv1412,P9WK35
map01240,K00794,mtu:Rv1416,P9WHE9
map01240,K00796,mtu:Rv1207,P9WNC9
map01240,K00796,mtu:Rv3608c,P9WND1
map01240,K00798,mtu:Rv1314c,P9WP99
map01240,K00826,mtu:Rv2210c,P9WQ75
map01240,K00831,mtu:Rv0884c,P9WQ73
map01240,K00833,mtu:Rv1568,P9WQ81
map01240,K00858,mtu:Rv1695,P9WHV7
map01240,K00859,mtu:Rv1631,P9WPA3
map01240,K00867,mtu:Rv1092c,P9WPA7
map01240,K00939,mtu:Rv0733,P9WKF5
map01240,K00940,mtu:Rv2445c,P9WJH7
map01240,K00941,mtu:Rv0422c,P9WG77
map01240,K00946,mtu:Rv2977c,P9WG71
map01240,K00950,mtu:Rv3606c,P9WNC7
map01240,K00954,mtu:Rv2965c,P9WPA5
map01240,K00963,mtu:Rv0993,O05576
map01240,K00966,mtu:Rv3264c,L7N6A5
map01240,K00969,mtu:Rv2421c,P9WJJ5
map01240,K01012,mtu:Rv1589,P9WPQ7
map01240,K01465,mtu:Rv1381,P9WHL3
map01240,K01491,mtu:Rv3356c,P9WG81
map01240,K01495,mtu:Rv3609c,P9WN57
map01240,K01579,mtu:Rv3601c,P9WIL3
map01240,K01591,mtu:Rv1385,P9WIU3
map01240,K01599,mtu:Rv2678c,P9WFE1
map01240,K01633,mtu:Rv3607c,P9WNC5
map01240,K01661,mtu:Rv0548c,P9WNP5
map01240,K01664,mtu:Rv0013,P9WN35
map01240,K01665,mtu:Rv1005c,O05591
map01240,K01698,mtu:Rv0512,P9WMP5
map01240,K01719,mtu:Rv0260c,P95217
map01240,K01749,mtu:Rv0510,P9WMP3
map01240,K01756,mtu:Rv0777,I6XWA1
map01240,K01772,mtu:Rv1485,P9WNE3
map01240,K01809,mtu:Rv3255c,O05898
map01240,K01845,mtu:Rv0524,P9WMN9
map01240,K01885,mtu:Rv2992c,P9WFV9
map01240,K01911,mtu:Rv0542c,P9WQ39
map01240,K01918,mtu:Rv3602c,P9WIL5
map01240,K01919,mtu:Rv3704c,P9WPK7
map01240,K01935,mtu:Rv1570,P9WPQ5
map01240,K01937,mtu:Rv1699,P9WHK7
map01240,K01939,mtu:Rv0357c,P9WHN3
map01240,K01950,mtu:Rv2438c,P9WJJ3
map01240,K01955,mtu:Rv1384,P9WPK3
map01240,K01956,mtu:Rv1383,P9WPK5
map01240,K02224,mtu:Rv2848c,P9WP97
map01240,K02227,mtu:Rv2236c,P9WP93
map01240,K02229,mtu:Rv2064,Q10675
map01240,K02230,mtu:Rv2062c,O53498
map01240,K02231,mtu:Rv0254c,O53676
map01240,K02232,mtu:Rv0255c,P9WP95
map01240,K02233,mtu:Rv2208,P9WP91
map01240,K02257,mtu:Rv1451,P9WFR7
map01240,K02259,mtu:Rv1456c,O53148
map01240,K02302,mtu:Rv2847c,I6X5I7
map01240,K02492,mtu:Rv0509,P9WMP7
map01240,K02548,mtu:Rv0534c,P9WIP3
map01240,K02549,mtu:Rv0553,P9WJP3
map01240,K02551,mtu:Rv0555,P9WK11
map01240,K02619,mtu:Rv0812,Q79FW0
map01240,K03147,mtu:Rv0423c,P9WG79
map01240,K03149,mtu:Rv0417,P9WG73
map01240,K03153,mtu:Rv0415,P96261
map01240,K03181,mtu:Rv2949c,P9WIC5
map01240,K03183,mtu:Rv0558,P9WFR3
map01240,K03517,mtu:Rv1594,P9WJK1
map01240,K03525,mtu:Rv3600c,P9WPA1
map01240,K03635,mtu:Rv0866,P9WJR1
map01240,K03635,mtu:Rv3119,P9WJR3
map01240,K03637,mtu:Rv0864,P9WJR7
map01240,K03637,mtu:Rv3111,P9WJR9
map01240,K03637,mtu:Rv3324c,P9WJR5
map01240,K03639,mtu:Rv0869c,P9WJS1
map01240,K03639,mtu:Rv3109,P9WJS3
map01240,K03644,mtu:Rv2218,P9WK91
map01240,K03750,mtu:Rv0438c,P9WJQ5
map01240,K03750,mtu:Rv0994,P9WJQ7
map01240,K03801,mtu:Rv2217,P9WK83
map01240,K04487,mtu:Rv3025c,P9WQ71
map01240,K04719,mtu:Rv0306,O07233
map01240,K05895,mtu:Rv2070c,P9WP89
map01240,K05936,mtu:Rv2071c,P9WGB1
map01240,K06042,mtu:Rv2065,P9WP87
map01240,K06215,mtu:Rv2606c,P9WII9
map01240,K08281,mtu:Rv2043c,I6XD65
map01240,K08681,mtu:Rv2604c,P9WII7
map01240,K09903,mtu:Rv2883c,P9WHK5
map01240,K11212,mtu:Rv3261,P9WP81
map01240,K11752,mtu:Rv1409,P9WPH1
map01240,K11753,mtu:Rv2786c,I6X5C9
map01240,K11754,mtu:Rv2447c,I6Y0R5
map01240,K13038,mtu:Rv1391,P9WNZ1
map01240,K13540,mtu:Rv2066,P9WGB3
map01240,K13542,mtu:Rv0511,Q6MX34
map01240,K14652,mtu:Rv1415,P9WHF1
map01240,K14652,mtu:Rv1940,L7N669
map01240,K14941,mtu:Rv2983,P9WP83
map01240,K19221,mtu:Rv2849c,I6Y1V6
map01240,K19222,mtu:Rv1847,P9WIM3
map01240,K21142,mtu:Rv3323c,Q6MWY3
map01240,K22316,mtu:Rv2228c,P9WLH5
map00760,K00135,mtu:Rv0234c,P9WNX9
map00760,K00135,mtu:Rv1731,P9WNX7
map00760,K00278,mtu:Rv1595,P9WJJ9
map00760,K00322,mtu:Rv2713,P9WHH5
map00760,K00324,mtu:Rv0155,P96832
map00760,K00324,mtu:Rv0156,P96833
map00760,K00325,mtu:Rv0157,P96834
map00760,K00763,mtu:Rv0573c,P9WJI7
map00760,K00763,mtu:Rv1330c,P9WJI9
map00760,K00767,mtu:Rv1596,P9WJJ7
map00760,K00858,mtu:Rv1695,P9WHV7
map00760,K00969,mtu:Rv2421c,P9WJJ5
map00760,K01950,mtu:Rv2438c,P9WJJ3
map00760,K03426,mtu:Rv3199c,P9WIX5
map00760,K03517,mtu:Rv1594,P9WJK1
map00760,K03783,mtu:Rv3307,P9WP01
map00760,K04765,mtu:Rv1021,P96379
map00760,K06211,mtu:Rv0212c,P96394
map00760,K08281,mtu:Rv2043c,I6XD65
map00760,K12410,mtu:Rv1151c,P9WGG3
map00907,K00632,mtu:Rv2790c,O33332
map00907,K00632,mtu:Rv3546,I6XHI4
map00907,K00632,mtu:Rv3556c,I6XHJ3
map00907,K01692,mtu:Rv1070c,P9WNN9
map00907,K01692,mtu:Rv1472,P9WNN7
map00907,K01692,mtu:Rv2486,P9WNN5
map00907,K01692,mtu:Rv3039c,P9WNN3
map00907,K01782,mtu:Rv0860,O53872
map00907,K13775,mtu:Rv3224,O05842
map00592,K00632,mtu:Rv2790c,O33332
map00592,K00632,mtu:Rv3546,I6XHI4
map00592,K00632,mtu:Rv3556c,I6XHJ3
map01120,K00001,mtu:Rv1530,P9WQC3
map01120,K00003,mtu:Rv1294,P9WPX1
map01120,K00012,mtu:Rv0322,O07248
map01120,K00024,mtu:Rv1240,P9WK13
map01120,K00031,mtu:Rv0066c,O53611
map01120,K00031,mtu:Rv3339c,P9WKL1
map01120,K00033,mtu:Rv1122,O06574
map01120,K00033,mtu:Rv1844c,Q79FJ2
map01120,K00036,mtu:Rv1121,P9WN71
map01120,K00036,mtu:Rv1447c,P9WN73
map01120,K00058,mtu:Rv0728c,I6WZ71
map01120,K00058,mtu:Rv2996c,P9WNX3
map01120,K00074,mtu:Rv0468,P9WNP7
map01120,K00074,mtu:Rv1715,L7N688
map01120,K00104,mtu:Rv1257c,Q11061
map01120,K00116,mtu:Rv2852c,P9WJP5
map01120,K00121,mtu:Rv0761c,P9WQC7
map01120,K00128,mtu:Rv0147,P96824
map01120,K00128,mtu:Rv0223c,I6X8S7
map01120,K00128,mtu:Rv0768,I6X9R9
map01120,K00133,mtu:Rv3708c,P9WNX5
map01120,K00134,mtu:Rv1436,P9WN83
map01120,K00135,mtu:Rv0234c,P9WNX9
map01120,K00135,mtu:Rv1731,P9WNX7
map01120,K00138,mtu:Rv0458,P9WNY1
map01120,K00140,mtu:Rv0753c,O53816
map01120,K00163,mtu:Rv2241,P9WIS9
map01120,K00174,mtu:Rv2455c,O53182
map01120,K00175,mtu:Rv2454c,O53181
map01120,K00215,mtu:Rv2773c,P9WP23
map01120,K00239,mtu:Rv0248c,O53670
map01120,K00239,mtu:Rv3318,O53370
map01120,K00240,mtu:Rv0247c,O53669
map01120,K00240,mtu:Rv3319,O53371
map01120,K00241,mtu:Rv3316,O53368
map01120,K00242,mtu:Rv3317,O53369
map01120,K00244,mtu:Rv1552,P9WN91
map01120,K00245,mtu:Rv1553,P9WN89
map01120,K00246,mtu:Rv1554,P9WNB7
map01120,K00247,mtu:Rv1555,P9WNB5
map01120,K00252,mtu:Rv0400c,P95208
map01120,K00265,mtu:Rv3859c,P96218
map01120,K00266,mtu:Rv3858c,P9WN19
map01120,K00275,mtu:Rv2607,P9WIJ1
map01120,K00362,mtu:Rv0252,O53674
map01120,K00363,mtu:Rv0253,O53675
map01120,K00370,mtu:Rv1161,P9WJQ3
map01120,K00370,mtu:Rv1736c,P9WJQ1
map01120,K00371,mtu:Rv1162,O06560
map01120,K00374,mtu:Rv1164,O06562
map01120,K00382,mtu:Rv0462,P9WHH9
map01120,K00390,mtu:Rv2392,P9WIK3
map01120,K00392,mtu:Rv2391,P9WJ03
map01120,K00529,mtu:Rv1869c,P95146
map01120,K00600,mtu:Rv0070c,P9WGI7
map01120,K00600,mtu:Rv1093,P9WGI9
map01120,K00615,mtu:Rv1449c,P9WG25
map01120,K00616,mtu:Rv1448c,P9WG33
map01120,K00622,mtu:Rv3566c,P9WJI5
map01120,K00626,mtu:Rv0243,O86361
map01120,K00626,mtu:Rv0859,O53871
map01120,K00626,mtu:Rv0914c,I6XWJ8
map01120,K00626,mtu:Rv1074c,O53422
map01120,K00626,mtu:Rv1323,P9WG69
map01120,K00626,mtu:Rv1867,P95148
map01120,K00626,mtu:Rv3523,I6YGD8
map01120,K00627,mtu:Rv2215,P9WIS7
map01120,K00632,mtu:Rv2790c,O33332
map01120,K00632,mtu:Rv3546,I6XHI4
map01120,K00632,mtu:Rv3556c,I6XHJ3
map01120,K00640,mtu:Rv2335,P95231
map01120,K00641,mtu:Rv3341,P9WJY9
map01120,K00674,mtu:Rv1201c,P9WP21
map01120,K00821,mtu:Rv1655,P9WPZ7
map01120,K00831,mtu:Rv0884c,P9WQ73
map01120,K00865,mtu:Rv2205c,P9WMT7
map01120,K00872,mtu:Rv1296,P9WKE7
map01120,K00873,mtu:Rv1617,P9WKE5
map01120,K00886,mtu:Rv2702,P9WIN1
map01120,K00925,mtu:Rv0409,P9WQH1
map01120,K00927,mtu:Rv1437,P9WID1
map01120,K00928,mtu:Rv3709c,P9WPX3
map01120,K00948,mtu:Rv1017c,P9WKE3
map01120,K00955,mtu:Rv1286,P9WNM5
map01120,K00957,mtu:Rv1285,P9WIK1
map01120,K00963,mtu:Rv0993,O05576
map01120,K01006,mtu:Rv1127c,O06579
map01120,K01011,mtu:Rv0815c,P9WHF9
map01120,K01011,mtu:Rv2291,P9WHF5
map01120,K01011,mtu:Rv3117,P9WHF9
map01120,K01011,mtu:Rv3283,P9WHF7
map01120,K01057,mtu:Rv1445c,P9WQP5
map01120,K01061,mtu:Rv2054,O86353
map01120,K01061,mtu:Rv2765,I6XF92
map01120,K01079,mtu:Rv3042c,O53289
map01120,K01082,mtu:Rv2131c,P9WKJ1
map01120,K01426,mtu:Rv1263,P9WQ97
map01120,K01426,mtu:Rv2363,P9WQ99
map01120,K01426,mtu:Rv2888c,P9WQ95
map01120,K01426,mtu:Rv3175,O53325
map01120,K01426,mtu:Rv3375,P9WQ93
map01120,K01428,mtu:Rv1850,P9WFF1
map01120,K01429,mtu:Rv1849,P9WFE9
map01120,K01430,mtu:Rv1848,P9WFE7
map01120,K01439,mtu:Rv1202,P9WHS9
map01120,K01491,mtu:Rv3356c,P9WG81
map01120,K01512,mtu:Rv2922A,P9WQC9
map01120,K01563,mtu:Rv1833c,P9WMS1
map01120,K01563,mtu:Rv2296,P9WMS3
map01120,K01563,mtu:Rv2579,P9WMR9
map01120,K01580,mtu:Rv3432c,I6YG46
map01120,K01586,mtu:Rv1293,P9WIU7
map01120,K01596,mtu:Rv0211,P9WIH3
map01120,K01607,mtu:Rv0771,I6Y4S7
map01120,K01616,mtu:Rv1248c,P9WIS5
map01120,K01624,mtu:Rv0363c,P9WQA3
map01120,K01628,mtu:Rv0727c,P95075
map01120,K01637,mtu:Rv0467,P9WKK7
map01120,K01637,mtu:Rv1915,O07718
map01120,K01637,mtu:Rv1916,O07717
map01120,K01638,mtu:Rv1837c,P9WK17
map01120,K01647,mtu:Rv0889c,P9WPD3
map01120,K01647,mtu:Rv0896,P9WPD5
map01120,K01659,mtu:Rv1131,I6Y9Q3
map01120,K01666,mtu:Rv3469c,O06334
map01120,K01666,mtu:Rv3534c,P9WMK5
map01120,K01679,mtu:Rv1098c,P9WN93
map01120,K01689,mtu:Rv1023,P9WNL1
map01120,K01692,mtu:Rv1070c,P9WNN9
map01120,K01692,mtu:Rv1472,P9WNN7
map01120,K01692,mtu:Rv2486,P9WNN5
map01120,K01692,mtu:Rv3039c,P9WNN3
map01120,K01698,mtu:Rv0512,P9WMP5
map01120,K01714,mtu:Rv2753c,P9WP25
map01120,K01719,mtu:Rv0260c,P95217
map01120,K01720,mtu:Rv1130,O06582
map01120,K01733,mtu:Rv1295,P9WG59
map01120,K01738,mtu:Rv2334,P9WP55
map01120,K01738,mtu:Rv3684,O69652
map01120,K01739,mtu:Rv1079,P9WGB7
map01120,K01749,mtu:Rv0510,P9WMP3
map01120,K01778,mtu:Rv2726c,P9WP19
map01120,K01782,mtu:Rv0860,O53872
map01120,K01783,mtu:Rv1408,P9WI51
map01120,K01796,mtu:Rv0855,I6Y8Y0
map01120,K01796,mtu:Rv1143,O06543
map01120,K01803,mtu:Rv1438,P9WG43
map01120,K01808,mtu:Rv2465c,P9WKD7
map01120,K01810,mtu:Rv0946c,P9WN69
map01120,K01822,mtu:Rv0760c,I6WZD7
map01120,K01834,mtu:Rv0489,P9WIC9
map01120,K01835,mtu:Rv3068c,I6Y2G3
map01120,K01845,mtu:Rv0524,P9WMN9
map01120,K01847,mtu:Rv1492,P9WJK7
map01120,K01847,mtu:Rv1493,P9WJK5
map01120,K01865,mtu:Rv3078,I6Y2H3
map01120,K01885,mtu:Rv2992c,P9WFV9
map01120,K01895,mtu:Rv3667,P9WQD1
map01120,K01902,mtu:Rv0952,P9WGC7
map01120,K01903,mtu:Rv0951,P9WGC5
map01120,K01915,mtu:Rv1878,O07752
map01120,K01915,mtu:Rv2220,P9WN39
map01120,K01915,mtu:Rv2222c,P9WN37
map01120,K01915,mtu:Rv2860c,I6X5K1
map01120,K01958,mtu:Rv2967c,I6YEU0
map01120,K02160,mtu:Rv3221c,P9WPQ1
map01120,K02302,mtu:Rv2847c,I6X5I7
map01120,K02446,mtu:Rv1099c,P9WN21
map01120,K02492,mtu:Rv0509,P9WMP7
map01120,K02554,mtu:Rv3536c,I6XHH5
map01120,K03333,mtu:Rv3409c,P9WMV9
map01120,K04073,mtu:Rv3535c,P9WQH3
map01120,K05606,mtu:Rv1322A,L7N6B1
map01120,K05898,mtu:Rv3537,P71864
map01120,K06881,mtu:Rv2837c,P71615
map01120,K07250,mtu:Rv2589,P9WQ79
map01120,K10215,mtu:Rv3083,P9WNF7
map01120,K10215,mtu:Rv3854c,P9WNF9
map01120,K10533,mtu:Rv2740,O33283
map01120,K10764,mtu:Rv0391,P9WGB5
map01120,K11212,mtu:Rv3261,P9WP81
map01120,K11263,mtu:Rv3285,P96890
map01120,K11779,mtu:Rv1173,P9WP77
map01120,K13542,mtu:Rv0511,Q6MX34
map01120,K13775,mtu:Rv3224,O05842
map01120,K13788,mtu:Rv0408,P9WHP1
map01120,K13953,mtu:Rv1862,P9WQC1
map01120,K13979,mtu:Rv3045,P9WQC5
map01120,K14267,mtu:Rv0858c,P9WPZ5
map01120,K14733,mtu:Rv3618,I6X7W8
map01120,K14941,mtu:Rv2983,P9WP83
map01120,K15371,mtu:Rv2476c,O53203
map01120,K15981,mtu:Rv3545c,P9WPP1
map01120,K15982,mtu:Rv3526,P71875
map01120,K15983,mtu:Rv3571,P9WJ93
map01120,K16045,mtu:Rv1106c,P9WQP7
map01120,K16046,mtu:Rv3518c,P9WPL5
map01120,K16047,mtu:Rv3570c,P9WJA1
map01120,K16049,mtu:Rv3568c,P9WNW7
map01120,K16050,mtu:Rv3569c,P9WNH5
map01120,K16370,mtu:Rv2029c,P9WID3
map01120,K17218,mtu:Rv0331,O07255
map01120,K18472,mtu:Rv2247,P9WQH5
map01120,K18687,mtu:Rv3561,P96843
map01120,K18688,mtu:Rv3515c,P9WQ51
map01120,K21071,mtu:Rv3010c,P9WID7
map01120,K21310,mtu:Rv3238c,O05883
map01120,K22818,mtu:Rv3504,I6YCA3
map01120,K22819,mtu:Rv3505,I6Y3Q0
map01120,K22820,mtu:Rv3573c,P96855
map01120,K22821,mtu:Rv3544c,P71857
map01120,K22822,mtu:Rv3543c,P71858
map01120,K24998,mtu:Rv3262,P9WP79
map01120,K25026,mtu:Rv0650,I6Y8D3
map01120,K25621,mtu:Rv3542c,I6YGF8
map01120,K25622,mtu:Rv3541c,I6XHI0
map01120,K25623,mtu:Rv3540c,I6Y3T7
map01120,K26061,mtu:Rv3293,L7N650
map01120,K27094,mtu:Rv3280,P9WQH7
map01120,K27095,mtu:Rv3281,P96886
map01120,K27802,mtu:Rv1475c,O53166
map01120,K28218,mtu:Rv3538,Q6MWW2
map01120,K28219,mtu:Rv3502c,O53547
map01120,K28220,mtu:Rv3559c,I6YCF0
map01120,K28221,mtu:Rv3564,I6YCF5
map01120,K28222,mtu:Rv3560c,I6Y3V5
map01120,K28224,mtu:Rv0130,P9WNP3
map01120,K28225,mtu:Rv3548c,P71853
map01120,K28226,mtu:Rv3553,P71847
map01120,K28227,mtu:Rv3550,I6Y3U6
map01120,K28228,mtu:Rv3551,P9WPW1
map01120,K28229,mtu:Rv3552,P9WPV9
map01120,K28230,mtu:Rv3562,I6YGH7
map01120,K28231,mtu:Rv3563,P96845
map01120,K28232,mtu:Rv1935c,P95279
map00362,K00074,mtu:Rv0468,P9WNP7
map00362,K00074,mtu:Rv1715,L7N688
map00362,K00252,mtu:Rv0400c,P95208
map00362,K00529,mtu:Rv1869c,P95146
map00362,K00626,mtu:Rv0243,O86361
map00362,K00626,mtu:Rv0859,O53871
map00362,K00626,mtu:Rv0914c,I6XWJ8
map00362,K00626,mtu:Rv1074c,O53422
map00362,K00626,mtu:Rv1323,P9WG69
map00362,K00626,mtu:Rv1867,P95148
map00362,K00626,mtu:Rv3523,I6YGD8
map00362,K00632,mtu:Rv2790c,O33332
map00362,K00632,mtu:Rv3546,I6XHI4
map00362,K00632,mtu:Rv3556c,I6XHJ3
map00362,K01607,mtu:Rv0771,I6Y4S7
map00362,K01666,mtu:Rv3469c,O06334
map00362,K01666,mtu:Rv3534c,P9WMK5
map00362,K01692,mtu:Rv1070c,P9WNN9
map00362,K01692,mtu:Rv1472,P9WNN7
map00362,K01692,mtu:Rv2486,P9WNN5
map00362,K01692,mtu:Rv3039c,P9WNN3
map00362,K01782,mtu:Rv0860,O53872
map00362,K02554,mtu:Rv3536c,I6XHH5
map00362,K04073,mtu:Rv3535c,P9WQH3
map00280,K00020,mtu:Rv0751c,P9WNY5
map00280,K00128,mtu:Rv0147,P96824
map00280,K00128,mtu:Rv0223c,I6X8S7
map00280,K00128,mtu:Rv0768,I6X9R9
map00280,K00140,mtu:Rv0753c,O53816
map00280,K00166,mtu:Rv2497c,P9WIS3
map00280,K00167,mtu:Rv2496c,P9WIS1
map00280,K00249,mtu:Rv0131c,P96808
map00280,K00249,mtu:Rv0154c,P96831
map00280,K00249,mtu:Rv0231,P96414
map00280,K00249,mtu:Rv0975c,O86319
map00280,K00249,mtu:Rv3140,P95186
map00280,K00382,mtu:Rv0462,P9WHH9
map00280,K00626,mtu:Rv0243,O86361
map00280,K00626,mtu:Rv0859,O53871
map00280,K00626,mtu:Rv0914c,I6XWJ8
map00280,K00626,mtu:Rv1074c,O53422
map00280,K00626,mtu:Rv1323,P9WG69
map00280,K00626,mtu:Rv1867,P95148
map00280,K00626,mtu:Rv3523,I6YGD8
map00280,K00632,mtu:Rv2790c,O33332
map00280,K00632,mtu:Rv3546,I6XHI4
map00280,K00632,mtu:Rv3556c,I6XHJ3
map00280,K00826,mtu:Rv2210c,P9WQ75
map00280,K01028,mtu:Rv2504c,P9WPW5
map00280,K01029,mtu:Rv2503c,P9WPW3
map00280,K01692,mtu:Rv1070c,P9WNN9
map00280,K01692,mtu:Rv1472,P9WNN7
map00280,K01692,mtu:Rv2486,P9WNN5
map00280,K01692,mtu:Rv3039c,P9WNN3
map00280,K01782,mtu:Rv0860,O53872
map00280,K01847,mtu:Rv1492,P9WJK7
map00280,K01847,mtu:Rv1493,P9WJK5
map00280,K01968,mtu:Rv2501c,P9WPQ3
map00280,K01969,mtu:Rv2502c,I6YDK7
map00280,K05606,mtu:Rv1322A,L7N6B1
map00280,K07250,mtu:Rv2589,P9WQ79
map00280,K09699,mtu:Rv2495c,O06159
map00280,K11263,mtu:Rv3285,P96890
map00280,K11410,mtu:Rv2500c,I6Y0W5
map00280,K18472,mtu:Rv2247,P9WQH5
map00280,K27094,mtu:Rv3280,P9WQH7
map00280,K27095,mtu:Rv3281,P96886
map01212,K00059,mtu:Rv0242c,I6Y778
map01212,K00059,mtu:Rv1350,P9WGR9
map01212,K00249,mtu:Rv0131c,P96808
map01212,K00249,mtu:Rv0154c,P96831
map01212,K00249,mtu:Rv0231,P96414
map01212,K00249,mtu:Rv0975c,O86319
map01212,K00249,mtu:Rv3140,P95186
map01212,K00255,mtu:Rv2724c,O33229
map01212,K00626,mtu:Rv0243,O86361
map01212,K00626,mtu:Rv0859,O53871
map01212,K00626,mtu:Rv0914c,I6XWJ8
map01212,K00626,mtu:Rv1074c,O53422
map01212,K00626,mtu:Rv1323,P9WG69
map01212,K00626,mtu:Rv1867,P95148
map01212,K00626,mtu:Rv3523,I6YGD8
map01212,K00632,mtu:Rv2790c,O33332
map01212,K00632,mtu:Rv3546,I6XHI4
map01212,K00632,mtu:Rv3556c,I6XHJ3
map01212,K00645,mtu:Rv0649,Q79FX5
map01212,K00645,mtu:Rv2243,P9WNG5
map01212,K01692,mtu:Rv1070c,P9WNN9
map01212,K01692,mtu:Rv1472,P9WNN7
map01212,K01692,mtu:Rv2486,P9WNN5
map01212,K01692,mtu:Rv3039c,P9WNN3
map01212,K01782,mtu:Rv0860,O53872
map01212,K01897,mtu:Rv2187,O53521
map01212,K02160,mtu:Rv3221c,P9WPQ1
map01212,K03921,mtu:Rv0824c,P9WNZ7
map01212,K03922,mtu:Rv1094,P9WNZ5
map01212,K11263,mtu:Rv3285,P96890
map01212,K11533,mtu:Rv2524c,P95029
map01212,K18472,mtu:Rv2247,P9WQH5
map01212,K22769,mtu:Rv3229c,P9WNZ3
map01212,K22770,mtu:Rv3230c,P9WNE9
map00071,K00001,mtu:Rv1530,P9WQC3
map00071,K00121,mtu:Rv0761c,P9WQC7
map00071,K00128,mtu:Rv0147,P96824
map00071,K00128,mtu:Rv0223c,I6X8S7
map00071,K00128,mtu:Rv0768,I6X9R9
map00071,K00249,mtu:Rv0131c,P96808
map00071,K00249,mtu:Rv0154c,P96831
map00071,K00249,mtu:Rv0231,P96414
map00071,K00249,mtu:Rv0975c,O86319
map00071,K00249,mtu:Rv3140,P95186
map00071,K00252,mtu:Rv0400c,P95208
map00071,K00255,mtu:Rv2724c,O33229
map00071,K00496,mtu:Rv3252c,O05895
map00071,K00529,mtu:Rv1869c,P95146
map00071,K00626,mtu:Rv0243,O86361
map00071,K00626,mtu:Rv0859,O53871
map00071,K00626,mtu:Rv0914c,I6XWJ8
map00071,K00626,mtu:Rv1074c,O53422
map00071,K00626,mtu:Rv1323,P9WG69
map00071,K00626,mtu:Rv1867,P95148
map00071,K00626,mtu:Rv3523,I6YGD8
map00071,K00632,mtu:Rv2790c,O33332
map00071,K00632,mtu:Rv3546,I6XHI4
map00071,K00632,mtu:Rv3556c,I6XHJ3
map00071,K01692,mtu:Rv1070c,P9WNN9
map00071,K01692,mtu:Rv1472,P9WNN7
map00071,K01692,mtu:Rv2486,P9WNN5
map00071,K01692,mtu:Rv3039c,P9WNN3
map00071,K01782,mtu:Rv0860,O53872
map00071,K01897,mtu:Rv2187,O53521
map00071,K01909,mtu:Rv1345,P9WQ41
map00071,K13953,mtu:Rv1862,P9WQC1
map00071,K28161,mtu:Rv3089,P9WQ37
map00984,K00632,mtu:Rv2790c,O33332
map00984,K00632,mtu:Rv3546,I6XHI4
map00984,K00632,mtu:Rv3556c,I6XHJ3
map00984,K01796,mtu:Rv0855,I6Y8Y0
map00984,K01796,mtu:Rv1143,O06543
map00984,K01822,mtu:Rv0760c,I6WZD7
map00984,K03333,mtu:Rv3409c,P9WMV9
map00984,K05898,mtu:Rv3537,P71864
map00984,K15981,mtu:Rv3545c,P9WPP1
map00984,K15982,mtu:Rv3526,P71875
map00984,K15983,mtu:Rv3571,P9WJ93
map00984,K16045,mtu:Rv1106c,P9WQP7
map00984,K16046,mtu:Rv3518c,P9WPL5
map00984,K16047,mtu:Rv3570c,P9WJA1
map00984,K16048,mtu:Rv3567c,P9WND9
map00984,K16049,mtu:Rv3568c,P9WNW7
map00984,K16050,mtu:Rv3569c,P9WNH5
map00984,K18687,mtu:Rv3561,P96843
map00984,K18688,mtu:Rv3515c,P9WQ51
map00984,K22818,mtu:Rv3504,I6YCA3
map00984,K22819,mtu:Rv3505,I6Y3Q0
map00984,K22820,mtu:Rv3573c,P96855
map00984,K22821,mtu:Rv3544c,P71857
map00984,K22822,mtu:Rv3543c,P71858
map00984,K25621,mtu:Rv3542c,I6YGF8
map00984,K25622,mtu:Rv3541c,I6XHI0
map00984,K25623,mtu:Rv3540c,I6Y3T7
map00984,K28218,mtu:Rv3538,Q6MWW2
map00984,K28219,mtu:Rv3502c,O53547
map00984,K28220,mtu:Rv3559c,I6YCF0
map00984,K28221,mtu:Rv3564,I6YCF5
map00984,K28222,mtu:Rv3560c,I6Y3V5
map00984,K28224,mtu:Rv0130,P9WNP3
map00984,K28225,mtu:Rv3548c,P71853
map00984,K28226,mtu:Rv3553,P71847
map00984,K28227,mtu:Rv3550,I6Y3U6
map00984,K28228,mtu:Rv3551,P9WPW1
map00984,K28229,mtu:Rv3552,P9WPV9
map00984,K28230,mtu:Rv3562,I6YGH7
map00984,K28231,mtu:Rv3563,P96845
map00984,K28232,mtu:Rv1935c,P95279
map00790,K00287,mtu:Rv2763c,P9WNX1
map00790,K00796,mtu:Rv1207,P9WNC9
map00790,K00796,mtu:Rv3608c,P9WND1
map00790,K00950,mtu:Rv3606c,P9WNC7
map00790,K01495,mtu:Rv3609c,P9WN57
map00790,K01633,mtu:Rv3607c,P9WNC5
map00790,K01664,mtu:Rv0013,P9WN35
map00790,K01665,mtu:Rv1005c,O05591
map00790,K01724,mtu:Rv1159A,P9WI93
map00790,K01724,mtu:Rv3110,Q6MX13
map00790,K02619,mtu:Rv0812,Q79FW0
map00790,K03635,mtu:Rv0866,P9WJR1
map00790,K03635,mtu:Rv3119,P9WJR3
map00790,K03637,mtu:Rv0864,P9WJR7
map00790,K03637,mtu:Rv3111,P9WJR9
map00790,K03637,mtu:Rv3324c,P9WJR5
map00790,K03639,mtu:Rv0869c,P9WJS1
map00790,K03639,mtu:Rv3109,P9WJS3
map00790,K03750,mtu:Rv0438c,P9WJQ5
map00790,K03750,mtu:Rv0994,P9WJQ7
map00790,K03752,mtu:Rv2453c,P9WJQ9
map00790,K07141,mtu:Rv0371c,I6WY86
map00790,K11754,mtu:Rv2447c,I6Y0R5
map00790,K14652,mtu:Rv1415,P9WHF1
map00790,K14652,mtu:Rv1940,L7N669
map00790,K21142,mtu:Rv3323c,Q6MWY3
map00561,K00128,mtu:Rv0147,P96824
map00561,K00128,mtu:Rv0223c,I6X8S7
map00561,K00128,mtu:Rv0768,I6X9R9
map00561,K00631,mtu:Rv1551,P9WI59
map00561,K00631,mtu:Rv2482c,P9WI61
map00561,K00635,mtu:Rv0221,P9WKB7
map00561,K00635,mtu:Rv0895,P9WKA3
map00561,K00635,mtu:Rv1425,P9WKC1
map00561,K00635,mtu:Rv1760,P9WKB9
map00561,K00635,mtu:Rv2285,P9WKB5
map00561,K00635,mtu:Rv2484c,P9WKB3
map00561,K00635,mtu:Rv3087,P9WKB1
map00561,K00635,mtu:Rv3088,P9WKC3
map00561,K00635,mtu:Rv3130c,P9WKC9
map00561,K00635,mtu:Rv3234c,P9WKC5
map00561,K00635,mtu:Rv3371,P9WKA9
map00561,K00635,mtu:Rv3480c,P9WKA7
map00561,K00635,mtu:Rv3734c,P9WKC7
map00561,K00635,mtu:Rv3740c,P9WKA5
map00561,K00655,mtu:Rv2182c,O53516
map00561,K00864,mtu:Rv3696c,P9WPK1
map00561,K00865,mtu:Rv2205c,P9WMT7
map00561,K01046,mtu:Rv3097c,I6Y2J4
map00561,K01054,mtu:Rv0183,O07427
map00561,K06117,mtu:Rv1692,O33194
map00561,K07029,mtu:Rv2252,P9WP29
map00561,K13979,mtu:Rv3045,P9WQC5
map00561,K18851,mtu:Rv0129c,P9WQN9
map00561,K18851,mtu:Rv1886c,P9WQP1
map00561,K18851,mtu:Rv3804c,P9WQP3
map01503,K01448,mtu:Rv3717,I6Y4D2
map01503,K01448,mtu:Rv3915,L7N653
map01503,K03767,mtu:Rv0009,P9WHW3
map01503,K04771,mtu:Rv1223,O06291
map00780,K00059,mtu:Rv0242c,I6Y778
map00780,K00059,mtu:Rv1350,P9WGR9
map00780,K00652,mtu:Rv0032,P9WQ85
map00780,K00652,mtu:Rv1569,P9WQ87
map00780,K00833,mtu:Rv1568,P9WQ81
map00780,K01012,mtu:Rv1589,P9WPQ7
map00780,K01935,mtu:Rv1570,P9WPQ5
map00780,K03524,mtu:Rv3279c,I6YFP0
map00780,K08351,mtu:Rv1442,O06817
map00061,K00059,mtu:Rv0242c,I6Y778
map00061,K00059,mtu:Rv1350,P9WGR9
map00061,K00645,mtu:Rv0649,Q79FX5
map00061,K00645,mtu:Rv2243,P9WNG5
map00061,K01897,mtu:Rv2187,O53521
map00061,K02160,mtu:Rv3221c,P9WPQ1
map00061,K03921,mtu:Rv0824c,P9WNZ7
map00061,K03922,mtu:Rv1094,P9WNZ5
map00061,K11263,mtu:Rv3285,P96890
map00061,K11533,mtu:Rv2524c,P95029
map00061,K18472,mtu:Rv2247,P9WQH5
map00061,K28161,mtu:Rv3089,P9WQ37
map00640,K00140,mtu:Rv0753c,O53816
map00640,K00166,mtu:Rv2497c,P9WIS3
map00640,K00167,mtu:Rv2496c,P9WIS1
map00640,K00382,mtu:Rv0462,P9WHH9
map00640,K00925,mtu:Rv0409,P9WQH1
map00640,K01637,mtu:Rv0467,P9WKK7
map00640,K01637,mtu:Rv1915,O07718
map00640,K01637,mtu:Rv1916,O07717
map00640,K01659,mtu:Rv1131,I6Y9Q3
map00640,K01692,mtu:Rv1070c,P9WNN9
map00640,K01692,mtu:Rv1472,P9WNN7
map00640,K01692,mtu:Rv2486,P9WNN5
map00640,K01692,mtu:Rv3039c,P9WNN3
map00640,K01720,mtu:Rv1130,O06582
map00640,K01782,mtu:Rv0860,O53872
map00640,K01847,mtu:Rv1492,P9WJK7
map00640,K01847,mtu:Rv1493,P9WJK5
map00640,K01895,mtu:Rv3667,P9WQD1
map00640,K01902,mtu:Rv0952,P9WGC7
map00640,K01903,mtu:Rv0951,P9WGC5
map00640,K02160,mtu:Rv3221c,P9WPQ1
map00640,K05606,mtu:Rv1322A,L7N6B1
map00640,K07250,mtu:Rv2589,P9WQ79
map00640,K09699,mtu:Rv2495c,O06159
map00640,K11263,mtu:Rv3285,P96890
map00640,K13788,mtu:Rv0408,P9WHP1
map00640,K18472,mtu:Rv2247,P9WQH5
map00640,K27094,mtu:Rv3280,P9WQH7
map00640,K27095,mtu:Rv3281,P96886
map00640,K27802,mtu:Rv1475c,O53166
map01230,K00003,mtu:Rv1294,P9WPX1
map01230,K00013,mtu:Rv1599,P9WNW9
map01230,K00031,mtu:Rv0066c,O53611
map01230,K00031,mtu:Rv3339c,P9WKL1
map01230,K00052,mtu:Rv2995c,P9WKK9
map01230,K00053,mtu:Rv3001c,P9WKJ7
map01230,K00058,mtu:Rv0728c,I6WZ71
map01230,K00058,mtu:Rv2996c,P9WNX3
map01230,K00133,mtu:Rv3708c,P9WNX5
map01230,K00134,mtu:Rv1436,P9WN83
map01230,K00145,mtu:Rv1652,P9WPZ9
map01230,K00147,mtu:Rv2427c,P9WHV1
map01230,K00215,mtu:Rv2773c,P9WP23
map01230,K00265,mtu:Rv3859c,P96218
map01230,K00266,mtu:Rv3858c,P9WN19
map01230,K00286,mtu:Rv0500,P9WHU7
map01230,K00548,mtu:Rv2124c,O33259
map01230,K00549,mtu:Rv1133c,P9WK07
map01230,K00600,mtu:Rv0070c,P9WGI7
map01230,K00600,mtu:Rv1093,P9WGI9
map01230,K00611,mtu:Rv1656,P9WIT9
map01230,K00615,mtu:Rv1449c,P9WG25
map01230,K00616,mtu:Rv1448c,P9WG33
map01230,K00619,mtu:Rv2747,O33289
map01230,K00620,mtu:Rv1653,P9WPZ3
map01230,K00640,mtu:Rv2335,P95231
map01230,K00641,mtu:Rv3341,P9WJY9
map01230,K00674,mtu:Rv1201c,P9WP21
map01230,K00765,mtu:Rv2121c,P9WMN1
map01230,K00766,mtu:Rv2192c,P9WFX5
map01230,K00789,mtu:Rv1392,P9WGV1
map01230,K00800,mtu:Rv3227,P9WPY5
map01230,K00817,mtu:Rv1600,P9WML7
map01230,K00817,mtu:Rv2231c,P9WQ89
map01230,K00817,mtu:Rv3772,P9WML5
map01230,K00821,mtu:Rv1655,P9WPZ7
map01230,K00826,mtu:Rv2210c,P9WQ75
map01230,K00831,mtu:Rv0884c,P9WQ73
map01230,K00872,mtu:Rv1296,P9WKE7
map01230,K00873,mtu:Rv1617,P9WKE5
map01230,K00891,mtu:Rv2539c,P9WPY3
map01230,K00927,mtu:Rv1437,P9WID1
map01230,K00928,mtu:Rv3709c,P9WPX3
map01230,K00930,mtu:Rv1654,P9WQ01
map01230,K00931,mtu:Rv2439c,P9WHU9
map01230,K00948,mtu:Rv1017c,P9WKE3
map01230,K01079,mtu:Rv3042c,O53289
map01230,K01243,mtu:Rv0091,P9WJM3
map01230,K01439,mtu:Rv1202,P9WHS9
map01230,K01496,mtu:Rv1606,P9WMM7
map01230,K01523,mtu:Rv2122c,P9WMM9
map01230,K01586,mtu:Rv1293,P9WIU7
map01230,K01609,mtu:Rv1611,P9WFX7
map01230,K01624,mtu:Rv0363c,P9WQA3
map01230,K01626,mtu:Rv2178c,O53512
map01230,K01647,mtu:Rv0889c,P9WPD3
map01230,K01647,mtu:Rv0896,P9WPD5
map01230,K01649,mtu:Rv3710,P9WQB3
map01230,K01652,mtu:Rv3003c,P9WG41
map01230,K01652,mtu:Rv3470c,O06335
map01230,K01652,mtu:Rv3509c,O53554
map01230,K01653,mtu:Rv3002c,P9WKJ3
map01230,K01657,mtu:Rv1609,P9WFX3
map01230,K01659,mtu:Rv1131,I6Y9Q3
map01230,K01687,mtu:Rv0189c,P9WKJ5
map01230,K01689,mtu:Rv1023,P9WNL1
map01230,K01693,mtu:Rv1601,P9WML9
map01230,K01695,mtu:Rv1613,P9WFY1
map01230,K01696,mtu:Rv1612,P9WFX9
map01230,K01697,mtu:Rv1077,P9WP51
map01230,K01703,mtu:Rv2988c,P9WQF5
map01230,K01704,mtu:Rv2987c,P9WK95
map01230,K01714,mtu:Rv2753c,P9WP25
map01230,K01733,mtu:Rv1295,P9WG59
map01230,K01735,mtu:Rv2538c,P9WPX9
map01230,K01736,mtu:Rv2540c,P9WPY1
map01230,K01738,mtu:Rv2334,P9WP55
map01230,K01738,mtu:Rv3684,O69652
map01230,K01739,mtu:Rv1079,P9WGB7
map01230,K01752,mtu:Rv0069c,P9WGT5
map01230,K01754,mtu:Rv1559,P9WG95
map01230,K01755,mtu:Rv1659,P9WPY7
map01230,K01778,mtu:Rv2726c,P9WP19
map01230,K01783,mtu:Rv1408,P9WI51
map01230,K01803,mtu:Rv1438,P9WG43
map01230,K01808,mtu:Rv2465c,P9WKD7
map01230,K01834,mtu:Rv0489,P9WIC9
map01230,K01915,mtu:Rv1878,O07752
map01230,K01915,mtu:Rv2220,P9WN39
map01230,K01915,mtu:Rv2222c,P9WN37
map01230,K01915,mtu:Rv2860c,I6X5K1
map01230,K01940,mtu:Rv1658,P9WPW7
map01230,K01953,mtu:Rv2201,P9WN33
map01230,K01958,mtu:Rv2967c,I6YEU0
map01230,K02500,mtu:Rv1605,P9WMM3
map01230,K02501,mtu:Rv1602,P9WMM1
map01230,K03786,mtu:Rv2537c,P9WPX7
map01230,K04093,mtu:Rv0948c,P9WIC1
map01230,K04093,mtu:Rv1885c,P9WIB9
map01230,K04517,mtu:Rv3754,O69721
map01230,K04518,mtu:Rv3838c,P9WIC3
map01230,K05602,mtu:Rv3137,P95189
map01230,K14155,mtu:Rv0075,O53620
map01230,K14155,mtu:Rv2294,P9WQ83
map01230,K14260,mtu:Rv0337c,P9WQ91
map01230,K14267,mtu:Rv0858c,P9WPZ5
map01230,K16370,mtu:Rv2029c,P9WID3
map01230,K21071,mtu:Rv3010c,P9WID7
map01230,K22476,mtu:Rv0428c,P96274
map01230,K24017,mtu:Rv1603,P9WMM5
map01230,K27802,mtu:Rv1475c,O53166
map00020,K00024,mtu:Rv1240,P9WK13
map00020,K00031,mtu:Rv0066c,O53611
map00020,K00031,mtu:Rv3339c,P9WKL1
map00020,K00116,mtu:Rv2852c,P9WJP5
map00020,K00163,mtu:Rv2241,P9WIS9
map00020,K00174,mtu:Rv2455c,O53182
map00020,K00175,mtu:Rv2454c,O53181
map00020,K00239,mtu:Rv0248c,O53670
map00020,K00239,mtu:Rv3318,O53370
map00020,K00240,mtu:Rv0247c,O53669
map00020,K00240,mtu:Rv3319,O53371
map00020,K00241,mtu:Rv3316,O53368
map00020,K00242,mtu:Rv3317,O53369
map00020,K00244,mtu:Rv1552,P9WN91
map00020,K00245,mtu:Rv1553,P9WN89
map00020,K00246,mtu:Rv1554,P9WNB7
map00020,K00247,mtu:Rv1555,P9WNB5
map00020,K00382,mtu:Rv0462,P9WHH9
map00020,K00627,mtu:Rv2215,P9WIS7
map00020,K01596,mtu:Rv0211,P9WIH3
map00020,K01616,mtu:Rv1248c,P9WIS5
map00020,K01647,mtu:Rv0889c,P9WPD3
map00020,K01647,mtu:Rv0896,P9WPD5
map00020,K01659,mtu:Rv1131,I6Y9Q3
map00020,K01679,mtu:Rv1098c,P9WN93
map00020,K01902,mtu:Rv0952,P9WGC7
map00020,K01903,mtu:Rv0951,P9WGC5
map00020,K01958,mtu:Rv2967c,I6YEU0
map00020,K27802,mtu:Rv1475c,O53166
map01210,K00031,mtu:Rv0066c,O53611
map01210,K00031,mtu:Rv3339c,P9WKL1
map01210,K00052,mtu:Rv2995c,P9WKK9
map01210,K00053,mtu:Rv3001c,P9WKJ7
map01210,K00133,mtu:Rv3708c,P9WNX5
map01210,K00145,mtu:Rv1652,P9WPZ9
map01210,K00163,mtu:Rv2241,P9WIS9
map01210,K00166,mtu:Rv2497c,P9WIS3
map01210,K00167,mtu:Rv2496c,P9WIS1
map01210,K00174,mtu:Rv2455c,O53182
map01210,K00175,mtu:Rv2454c,O53181
map01210,K00382,mtu:Rv0462,P9WHH9
map01210,K00619,mtu:Rv2747,O33289
map01210,K00620,mtu:Rv1653,P9WPZ3
map01210,K00627,mtu:Rv2215,P9WIS7
map01210,K00821,mtu:Rv1655,P9WPZ7
map01210,K00826,mtu:Rv2210c,P9WQ75
map01210,K00928,mtu:Rv3709c,P9WPX3
map01210,K00930,mtu:Rv1654,P9WQ01
map01210,K01616,mtu:Rv1248c,P9WIS5
map01210,K01647,mtu:Rv0889c,P9WPD3
map01210,K01647,mtu:Rv0896,P9WPD5
map01210,K01649,mtu:Rv3710,P9WQB3
map01210,K01652,mtu:Rv3003c,P9WG41
map01210,K01652,mtu:Rv3470c,O06335
map01210,K01652,mtu:Rv3509c,O53554
map01210,K01653,mtu:Rv3002c,P9WKJ3
map01210,K01659,mtu:Rv1131,I6Y9Q3
map01210,K01687,mtu:Rv0189c,P9WKJ5
map01210,K01703,mtu:Rv2988c,P9WQF5
map01210,K01704,mtu:Rv2987c,P9WK95
map01210,K09699,mtu:Rv2495c,O06159
map01210,K14260,mtu:Rv0337c,P9WQ91
map01210,K22476,mtu:Rv0428c,P96274
map01210,K27802,mtu:Rv1475c,O53166
map01200,K00024,mtu:Rv1240,P9WK13
map01200,K00027,mtu:Rv2332,P9WK25
map01200,K00031,mtu:Rv0066c,O53611
map01200,K00031,mtu:Rv3339c,P9WKL1
map01200,K00033,mtu:Rv1122,O06574
map01200,K00033,mtu:Rv1844c,Q79FJ2
map01200,K00036,mtu:Rv1121,P9WN71
map01200,K00036,mtu:Rv1447c,P9WN73
map01200,K00058,mtu:Rv0728c,I6WZ71
map01200,K00058,mtu:Rv2996c,P9WNX3
map01200,K00074,mtu:Rv0468,P9WNP7
map01200,K00074,mtu:Rv1715,L7N688
map01200,K00116,mtu:Rv2852c,P9WJP5
map01200,K00121,mtu:Rv0761c,P9WQC7
map01200,K00134,mtu:Rv1436,P9WN83
map01200,K00140,mtu:Rv0753c,O53816
map01200,K00163,mtu:Rv2241,P9WIS9
map01200,K00174,mtu:Rv2455c,O53182
map01200,K00175,mtu:Rv2454c,O53181
map01200,K00239,mtu:Rv0248c,O53670
map01200,K00239,mtu:Rv3318,O53370
map01200,K00240,mtu:Rv0247c,O53669
map01200,K00240,mtu:Rv3319,O53371
map01200,K00241,mtu:Rv3316,O53368
map01200,K00242,mtu:Rv3317,O53369
map01200,K00244,mtu:Rv1552,P9WN91
map01200,K00245,mtu:Rv1553,P9WN89
map01200,K00246,mtu:Rv1554,P9WNB7
map01200,K00247,mtu:Rv1555,P9WNB5
map01200,K00281,mtu:Rv1832,P9WN53
map01200,K00382,mtu:Rv0462,P9WHH9
map01200,K00600,mtu:Rv0070c,P9WGI7
map01200,K00600,mtu:Rv1093,P9WGI9
map01200,K00605,mtu:Rv2211c,P9WN51
map01200,K00615,mtu:Rv1449c,P9WG25
map01200,K00616,mtu:Rv1448c,P9WG33
map01200,K00626,mtu:Rv0243,O86361
map01200,K00626,mtu:Rv0859,O53871
map01200,K00626,mtu:Rv0914c,I6XWJ8
map01200,K00626,mtu:Rv1074c,O53422
map01200,K00626,mtu:Rv1323,P9WG69
map01200,K00626,mtu:Rv1867,P95148
map01200,K00626,mtu:Rv3523,I6YGD8
map01200,K00627,mtu:Rv2215,P9WIS7
map01200,K00640,mtu:Rv2335,P95231
map01200,K00831,mtu:Rv0884c,P9WQ73
map01200,K00873,mtu:Rv1617,P9WKE5
map01200,K00886,mtu:Rv2702,P9WIN1
map01200,K00925,mtu:Rv0409,P9WQH1
map01200,K00927,mtu:Rv1437,P9WID1
map01200,K00948,mtu:Rv1017c,P9WKE3
map01200,K01006,mtu:Rv1127c,O06579
map01200,K01057,mtu:Rv1445c,P9WQP5
map01200,K01079,mtu:Rv3042c,O53289
map01200,K01491,mtu:Rv3356c,P9WG81
map01200,K01616,mtu:Rv1248c,P9WIS5
map01200,K01624,mtu:Rv0363c,P9WQA3
map01200,K01637,mtu:Rv0467,P9WKK7
map01200,K01637,mtu:Rv1915,O07718
map01200,K01637,mtu:Rv1916,O07717
map01200,K01638,mtu:Rv1837c,P9WK17
map01200,K01647,mtu:Rv0889c,P9WPD3
map01200,K01647,mtu:Rv0896,P9WPD5
map01200,K01659,mtu:Rv1131,I6Y9Q3
map01200,K01679,mtu:Rv1098c,P9WN93
map01200,K01689,mtu:Rv1023,P9WNL1
map01200,K01720,mtu:Rv1130,O06582
map01200,K01738,mtu:Rv2334,P9WP55
map01200,K01738,mtu:Rv3684,O69652
map01200,K01752,mtu:Rv0069c,P9WGT5
map01200,K01754,mtu:Rv1559,P9WG95
map01200,K01782,mtu:Rv0860,O53872
map01200,K01783,mtu:Rv1408,P9WI51
map01200,K01803,mtu:Rv1438,P9WG43
map01200,K01808,mtu:Rv2465c,P9WKD7
map01200,K01810,mtu:Rv0946c,P9WN69
map01200,K01834,mtu:Rv0489,P9WIC9
map01200,K01847,mtu:Rv1492,P9WJK7
map01200,K01847,mtu:Rv1493,P9WJK5
map01200,K01895,mtu:Rv3667,P9WQD1
map01200,K01902,mtu:Rv0952,P9WGC7
map01200,K01903,mtu:Rv0951,P9WGC5
map01200,K01958,mtu:Rv2967c,I6YEU0
map01200,K02160,mtu:Rv3221c,P9WPQ1
map01200,K02437,mtu:Rv1826,P9WN55
map01200,K02446,mtu:Rv1099c,P9WN21
map01200,K05606,mtu:Rv1322A,L7N6B1
map01200,K11263,mtu:Rv3285,P96890
map01200,K13788,mtu:Rv0408,P9WHP1
map01200,K16370,mtu:Rv2029c,P9WID3
map01200,K18472,mtu:Rv2247,P9WQH5
map01200,K21071,mtu:Rv3010c,P9WID7
map01200,K25026,mtu:Rv0650,I6Y8D3
map01200,K27094,mtu:Rv3280,P9WQH7
map01200,K27095,mtu:Rv3281,P96886
map01200,K27802,mtu:Rv1475c,O53166
map00630,K00024,mtu:Rv1240,P9WK13
map00630,K00104,mtu:Rv1257c,Q11061
map00630,K00281,mtu:Rv1832,P9WN53
map00630,K00382,mtu:Rv0462,P9WHH9
map00630,K00600,mtu:Rv0070c,P9WGI7
map00630,K00600,mtu:Rv1093,P9WGI9
map00630,K00605,mtu:Rv2211c,P9WN51
map00630,K00626,mtu:Rv0243,O86361
map00630,K00626,mtu:Rv0859,O53871
map00630,K00626,mtu:Rv0914c,I6XWJ8
map00630,K00626,mtu:Rv1074c,O53422
map00630,K00626,mtu:Rv1323,P9WG69
map00630,K00626,mtu:Rv1867,P95148
map00630,K00626,mtu:Rv3523,I6YGD8
map00630,K00865,mtu:Rv2205c,P9WMT7
map00630,K01433,mtu:Rv2964,P9WHM3
map00630,K01577,mtu:Rv0118c,O53639
map00630,K01616,mtu:Rv1248c,P9WIS5
map00630,K01637,mtu:Rv0467,P9WKK7
map00630,K01637,mtu:Rv1915,O07718
map00630,K01637,mtu:Rv1916,O07717
map00630,K01638,mtu:Rv1837c,P9WK17
map00630,K01647,mtu:Rv0889c,P9WPD3
map00630,K01647,mtu:Rv0896,P9WPD5
map00630,K01659,mtu:Rv1131,I6Y9Q3
map00630,K01847,mtu:Rv1492,P9WJK7
map00630,K01847,mtu:Rv1493,P9WJK5
map00630,K01895,mtu:Rv3667,P9WQD1
map00630,K01915,mtu:Rv1878,O07752
map00630,K01915,mtu:Rv2220,P9WN39
map00630,K01915,mtu:Rv2222c,P9WN37
map00630,K01915,mtu:Rv2860c,I6X5K1
map00630,K02437,mtu:Rv1826,P9WN55
map00630,K05606,mtu:Rv1322A,L7N6B1
map00630,K11263,mtu:Rv3285,P96890
map00630,K18472,mtu:Rv2247,P9WQH5
map00630,K27094,mtu:Rv3280,P9WQH7
map00630,K27095,mtu:Rv3281,P96886
map00630,K27802,mtu:Rv1475c,O53166
map01501,K01207,mtu:Rv0237,L7N6B0
map01501,K02171,mtu:Rv1846c,P9WMJ5
map01501,K02172,mtu:Rv1845c,P95164
map01501,K03587,mtu:Rv2163c,L0T911
map01501,K10823,mtu:Rv3663c,I6Y482
map01501,K15580,mtu:Rv3666c,I6X811
map01501,K15581,mtu:Rv3665c,I6YGV9
map01501,K15582,mtu:Rv3664c,L0TEV4
map01501,K15583,mtu:Rv3663c,I6Y482
map01501,K17836,mtu:Rv2068c,P9WKD3
map00550,K00075,mtu:Rv0482,P9WJL9
map00550,K00790,mtu:Rv1315,P9WJM1
map00550,K01000,mtu:Rv2156c,P9WMW7
map00550,K01921,mtu:Rv2981c,P9WP31
map00550,K01924,mtu:Rv2152c,P9WJL7
map00550,K01925,mtu:Rv2155c,P9WJL5
map00550,K01928,mtu:Rv2158c,P9WJL3
map00550,K01929,mtu:Rv2157c,P9WJL1
map00550,K02563,mtu:Rv2153c,P9WJK9
map00550,K03587,mtu:Rv2163c,L0T911
map00550,K03588,mtu:Rv0017c,P9WN99
map00550,K03588,mtu:Rv2154c,P9WN97
map00550,K05364,mtu:Rv0016c,P9WKD1
map00550,K06153,mtu:Rv2136c,P9WFF9
map00550,K07009,mtu:Rv3713,I6XI14
map00550,K07258,mtu:Rv2911,I6Y204
map00550,K07258,mtu:Rv3330,O53380
map00550,K07259,mtu:Rv3627c,O06380
map00550,K23393,mtu:Rv3712,I6Y4C7
map00190,K00239,mtu:Rv0248c,O53670
map00190,K00239,mtu:Rv3318,O53370
map00190,K00240,mtu:Rv0247c,O53669
map00190,K00240,mtu:Rv3319,O53371
map00190,K00241,mtu:Rv3316,O53368
map00190,K00242,mtu:Rv3317,O53369
map00190,K00244,mtu:Rv1552,P9WN91
map00190,K00245,mtu:Rv1553,P9WN89
map00190,K00246,mtu:Rv1554,P9WNB7
map00190,K00247,mtu:Rv1555,P9WNB5
map00190,K00330,mtu:Rv3145,P9WIW7
map00190,K00331,mtu:Rv3146,P9WJH1
map00190,K00332,mtu:Rv3147,P9WJH3
map00190,K00333,mtu:Rv3148,P9WJH5
map00190,K00334,mtu:Rv3149,P9WIV5
map00190,K00335,mtu:Rv3150,P9WIV7
map00190,K00336,mtu:Rv3151,P9WIV9
map00190,K00337,mtu:Rv3152,P9WIX1
map00190,K00338,mtu:Rv3153,P9WJG9
map00190,K00339,mtu:Rv3154,P95172
map00190,K00340,mtu:Rv3155,P9WIX3
map00190,K00341,mtu:Rv3156,P9WIW1
map00190,K00342,mtu:Rv3157,P9WIW5
map00190,K00343,mtu:Rv3158,P9WIW9
map00190,K00425,mtu:Rv1623c,L7N662
map00190,K00426,mtu:Rv1622c,O06139
map00190,K00937,mtu:Rv2984,P9WHV9
map00190,K01507,mtu:Rv3628,P9WI55
map00190,K02108,mtu:Rv1304,P9WPV7
map00190,K02109,mtu:Rv1306,P9WPV5
map00190,K02109,mtu:Rv1307,P9WPV3
map00190,K02110,mtu:Rv1305,P9WPS1
map00190,K02111,mtu:Rv1308,P9WPU7
map00190,K02112,mtu:Rv1310,P9WPU5
map00190,K02113,mtu:Rv1307,P9WPV3
map00190,K02114,mtu:Rv1311,P9WPV1
map00190,K02115,mtu:Rv1309,P9WPU9
map00190,K02257,mtu:Rv1451,P9WFR7
map00190,K02259,mtu:Rv1456c,O53148
map00190,K02274,mtu:Rv3043c,P9WP71
map00190,K02275,mtu:Rv2200c,P9WP69
map00190,K02276,mtu:Rv2193,P9WP67
map00190,K03885,mtu:Rv0392c,P95200
map00190,K03885,mtu:Rv1812c,P9WJJ1
map00190,K03885,mtu:Rv1854c,P95160
map00190,K03889,mtu:Rv2194,P9WP35
map00190,K03890,mtu:Rv2195,P9WH23
map00190,K03891,mtu:Rv2196,P9WP37
map00190,K22468,mtu:Rv3232c,O05877
map00190,K27109,mtu:Rv2199c,P9WP45
map03018,K00937,mtu:Rv2984,P9WHV9
map03018,K00962,mtu:Rv2783c,P9WI57
map03018,K01689,mtu:Rv1023,P9WNL1
map03018,K03628,mtu:Rv1297,P9WHF3
map03018,K04043,mtu:Rv0350,P9WMJ9
map03018,K04077,mtu:Rv0440,P9WPE7
map03018,K04077,mtu:Rv3417c,P9WPE9
map03018,K05592,mtu:Rv1253,P9WH05
map03018,K08300,mtu:Rv2444c,P71905
map03018,K12574,mtu:Rv2752c,P9WGZ9
map03018,K22468,mtu:Rv3232c,O05877
map04146,K00031,mtu:Rv0066c,O53611
map04146,K00031,mtu:Rv3339c,P9WKL1
map04146,K00273,mtu:Rv1905c,P9WP27
map04146,K00803,mtu:Rv2251,L0TBR2
map04146,K00803,mtu:Rv3107c,O05784
map04146,K01796,mtu:Rv0855,I6Y8Y0
map04146,K01796,mtu:Rv1143,O06543
map04146,K01897,mtu:Rv2187,O53521
map04146,K03426,mtu:Rv3199c,P9WIX5
map04146,K04564,mtu:Rv3846,P9WGE7
map04146,K04565,mtu:Rv0432,P9WGE9
map00600,K12349,mtu:Rv0669c,O06769
map00903,K00128,mtu:Rv0147,P96824
map00903,K00128,mtu:Rv0223c,I6X8S7
map00903,K00128,mtu:Rv0768,I6X9R9
map00903,K10533,mtu:Rv2740,O33283
map00903,K14733,mtu:Rv3618,I6X7W8
map00220,K00145,mtu:Rv1652,P9WPZ9
map00220,K00611,mtu:Rv1656,P9WIT9
map00220,K00619,mtu:Rv2747,O33289
map00220,K00620,mtu:Rv1653,P9WPZ3
map00220,K00821,mtu:Rv1655,P9WPZ7
map00220,K00930,mtu:Rv1654,P9WQ01
map00220,K01428,mtu:Rv1850,P9WFF1
map00220,K01429,mtu:Rv1849,P9WFE9
map00220,K01430,mtu:Rv1848,P9WFE7
map00220,K01478,mtu:Rv1001,P9WQ05
map00220,K01755,mtu:Rv1659,P9WPY7
map00220,K01915,mtu:Rv1878,O07752
map00220,K01915,mtu:Rv2220,P9WN39
map00220,K01915,mtu:Rv2222c,P9WN37
map00220,K01915,mtu:Rv2860c,I6X5K1
map00220,K01940,mtu:Rv1658,P9WPW7
map00220,K01955,mtu:Rv1384,P9WPK3
map00220,K01956,mtu:Rv1383,P9WPK5
map00220,K14260,mtu:Rv0337c,P9WQ91
map00220,K15371,mtu:Rv2476c,O53203
map00220,K22476,mtu:Rv0428c,P96274
map00220,K23265,mtu:Rv0788,P9WHL5
map00220,K27545,mtu:Rv2323c,P71889
map01053,K02361,mtu:Rv3215,P9WFW9
map01053,K02362,mtu:Rv2794c,O33336
map01053,K04781,mtu:Rv2386c,P9WFX1
map01053,K04787,mtu:Rv2384,P71716
map01053,K04788,mtu:Rv2383c,P9WQ63
map01053,K04789,mtu:Rv2380c,I6Y0L1
map01053,K04790,mtu:Rv2382c,P71718
map01053,K04791,mtu:Rv2381c,P71719
map01053,K04792,mtu:Rv2379c,O05819
map01053,K04793,mtu:Rv2378c,P9WKF7
map00720,K00024,mtu:Rv1240,P9WK13
map00720,K00031,mtu:Rv0066c,O53611
map00720,K00031,mtu:Rv3339c,P9WKL1
map00720,K00174,mtu:Rv2455c,O53182
map00720,K00175,mtu:Rv2454c,O53181
map00720,K00239,mtu:Rv0248c,O53670
map00720,K00239,mtu:Rv3318,O53370
map00720,K00240,mtu:Rv0247c,O53669
map00720,K00240,mtu:Rv3319,O53371
map00720,K00241,mtu:Rv3316,O53368
map00720,K00242,mtu:Rv3317,O53369
map00720,K00244,mtu:Rv1552,P9WN91
map00720,K00245,mtu:Rv1553,P9WN89
map00720,K00246,mtu:Rv1554,P9WNB7
map00720,K00247,mtu:Rv1555,P9WNB5
map00720,K00626,mtu:Rv0243,O86361
map00720,K00626,mtu:Rv0859,O53871
map00720,K00626,mtu:Rv0914c,I6XWJ8
map00720,K00626,mtu:Rv1074c,O53422
map00720,K00626,mtu:Rv1323,P9WG69
map00720,K00626,mtu:Rv1867,P95148
map00720,K00626,mtu:Rv3523,I6YGD8
map00720,K00925,mtu:Rv0409,P9WQH1
map00720,K01006,mtu:Rv1127c,O06579
map00720,K01491,mtu:Rv3356c,P9WG81
map00720,K01679,mtu:Rv1098c,P9WN93
map00720,K01847,mtu:Rv1492,P9WJK7
map00720,K01847,mtu:Rv1493,P9WJK5
map00720,K01895,mtu:Rv3667,P9WQD1
map00720,K01902,mtu:Rv0952,P9WGC7
map00720,K01903,mtu:Rv0951,P9WGC5
map00720,K01958,mtu:Rv2967c,I6YEU0
map00720,K02160,mtu:Rv3221c,P9WPQ1
map00720,K05606,mtu:Rv1322A,L7N6B1
map00720,K13788,mtu:Rv0408,P9WHP1
map00720,K27802,mtu:Rv1475c,O53166
map00620,K00001,mtu:Rv1530,P9WQC3
map00620,K00024,mtu:Rv1240,P9WK13
map00620,K00027,mtu:Rv2332,P9WK25
map00620,K00101,mtu:Rv1872c,P9WND5
map00620,K00116,mtu:Rv2852c,P9WJP5
map00620,K00121,mtu:Rv0761c,P9WQC7
map00620,K00128,mtu:Rv0147,P96824
map00620,K00128,mtu:Rv0223c,I6X8S7
map00620,K00128,mtu:Rv0768,I6X9R9
map00620,K00138,mtu:Rv0458,P9WNY1
map00620,K00163,mtu:Rv2241,P9WIS9
map00620,K00174,mtu:Rv2455c,O53182
map00620,K00175,mtu:Rv2454c,O53181
map00620,K00244,mtu:Rv1552,P9WN91
map00620,K00245,mtu:Rv1553,P9WN89
map00620,K00246,mtu:Rv1554,P9WNB7
map00620,K00247,mtu:Rv1555,P9WNB5
map00620,K00382,mtu:Rv0462,P9WHH9
map00620,K00626,mtu:Rv0243,O86361
map00620,K00626,mtu:Rv0859,O53871
map00620,K00626,mtu:Rv0914c,I6XWJ8
map00620,K00626,mtu:Rv1074c,O53422
map00620,K00626,mtu:Rv1323,P9WG69
map00620,K00626,mtu:Rv1867,P95148
map00620,K00626,mtu:Rv3523,I6YGD8
map00620,K00627,mtu:Rv2215,P9WIS7
map00620,K00873,mtu:Rv1617,P9WKE5
map00620,K00925,mtu:Rv0409,P9WQH1
map00620,K01006,mtu:Rv1127c,O06579
map00620,K01069,mtu:Rv2581c,P9WMW3
map00620,K01512,mtu:Rv2922A,P9WQC9
map00620,K01596,mtu:Rv0211,P9WIH3
map00620,K01638,mtu:Rv1837c,P9WK17
map00620,K01649,mtu:Rv3710,P9WQB3
map00620,K01679,mtu:Rv1098c,P9WN93
map00620,K01895,mtu:Rv3667,P9WQD1
map00620,K01958,mtu:Rv2967c,I6YEU0
map00620,K02160,mtu:Rv3221c,P9WPQ1
map00620,K04073,mtu:Rv3535c,P9WQH3
map00620,K11263,mtu:Rv3285,P96890
map00620,K13788,mtu:Rv0408,P9WHP1
map00620,K13953,mtu:Rv1862,P9WQC1
map00620,K13979,mtu:Rv3045,P9WQC5
map00620,K18472,mtu:Rv2247,P9WQH5
map00650,K00074,mtu:Rv0468,P9WNP7
map00650,K00074,mtu:Rv1715,L7N688
map00650,K00135,mtu:Rv0234c,P9WNX9
map00650,K00135,mtu:Rv1731,P9WNX7
map00650,K00174,mtu:Rv2455c,O53182
map00650,K00175,mtu:Rv2454c,O53181
map00650,K00239,mtu:Rv0248c,O53670
map00650,K00239,mtu:Rv3318,O53370
map00650,K00240,mtu:Rv0247c,O53669
map00650,K00240,mtu:Rv3319,O53371
map00650,K00241,mtu:Rv3316,O53368
map00650,K00242,mtu:Rv3317,O53369
map00650,K00244,mtu:Rv1552,P9WN91
map00650,K00245,mtu:Rv1553,P9WN89
map00650,K00246,mtu:Rv1554,P9WNB7
map00650,K00247,mtu:Rv1555,P9WNB5
map00650,K00626,mtu:Rv0243,O86361
map00650,K00626,mtu:Rv0859,O53871
map00650,K00626,mtu:Rv0914c,I6XWJ8
map00650,K00626,mtu:Rv1074c,O53422
map00650,K00626,mtu:Rv1323,P9WG69
map00650,K00626,mtu:Rv1867,P95148
map00650,K00626,mtu:Rv3523,I6YGD8
map00650,K01028,mtu:Rv2504c,P9WPW5
map00650,K01029,mtu:Rv2503c,P9WPW3
map00650,K01580,mtu:Rv3432c,I6YG46
map00650,K01652,mtu:Rv3003c,P9WG41
map00650,K01652,mtu:Rv3470c,O06335
map00650,K01652,mtu:Rv3509c,O53554
map00650,K01653,mtu:Rv3002c,P9WKJ3
map00650,K01692,mtu:Rv1070c,P9WNN9
map00650,K01692,mtu:Rv1472,P9WNN7
map00650,K01692,mtu:Rv2486,P9WNN5
map00650,K01692,mtu:Rv3039c,P9WNN3
map00650,K01782,mtu:Rv0860,O53872
map00650,K04073,mtu:Rv3535c,P9WQH3
map00650,K07250,mtu:Rv2589,P9WQ79
map00010,K00001,mtu:Rv1530,P9WQC3
map00010,K00121,mtu:Rv0761c,P9WQC7
map00010,K00128,mtu:Rv0147,P96824
map00010,K00128,mtu:Rv0223c,I6X8S7
map00010,K00128,mtu:Rv0768,I6X9R9
map00010,K00134,mtu:Rv1436,P9WN83
map00010,K00138,mtu:Rv0458,P9WNY1
map00010,K00163,mtu:Rv2241,P9WIS9
map00010,K00174,mtu:Rv2455c,O53182
map00010,K00175,mtu:Rv2454c,O53181
map00010,K00382,mtu:Rv0462,P9WHH9
map00010,K00627,mtu:Rv2215,P9WIS7
map00010,K00873,mtu:Rv1617,P9WKE5
map00010,K00886,mtu:Rv2702,P9WIN1
map00010,K00927,mtu:Rv1437,P9WID1
map00010,K01006,mtu:Rv1127c,O06579
map00010,K01596,mtu:Rv0211,P9WIH3
map00010,K01624,mtu:Rv0363c,P9WQA3
map00010,K01689,mtu:Rv1023,P9WNL1
map00010,K01803,mtu:Rv1438,P9WG43
map00010,K01810,mtu:Rv0946c,P9WN69
map00010,K01834,mtu:Rv0489,P9WIC9
map00010,K01835,mtu:Rv3068c,I6Y2G3
map00010,K01895,mtu:Rv3667,P9WQD1
map00010,K02446,mtu:Rv1099c,P9WN21
map00010,K13953,mtu:Rv1862,P9WQC1
map00010,K13979,mtu:Rv3045,P9WQC5
map00010,K16370,mtu:Rv2029c,P9WID3
map00010,K21071,mtu:Rv3010c,P9WID7
map00010,K25026,mtu:Rv0650,I6Y8D3
map00680,K00024,mtu:Rv1240,P9WK13
map00680,K00058,mtu:Rv0728c,I6WZ71
map00680,K00058,mtu:Rv2996c,P9WNX3
map00680,K00121,mtu:Rv0761c,P9WQC7
map00680,K00600,mtu:Rv0070c,P9WGI7
map00680,K00600,mtu:Rv1093,P9WGI9
map00680,K00831,mtu:Rv0884c,P9WQ73
map00680,K00925,mtu:Rv0409,P9WQH1
map00680,K01079,mtu:Rv3042c,O53289
map00680,K01624,mtu:Rv0363c,P9WQA3
map00680,K01689,mtu:Rv1023,P9WNL1
map00680,K01834,mtu:Rv0489,P9WIC9
map00680,K01895,mtu:Rv3667,P9WQD1
map00680,K02446,mtu:Rv1099c,P9WN21
map00680,K11212,mtu:Rv3261,P9WP81
map00680,K11779,mtu:Rv1173,P9WP77
map00680,K13788,mtu:Rv0408,P9WHP1
map00680,K14941,mtu:Rv2983,P9WP83
map00680,K16370,mtu:Rv2029c,P9WID3
map00680,K21071,mtu:Rv3010c,P9WID7
map00680,K24998,mtu:Rv3262,P9WP79
map00260,K00003,mtu:Rv1294,P9WPX1
map00260,K00058,mtu:Rv0728c,I6WZ71
map00260,K00058,mtu:Rv2996c,P9WNX3
map00260,K00133,mtu:Rv3708c,P9WNX5
map00260,K00273,mtu:Rv1905c,P9WP27
map00260,K00274,mtu:Rv3170,P9WQ15
map00260,K00281,mtu:Rv1832,P9WN53
map00260,K00382,mtu:Rv0462,P9WHH9
map00260,K00600,mtu:Rv0070c,P9WGI7
map00260,K00600,mtu:Rv1093,P9WGI9
map00260,K00605,mtu:Rv2211c,P9WN51
map00260,K00831,mtu:Rv0884c,P9WQ73
map00260,K00865,mtu:Rv2205c,P9WMT7
map00260,K00872,mtu:Rv1296,P9WKE7
map00260,K00928,mtu:Rv3709c,P9WPX3
map00260,K01079,mtu:Rv3042c,O53289
map00260,K01695,mtu:Rv1613,P9WFY1
map00260,K01696,mtu:Rv1612,P9WFX9
map00260,K01697,mtu:Rv1077,P9WP51
map00260,K01733,mtu:Rv1295,P9WG59
map00260,K01752,mtu:Rv0069c,P9WGT5
map00260,K01754,mtu:Rv1559,P9WG95
map00260,K01834,mtu:Rv0489,P9WIC9
map00260,K02437,mtu:Rv1826,P9WN55
map00260,K17103,mtu:Rv0436c,P9WPG1
map00562,K00140,mtu:Rv0753c,O53816
map00562,K01092,mtu:Rv1604,O53907
map00562,K01092,mtu:Rv2701c,P9WKI9
map00562,K01114,mtu:Rv2349c,P9WIB1
map00562,K01114,mtu:Rv2350c,P9WIB3
map00562,K01114,mtu:Rv2351c,P9WIB5
map00562,K01803,mtu:Rv1438,P9WG43
map00562,K01858,mtu:Rv0046c,P9WKI1
map00562,K21302,mtu:Rv3310,O53361
map00562,K27681,mtu:Rv2612c,P9WPG7
map05152,K02040,mtu:Rv0928,P9WGT7
map05152,K02040,mtu:Rv0932c,P9WGT9
map05152,K02040,mtu:Rv0934,P9WGU1
map05152,K04043,mtu:Rv0350,P9WMJ9
map05152,K04077,mtu:Rv0440,P9WPE7
map05152,K04077,mtu:Rv3417c,P9WPE9
map05152,K14949,mtu:Rv0410c,P9WI73
map05152,K14952,mtu:Rv3818,P9WH21
map05152,K14953,mtu:Rv3763,P9WK61
map05152,K14954,mtu:Rv1411c,P9WK45
map05152,K14955,mtu:Rv1270c,P9WK55
map05152,K14956,mtu:Rv0287,O53692
map05152,K14956,mtu:Rv0288,P9WNK3
map05152,K14956,mtu:Rv1037c,P0DOA7
map05152,K14956,mtu:Rv1037c,P0DOA6
map05152,K14956,mtu:Rv1038c,P9WNJ9
map05152,K14956,mtu:Rv1197,P9WNJ7
map05152,K14956,mtu:Rv1198,P9WNJ5
map05152,K14956,mtu:Rv1793,P9WNJ3
map05152,K14956,mtu:Rv2346c,P9WNI7
map05152,K14956,mtu:Rv2347c,P9WNI5
map05152,K14956,mtu:Rv3017c,P9WNJ1
map05152,K14956,mtu:Rv3019c,P9WNI9
map05152,K14956,mtu:Rv3020c,Q6MX18
map05152,K14956,mtu:Rv3444c,I6YC53
map05152,K14956,mtu:Rv3445c,I6Y3I6
map05152,K14956,mtu:Rv3619c,P0DOA7
map05152,K14956,mtu:Rv3619c,P0DOA6
map05152,K14956,mtu:Rv3620c,P9WNI3
map05152,K14956,mtu:Rv3874,P9WNK5
map05152,K14956,mtu:Rv3875,P9WNK7
map05152,K14956,mtu:Rv3890c,P9WNI1
map05152,K14956,mtu:Rv3891c,O05453
map05152,K14956,mtu:Rv3904c,P9WNH9
map05152,K14956,mtu:Rv3905c,P9WNH7
map05152,K21302,mtu:Rv3310,O53361
map02024,K01114,mtu:Rv2349c,P9WIB1
map02024,K01114,mtu:Rv2350c,P9WIB3
map02024,K01114,mtu:Rv2351c,P9WIB5
map02024,K01580,mtu:Rv3432c,I6YG46
map02024,K01626,mtu:Rv2178c,O53512
map02024,K01657,mtu:Rv1609,P9WFX3
map02024,K01897,mtu:Rv2187,O53521
map02024,K02035,mtu:Rv2585c,P9WL77
map02024,K03070,mtu:Rv1821,P9WGP3
map02024,K03070,mtu:Rv3240c,P9WGP5
map02024,K03073,mtu:Rv0638,P9WGN7
map02024,K03075,mtu:Rv1440,P9WGN5
map02024,K03076,mtu:Rv0732,P9WGN3
map02024,K03106,mtu:Rv2916c,P9WGD7
map02024,K03110,mtu:Rv2921c,P9WGD9
map02024,K03210,mtu:Rv2588c,P9WL75
map02024,K03217,mtu:Rv3921c,P9WIT5
map02024,K07667,mtu:Rv1027c,P9WGN1
map02024,K10823,mtu:Rv3663c,I6Y482
map02024,K10914,mtu:Rv3676,P9WMH3
map02024,K11752,mtu:Rv1409,P9WPH1
map02024,K15580,mtu:Rv3666c,I6X811
map02024,K15581,mtu:Rv3665c,I6YGV9
map02024,K15582,mtu:Rv3664c,L0TEV4
map02024,K15583,mtu:Rv3663c,I6Y482
map00400,K00766,mtu:Rv2192c,P9WFX5
map00400,K00800,mtu:Rv3227,P9WPY5
map00400,K00817,mtu:Rv1600,P9WML7
map00400,K00817,mtu:Rv2231c,P9WQ89
map00400,K00817,mtu:Rv3772,P9WML5
map00400,K00891,mtu:Rv2539c,P9WPY3
map00400,K01609,mtu:Rv1611,P9WFX7
map00400,K01626,mtu:Rv2178c,O53512
map00400,K01657,mtu:Rv1609,P9WFX3
map00400,K01695,mtu:Rv1613,P9WFY1
map00400,K01696,mtu:Rv1612,P9WFX9
map00400,K01735,mtu:Rv2538c,P9WPX9
map00400,K01736,mtu:Rv2540c,P9WPY1
map00400,K03786,mtu:Rv2537c,P9WPX7
map00400,K04093,mtu:Rv0948c,P9WIC1
map00400,K04093,mtu:Rv1885c,P9WIB9
map00400,K04517,mtu:Rv3754,O69721
map00400,K04518,mtu:Rv3838c,P9WIC3
map00400,K24017,mtu:Rv1603,P9WMM5
map00572,K02851,mtu:Rv1302,P9WMW5
map00572,K11385,mtu:Rv3794,P9WNL9
map00572,K11386,mtu:Rv3795,P9WNL7
map00572,K13686,mtu:Rv3792,P9WN03
map00572,K13687,mtu:Rv3805c,O53582
map00572,K16647,mtu:Rv2673,P9WMZ7
map00572,K16648,mtu:Rv0236c,P96419
map00572,K16649,mtu:Rv3782,P9WMX3
map00572,K16650,mtu:Rv3808c,O53585
map00572,K16870,mtu:Rv3265c,P9WMY3
map00572,K18851,mtu:Rv0129c,P9WQN9
map00572,K18851,mtu:Rv1886c,P9WQP1
map00572,K18851,mtu:Rv3804c,P9WQP3
map00572,K22902,mtu:Rv3779,P72045
map00572,K27775,mtu:Rv3267,P96872
map00480,K00031,mtu:Rv0066c,O53611
map00480,K00031,mtu:Rv3339c,P9WKL1
map00480,K00033,mtu:Rv1122,O06574
map00480,K00033,mtu:Rv1844c,Q79FJ2
map00480,K00036,mtu:Rv1121,P9WN71
map00480,K00036,mtu:Rv1447c,P9WN73
map00480,K00681,mtu:Rv0773c,I6X9S5
map00480,K00681,mtu:Rv2394,P71750
map00480,K00797,mtu:Rv2601,P9WGE5
map00480,K01255,mtu:Rv2213,P9WHT3
map00480,K01256,mtu:Rv2467,L7N655
map00480,K01469,mtu:Rv0266c,P95223
map00480,K01919,mtu:Rv3704c,P9WPK7
map00480,K06048,mtu:Rv0433,P9WPK9
map03420,K01972,mtu:Rv3014c,P9WNV1
map03420,K02335,mtu:Rv1629,P9WNU5
map03420,K03657,mtu:Rv0949,P9WMQ1
map03420,K03657,mtu:Rv3198c,P9WMP9
map03420,K03657,mtu:Rv3201c,O53347
map03420,K03701,mtu:Rv1638,P9WQK7
map03420,K03702,mtu:Rv1633,P9WFC7
map03420,K03703,mtu:Rv1420,P9WFC5
map03420,K03723,mtu:Rv1020,P9WMQ5
map03420,K10843,mtu:Rv0861c,O53873
map02020,K00027,mtu:Rv2332,P9WK25
map02020,K00244,mtu:Rv1552,P9WN91
map02020,K00245,mtu:Rv1553,P9WN89
map02020,K00246,mtu:Rv1554,P9WNB7
map02020,K00247,mtu:Rv1555,P9WNB5
map02020,K00370,mtu:Rv1161,P9WJQ3
map02020,K00370,mtu:Rv1736c,P9WJQ1
map02020,K00371,mtu:Rv1162,O06560
map02020,K00373,mtu:Rv1163,O06561
map02020,K00374,mtu:Rv1164,O06562
map02020,K00425,mtu:Rv1623c,L7N662
map02020,K00426,mtu:Rv1622c,O06139
map02020,K00626,mtu:Rv0243,O86361
map02020,K00626,mtu:Rv0859,O53871
map02020,K00626,mtu:Rv0914c,I6XWJ8
map02020,K00626,mtu:Rv1074c,O53422
map02020,K00626,mtu:Rv1323,P9WG69
map02020,K00626,mtu:Rv1867,P95148
map02020,K00626,mtu:Rv3523,I6YGD8
map02020,K00990,mtu:Rv2918c,P9WN29
map02020,K01179,mtu:Rv0062,Q79G13
map02020,K01546,mtu:Rv1029,P9WKF3
map02020,K01547,mtu:Rv1030,P9WPU3
map02020,K01548,mtu:Rv1031,P9WKF1
map02020,K01644,mtu:Rv2498c,P9WPE1
map02020,K01644,mtu:Rv3075c,I6YF40
map02020,K01915,mtu:Rv1878,O07752
map02020,K01915,mtu:Rv2220,P9WN39
map02020,K01915,mtu:Rv2222c,P9WN37
map02020,K01915,mtu:Rv2860c,I6X5K1
map02020,K02040,mtu:Rv0928,P9WGT7
map02020,K02040,mtu:Rv0932c,P9WGT9
map02020,K02040,mtu:Rv0934,P9WGU1
map02020,K02259,mtu:Rv1456c,O53148
map02020,K02283,mtu:Rv3659c,P9WMT3
map02020,K02313,mtu:Rv0001,P9WNW3
map02020,K04751,mtu:Rv2919c,P9WN31
map02020,K04771,mtu:Rv1223,O06291
map02020,K07646,mtu:Rv1028c,P9WGL3
map02020,K07653,mtu:Rv0982,P9WGL1
map02020,K07654,mtu:Rv3245c,P9WGK9
map02020,K07655,mtu:Rv0902c,P9WGK7
map02020,K07656,mtu:Rv1032c,P96368
map02020,K07667,mtu:Rv1027c,P9WGN1
map02020,K07669,mtu:Rv0981,P9WGM9
map02020,K07670,mtu:Rv3246c,P9WGM7
map02020,K07671,mtu:Rv0903c,P9WGM1
map02020,K07672,mtu:Rv1033c,L7N689
map02020,K07682,mtu:Rv3132c,P9WGK3
map02020,K07684,mtu:Rv0844c,P9WGM5
map02020,K07695,mtu:Rv3133c,P9WMF9
map02020,K07768,mtu:Rv0490,P9WGK5
map02020,K07776,mtu:Rv0491,P9WGL9
map02020,K08372,mtu:Rv0983,O53896
map02020,K08641,mtu:Rv0838,O53850
map02020,K10914,mtu:Rv3676,P9WMH3
map02020,K11103,mtu:Rv2443,P71906
map02020,K12510,mtu:Rv3658c,I6Y479
map02020,K12511,mtu:Rv3657c,O69625
map02020,K25307,mtu:Rv2234,P9WIA1
map02020,K27105,mtu:Rv2027c,P9WGK1
map01320,K00390,mtu:Rv2392,P9WIK3
map01320,K00392,mtu:Rv2391,P9WJ03
map01320,K00955,mtu:Rv1286,P9WNM5
map01320,K00957,mtu:Rv1285,P9WIK1
map01320,K01738,mtu:Rv2334,P9WP55
map01320,K01738,mtu:Rv3684,O69652
map00920,K00390,mtu:Rv2392,P9WIK3
map00920,K00392,mtu:Rv2391,P9WJ03
map00920,K00640,mtu:Rv2335,P95231
map00920,K00641,mtu:Rv3341,P9WJY9
map00920,K00955,mtu:Rv1286,P9WNM5
map00920,K00957,mtu:Rv1285,P9WIK1
map00920,K01011,mtu:Rv0815c,P9WHF9
map00920,K01011,mtu:Rv2291,P9WHF5
map00920,K01011,mtu:Rv3117,P9WHF9
map00920,K01011,mtu:Rv3283,P9WHF7
map00920,K01082,mtu:Rv2131c,P9WKJ1
map00920,K01738,mtu:Rv2334,P9WP55
map00920,K01738,mtu:Rv3684,O69652
map00920,K01739,mtu:Rv1079,P9WGB7
map00920,K02045,mtu:Rv2397c,P9WQM1
map00920,K02046,mtu:Rv2399c,P71745
map00920,K02047,mtu:Rv2398c,P71746
map00920,K06881,mtu:Rv2837c,P71615
map00920,K10764,mtu:Rv0391,P9WGB5
map00920,K17218,mtu:Rv0331,O07255
map00920,K21310,mtu:Rv3238c,O05883
map00920,K23163,mtu:Rv2400c,P71744
map00270,K00003,mtu:Rv1294,P9WPX1
map00270,K00024,mtu:Rv1240,P9WK13
map00270,K00058,mtu:Rv0728c,I6WZ71
map00270,K00058,mtu:Rv2996c,P9WNX3
map00270,K00133,mtu:Rv3708c,P9WNX5
map00270,K00547,mtu:Rv2458,O53185
map00270,K00548,mtu:Rv2124c,O33259
map00270,K00549,mtu:Rv1133c,P9WK07
map00270,K00640,mtu:Rv2335,P95231
map00270,K00641,mtu:Rv3341,P9WJY9
map00270,K00772,mtu:Rv0535,O06401
map00270,K00789,mtu:Rv1392,P9WGV1
map00270,K00797,mtu:Rv2601,P9WGE5
map00270,K00826,mtu:Rv2210c,P9WQ75
map00270,K00831,mtu:Rv0884c,P9WQ73
map00270,K00872,mtu:Rv1296,P9WKE7
map00270,K00928,mtu:Rv3709c,P9WPX3
map00270,K01011,mtu:Rv0815c,P9WHF9
map00270,K01011,mtu:Rv2291,P9WHF5
map00270,K01011,mtu:Rv3117,P9WHF9
map00270,K01011,mtu:Rv3283,P9WHF7
map00270,K01243,mtu:Rv0091,P9WJM3
map00270,K01251,mtu:Rv3248c,P9WGV3
map00270,K01697,mtu:Rv1077,P9WP51
map00270,K01738,mtu:Rv2334,P9WP55
map00270,K01738,mtu:Rv3684,O69652
map00270,K01739,mtu:Rv1079,P9WGB7
map00270,K01740,mtu:Rv3340,O53390
map00270,K01752,mtu:Rv0069c,P9WGT5
map00270,K01919,mtu:Rv3704c,P9WPK7
map00270,K05810,mtu:Rv2149c,P9WKD5
map00270,K10764,mtu:Rv0391,P9WGB5
map00270,K14155,mtu:Rv0075,O53620
map00270,K14155,mtu:Rv2294,P9WQ83
map00270,K22847,mtu:Rv0848,Q79FV4
map00230,K00088,mtu:Rv3410c,P9WKI5
map00230,K00088,mtu:Rv3411c,P9WKI7
map00230,K00525,mtu:Rv0570,P9WH77
map00230,K00525,mtu:Rv3051c,P9WH75
map00230,K00526,mtu:Rv0233,P9WH69
map00230,K00526,mtu:Rv1981c,P9WH73
map00230,K00526,mtu:Rv3048c,P9WH71
map00230,K00602,mtu:Rv0957,P9WHM7
map00230,K00759,mtu:Rv2584c,P9WQ07
map00230,K00760,mtu:Rv3624c,P9WHQ9
map00230,K00764,mtu:Rv0808,P9WHQ7
map00230,K00856,mtu:Rv2202c,P9WID5
map00230,K00939,mtu:Rv0733,P9WKF5
map00230,K00940,mtu:Rv2445c,P9WJH7
map00230,K00942,mtu:Rv1389,P9WKE9
map00230,K00948,mtu:Rv1017c,P9WKE3
map00230,K00955,mtu:Rv1286,P9WNM5
map00230,K00957,mtu:Rv1285,P9WIK1
map00230,K01129,mtu:Rv2344c,P9WNY7
map00230,K01139,mtu:Rv2583c,P9WHG9
map00230,K01239,mtu:Rv3393,O50418
map00230,K01428,mtu:Rv1850,P9WFF1
map00230,K01429,mtu:Rv1849,P9WFE9
map00230,K01430,mtu:Rv1848,P9WFE7
map00230,K01488,mtu:Rv3313c,P63907
map00230,K01519,mtu:Rv1341,P9WMR7
map00230,K01524,mtu:Rv0496,P9WHV5
map00230,K01524,mtu:Rv1026,P96374
map00230,K01588,mtu:Rv3275c,P9WHM1
map00230,K01589,mtu:Rv3276c,P9WHL9
map00230,K01756,mtu:Rv0777,I6XWA1
map00230,K01768,mtu:Rv1264,P9WMU9
map00230,K01768,mtu:Rv1625c,P9WQ35
map00230,K01768,mtu:Rv3645,I6X7Z3
map00230,K01835,mtu:Rv3068c,I6Y2G3
map00230,K01923,mtu:Rv0780,P9WHN1
map00230,K01933,mtu:Rv0809,I6Y4V6
map00230,K01939,mtu:Rv0357c,P9WHN3
map00230,K01945,mtu:Rv0772,P9WHM9
map00230,K01951,mtu:Rv3396c,P9WMS7
map00230,K03651,mtu:Rv0805,P9WP65
map00230,K03783,mtu:Rv3307,P9WP01
map00230,K04765,mtu:Rv1021,P96379
map00230,K05810,mtu:Rv2149c,P9WKD5
map00230,K08289,mtu:Rv0389,P95197
map00230,K11175,mtu:Rv0956,P9WHM5
map00230,K19710,mtu:Rv2613c,P9WMK9
map00230,K23264,mtu:Rv0787A,I6Y8S6
map00230,K23265,mtu:Rv0788,P9WHL5
map00230,K23269,mtu:Rv0803,P9WHL7
map00230,K26110,mtu:Rv1843c,P9WKI3
map01232,K00088,mtu:Rv3410c,P9WKI5
map01232,K00088,mtu:Rv3411c,P9WKI7
map01232,K00525,mtu:Rv0570,P9WH77
map01232,K00525,mtu:Rv3051c,P9WH75
map01232,K00526,mtu:Rv0233,P9WH69
map01232,K00526,mtu:Rv1981c,P9WH73
map01232,K00526,mtu:Rv3048c,P9WH71
map01232,K00560,mtu:Rv2764c,P9WFR9
map01232,K00758,mtu:Rv3314c,P9WFS1
map01232,K00759,mtu:Rv2584c,P9WQ07
map01232,K00760,mtu:Rv3624c,P9WHQ9
map01232,K00761,mtu:Rv3309c,P9WFF3
map01232,K00856,mtu:Rv2202c,P9WID5
map01232,K00939,mtu:Rv0733,P9WKF5
map01232,K00940,mtu:Rv2445c,P9WJH7
map01232,K00942,mtu:Rv1389,P9WKE9
map01232,K00943,mtu:Rv3247c,P9WKE1
map01232,K00945,mtu:Rv1712,P9WPA9
map01232,K01129,mtu:Rv2344c,P9WNY7
map01232,K01239,mtu:Rv3393,O50418
map01232,K01488,mtu:Rv3313c,P63907
map01232,K01489,mtu:Rv3315c,P9WPH3
map01232,K01494,mtu:Rv0321,P9WP17
map01232,K01519,mtu:Rv1341,P9WMR7
map01232,K01520,mtu:Rv2697c,P9WNS5
map01232,K01756,mtu:Rv0777,I6XWA1
map01232,K01937,mtu:Rv1699,P9WHK7
map01232,K01939,mtu:Rv0357c,P9WHN3
map01232,K01951,mtu:Rv3396c,P9WMS7
map01232,K02825,mtu:Rv1379,P9WHK3
map01232,K03465,mtu:Rv2754c,P9WG57
map01232,K03783,mtu:Rv3307,P9WP01
map01232,K04765,mtu:Rv1021,P96379
map01232,K05810,mtu:Rv2149c,P9WKD5
map01232,K06287,mtu:Rv3282,P9WK27
map01232,K09903,mtu:Rv2883c,P9WHK5
map01232,K26110,mtu:Rv1843c,P9WKI3
map00240,K00254,mtu:Rv2139,P9WHL1
map00240,K00525,mtu:Rv0570,P9WH77
map00240,K00525,mtu:Rv3051c,P9WH75
map00240,K00526,mtu:Rv0233,P9WH69
map00240,K00526,mtu:Rv1981c,P9WH73
map00240,K00526,mtu:Rv3048c,P9WH71
map00240,K00560,mtu:Rv2764c,P9WFR9
map00240,K00609,mtu:Rv1380,P9WIT7
map00240,K00758,mtu:Rv3314c,P9WFS1
map00240,K00761,mtu:Rv3309c,P9WFF3
map00240,K00762,mtu:Rv0382c,P9WHK9
map00240,K00940,mtu:Rv2445c,P9WJH7
map00240,K00943,mtu:Rv3247c,P9WKE1
map00240,K00945,mtu:Rv1712,P9WPA9
map00240,K01465,mtu:Rv1381,P9WHL3
map00240,K01489,mtu:Rv3315c,P9WPH3
map00240,K01494,mtu:Rv0321,P9WP17
map00240,K01520,mtu:Rv2697c,P9WNS5
map00240,K01591,mtu:Rv1385,P9WIU3
map00240,K01937,mtu:Rv1699,P9WHK7
map00240,K01955,mtu:Rv1384,P9WPK3
map00240,K01956,mtu:Rv1383,P9WPK5
map00240,K02825,mtu:Rv1379,P9WHK3
map00240,K03465,mtu:Rv2754c,P9WG57
map00240,K04765,mtu:Rv1021,P96379
map00240,K06287,mtu:Rv3282,P9WK27
map00240,K09903,mtu:Rv2883c,P9WHK5
map00770,K00053,mtu:Rv3001c,P9WKJ7
map00770,K00077,mtu:Rv2573,P9WIL1
map00770,K00128,mtu:Rv0147,P96824
map00770,K00128,mtu:Rv0223c,I6X8S7
map00770,K00128,mtu:Rv0768,I6X9R9
map00770,K00606,mtu:Rv2225,P9WIL7
map00770,K00826,mtu:Rv2210c,P9WQ75
map00770,K00859,mtu:Rv1631,P9WPA3
map00770,K00867,mtu:Rv1092c,P9WPA7
map00770,K00954,mtu:Rv2965c,P9WPA5
map00770,K00997,mtu:Rv2523c,P9WQD3
map00770,K01579,mtu:Rv3601c,P9WIL3
map00770,K01652,mtu:Rv3003c,P9WG41
map00770,K01652,mtu:Rv3470c,O06335
map00770,K01652,mtu:Rv3509c,O53554
map00770,K01653,mtu:Rv3002c,P9WKJ3
map00770,K01687,mtu:Rv0189c,P9WKJ5
map00770,K01918,mtu:Rv3602c,P9WIL5
map00770,K03525,mtu:Rv3600c,P9WPA1
map00770,K04765,mtu:Rv1021,P96379
map00770,K13038,mtu:Rv1391,P9WNZ1
map00900,K00099,mtu:Rv2870c,P9WNS1
map00900,K00626,mtu:Rv0243,O86361
map00900,K00626,mtu:Rv0859,O53871
map00900,K00626,mtu:Rv0914c,I6XWJ8
map00900,K00626,mtu:Rv1074c,O53422
map00900,K00626,mtu:Rv1323,P9WG69
map00900,K00626,mtu:Rv1867,P95148
map00900,K00626,mtu:Rv3523,I6YGD8
map00900,K00919,mtu:Rv1011,P9WKG7
map00900,K00991,mtu:Rv3582c,P9WKG9
map00900,K01662,mtu:Rv2682c,P9WNS3
map00900,K01662,mtu:Rv3379c,O50408
map00900,K01770,mtu:Rv3581c,P9WKG5
map00900,K01823,mtu:Rv1745c,P9WKK5
map00900,K03526,mtu:Rv2868c,P9WKG3
map00900,K03527,mtu:Rv1110,P9WKG1
map00900,K03527,mtu:Rv3382c,P9WKF9
map00900,K12503,mtu:Rv1086,P9WFF5
map00900,K13787,mtu:Rv2173,O53507
map00900,K13787,mtu:Rv3383c,O50410
map00900,K13787,mtu:Rv3398c,P9WKH1
map00900,K14215,mtu:Rv2361c,P9WFF7
map00670,K00281,mtu:Rv1832,P9WN53
map00670,K00287,mtu:Rv2763c,P9WNX1
map00670,K00382,mtu:Rv0462,P9WHH9
map00670,K00547,mtu:Rv2458,O53185
map00670,K00548,mtu:Rv2124c,O33259
map00670,K00560,mtu:Rv2764c,P9WFR9
map00670,K00600,mtu:Rv0070c,P9WGI7
map00670,K00600,mtu:Rv1093,P9WGI9
map00670,K00602,mtu:Rv0957,P9WHM7
map00670,K00605,mtu:Rv2211c,P9WN51
map00670,K00789,mtu:Rv1392,P9WGV1
map00670,K01251,mtu:Rv3248c,P9WGV3
map00670,K01433,mtu:Rv2964,P9WHM3
map00670,K01491,mtu:Rv3356c,P9WG81
map00670,K01697,mtu:Rv1077,P9WP51
map00670,K01934,mtu:Rv0992c,O05575
map00670,K02437,mtu:Rv1826,P9WN55
map00670,K03465,mtu:Rv2754c,P9WG57
map00670,K11175,mtu:Rv0956,P9WHM5
map04981,K00287,mtu:Rv2763c,P9WNX1
map04981,K00547,mtu:Rv2458,O53185
map04981,K00548,mtu:Rv2124c,O33259
map04981,K00560,mtu:Rv2764c,P9WFR9
map04981,K00600,mtu:Rv0070c,P9WGI7
map04981,K00600,mtu:Rv1093,P9WGI9
map04981,K01934,mtu:Rv0992c,O05575
map00970,K00604,mtu:Rv1406,P9WND3
map00970,K01866,mtu:Rv1689,P9WFT1
map00970,K01867,mtu:Rv3336c,P9WFT3
map00970,K01868,mtu:Rv2614c,P9WFT5
map00970,K01869,mtu:Rv0041,P9WFV1
map00970,K01870,mtu:Rv1536,P9WFV3
map00970,K01872,mtu:Rv2555c,P9WFW7
map00970,K01873,mtu:Rv2448c,P9WFS9
map00970,K01874,mtu:Rv1007c,P9WFU5
map00970,K01875,mtu:Rv3834c,P9WFT7
map00970,K01876,mtu:Rv2572c,P9WFW3
map00970,K01880,mtu:Rv2357c,P9WFV7
map00970,K01881,mtu:Rv2845c,P9WFT9
map00970,K01883,mtu:Rv3580c,P9WFW1
map00970,K01885,mtu:Rv2992c,P9WFV9
map00970,K01887,mtu:Rv1292,P9WFW5
map00970,K01889,mtu:Rv1649,P9WFU3
map00970,K01890,mtu:Rv1650,P9WFU1
map00970,K01892,mtu:Rv2580c,P9WFV5
map00970,K02433,mtu:Rv3011c,P9WQA1
map00970,K02434,mtu:Rv3009c,P9WN61
map00970,K02435,mtu:Rv3012c,P9WN59
map00970,K04567,mtu:Rv1640c,P9WFU7
map00970,K04567,mtu:Rv3598c,P9WFU9
map00500,K00688,mtu:Rv1328,P9WMW1
map00500,K00697,mtu:Rv3490,P9WN11
map00500,K00700,mtu:Rv1326c,P9WN45
map00500,K00705,mtu:Rv1781c,P9WK23
map00500,K00963,mtu:Rv0993,O05576
map00500,K00975,mtu:Rv1213,P9WN43
map00500,K01087,mtu:Rv3372,P9WFZ5
map00500,K01179,mtu:Rv0062,Q79G13
map00500,K01187,mtu:Rv2471,O53198
map00500,K01194,mtu:Rv2006,P9WN15
map00500,K01214,mtu:Rv1564c,P9WQ25
map00500,K01236,mtu:Rv1562c,P9WQ23
map00500,K01810,mtu:Rv0946c,P9WN69
map00500,K01835,mtu:Rv3068c,I6Y2G3
map00500,K05343,mtu:Rv0126,P9WQ19
map00500,K05349,mtu:Rv0186,O07430
map00500,K06044,mtu:Rv1563c,P9WQ21
map00500,K16146,mtu:Rv0127,O07177
map00500,K16147,mtu:Rv1327c,P9WQ17
map00500,K16148,mtu:Rv1212c,P9WMZ1
map00500,K16149,mtu:Rv3031,P9WQ27
map00500,K16150,mtu:Rv3032,P9WMY9
map00500,K22934,mtu:Rv2402,P71741
map00500,K25026,mtu:Rv0650,I6Y8D3
map00710,K00024,mtu:Rv1240,P9WK13
map00710,K00134,mtu:Rv1436,P9WN83
map00710,K00615,mtu:Rv1449c,P9WG25
map00710,K00616,mtu:Rv1448c,P9WG33
map00710,K00927,mtu:Rv1437,P9WID1
map00710,K01006,mtu:Rv1127c,O06579
map00710,K01624,mtu:Rv0363c,P9WQA3
map00710,K01783,mtu:Rv1408,P9WI51
map00710,K01803,mtu:Rv1438,P9WG43
map00710,K01808,mtu:Rv2465c,P9WKD7
map00710,K02446,mtu:Rv1099c,P9WN21
map00030,K00033,mtu:Rv1122,O06574
map00030,K00033,mtu:Rv1844c,Q79FJ2
map00030,K00036,mtu:Rv1121,P9WN71
map00030,K00036,mtu:Rv1447c,P9WN73
map00030,K00615,mtu:Rv1449c,P9WG25
map00030,K00616,mtu:Rv1448c,P9WG33
map00030,K00852,mtu:Rv2436,P71913
map00030,K00948,mtu:Rv1017c,P9WKE3
map00030,K01057,mtu:Rv1445c,P9WQP5
map00030,K01619,mtu:Rv0478,P9WP03
map00030,K01624,mtu:Rv0363c,P9WQA3
map00030,K01783,mtu:Rv1408,P9WI51
map00030,K01808,mtu:Rv2465c,P9WKD7
map00030,K01810,mtu:Rv0946c,P9WN69
map00030,K01835,mtu:Rv3068c,I6Y2G3
map00030,K02446,mtu:Rv1099c,P9WN21
map00030,K16370,mtu:Rv2029c,P9WID3
map00030,K21071,mtu:Rv3010c,P9WID7
map00660,K00052,mtu:Rv2995c,P9WKK9
map00660,K01652,mtu:Rv3003c,P9WG41
map00660,K01652,mtu:Rv3470c,O06335
map00660,K01652,mtu:Rv3509c,O53554
map00660,K01653,mtu:Rv3002c,P9WKJ3
map00660,K01703,mtu:Rv2988c,P9WQF5
map00660,K01704,mtu:Rv2987c,P9WK95
map00660,K01902,mtu:Rv0952,P9WGC7
map00660,K01903,mtu:Rv0951,P9WGC5
map00290,K00052,mtu:Rv2995c,P9WKK9
map00290,K00053,mtu:Rv3001c,P9WKJ7
map00290,K00826,mtu:Rv2210c,P9WQ75
map00290,K01649,mtu:Rv3710,P9WQB3
map00290,K01652,mtu:Rv3003c,P9WG41
map00290,K01652,mtu:Rv3470c,O06335
map00290,K01652,mtu:Rv3509c,O53554
map00290,K01653,mtu:Rv3002c,P9WKJ3
map00290,K01687,mtu:Rv0189c,P9WKJ5
map00290,K01703,mtu:Rv2988c,P9WQF5
map00290,K01704,mtu:Rv2987c,P9WK95
map00290,K01754,mtu:Rv1559,P9WG95
map00290,K14260,mtu:Rv0337c,P9WQ91
map00051,K00966,mtu:Rv3264c,L7N6A5
map00051,K01624,mtu:Rv0363c,P9WQA3
map00051,K01628,mtu:Rv0727c,P95075
map00051,K01711,mtu:Rv1511,P71790
map00051,K01803,mtu:Rv1438,P9WG43
map00051,K01808,mtu:Rv2465c,P9WKD7
map00051,K01809,mtu:Rv3255c,O05898
map00051,K01840,mtu:Rv3257c,O86374
map00051,K01840,mtu:Rv3308,O53360
map00051,K02377,mtu:Rv1512,P71791
map00051,K02446,mtu:Rv1099c,P9WN21
map00051,K15856,mtu:Rv0112,O53634
map00051,K16370,mtu:Rv2029c,P9WID3
map00051,K21071,mtu:Rv3010c,P9WID7
map00750,K00275,mtu:Rv2607,P9WIJ1
map00750,K00831,mtu:Rv0884c,P9WQ73
map00750,K01733,mtu:Rv1295,P9WG59
map00750,K06215,mtu:Rv2606c,P9WII9
map00750,K08681,mtu:Rv2604c,P9WII7
map00450,K00384,mtu:Rv1471,L7N664
map00450,K00384,mtu:Rv3913,P9WHH1
map00450,K00548,mtu:Rv2124c,O33259
map00450,K00549,mtu:Rv1133c,P9WK07
map00450,K00955,mtu:Rv1286,P9WNM5
map00450,K00957,mtu:Rv1285,P9WIK1
map00450,K01739,mtu:Rv1079,P9WGB7
map00450,K01874,mtu:Rv1007c,P9WFU5
map00450,K11717,mtu:Rv1464,P9WQ69
map00450,K14155,mtu:Rv0075,O53620
map00450,K14155,mtu:Rv2294,P9WQ83
map03060,K01551,mtu:Rv2184c,O53518
map03060,K03070,mtu:Rv1821,P9WGP3
map03060,K03070,mtu:Rv3240c,P9WGP5
map03060,K03072,mtu:Rv2587c,P9WGP1
map03060,K03073,mtu:Rv0638,P9WGN7
map03060,K03074,mtu:Rv2586c,P9WGN9
map03060,K03075,mtu:Rv1440,P9WGN5
map03060,K03076,mtu:Rv0732,P9WGN3
map03060,K03100,mtu:Rv2903c,P9WKA1
map03060,K03101,mtu:Rv1539,P9WK99
map03060,K03106,mtu:Rv2916c,P9WGD7
map03060,K03110,mtu:Rv2921c,P9WGD9
map03060,K03116,mtu:Rv2094c,P9WGA1
map03060,K03117,mtu:Rv1224,P9WG99
map03060,K03118,mtu:Rv2093c,P9WG97
map03060,K03210,mtu:Rv2588c,P9WL75
map03060,K03217,mtu:Rv3921c,P9WIT5
map03070,K03070,mtu:Rv1821,P9WGP3
map03070,K03070,mtu:Rv3240c,P9WGP5
map03070,K03072,mtu:Rv2587c,P9WGP1
map03070,K03073,mtu:Rv0638,P9WGN7
map03070,K03074,mtu:Rv2586c,P9WGN9
map03070,K03075,mtu:Rv1440,P9WGN5
map03070,K03076,mtu:Rv0732,P9WGN3
map03070,K03106,mtu:Rv2916c,P9WGD7
map03070,K03110,mtu:Rv2921c,P9WGD9
map03070,K03116,mtu:Rv2094c,P9WGA1
map03070,K03117,mtu:Rv1224,P9WG99
map03070,K03118,mtu:Rv2093c,P9WG97
map03070,K03210,mtu:Rv2588c,P9WL75
map03070,K03217,mtu:Rv3921c,P9WIT5
map01250,K00012,mtu:Rv0322,O07248
map01250,K00067,mtu:Rv3266c,P9WH09
map01250,K00075,mtu:Rv0482,P9WJL9
map01250,K00790,mtu:Rv1315,P9WJM1
map01250,K00820,mtu:Rv3436c,P9WN49
map01250,K00849,mtu:Rv0620,P9WN63
map01250,K00886,mtu:Rv2702,P9WIN1
map01250,K00963,mtu:Rv0993,O05576
map01250,K00966,mtu:Rv3264c,L7N6A5
map01250,K00973,mtu:Rv0334,P9WH13
map01250,K00975,mtu:Rv1213,P9WN43
map01250,K01710,mtu:Rv3464,P9WN65
map01250,K01710,mtu:Rv3784,P72050
map01250,K01711,mtu:Rv1511,P71790
map01250,K01784,mtu:Rv0501,P9WKT3
map01250,K01784,mtu:Rv3634c,P9WN67
map01250,K01790,mtu:Rv3465,P9WH11
map01250,K01809,mtu:Rv3255c,O05898
map01250,K01810,mtu:Rv0946c,P9WN69
map01250,K01835,mtu:Rv3068c,I6Y2G3
map01250,K01840,mtu:Rv3257c,O86374
map01250,K01840,mtu:Rv3308,O53360
map01250,K01854,mtu:Rv3809c,P9WIQ1
map01250,K02377,mtu:Rv1512,P71791
map01250,K03271,mtu:Rv0113,P9WGG1
map01250,K03273,mtu:Rv0114,P9WMV3
map01250,K03431,mtu:Rv3441c,P9WN41
map01250,K04042,mtu:Rv1018c,P9WMN3
map01250,K07031,mtu:Rv0115,O53637
map01250,K15856,mtu:Rv0112,O53634
map01250,K17947,mtu:Rv0536,L7N670
map01250,K25026,mtu:Rv0650,I6Y8D3
map00541,K00012,mtu:Rv0322,O07248
map00541,K00067,mtu:Rv3266c,P9WH09
map00541,K00963,mtu:Rv0993,O05576
map00541,K00966,mtu:Rv3264c,L7N6A5
map00541,K00973,mtu:Rv0334,P9WH13
map00541,K01710,mtu:Rv3464,P9WN65
map00541,K01710,mtu:Rv3784,P72050
map00541,K01711,mtu:Rv1511,P71790
map00541,K01790,mtu:Rv3465,P9WH11
map00541,K02377,mtu:Rv1512,P71791
map00541,K03271,mtu:Rv0113,P9WGG1
map00541,K03273,mtu:Rv0114,P9WMV3
map00541,K04042,mtu:Rv1018c,P9WMN3
map00541,K07031,mtu:Rv0115,O53637
map00541,K15856,mtu:Rv0112,O53634
map00460,K00600,mtu:Rv0070c,P9WGI7
map00460,K00600,mtu:Rv1093,P9WGI9
map00460,K00681,mtu:Rv0773c,I6X9S5
map00460,K00681,mtu:Rv2394,P71750
map00460,K01424,mtu:Rv1538c,P9WPX5
map00460,K05349,mtu:Rv0186,O07430
map02010,K02017,mtu:Rv1859,P9WQL3
map02010,K02018,mtu:Rv1858,P9WG13
map02010,K02020,mtu:Rv1857,P9WGU3
map02010,K02036,mtu:Rv0820,P9WQL1
map02010,K02036,mtu:Rv0933,P9WQK9
map02010,K02037,mtu:Rv0929,P9WG05
map02010,K02037,mtu:Rv0935,P9WG07
map02010,K02038,mtu:Rv0930,P9WG11
map02010,K02038,mtu:Rv0936,P9WG09
map02010,K02040,mtu:Rv0928,P9WGT7
map02010,K02040,mtu:Rv0932c,P9WGT9
map02010,K02040,mtu:Rv0934,P9WGU1
map02010,K02045,mtu:Rv2397c,P9WQM1
map02010,K02046,mtu:Rv2399c,P71745
map02010,K02047,mtu:Rv2398c,P71746
map02010,K02065,mtu:Rv0655,P9WQL5
map02010,K02066,mtu:Rv0167,O07412
map02010,K02066,mtu:Rv0168,L0T2Q9
map02010,K02066,mtu:Rv0587,I6Y870
map02010,K02066,mtu:Rv0588,O07790
map02010,K02066,mtu:Rv1964,O53965
map02010,K02066,mtu:Rv1965,O53966
map02010,K02066,mtu:Rv3500c,I6Y3P5
map02010,K02066,mtu:Rv3501c,O53546
map02010,K02067,mtu:Rv0169,Q79FZ9
map02010,K02067,mtu:Rv0170,O07414
map02010,K02067,mtu:Rv0171,O07415
map02010,K02067,mtu:Rv0172,O07416
map02010,K02067,mtu:Rv0173,O07417
map02010,K02067,mtu:Rv0174,L0T2W6
map02010,K02067,mtu:Rv0589,Q79FY7
map02010,K02067,mtu:Rv0591,O07787
map02010,K02067,mtu:Rv0592,I6WYT7
map02010,K02067,mtu:Rv0593,I6Y461
map02010,K02067,mtu:Rv0594,O07784
map02010,K02067,mtu:Rv1966,L7N698
map02010,K02067,mtu:Rv1967,O53968
map02010,K02067,mtu:Rv1968,O53969
map02010,K02067,mtu:Rv1969,O53970
map02010,K02067,mtu:Rv1970,O53971
map02010,K02067,mtu:Rv1971,O53972
map02010,K02067,mtu:Rv3494c,I6YC95
map02010,K02067,mtu:Rv3495c,I6Y3P1
map02010,K02067,mtu:Rv3496c,I6XHD6
map02010,K02067,mtu:Rv3497c,I6YGB1
map02010,K02067,mtu:Rv3498c,I6X7G8
map02010,K02067,mtu:Rv3499c,I6YC99
map02010,K02471,mtu:Rv1819c,P9WQI9
map02010,K05813,mtu:Rv2833c,P71619
map02010,K05814,mtu:Rv2835c,I6XFF3
map02010,K05815,mtu:Rv2834c,I6Y1U3
map02010,K05816,mtu:Rv2832c,I6X5H3
map02010,K05845,mtu:Rv3759c,O69725
map02010,K05846,mtu:Rv3756c,O69722
map02010,K05846,mtu:Rv3757c,O69723
map02010,K05847,mtu:Rv3758c,O69724
map02010,K09690,mtu:Rv3783,P72049
map02010,K09691,mtu:Rv3781,P72047
map02010,K09811,mtu:Rv3101c,P9WG19
map02010,K09812,mtu:Rv3102c,O05779
map02010,K10112,mtu:Rv1238,P9WQI3
map02010,K10112,mtu:Rv2038c,O53482
map02010,K10236,mtu:Rv1235,P9WGU9
map02010,K10237,mtu:Rv1236,P9WG03
map02010,K10238,mtu:Rv1237,P9WG01
map02010,K10823,mtu:Rv3663c,I6Y482
map02010,K13889,mtu:Rv1280c,P9WGU5
map02010,K13890,mtu:Rv1283c,P9WFZ7
map02010,K13891,mtu:Rv1282c,P9WFZ9
map02010,K13892,mtu:Rv1281c,P9WQJ5
map02010,K14698,mtu:Rv1348,P9WQJ9
map02010,K14699,mtu:Rv1349,P9WQJ7
map02010,K15580,mtu:Rv3666c,I6X811
map02010,K15581,mtu:Rv3665c,I6YGV9
map02010,K15582,mtu:Rv3664c,L0TEV4
map02010,K15583,mtu:Rv3663c,I6Y482
map02010,K16012,mtu:Rv1620c,O06137
map02010,K16013,mtu:Rv1621c,O06138
map02010,K16785,mtu:Rv2325c,P9WPI7
map02010,K16905,mtu:Rv2686c,P9WJB3
map02010,K16906,mtu:Rv2687c,P9WJB1
map02010,K16907,mtu:Rv2688c,P9WQL7
map02010,K18887,mtu:Rv1273c,P9WQJ1
map02010,K18894,mtu:Rv0194,O53645
map02010,K23163,mtu:Rv2400c,P71744
map03020,K03040,mtu:Rv3457c,P9WGZ1
map03020,K03043,mtu:Rv0667,P9WGY9
map03020,K03046,mtu:Rv0668,P9WGY7
map03020,K03060,mtu:Rv1390,P9WGY5
map00521,K00067,mtu:Rv3266c,P9WH09
map00521,K00973,mtu:Rv0334,P9WH13
map00521,K01092,mtu:Rv1604,O53907
map00521,K01092,mtu:Rv2701c,P9WKI9
map00521,K01710,mtu:Rv3464,P9WN65
map00521,K01710,mtu:Rv3784,P72050
map00521,K01790,mtu:Rv3465,P9WH11
map00521,K01835,mtu:Rv3068c,I6Y2G3
map00521,K01858,mtu:Rv0046c,P9WKI1
map00521,K25026,mtu:Rv0650,I6Y8D3
map00523,K00067,mtu:Rv3266c,P9WH09
map00523,K00973,mtu:Rv0334,P9WH13
map00523,K01710,mtu:Rv3464,P9WN65
map00523,K01710,mtu:Rv3784,P72050
map00523,K01790,mtu:Rv3465,P9WH11
map00523,K17947,mtu:Rv0536,L7N670
map00520,K00012,mtu:Rv0322,O07248
map00520,K00075,mtu:Rv0482,P9WJL9
map00520,K00790,mtu:Rv1315,P9WJM1
map00520,K00820,mtu:Rv3436c,P9WN49
map00520,K00849,mtu:Rv0620,P9WN63
map00520,K00886,mtu:Rv2702,P9WIN1
map00520,K00963,mtu:Rv0993,O05576
map00520,K00966,mtu:Rv3264c,L7N6A5
map00520,K00973,mtu:Rv0334,P9WH13
map00520,K00975,mtu:Rv1213,P9WN43
map00520,K01207,mtu:Rv0237,L7N6B0
map00520,K01443,mtu:Rv3332,O53382
map00520,K01784,mtu:Rv0501,P9WKT3
map00520,K01784,mtu:Rv3634c,P9WN67
map00520,K01809,mtu:Rv3255c,O05898
map00520,K01810,mtu:Rv0946c,P9WN69
map00520,K01835,mtu:Rv3068c,I6Y2G3
map00520,K01840,mtu:Rv3257c,O86374
map00520,K01840,mtu:Rv3308,O53360
map00520,K01854,mtu:Rv3809c,P9WIQ1
map00520,K03431,mtu:Rv3441c,P9WN41
map00520,K04042,mtu:Rv1018c,P9WMN3
map00520,K25026,mtu:Rv0650,I6Y8D3
map00525,K00973,mtu:Rv0334,P9WH13
map00525,K01710,mtu:Rv3464,P9WN65
map00525,K01710,mtu:Rv3784,P72050
map03010,K02863,mtu:Rv0641,P9WHC7
map03010,K02864,mtu:Rv0651,P9WHE7
map03010,K02867,mtu:Rv0640,P9WHE5
map03010,K02871,mtu:Rv3443c,P9WHE1
map03010,K02874,mtu:Rv0714,P9WHD9
map03010,K02876,mtu:Rv0723,P9WHD7
map03010,K02878,mtu:Rv0708,P9WHD5
map03010,K02879,mtu:Rv3456c,P9WHD3
map03010,K02881,mtu:Rv0720,P9WHD1
map03010,K02884,mtu:Rv2904c,P9WHC9
map03010,K02886,mtu:Rv0704,P9WHA5
map03010,K02887,mtu:Rv1643,P9WHC5
map03010,K02888,mtu:Rv2442c,P9WHC3
map03010,K02890,mtu:Rv0706,P9WHC1
map03010,K02892,mtu:Rv0703,P9WHB9
map03010,K02895,mtu:Rv0715,P9WHB7
map03010,K02897,mtu:Rv1015c,P9WHB5
map03010,K02899,mtu:Rv2441c,P9WHB3
map03010,K02902,mtu:Rv0105c,P9WHB1
map03010,K02902,mtu:Rv2058c,P9WHA9
map03010,K02902,mtu:Rv2975a,P0DV54
map03010,K02904,mtu:Rv0709,P9WHA7
map03010,K02906,mtu:Rv0701,P9WH87
map03010,K02907,mtu:Rv0722,P9WHA3
map03010,K02909,mtu:Rv1298,P9WHA1
map03010,K02911,mtu:Rv0979A,P9WH99
map03010,K02913,mtu:Rv0634B,P9WH95
map03010,K02913,mtu:Rv2057c,P9WH97
map03010,K02914,mtu:Rv3924c,P9WH93
map03010,K02916,mtu:Rv1642,P9WH91
map03010,K02919,mtu:Rv3461c,P9WH89
map03010,K02926,mtu:Rv0702,P9WH85
map03010,K02931,mtu:Rv0716,P9WH83
map03010,K02933,mtu:Rv0719,P9WH81
map03010,K02935,mtu:Rv0652,P9WHE3
map03010,K02939,mtu:Rv0056,P9WH79
map03010,K02945,mtu:Rv1630,P9WH43
map03010,K02946,mtu:Rv0700,P9WH67
map03010,K02948,mtu:Rv3459c,P9WH65
map03010,K02950,mtu:Rv0682,P9WH63
map03010,K02952,mtu:Rv3460c,P9WH61
map03010,K02954,mtu:Rv0717,P9WH57
map03010,K02954,mtu:Rv2056c,P9WH59
map03010,K02956,mtu:Rv2785c,P9WH55
map03010,K02959,mtu:Rv2909c,P9WH53
map03010,K02961,mtu:Rv0710,P9WH51
map03010,K02963,mtu:Rv0055,P9WH49
map03010,K02963,mtu:Rv2055c,P9WH47
map03010,K02965,mtu:Rv0705,P9WH45
map03010,K02967,mtu:Rv2890c,P9WH39
map03010,K02968,mtu:Rv2412,P9WH41
map03010,K02982,mtu:Rv0707,P9WH37
map03010,K02986,mtu:Rv3458c,P9WH35
map03010,K02988,mtu:Rv0721,P9WH33
map03010,K02990,mtu:Rv0053,P9WH31
map03010,K02992,mtu:Rv0683,P9WH29
map03010,K02994,mtu:Rv0718,P9WH27
map03010,K02996,mtu:Rv3442c,P9WH25
map00740,K00793,mtu:Rv1412,P9WK35
map00740,K00794,mtu:Rv1416,P9WHE9
map00740,K04719,mtu:Rv0306,O07233
map00740,K11752,mtu:Rv1409,P9WPH1
map00740,K11753,mtu:Rv2786c,I6X5C9
map00740,K14652,mtu:Rv1415,P9WHF1
map00740,K14652,mtu:Rv1940,L7N669
map00310,K00128,mtu:Rv0147,P96824
map00310,K00128,mtu:Rv0223c,I6X8S7
map00310,K00128,mtu:Rv0768,I6X9R9
map00310,K00135,mtu:Rv0234c,P9WNX9
map00310,K00135,mtu:Rv1731,P9WNX7
map00310,K00252,mtu:Rv0400c,P95208
map00310,K00382,mtu:Rv0462,P9WHH9
map00310,K00626,mtu:Rv0243,O86361
map00310,K00626,mtu:Rv0859,O53871
map00310,K00626,mtu:Rv0914c,I6XWJ8
map00310,K00626,mtu:Rv1074c,O53422
map00310,K00626,mtu:Rv1323,P9WG69
map00310,K00626,mtu:Rv1867,P95148
map00310,K00626,mtu:Rv3523,I6YGD8
map00310,K01692,mtu:Rv1070c,P9WNN9
map00310,K01692,mtu:Rv1472,P9WNN7
map00310,K01692,mtu:Rv2486,P9WNN5
map00310,K01692,mtu:Rv3039c,P9WNN3
map00310,K01782,mtu:Rv0860,O53872
map00310,K07250,mtu:Rv2589,P9WQ79
map00310,K18013,mtu:Rv1718,P71976
map00310,K26061,mtu:Rv3293,L7N650
map00785,K00163,mtu:Rv2241,P9WIS9
map00785,K00166,mtu:Rv2497c,P9WIS3
map00785,K00167,mtu:Rv2496c,P9WIS1
map00785,K00281,mtu:Rv1832,P9WN53
map00785,K00382,mtu:Rv0462,P9WHH9
map00785,K00605,mtu:Rv2211c,P9WN51
map00785,K00627,mtu:Rv2215,P9WIS7
map00785,K01616,mtu:Rv1248c,P9WIS5
map00785,K02437,mtu:Rv1826,P9WN55
map00785,K03644,mtu:Rv2218,P9WK91
map00785,K03801,mtu:Rv2217,P9WK83
map00785,K09699,mtu:Rv2495c,O06159
map00380,K00128,mtu:Rv0147,P96824
map00380,K00128,mtu:Rv0223c,I6X8S7
map00380,K00128,mtu:Rv0768,I6X9R9
map00380,K00252,mtu:Rv0400c,P95208
map00380,K00274,mtu:Rv3170,P9WQ15
map00380,K00382,mtu:Rv0462,P9WHH9
map00380,K00626,mtu:Rv0243,O86361
map00380,K00626,mtu:Rv0859,O53871
map00380,K00626,mtu:Rv0914c,I6XWJ8
map00380,K00626,mtu:Rv1074c,O53422
map00380,K00626,mtu:Rv1323,P9WG69
map00380,K00626,mtu:Rv1867,P95148
map00380,K00626,mtu:Rv3523,I6YGD8
map00380,K01426,mtu:Rv1263,P9WQ97
map00380,K01426,mtu:Rv2363,P9WQ99
map00380,K01426,mtu:Rv2888c,P9WQ95
map00380,K01426,mtu:Rv3175,O53325
map00380,K01426,mtu:Rv3375,P9WQ93
map00380,K01692,mtu:Rv1070c,P9WNN9
map00380,K01692,mtu:Rv1472,P9WNN7
map00380,K01692,mtu:Rv2486,P9WNN5
map00380,K01692,mtu:Rv3039c,P9WNN3
map00380,K01782,mtu:Rv0860,O53872
map00380,K03782,mtu:Rv1908c,P9WIE5
map03440,K01159,mtu:Rv2594c,P9WGV9
map03440,K02335,mtu:Rv1629,P9WNU5
map03440,K02337,mtu:Rv1547,P9WNT7
map03440,K02338,mtu:Rv0002,P9WNU1
map03440,K02340,mtu:Rv2413c,P71730
map03440,K02341,mtu:Rv3644c,O06363
map03440,K02342,mtu:Rv2191,P9WLJ1
map03440,K02342,mtu:Rv3711c,O69678
map03440,K02343,mtu:Rv3721c,P9WNT9
map03440,K03111,mtu:Rv0054,P9WGD5
map03440,K03111,mtu:Rv2478c,O53205
map03440,K03550,mtu:Rv2593c,P9WGW3
map03440,K03551,mtu:Rv2592c,P9WGW1
map03440,K03553,mtu:Rv2737c,P9WHJ3
map03440,K03581,mtu:Rv0629c,P9WHJ1
map03440,K03582,mtu:Rv0630c,P9WMQ3
map03440,K03583,mtu:Rv0631c,P9WIQ5
map03440,K03584,mtu:Rv2362c,P9WHI5
map03440,K03629,mtu:Rv0003,P9WHI9
map03440,K03655,mtu:Rv2973c,P9WMQ7
map03440,K04066,mtu:Rv1402,P9WMQ9
map03440,K06187,mtu:Rv3715c,P9WHI3
map00983,K00088,mtu:Rv3410c,P9WKI5
map00983,K00088,mtu:Rv3411c,P9WKI7
map00983,K00622,mtu:Rv3566c,P9WJI5
map00983,K00758,mtu:Rv3314c,P9WFS1
map00983,K00760,mtu:Rv3624c,P9WHQ9
map00983,K00940,mtu:Rv2445c,P9WJH7
map00983,K01489,mtu:Rv3315c,P9WPH3
map00983,K01519,mtu:Rv1341,P9WMR7
map00983,K01520,mtu:Rv2697c,P9WNS5
map00983,K01951,mtu:Rv3396c,P9WMS7
map00983,K03782,mtu:Rv1908c,P9WIE5
map04122,K00566,mtu:Rv3024c,P9WJS5
map04122,K01011,mtu:Rv0815c,P9WHF9
map04122,K01011,mtu:Rv2291,P9WHF5
map04122,K01011,mtu:Rv3117,P9WHF9
map04122,K01011,mtu:Rv3283,P9WHF7
map04122,K03154,mtu:Rv0416,P96262
map04122,K03635,mtu:Rv0866,P9WJR1
map04122,K03635,mtu:Rv3119,P9WJR3
map04122,K03636,mtu:Rv0868c,I6XWG2
map04122,K03636,mtu:Rv1335,P9WP33
map04122,K03636,mtu:Rv3112,L7N6B4
map04122,K03637,mtu:Rv0864,P9WJR7
map04122,K03637,mtu:Rv3111,P9WJR9
map04122,K03637,mtu:Rv3324c,P9WJR5
map04122,K03639,mtu:Rv0869c,P9WJS1
map04122,K03639,mtu:Rv3109,P9WJS3
map04122,K04487,mtu:Rv3025c,P9WQ71
map04122,K21140,mtu:Rv1334,P9WHS1
map04122,K21142,mtu:Rv3323c,Q6MWY3
map04122,K21147,mtu:Rv3116,L7N674
map04122,K21147,mtu:Rv3206c,P9WMN7
map04122,K21148,mtu:Rv1336,P9WP53
map03050,K03432,mtu:Rv2109c,P9WHU1
map03050,K03433,mtu:Rv2110c,P9WHT9
map03050,K13527,mtu:Rv2115c,P9WQN5
map00564,K00057,mtu:Rv0564c,P9WN75
map00564,K00057,mtu:Rv2982c,P9WN77
map00564,K00111,mtu:Rv2249c,P9WN81
map00564,K00111,mtu:Rv3302c,P9WN79
map00564,K00631,mtu:Rv1551,P9WI59
map00564,K00631,mtu:Rv2482c,P9WI61
map00564,K00655,mtu:Rv2182c,O53516
map00564,K00981,mtu:Rv2881c,P9WPF7
map00564,K00995,mtu:Rv2746c,P9WPG3
map00564,K01114,mtu:Rv2349c,P9WIB1
map00564,K01114,mtu:Rv2350c,P9WIB3
map00564,K01114,mtu:Rv2351c,P9WIB5
map00564,K01126,mtu:Rv0317c,O07244
map00564,K01126,mtu:Rv3842c,P9WMU3
map00564,K01521,mtu:Rv2289,P9WPG9
map00564,K01613,mtu:Rv0437c,P9WHQ5
map00564,K07029,mtu:Rv2252,P9WP29
map00564,K08744,mtu:Rv1822,P9WPG5
map00564,K17103,mtu:Rv0436c,P9WPG1
map00565,K00803,mtu:Rv2251,L0TBR2
map00565,K00803,mtu:Rv3107c,O05784
map00565,K01114,mtu:Rv2349c,P9WIB1
map00565,K01114,mtu:Rv2350c,P9WIB3
map00565,K01114,mtu:Rv2351c,P9WIB5
map00052,K00849,mtu:Rv0620,P9WN63
map00052,K00963,mtu:Rv0993,O05576
map00052,K01187,mtu:Rv2471,O53198
map00052,K01784,mtu:Rv0501,P9WKT3
map00052,K01784,mtu:Rv3634c,P9WN67
map00052,K01835,mtu:Rv3068c,I6Y2G3
map00052,K01854,mtu:Rv3809c,P9WIQ1
map00052,K16370,mtu:Rv2029c,P9WID3
map00052,K21071,mtu:Rv3010c,P9WID7
map00052,K25026,mtu:Rv0650,I6Y8D3
map00360,K00074,mtu:Rv0468,P9WNP7
map00360,K00074,mtu:Rv1715,L7N688
map00360,K00274,mtu:Rv3170,P9WQ15
map00360,K00529,mtu:Rv1869c,P95146
map00360,K00817,mtu:Rv1600,P9WML7
map00360,K00817,mtu:Rv2231c,P9WQ89
map00360,K00817,mtu:Rv3772,P9WML5
map00360,K01426,mtu:Rv1263,P9WQ97
map00360,K01426,mtu:Rv2363,P9WQ99
map00360,K01426,mtu:Rv2888c,P9WQ95
map00360,K01426,mtu:Rv3175,O53325
map00360,K01426,mtu:Rv3375,P9WQ93
map00360,K01666,mtu:Rv3469c,O06334
map00360,K01666,mtu:Rv3534c,P9WMK5
map00360,K01692,mtu:Rv1070c,P9WNN9
map00360,K01692,mtu:Rv1472,P9WNN7
map00360,K01692,mtu:Rv2486,P9WNN5
map00360,K01692,mtu:Rv3039c,P9WNN3
map00360,K02554,mtu:Rv3536c,I6XHH5
map00360,K03782,mtu:Rv1908c,P9WIE5
map00360,K04073,mtu:Rv3535c,P9WQH3
map00410,K00128,mtu:Rv0147,P96824
map00410,K00128,mtu:Rv0223c,I6X8S7
map00410,K00128,mtu:Rv0768,I6X9R9
map00410,K00140,mtu:Rv0753c,O53816
map00410,K01579,mtu:Rv3601c,P9WIL3
map00410,K01580,mtu:Rv3432c,I6YG46
map00410,K01692,mtu:Rv1070c,P9WNN9
map00410,K01692,mtu:Rv1472,P9WNN7
map00410,K01692,mtu:Rv2486,P9WNN5
map00410,K01692,mtu:Rv3039c,P9WNN3
map00410,K01782,mtu:Rv0860,O53872
map00410,K01918,mtu:Rv3602c,P9WIL5
map00410,K07250,mtu:Rv2589,P9WQ79
map00470,K00273,mtu:Rv1905c,P9WP27
map00470,K01586,mtu:Rv1293,P9WIU7
map00470,K01775,mtu:Rv3423c,P9WQA9
map00470,K01776,mtu:Rv1338,P9WPW9
map00470,K01778,mtu:Rv2726c,P9WP19
map00470,K01921,mtu:Rv2981c,P9WP31
map00470,K01925,mtu:Rv2155c,P9WJL5
map00470,K23265,mtu:Rv0788,P9WHL5
map00300,K00003,mtu:Rv1294,P9WPX1
map00300,K00133,mtu:Rv3708c,P9WNX5
map00300,K00215,mtu:Rv2773c,P9WP23
map00300,K00674,mtu:Rv1201c,P9WP21
map00300,K00821,mtu:Rv1655,P9WPZ7
map00300,K00928,mtu:Rv3709c,P9WPX3
map00300,K01439,mtu:Rv1202,P9WHS9
map00300,K01586,mtu:Rv1293,P9WIU7
map00300,K01714,mtu:Rv2753c,P9WP25
map00300,K01778,mtu:Rv2726c,P9WP19
map00300,K01928,mtu:Rv2158c,P9WJL3
map00300,K01929,mtu:Rv2157c,P9WJL1
map00300,K14267,mtu:Rv0858c,P9WPZ5
map01310,K00362,mtu:Rv0252,O53674
map01310,K00363,mtu:Rv0253,O53675
map01310,K00370,mtu:Rv1161,P9WJQ3
map01310,K00370,mtu:Rv1736c,P9WJQ1
map01310,K00371,mtu:Rv1162,O06560
map01310,K00374,mtu:Rv1164,O06562
map00910,K00265,mtu:Rv3859c,P96218
map00910,K00266,mtu:Rv3858c,P9WN19
map00910,K00362,mtu:Rv0252,O53674
map00910,K00363,mtu:Rv0253,O53675
map00910,K00370,mtu:Rv1161,P9WJQ3
map00910,K00370,mtu:Rv1736c,P9WJQ1
map00910,K00371,mtu:Rv1162,O06560
map00910,K00374,mtu:Rv1164,O06562
map00910,K00459,mtu:Rv0021c,P71591
map00910,K00459,mtu:Rv2781c,I6X5C5
map00910,K01673,mtu:Rv1284,P9WPJ7
map00910,K01673,mtu:Rv3273,P96878
map00910,K01673,mtu:Rv3588c,P9WPJ9
map00910,K01915,mtu:Rv1878,O07752
map00910,K01915,mtu:Rv2220,P9WN39
map00910,K01915,mtu:Rv2222c,P9WN37
map00910,K01915,mtu:Rv2860c,I6X5K1
map00910,K02575,mtu:Rv0261c,P95218
map00910,K02575,mtu:Rv0267,P95224
map00910,K02575,mtu:Rv1737c,P9WJY7
map00910,K02575,mtu:Rv2329c,P71883
map00910,K15371,mtu:Rv2476c,O53203
map03410,K01142,mtu:Rv0427c,P96273
map03410,K01151,mtu:Rv0670,P9WQ13
map03410,K01246,mtu:Rv1210,O05311
map03410,K01972,mtu:Rv3014c,P9WNV1
map03410,K02335,mtu:Rv1629,P9WNU5
map03410,K03575,mtu:Rv3589,P9WQ09
map03410,K03648,mtu:Rv2976c,P9WFQ9
map03410,K03652,mtu:Rv1688,P9WJP7
map03410,K05522,mtu:Rv2464c,P9WNB9
map03410,K05522,mtu:Rv3297,P9WNC1
map03410,K10563,mtu:Rv0944,L0T864
map03410,K10563,mtu:Rv2924c,P9WNC3
map03410,K10773,mtu:Rv3674c,P9WQ11
map03410,K13529,mtu:Rv1317c,P9WJW3
map03410,K21929,mtu:Rv1259,P9WM53
map00073,K00635,mtu:Rv0221,P9WKB7
map00073,K00635,mtu:Rv0895,P9WKA3
map00073,K00635,mtu:Rv1425,P9WKC1
map00073,K00635,mtu:Rv1760,P9WKB9
map00073,K00635,mtu:Rv2285,P9WKB5
map00073,K00635,mtu:Rv2484c,P9WKB3
map00073,K00635,mtu:Rv3087,P9WKB1
map00073,K00635,mtu:Rv3088,P9WKC3
map00073,K00635,mtu:Rv3130c,P9WKC9
map00073,K00635,mtu:Rv3234c,P9WKC5
map00073,K00635,mtu:Rv3371,P9WKA9
map00073,K00635,mtu:Rv3480c,P9WKA7
map00073,K00635,mtu:Rv3734c,P9WKC7
map00073,K00635,mtu:Rv3740c,P9WKA5
map00073,K28138,mtu:Rv3391,O50417
map00311,K00273,mtu:Rv1905c,P9WP27
map00311,K17836,mtu:Rv2068c,P9WKD3
map00020,K00024,lpn:lpg2352,Q5ZT13
map00020,K00031,lpn:lpg0816,Q5ZXB6
map00020,K00163,lpn:lpg1504,Q5ZVD6
map00020,K00164,lpn:lpg0532,Q5ZY41
map00020,K00174,lpn:lpg0947,Q5ZWY7
map00020,K00175,lpn:lpg0948,Q5ZWY6
map00020,K00239,lpn:lpg0530,Q5ZY43
map00020,K00240,lpn:lpg0531,Q5ZY42
map00020,K00241,lpn:lpg0528,Q5ZY45
map00020,K00242,lpn:lpg0529,Q5ZY44
map00020,K00382,lpn:lpg1502,Q5ZVD8
map00020,K00627,lpn:lpg1503,Q5ZVD7
map00020,K00658,lpn:lpg0533,Q5ZY40
map00020,K01647,lpn:lpg1415,Q5ZVM5
map00020,K01659,lpn:lpg1530,Q5ZVB0
map00020,K01679,lpn:lpg2937,Q5ZRE5
map00020,K01902,lpn:lpg0535,Q5ZY38
map00020,K01903,lpn:lpg0534,Q5ZY39
map00020,K01959,lpn:lpg2664,Q5ZS55
map00020,K01960,lpn:lpg0466,Q5ZYA6
map00020,K27802,lpn:lpg1690,P37032
map00630,K00023,lpn:lpg0560,Q5ZY15
map00630,K00023,lpn:lpg0561,Q5ZY14
map00630,K00023,lpn:lpg1059,Q5ZWM6
map00630,K00024,lpn:lpg2352,Q5ZT13
map00630,K00122,lpn:lpg0283,Q5ZYS8
map00630,K00282,lpn:lpg0116,Q5ZZ95
map00630,K00283,lpn:lpg0114,Q5ZZ97
map00630,K00382,lpn:lpg1502,Q5ZVD8
map00630,K00600,lpn:lpg0725,Q5ZXK6
map00630,K00605,lpn:lpg0118,Q5ZZ93
map00630,K00626,lpn:lpg1597,Q5ZV43
map00630,K00626,lpn:lpg1825,Q5ZUH3
map00630,K01091,lpn:lpg2294,Q5ZT71
map00630,K01625,lpn:lpg0420,Q5ZYF2
map00630,K01625,lpn:lpg0939,Q5ZWZ4
map00630,K01647,lpn:lpg1415,Q5ZVM5
map00630,K01659,lpn:lpg1530,Q5ZVB0
map00630,K01895,lpn:lpg0127,Q5ZZ84
map00630,K01915,lpn:lpg1364,Q5ZVS6
map00630,K01915,lpn:lpg2252,Q5ZTB0
map00630,K02437,lpn:lpg0117,Q5ZZ94
map00630,K27802,lpn:lpg1690,P37032
map00640,K00140,lpn:lpg0129,Q5ZZ82
map00640,K00166,lpn:lpg1558,Q5ZV82
map00640,K00167,lpn:lpg1559,Q5ZV81
map00640,K00382,lpn:lpg1502,Q5ZVD8
map00640,K00625,lpn:lpg2261,Q5ZTA1
map00640,K00925,lpn:lpg2262,Q5ZTA0
map00640,K01659,lpn:lpg1530,Q5ZVB0
map00640,K01720,lpn:lpg1529,Q5ZVB1
map00640,K01782,lpn:lpg1596,Q5ZV44
map00640,K01895,lpn:lpg0127,Q5ZZ84
map00640,K01902,lpn:lpg0535,Q5ZY38
map00640,K01903,lpn:lpg0534,Q5ZY39
map00640,K01961,lpn:lpg0462,Q5ZYB0
map00640,K01962,lpn:lpg0785,Q5ZXE6
map00640,K01963,lpn:lpg1341,Q5ZVU9
map00640,K02160,lpn:lpg0463,Q5ZYA9
map00640,K03417,lpn:lpg0052,Q5ZZF8
map00640,K07250,lpn:lpg0239,Q5ZYX2
map00640,K09699,lpn:lpg1560,Q5ZV80
map00640,K11381,lpn:lpg2581,Q5ZSD8
map00640,K27802,lpn:lpg1690,P37032
map00720,K00024,lpn:lpg2352,Q5ZT13
map00720,K00031,lpn:lpg0816,Q5ZXB6
map00720,K00174,lpn:lpg0947,Q5ZWY7
map00720,K00175,lpn:lpg0948,Q5ZWY6
map00720,K00239,lpn:lpg0530,Q5ZY43
map00720,K00240,lpn:lpg0531,Q5ZY42
map00720,K00241,lpn:lpg0528,Q5ZY45
map00720,K00242,lpn:lpg0529,Q5ZY44
map00720,K00625,lpn:lpg2261,Q5ZTA1
map00720,K00626,lpn:lpg1597,Q5ZV43
map00720,K00626,lpn:lpg1825,Q5ZUH3
map00720,K00925,lpn:lpg2262,Q5ZTA0
map00720,K01007,lpn:lpg0805,Q5ZXC7
map00720,K01491,lpn:lpg1297,Q5ZVZ1
map00720,K01595,lpn:lpg1607,Q5ZV35
map00720,K01679,lpn:lpg2937,Q5ZRE5
map00720,K01895,lpn:lpg0127,Q5ZZ84
map00720,K01902,lpn:lpg0535,Q5ZY38
map00720,K01903,lpn:lpg0534,Q5ZY39
map00720,K01959,lpn:lpg2664,Q5ZS55
map00720,K01960,lpn:lpg0466,Q5ZYA6
map00720,K01961,lpn:lpg0462,Q5ZYB0
map00720,K01962,lpn:lpg0785,Q5ZXE6
map00720,K01963,lpn:lpg1341,Q5ZVU9
map00720,K02160,lpn:lpg0463,Q5ZYA9
map00720,K27802,lpn:lpg1690,P37032
map01100,K00010,lpn:lpg1652,Q5ZUZ0
map01100,K00013,lpn:lpg1199,Q5ZW87
map01100,K00014,lpn:lpg2808,Q5ZRS2
map01100,K00019,lpn:lpg2316,Q5ZT49
map01100,K00020,lpn:lpg0128,Q5ZZ83
map01100,K00023,lpn:lpg0560,Q5ZY15
map01100,K00023,lpn:lpg0561,Q5ZY14
map01100,K00023,lpn:lpg1059,Q5ZWM6
map01100,K00024,lpn:lpg2352,Q5ZT13
map01100,K00029,lpn:lpg0651,Q5ZXT0
map01100,K00031,lpn:lpg0816,Q5ZXB6
map01100,K00036,lpn:lpg0416,Q5ZYF6
map01100,K00057,lpn:lpg2309,Q5ZT56
map01100,K00059,lpn:lpg1395,Q5ZVP5
map01100,K00059,lpn:lpg2231,Q5ZTD1
map01100,K00060,lpn:lpg0702,Q5ZXM9
map01100,K00067,lpn:lpg0757,Q5ZXH4
map01100,K00074,lpn:lpg1942,Q5ZU66
map01100,K00075,lpn:lpg2613,Q5ZSA6
map01100,K00088,lpn:lpg1723,Q5ZUR9
map01100,K00088,lpn:lpg2843,Q5ZRN7
map01100,K00097,lpn:lpg0299,Q3V872
map01100,K00111,lpn:lpg1413,Q5ZVM7
map01100,K00122,lpn:lpg0283,Q5ZYS8
map01100,K00130,lpn:lpg0238,Q5ZYX3
map01100,K00133,lpn:lpg2302,Q5ZT63
map01100,K00134,lpn:lpg0138,Q5ZZ73
map01100,K00135,lpn:lpg1583,Q5ZV57
map01100,K00140,lpn:lpg0129,Q5ZZ82
map01100,K00147,lpn:lpg1609,Q5ZV33
map01100,K00163,lpn:lpg1504,Q5ZVD6
map01100,K00164,lpn:lpg0532,Q5ZY41
map01100,K00166,lpn:lpg1558,Q5ZV82
map01100,K00167,lpn:lpg1559,Q5ZV81
map01100,K00174,lpn:lpg0947,Q5ZWY7
map01100,K00175,lpn:lpg0948,Q5ZWY6
map01100,K00208,lpn:lpg1854,Q5ZUE4
map01100,K00215,lpn:lpg0131,Q5ZZ80
map01100,K00228,lpn:lpg1215,Q5ZW72
map01100,K00239,lpn:lpg0530,Q5ZY43
map01100,K00240,lpn:lpg0531,Q5ZY42
map01100,K00241,lpn:lpg0528,Q5ZY45
map01100,K00242,lpn:lpg0529,Q5ZY44
map01100,K00252,lpn:lpg2580,Q5ZSD9
map01100,K00253,lpn:lpg1824,Q5ZUH4
map01100,K00254,lpn:lpg1821,Q5ZUH7
map01100,K00259,lpn:lpg0924,Q5ZX09
map01100,K00263,lpn:lpg2276,Q5ZT86
map01100,K00275,lpn:lpg0536,Q5ZY37
map01100,K00275,lpn:lpg2139,Q5ZTM2
map01100,K00276,lpn:lpg2910,Q5ZRH2
map01100,K00278,lpn:lpg0800,Q5ZXD2
map01100,K00282,lpn:lpg0116,Q5ZZ95
map01100,K00283,lpn:lpg0114,Q5ZZ97
map01100,K00286,lpn:lpg2015,Q5ZTZ3
map01100,K00287,lpn:lpg0300,Q5ZYR2
map01100,K00324,lpn:lpg0875,Q5ZX57
map01100,K00324,lpn:lpg0876,Q5ZX56
map01100,K00325,lpn:lpg0874,Q5ZX58
map01100,K00330,lpn:lpg2789,Q5ZRT8
map01100,K00331,lpn:lpg2788,Q5ZRT9
map01100,K00332,lpn:lpg2787,Q5ZRU0
map01100,K00333,lpn:lpg2786,Q5ZRU1
map01100,K00334,lpn:lpg2785,Q5ZRU2
map01100,K00335,lpn:lpg2784,Q5ZRU3
map01100,K00336,lpn:lpg2783,Q5ZRU4
map01100,K00337,lpn:lpg2782,Q5ZRU5
map01100,K00338,lpn:lpg2781,Q5ZRU6
map01100,K00339,lpn:lpg2780,Q5ZRU7
map01100,K00340,lpn:lpg2779,Q5ZRU8
map01100,K00341,lpn:lpg2778,Q5ZRU9
map01100,K00342,lpn:lpg2777,Q5ZRV0
map01100,K00343,lpn:lpg2776,Q5ZRV1
map01100,K00382,lpn:lpg1502,Q5ZVD8
map01100,K00383,lpn:lpg0578,Q5ZY02
map01100,K00411,lpn:lpg2705,Q5ZS14
map01100,K00412,lpn:lpg2704,Q5ZS15
map01100,K00413,lpn:lpg2703,Q5ZS16
map01100,K00425,lpn:lpg0199,Q5ZZ12
map01100,K00425,lpn:lpg1202,Q5ZW85
map01100,K00426,lpn:lpg0200,Q5ZZ11
map01100,K00426,lpn:lpg1203,Q5ZW84
map01100,K00451,lpn:lpg1285,Q9S4T0
map01100,K00457,lpn:lpg2278,Q5ZT84
map01100,K00459,lpn:lpg1134,Q5ZWF1
map01100,K00486,lpn:lpg0892,Q5ZX41
map01100,K00500,lpn:lpg2647,Q5ZS72
map01100,K00507,lpn:lpg0249,Q5ZYW2
map01100,K00507,lpn:lpg0558,Q5ZY17
map01100,K00523,lpn:lpg2932,Q5ZRF0
map01100,K00525,lpn:lpg1774,Q5ZUL9
map01100,K00526,lpn:lpg1775,Q5ZUL8
map01100,K00558,lpn:lpg1236,Q5ZW51
map01100,K00560,lpn:lpg2868,Q5ZRL3
map01100,K00568,lpn:lpg1699,Q5ZUU3
map01100,K00570,lpn:lpg2158,Q5ZTK3
map01100,K00600,lpn:lpg0725,Q5ZXK6
map01100,K00602,lpn:lpg0460,Q5ZYB2
map01100,K00604,lpn:lpg2594,Q5ZSC5
map01100,K00605,lpn:lpg0118,Q5ZZ93
map01100,K00606,lpn:lpg2661,Q5ZS58
map01100,K00609,lpn:lpg0588,Q5ZXZ2
map01100,K00611,lpn:lpg0496,Q5ZY76
map01100,K00615,lpn:lpg0139,Q5ZZ72
map01100,K00625,lpn:lpg2261,Q5ZTA1
map01100,K00626,lpn:lpg1597,Q5ZV43
map01100,K00626,lpn:lpg1825,Q5ZUH3
map01100,K00627,lpn:lpg1503,Q5ZVD7
map01100,K00632,lpn:lpg1353,Q5ZVT7
map01100,K00639,lpn:lpg0701,Q5ZXN0
map01100,K00645,lpn:lpg1394,Q5ZVP6
map01100,K00647,lpn:lpg0361,Q5ZYL1
map01100,K00647,lpn:lpg0362,Q5ZYL0
map01100,K00648,lpn:lpg1393,Q5ZVP7
map01100,K00648,lpn:lpg1631,Q5ZV11
map01100,K00648,lpn:lpg2228,Q5ZTD4
map01100,K00648,lpn:lpg2232,Q5ZTD0
map01100,K00652,lpn:lpg1473,Q5ZVG7
map01100,K00655,lpn:lpg0551,Q5ZY23
map01100,K00658,lpn:lpg0533,Q5ZY40
map01100,K00673,lpn:lpg1706,Q5ZUT6
map01100,K00674,lpn:lpg0888,Q5ZX45
map01100,K00677,lpn:lpg0511,Q5ZY61
map01100,K00677,lpn:lpg2943,Q5ZRD9
map01100,K00681,lpn:lpg0549,Q5ZY25
map01100,K00748,lpn:lpg1371,Q5ZVR9
map01100,K00748,lpn:lpg2945,Q5ZRD7
map01100,K00757,lpn:lpg1416,Q5ZVM4
map01100,K00758,lpn:lpg1022,Q5ZWR3
map01100,K00760,lpn:lpg1519,Q5ZVC1
map01100,K00761,lpn:lpg2243,Q5ZTB9
map01100,K00762,lpn:lpg1204,Q5ZW83
map01100,K00763,lpn:lpg0270,Q5ZYU1
map01100,K00764,lpn:lpg1674,Q5ZUW8
map01100,K00765,lpn:lpg1200,Q5ZW86
map01100,K00766,lpn:lpg0834,Q5ZX98
map01100,K00767,lpn:lpg0807,Q5ZXC5
map01100,K00789,lpn:lpg2022,Q5ZTY6
map01100,K00790,lpn:lpg0847,Q5ZX85
map01100,K00791,lpn:lpg2696,Q5ZS23
map01100,K00793,lpn:lpg1178,Q5ZWA7
map01100,K00794,lpn:lpg1180,Q5ZWA5
map01100,K00795,lpn:lpg2330,Q5ZT35
map01100,K00796,lpn:lpg2795,Q5ZRT3
map01100,K00799,lpn:lpg1908,Q5ZU99
map01100,K00800,lpn:lpg1419,Q5ZVM1
map01100,K00812,lpn:lpg0070,Q5ZZE1
map01100,K00812,lpn:lpg2532,Q5ZSI5
map01100,K00817,lpn:lpg1198,Q5ZW88
map01100,K00817,lpn:lpg1998,Q5ZU10
map01100,K00820,lpn:lpg2836,Q5ZRP4
map01100,K00821,lpn:lpg2968,Q5ZRB4
map01100,K00824,lpn:lpg1510,Q5ZVD0
map01100,K00831,lpn:lpg1418,Q5ZVM2
map01100,K00833,lpn:lpg1471,Q5ZVG9
map01100,K00845,lpn:lpg0419,Q5ZYF3
map01100,K00857,lpn:lpg0636,Q5ZXU5
map01100,K00858,lpn:lpg2823,Q5ZRQ7
map01100,K00859,lpn:lpg1467,Q5ZVH3
map01100,K00864,lpn:lpg1414,Q5ZVM6
map01100,K00869,lpn:lpg2039,Q5ZTW9
map01100,K00873,lpn:lpg0136,Q5ZZ75
map01100,K00876,lpn:lpg1165,Q5ZWC0
map01100,K00876,lpn:lpg1853,Q5ZUE5
map01100,K00891,lpn:lpg0932,Q5ZX01
map01100,K00912,lpn:lpg1818,Q5ZUI0
map01100,K00925,lpn:lpg2262,Q5ZTA0
map01100,K00927,lpn:lpg0137,Q5ZZ74
map01100,K00931,lpn:lpg1610,Q5ZV32
map01100,K00939,lpn:lpg1411,Q5ZVM9
map01100,K00940,lpn:lpg1548,Q5ZV92
map01100,K00942,lpn:lpg2010,Q5ZTZ8
map01100,K00943,lpn:lpg1399,Q5ZVP1
map01100,K00945,lpn:lpg1420,Q5ZVM0
map01100,K00946,lpn:lpg0728,Q5ZXK3
map01100,K00948,lpn:lpg0543,Q5ZY30
map01100,K00948,lpn:lpg1023,Q5ZWR2
map01100,K00949,lpn:lpg2497,Q5ZSM0
map01100,K00950,lpn:lpg1539,Q5ZVA1
map01100,K00951,lpn:lpg1457,Q5ZVI3
map01100,K00954,lpn:lpg0548,Q5ZY26
map01100,K00969,lpn:lpg1345,Q5ZVU5
map01100,K00973,lpn:lpg0760,Q5ZXH1
map01100,K00979,lpn:lpg1919,Q5ZU88
map01100,K00981,lpn:lpg0504,Q5ZY68
map01100,K00992,lpn:lpg0295,Q5ZYR6
map01100,K00995,lpn:lpg2293,Q5ZT72
map01100,K01000,lpn:lpg2617,Q5ZSA2
map01100,K01007,lpn:lpg0805,Q5ZXC7
map01100,K01012,lpn:lpg1472,Q5ZVG8
map01100,K01057,lpn:lpg0417,Q5ZYF5
map01100,K01061,lpn:lpg1635,Q5ZV07
map01100,K01069,lpn:lpg1295,Q5ZVZ3
map01100,K01081,lpn:lpg2677,Q5ZS42
map01100,K01089,lpn:lpg1197,Q5ZW89
map01100,K01091,lpn:lpg2294,Q5ZT71
map01100,K01092,lpn:lpg1748,Q5ZUP5
map01100,K01095,lpn:lpg0729,Q5ZXK2
map01100,K01120,lpn:lpg1945,Q5ZU63
map01100,K01129,lpn:lpg1080,Q5ZWK5
map01100,K01129,lpn:lpg1877,Q5ZUC7
map01100,K01139,lpn:lpg2009,Q5ZTZ9
map01100,K01176,lpn:lpg1669,Q5ZUX3
map01100,K01176,lpn:lpg1671,Q5ZUX1
map01100,K01178,lpn:lpg0422,Q5ZYF0
map01100,K01183,lpn:lpg2217,Q5ZTE5
map01100,K01207,lpn:lpg0885,Q5ZX48
map01100,K01207,lpn:lpg1191,Q5ZW95
map01100,K01251,lpn:lpg2021,Q5ZTY7
map01100,K01251,lpn:lpg2172,Q5ZTI9
map01100,K01255,lpn:lpg2631,Q5ZS88
map01100,K01255,lpn:lpg2634,Q5ZS85
map01100,K01256,lpn:lpg1497,Q5ZVE3
map01100,K01256,lpn:lpg2809,Q5ZRS1
map01100,K01259,lpn:lpg1843,Q5ZUF5
map01100,K01424,lpn:lpg2873,Q5ZRK8
map01100,K01425,lpn:lpg0241,Q5ZYX0
map01100,K01426,lpn:lpg2355,Q5ZT10
map01100,K01426,lpn:lpg2852,Q5ZRM8
map01100,K01438,lpn:lpg1164,Q5ZWC1
map01100,K01439,lpn:lpg0887,Q5ZX46
map01100,K01465,lpn:lpg2963,Q5ZRB9
map01100,K01468,lpn:lpg0711,Q5ZXM0
map01100,K01479,lpn:lpg0709,Q5ZXM2
map01100,K01484,lpn:lpg1708,Q5ZUT4
map01100,K01487,lpn:lpg1985,Q5ZU23
map01100,K01488,lpn:lpg0497,Q5ZY75
map01100,K01488,lpn:lpg0580,Q5ZY00
map01100,K01489,lpn:lpg1435,Q5ZVK5
map01100,K01491,lpn:lpg1297,Q5ZVZ1
map01100,K01494,lpn:lpg2956,Q5ZRC6
map01100,K01495,lpn:lpg2766,Q5ZRW0
map01100,K01512,lpn:lpg1886,Q5ZUC1
map01100,K01519,lpn:lpg2484,Q5ZSN3
map01100,K01520,lpn:lpg2487,Q5ZSN0
map01100,K01525,lpn:lpg2926,Q5ZRF6
map01100,K01568,lpn:lpg1155,Q5ZWD0
map01100,K01574,lpn:lpg0672,Q5ZXQ9
map01100,K01579,lpn:lpg2929,Q5ZRF3
map01100,K01585,lpn:lpg0006,A0A572
map01100,K01588,lpn:lpg0218,Q5ZYZ3
map01100,K01589,lpn:lpg0217,Q5ZYZ4
map01100,K01591,lpn:lpg1425,Q5ZVL5
map01100,K01595,lpn:lpg1607,Q5ZV35
map01100,K01597,lpn:lpg2040,Q5ZTW8
map01100,K01599,lpn:lpg2028,Q5ZTY0
map01100,K01609,lpn:lpg0833,Q5ZX99
map01100,K01613,lpn:lpg2974,Q5ZRA9
map01100,K01619,lpn:lpg1433,Q5ZVK7
map01100,K01623,lpn:lpg0470,Q5ZYA2
map01100,K01625,lpn:lpg0420,Q5ZYF2
map01100,K01625,lpn:lpg0939,Q5ZWZ4
map01100,K01626,lpn:lpg0063,Q5ZZE7
map01100,K01626,lpn:lpg2027,Q5ZTY1
map01100,K01626,lpn:lpg2530,Q5ZSI7
map01100,K01627,lpn:lpg1182,Q5ZWA3
map01100,K01633,lpn:lpg2029,Q5ZTX9
map01100,K01634,lpn:lpg2176,Q5ZTI6
map01100,K01640,lpn:lpg1830,Q5ZUG8
map01100,K01647,lpn:lpg1415,Q5ZVM5
map01100,K01658,lpn:lpg0835,Q5ZX97
map01100,K01659,lpn:lpg1530,Q5ZVB0
map01100,K01666,lpn:lpg2681,Q5ZS38
map01100,K01673,lpn:lpg0697,Q5ZXN4
map01100,K01673,lpn:lpg2194,Q5ZTG8
map01100,K01673,lpn:lpg2500,Q5ZSL7
map01100,K01679,lpn:lpg2937,Q5ZRE5
map01100,K01689,lpn:lpg2037,Q5ZTX1
map01100,K01690,lpn:lpg0418,Q5ZYF4
map01100,K01695,lpn:lpg1305,Q5ZVY3
map01100,K01696,lpn:lpg1304,Q5ZVY4
map01100,K01698,lpn:lpg1808,Q5ZUJ0
map01100,K01710,lpn:lpg0758,Q5ZXH3
map01100,K01712,lpn:lpg1379,Q5ZVR1
map01100,K01714,lpn:lpg2314,Q5ZT51
map01100,K01715,lpn:lpg0869,Q5ZX63
map01100,K01719,lpn:lpg2736,Q5ZRY5
map01100,K01720,lpn:lpg1529,Q5ZVB1
map01100,K01724,lpn:lpg1999,Q5ZU09
map01100,K01733,lpn:lpg1643,Q5ZUZ9
map01100,K01735,lpn:lpg0933,Q5ZX00
map01100,K01736,lpn:lpg2303,Q5ZT62
map01100,K01737,lpn:lpg2865,Q5ZRL6
map01100,K01738,lpn:lpg2951,Q5ZRD1
map01100,K01745,lpn:lpg1380,Q5ZVR0
map01100,K01749,lpn:lpg2735,Q5ZRY6
map01100,K01752,lpn:lpg0790,Q5ZXE1
map01100,K01755,lpn:lpg0495,Q5ZY77
map01100,K01756,lpn:lpg0801,Q5ZXD1
map01100,K01759,lpn:lpg1882,Q5ZUC5
map01100,K01760,lpn:lpg0890,Q5ZX43
map01100,K01768,lpn:lpg0674,Q5ZXQ7
map01100,K01768,lpn:lpg1130,Q5ZWF5
map01100,K01768,lpn:lpg1322,Q5ZVW6
map01100,K01768,lpn:lpg1490,Q5ZVF0
map01100,K01768,lpn:lpg1739,Q5ZUQ4
map01100,K01772,lpn:lpg0425,Q5ZYE7
map01100,K01775,lpn:lpg0739,Q5ZXJ2
map01100,K01776,lpn:lpg2310,Q5ZT55
map01100,K01778,lpn:lpg0366,Q5ZYK6
map01100,K01782,lpn:lpg1596,Q5ZV44
map01100,K01783,lpn:lpg0664,Q5ZXR7
map01100,K01790,lpn:lpg0756,Q5ZXH5
map01100,K01800,lpn:lpg2280,Q5ZT82
map01100,K01803,lpn:lpg2792,Q5ZRT6
map01100,K01807,lpn:lpg0094,Q5ZZB7
map01100,K01810,lpn:lpg0759,Q5ZXH2
map01100,K01814,lpn:lpg1195,Q5ZW91
map01100,K01817,lpn:lpg1303,Q5ZVY5
map01100,K01823,lpn:lpg2051,Q5ZTV7
map01100,K01839,lpn:lpg0639,Q5ZXU2
map01100,K01845,lpn:lpg1534,Q5ZVA6
map01100,K01874,lpn:lpg2882,Q5ZRJ9
map01100,K01885,lpn:lpg1911,Q5ZU96
map01100,K01886,lpn:lpg1306,Q5ZVY2
map01100,K01895,lpn:lpg0127,Q5ZZ84
map01100,K01897,lpn:lpg0953,Q5ZWY1
map01100,K01897,lpn:lpg1127,Q5ZWF8
map01100,K01897,lpn:lpg1554,Q5ZV86
map01100,K01897,lpn:lpg2230,Q5ZTD2
map01100,K01902,lpn:lpg0535,Q5ZY38
map01100,K01903,lpn:lpg0534,Q5ZY39
map01100,K01907,lpn:lpg1831,Q5ZUG7
map01100,K01915,lpn:lpg1364,Q5ZVS6
map01100,K01915,lpn:lpg2252,Q5ZTB0
map01100,K01918,lpn:lpg2662,Q5ZS57
map01100,K01919,lpn:lpg1847,Q5ZUF1
map01100,K01920,lpn:lpg1846,Q5ZUF2
map01100,K01921,lpn:lpg2612,Q5ZSA7
map01100,K01923,lpn:lpg1675,Q5ZUW7
map01100,K01924,lpn:lpg2614,Q5ZSA5
map01100,K01925,lpn:lpg2616,Q5ZSA3
map01100,K01928,lpn:lpg0917,Q5ZX16
map01100,K01929,lpn:lpg2618,Q5ZSA1
map01100,K01933,lpn:lpg1677,Q5ZUW5
map01100,K01934,lpn:lpg0593,Q5ZXY7
map01100,K01935,lpn:lpg1475,Q5ZVG5
map01100,K01937,lpn:lpg1181,Q5ZWA4
map01100,K01939,lpn:lpg0486,Q5ZY86
map01100,K01940,lpn:lpg0494,Q5ZY78
map01100,K01945,lpn:lpg1673,Q5ZUW9
map01100,K01950,lpn:lpg0734,Q5ZXJ7
map01100,K01951,lpn:lpg1722,Q5ZUS0
map01100,K01953,lpn:lpg2949,Q5ZRD3
map01100,K01955,lpn:lpg2625,Q5ZS94
map01100,K01956,lpn:lpg2023,Q5ZTY5
map01100,K01959,lpn:lpg2664,Q5ZS55
map01100,K01960,lpn:lpg0466,Q5ZYA6
map01100,K01961,lpn:lpg0462,Q5ZYB0
map01100,K01962,lpn:lpg0785,Q5ZXE6
map01100,K01963,lpn:lpg1341,Q5ZVU9
map01100,K01968,lpn:lpg1829,Q5ZUG9
map01100,K01969,lpn:lpg1827,Q5ZUH1
map01100,K02078,lpn:lpg1396,Q5ZVP4
map01100,K02078,lpn:lpg2233,Q5ZTC9
map01100,K02108,lpn:lpg1051,Q5ZWN4
map01100,K02108,lpn:lpg2988,Q5ZR95
map01100,K02109,lpn:lpg1049,Q5ZWN6
map01100,K02109,lpn:lpg2986,Q5ZR97
map01100,K02110,lpn:lpg1050,Q5ZWN5
map01100,K02110,lpn:lpg2987,Q5ZR96
map01100,K02111,lpn:lpg1048,Q5ZWN7
map01100,K02111,lpn:lpg2984,Q5ZR99
map01100,K02112,lpn:lpg1054,Q5ZWN1
map01100,K02112,lpn:lpg2982,Q5ZRA1
map01100,K02113,lpn:lpg2985,Q5ZR98
map01100,K02114,lpn:lpg1053,Q5ZWN2
map01100,K02114,lpn:lpg2981,Q5ZRA2
map01100,K02115,lpn:lpg1047,Q5ZWN8
map01100,K02115,lpn:lpg2983,Q5ZRA0
map01100,K02160,lpn:lpg0463,Q5ZYA9
map01100,K02169,lpn:lpg2331,Q5ZT34
map01100,K02170,lpn:lpg1474,Q5ZVG6
map01100,K02257,lpn:lpg0412,Q5ZYG0
map01100,K02258,lpn:lpg2895,Q5ZRI6
map01100,K02259,lpn:lpg0411,Q5ZYG1
map01100,K02274,lpn:lpg2896,Q5ZRI5
map01100,K02275,lpn:lpg2897,Q5ZRI4
map01100,K02276,lpn:lpg2894,Q5ZRI7
map01100,K02372,lpn:lpg0510,Q5ZY62
map01100,K02433,lpn:lpg1736,Q5ZUQ7
map01100,K02434,lpn:lpg1737,Q5ZUQ6
map01100,K02435,lpn:lpg1735,Q5ZUQ8
map01100,K02437,lpn:lpg0117,Q5ZZ94
map01100,K02492,lpn:lpg2335,Q5ZT30
map01100,K02496,lpn:lpg2737,Q5ZRY4
map01100,K02500,lpn:lpg0749,Q5ZXI2
map01100,K02500,lpn:lpg1194,Q5ZW92
map01100,K02501,lpn:lpg0750,Q5ZXI1
map01100,K02501,lpn:lpg1196,Q5ZW90
map01100,K02517,lpn:lpg0363,Q5ZYK9
map01100,K02517,lpn:lpg2940,Q5ZRE2
map01100,K02517,lpn:lpg2941,Q5ZRE1
map01100,K02527,lpn:lpg2340,Q5ZT25
map01100,K02535,lpn:lpg2608,Q5ZSB1
map01100,K02536,lpn:lpg0100,Q5ZZB1
map01100,K02536,lpn:lpg0508,Q5ZY64
map01100,K02536,lpn:lpg2944,Q5ZRD8
map01100,K02563,lpn:lpg0808,Q5ZXC4
map01100,K02847,lpn:lpg0822,Q5ZXB0
map01100,K03149,lpn:lpg1567,Q5ZV73
map01100,K03153,lpn:lpg1566,Q5ZV74
map01100,K03179,lpn:lpg1430,Q5ZVL0
map01100,K03182,lpn:lpg2933,Q5ZRE9
map01100,K03183,lpn:lpg2903,Q5ZRH9
map01100,K03185,lpn:lpg0078,Q5ZZD3
map01100,K03186,lpn:lpg2883,Q5ZRJ8
map01100,K03269,lpn:lpg1552,Q5ZV88
map01100,K03270,lpn:lpg0839,Q5ZX93
map01100,K03271,lpn:lpg2993,Q5ZR90
map01100,K03273,lpn:lpg1838,Q5ZUG0
map01100,K03335,lpn:lpg1649,Q5ZUZ3
map01100,K03336,lpn:lpg1650,Q5ZUZ2
map01100,K03338,lpn:lpg1651,Q5ZUZ1
map01100,K03417,lpn:lpg0052,Q5ZZF8
map01100,K03431,lpn:lpg2794,Q5ZRT4
map01100,K03473,lpn:lpg0918,Q5ZX15
map01100,K03474,lpn:lpg0946,Q3V870
map01100,K03517,lpn:lpg0799,Q5ZXD3
map01100,K03524,lpn:lpg0783,Q5ZXE8
map01100,K03525,lpn:lpg0911,Q5ZX22
map01100,K03587,lpn:lpg0916,Q5ZX17
map01100,K03621,lpn:lpg1392,Q5ZVP8
map01100,K03644,lpn:lpg0745,Q5ZXI6
map01100,K03743,lpn:lpg1804,Q5ZUJ4
map01100,K03782,lpn:lpg0194,Q5ZZ17
map01100,K03782,lpn:lpg2389,Q5ZSX7
map01100,K03783,lpn:lpg1434,Q5ZVK6
map01100,K03786,lpn:lpg0464,Q5ZYA8
map01100,K03787,lpn:lpg1282,Q9S4T3
map01100,K03793,lpn:lpg2863,Q5ZRL8
map01100,K03801,lpn:lpg1511,Q5ZVC9
map01100,K03809,lpn:lpg0646,Q5ZXT5
map01100,K03821,lpn:lpg0599,Q5ZXY1
map01100,K03821,lpn:lpg1058,Q5ZWM7
map01100,K03821,lpn:lpg1097,Q5ZWI8
map01100,K03821,lpn:lpg2260,Q5ZTA2
map01100,K03885,lpn:lpg0671,Q5ZXR0
map01100,K04042,lpn:lpg2875,Q5ZRK6
map01100,K04487,lpn:lpg1746,Q5ZUP7
map01100,K04518,lpn:lpg2531,Q5ZSI6
map01100,K04561,lpn:lpg2236,Q5ZTC6
map01100,K05366,lpn:lpg0925,Q5ZX08
map01100,K05367,lpn:lpg1664,Q5ZUX8
map01100,K05515,lpn:lpg1375,Q5ZVR5
map01100,K05810,lpn:lpg1332,Q5ZVV8
map01100,K06041,lpn:lpg0840,Q5ZX92
map01100,K06048,lpn:lpg2719,Q5ZS01
map01100,K06131,lpn:lpg1888,Q5ZUB9
map01100,K06133,lpn:lpg0784,Q5ZXE7
map01100,K06134,lpn:lpg0028,Q5ZZI2
map01100,K06287,lpn:lpg2036,Q5ZTX2
map01100,K06445,lpn:lpg1726,Q5ZUR7
map01100,K06447,lpn:lpg1707,Q5ZUT5
map01100,K06920,lpn:lpg2886,Q5ZRJ5
map01100,K06949,lpn:lpg2743,Q5ZRX8
map01100,K07102,lpn:lpg0296,Q5ZYR5
map01100,K07250,lpn:lpg0239,Q5ZYX2
map01100,K07258,lpn:lpg1509,Q5ZVD1
map01100,K07259,lpn:lpg2589,Q5ZSD0
map01100,K07516,lpn:lpg1352,Q5ZVT8
map01100,K08281,lpn:lpg0271,Q5ZYU0
map01100,K08312,lpn:lpg2353,Q5ZT12
map01100,K08591,lpn:lpg2356,Q5ZT09
map01100,K08744,lpn:lpg2801,Q5ZRS9
map01100,K08973,lpn:lpg1536,Q5ZVA4
map01100,K09001,lpn:lpg1403,Q5ZVN7
map01100,K09458,lpn:lpg0102,Q5ZZA9
map01100,K09458,lpn:lpg1397,Q5ZVP3
map01100,K09699,lpn:lpg1560,Q5ZV80
map01100,K09903,lpn:lpg1712,Q5ZUT0
map01100,K10026,lpn:lpg2041,Q5ZTW7
map01100,K10536,lpn:lpg0005,Q5ZZK4
map01100,K11175,lpn:lpg1672,Q5ZUX0
map01100,K11381,lpn:lpg2581,Q5ZSD8
map01100,K11717,lpn:lpg0604,Q5ZXX6
map01100,K11752,lpn:lpg1177,Q5ZWA8
map01100,K11753,lpn:lpg0936,Q5ZWZ7
map01100,K11754,lpn:lpg1342,Q5ZVU8
map01100,K11755,lpn:lpg1193,Q5ZW93
map01100,K12251,lpn:lpg0007,Q5ZZK3
map01100,K12526,lpn:lpg1811,Q5ZUI7
map01100,K13017,lpn:lpg1424,Q5ZVL6
map01100,K13038,lpn:lpg2488,Q5ZSM9
map01100,K13503,lpn:lpg1734,Q5ZUQ9
map01100,K13766,lpn:lpg1828,Q5ZUH0
map01100,K13821,lpn:lpg1696,Q5ZUU6
map01100,K13953,lpn:lpg2492,Q5ZSM5
map01100,K13979,lpn:lpg0612,Q5ZXW9
map01100,K14153,lpn:lpg1568,Q5ZV72
map01100,K14652,lpn:lpg1179,Q5ZWA6
map01100,K15371,lpn:lpg0245,Q5ZYW6
map01100,K15371,lpn:lpg1581,Q5ZV59
map01100,K15633,lpn:lpg0501,Q5ZY71
map01100,K15778,lpn:lpg2486,Q5ZSN1
map01100,K16011,lpn:lpg2887,Q5ZRJ4
map01100,K16066,lpn:lpg0286,Q5ZYS5
map01100,K16171,lpn:lpg2279,Q5ZT83
map01100,K16329,lpn:lpg1928,Q5ZU79
map01100,K17103,lpn:lpg0474,Q5ZY98
map01100,K18278,lpn:lpg1565,Q5ZV75
map01100,K18429,lpn:lpg0753,Q5ZXH8
map01100,K18430,lpn:lpg0752,Q5ZXH9
map01100,K18431,lpn:lpg0751,Q5ZXI0
map01100,K18800,lpn:lpg0079,Q5ZZD2
map01100,K19002,lpn:lpg1632,Q5ZV10
map01100,K21071,lpn:lpg1913,Q5ZU94
map01100,K21480,lpn:lpg0229,Q5ZYY2
map01100,K23265,lpn:lpg1676,Q5ZUW6
map01100,K23269,lpn:lpg1678,Q5ZUW4
map01100,K23447,lpn:lpg1325,Q3V869
map01100,K26061,lpn:lpg1351,Q5ZVT9
map01100,K27802,lpn:lpg1690,P37032
map01110,K00010,lpn:lpg1652,Q5ZUZ0
map01110,K00013,lpn:lpg1199,Q5ZW87
map01110,K00014,lpn:lpg2808,Q5ZRS2
map01110,K00024,lpn:lpg2352,Q5ZT13
map01110,K00031,lpn:lpg0816,Q5ZXB6
map01110,K00036,lpn:lpg0416,Q5ZYF6
map01110,K00054,lpn:lpg2052,Q5ZTV6
map01110,K00057,lpn:lpg2309,Q5ZT56
map01110,K00059,lpn:lpg1395,Q5ZVP5
map01110,K00059,lpn:lpg2231,Q5ZTD1
map01110,K00067,lpn:lpg0757,Q5ZXH4
map01110,K00088,lpn:lpg1723,Q5ZUR9
map01110,K00088,lpn:lpg2843,Q5ZRN7
map01110,K00111,lpn:lpg1413,Q5ZVM7
map01110,K00133,lpn:lpg2302,Q5ZT63
map01110,K00134,lpn:lpg0138,Q5ZZ73
map01110,K00147,lpn:lpg1609,Q5ZV33
map01110,K00163,lpn:lpg1504,Q5ZVD6
map01110,K00164,lpn:lpg0532,Q5ZY41
map01110,K00166,lpn:lpg1558,Q5ZV82
map01110,K00167,lpn:lpg1559,Q5ZV81
map01110,K00174,lpn:lpg0947,Q5ZWY7
map01110,K00175,lpn:lpg0948,Q5ZWY6
map01110,K00208,lpn:lpg1854,Q5ZUE4
map01110,K00215,lpn:lpg0131,Q5ZZ80
map01110,K00228,lpn:lpg1215,Q5ZW72
map01110,K00239,lpn:lpg0530,Q5ZY43
map01110,K00240,lpn:lpg0531,Q5ZY42
map01110,K00241,lpn:lpg0528,Q5ZY45
map01110,K00242,lpn:lpg0529,Q5ZY44
map01110,K00252,lpn:lpg2580,Q5ZSD9
map01110,K00263,lpn:lpg2276,Q5ZT86
map01110,K00276,lpn:lpg2910,Q5ZRH2
map01110,K00282,lpn:lpg0116,Q5ZZ95
map01110,K00283,lpn:lpg0114,Q5ZZ97
map01110,K00286,lpn:lpg2015,Q5ZTZ3
map01110,K00382,lpn:lpg1502,Q5ZVD8
map01110,K00568,lpn:lpg1699,Q5ZUU3
map01110,K00570,lpn:lpg2158,Q5ZTK3
map01110,K00600,lpn:lpg0725,Q5ZXK6
map01110,K00602,lpn:lpg0460,Q5ZYB2
map01110,K00605,lpn:lpg0118,Q5ZZ93
map01110,K00606,lpn:lpg2661,Q5ZS58
map01110,K00611,lpn:lpg0496,Q5ZY76
map01110,K00615,lpn:lpg0139,Q5ZZ72
map01110,K00626,lpn:lpg1597,Q5ZV43
map01110,K00626,lpn:lpg1825,Q5ZUH3
map01110,K00627,lpn:lpg1503,Q5ZVD7
map01110,K00632,lpn:lpg1353,Q5ZVT7
map01110,K00645,lpn:lpg1394,Q5ZVP6
map01110,K00655,lpn:lpg0551,Q5ZY23
map01110,K00658,lpn:lpg0533,Q5ZY40
map01110,K00760,lpn:lpg1519,Q5ZVC1
map01110,K00764,lpn:lpg1674,Q5ZUW8
map01110,K00765,lpn:lpg1200,Q5ZW86
map01110,K00766,lpn:lpg0834,Q5ZX98
map01110,K00789,lpn:lpg2022,Q5ZTY6
map01110,K00791,lpn:lpg2696,Q5ZS23
map01110,K00793,lpn:lpg1178,Q5ZWA7
map01110,K00794,lpn:lpg1180,Q5ZWA5
map01110,K00795,lpn:lpg2330,Q5ZT35
map01110,K00800,lpn:lpg1419,Q5ZVM1
map01110,K00806,lpn:lpg0503,Q5ZY69
map01110,K00808,lpn:lpg2495,Q5ZSM2
map01110,K00812,lpn:lpg0070,Q5ZZE1
map01110,K00812,lpn:lpg2532,Q5ZSI5
map01110,K00817,lpn:lpg1198,Q5ZW88
map01110,K00817,lpn:lpg1998,Q5ZU10
map01110,K00821,lpn:lpg2968,Q5ZRB4
map01110,K00831,lpn:lpg1418,Q5ZVM2
map01110,K00845,lpn:lpg0419,Q5ZYF3
map01110,K00864,lpn:lpg1414,Q5ZVM6
map01110,K00869,lpn:lpg2039,Q5ZTW9
map01110,K00873,lpn:lpg0136,Q5ZZ75
map01110,K00891,lpn:lpg0932,Q5ZX01
map01110,K00927,lpn:lpg0137,Q5ZZ74
map01110,K00931,lpn:lpg1610,Q5ZV32
map01110,K00939,lpn:lpg1411,Q5ZVM9
map01110,K00940,lpn:lpg1548,Q5ZV92
map01110,K00948,lpn:lpg0543,Q5ZY30
map01110,K00948,lpn:lpg1023,Q5ZWR2
map01110,K00973,lpn:lpg0760,Q5ZXH1
map01110,K00981,lpn:lpg0504,Q5ZY68
map01110,K01004,lpn:lpg1584,Q5ZV56
map01110,K01007,lpn:lpg0805,Q5ZXC7
map01110,K01057,lpn:lpg0417,Q5ZYF5
map01110,K01081,lpn:lpg2677,Q5ZS42
map01110,K01089,lpn:lpg1197,Q5ZW89
map01110,K01091,lpn:lpg2294,Q5ZT71
map01110,K01092,lpn:lpg1748,Q5ZUP5
map01110,K01176,lpn:lpg1669,Q5ZUX3
map01110,K01176,lpn:lpg1671,Q5ZUX1
map01110,K01424,lpn:lpg2873,Q5ZRK8
map01110,K01425,lpn:lpg0241,Q5ZYX0
map01110,K01438,lpn:lpg1164,Q5ZWC1
map01110,K01568,lpn:lpg1155,Q5ZWD0
map01110,K01579,lpn:lpg2929,Q5ZRF3
map01110,K01585,lpn:lpg0006,A0A572
map01110,K01588,lpn:lpg0218,Q5ZYZ3
map01110,K01589,lpn:lpg0217,Q5ZYZ4
map01110,K01597,lpn:lpg2040,Q5ZTW8
map01110,K01599,lpn:lpg2028,Q5ZTY0
map01110,K01609,lpn:lpg0833,Q5ZX99
map01110,K01613,lpn:lpg2974,Q5ZRA9
map01110,K01623,lpn:lpg0470,Q5ZYA2
map01110,K01626,lpn:lpg0063,Q5ZZE7
map01110,K01626,lpn:lpg2027,Q5ZTY1
map01110,K01626,lpn:lpg2530,Q5ZSI7
map01110,K01647,lpn:lpg1415,Q5ZVM5
map01110,K01658,lpn:lpg0835,Q5ZX97
map01110,K01659,lpn:lpg1530,Q5ZVB0
map01110,K01679,lpn:lpg2937,Q5ZRE5
map01110,K01689,lpn:lpg2037,Q5ZTX1
map01110,K01695,lpn:lpg1305,Q5ZVY3
map01110,K01696,lpn:lpg1304,Q5ZVY4
map01110,K01698,lpn:lpg1808,Q5ZUJ0
map01110,K01710,lpn:lpg0758,Q5ZXH3
map01110,K01714,lpn:lpg2314,Q5ZT51
map01110,K01715,lpn:lpg0869,Q5ZX63
map01110,K01719,lpn:lpg2736,Q5ZRY5
map01110,K01733,lpn:lpg1643,Q5ZUZ9
map01110,K01735,lpn:lpg0933,Q5ZX00
map01110,K01736,lpn:lpg2303,Q5ZT62
map01110,K01738,lpn:lpg2951,Q5ZRD1
map01110,K01749,lpn:lpg2735,Q5ZRY6
map01110,K01752,lpn:lpg0790,Q5ZXE1
map01110,K01755,lpn:lpg0495,Q5ZY77
map01110,K01756,lpn:lpg0801,Q5ZXD1
map01110,K01760,lpn:lpg0890,Q5ZX43
map01110,K01772,lpn:lpg0425,Q5ZYE7
map01110,K01778,lpn:lpg0366,Q5ZYK6
map01110,K01782,lpn:lpg1596,Q5ZV44
map01110,K01783,lpn:lpg0664,Q5ZXR7
map01110,K01790,lpn:lpg0756,Q5ZXH5
map01110,K01803,lpn:lpg2792,Q5ZRT6
map01110,K01807,lpn:lpg0094,Q5ZZB7
map01110,K01810,lpn:lpg0759,Q5ZXH2
map01110,K01814,lpn:lpg1195,Q5ZW91
map01110,K01817,lpn:lpg1303,Q5ZVY5
map01110,K01823,lpn:lpg2051,Q5ZTV7
map01110,K01845,lpn:lpg1534,Q5ZVA6
map01110,K01885,lpn:lpg1911,Q5ZU96
map01110,K01895,lpn:lpg0127,Q5ZZ84
map01110,K01902,lpn:lpg0535,Q5ZY38
map01110,K01903,lpn:lpg0534,Q5ZY39
map01110,K01915,lpn:lpg1364,Q5ZVS6
map01110,K01915,lpn:lpg2252,Q5ZTB0
map01110,K01918,lpn:lpg2662,Q5ZS57
map01110,K01923,lpn:lpg1675,Q5ZUW7
map01110,K01933,lpn:lpg1677,Q5ZUW5
map01110,K01940,lpn:lpg0494,Q5ZY78
map01110,K01945,lpn:lpg1673,Q5ZUW9
map01110,K01953,lpn:lpg2949,Q5ZRD3
map01110,K01955,lpn:lpg2625,Q5ZS94
map01110,K01956,lpn:lpg2023,Q5ZTY5
map01110,K01961,lpn:lpg0462,Q5ZYB0
map01110,K01962,lpn:lpg0785,Q5ZXE6
map01110,K01963,lpn:lpg1341,Q5ZVU9
map01110,K02078,lpn:lpg1396,Q5ZVP4
map01110,K02078,lpn:lpg2233,Q5ZTC9
map01110,K02160,lpn:lpg0463,Q5ZYA9
map01110,K02257,lpn:lpg0412,Q5ZYG0
map01110,K02259,lpn:lpg0411,Q5ZYG1
map01110,K02437,lpn:lpg0117,Q5ZZ94
map01110,K02492,lpn:lpg2335,Q5ZT30
map01110,K02496,lpn:lpg2737,Q5ZRY4
map01110,K02500,lpn:lpg0749,Q5ZXI2
map01110,K02500,lpn:lpg1194,Q5ZW92
map01110,K02501,lpn:lpg0750,Q5ZXI1
map01110,K02501,lpn:lpg1196,Q5ZW90
map01110,K02523,lpn:lpg2656,Q5ZS63
map01110,K03179,lpn:lpg1430,Q5ZVL0
map01110,K03182,lpn:lpg2933,Q5ZRE9
map01110,K03183,lpn:lpg2903,Q5ZRH9
map01110,K03185,lpn:lpg0078,Q5ZZD3
map01110,K03186,lpn:lpg2883,Q5ZRJ8
map01110,K03621,lpn:lpg1392,Q5ZVP8
map01110,K03782,lpn:lpg0194,Q5ZZ17
map01110,K03782,lpn:lpg2389,Q5ZSX7
map01110,K03783,lpn:lpg1434,Q5ZVK6
map01110,K03786,lpn:lpg0464,Q5ZYA8
map01110,K03787,lpn:lpg1282,Q9S4T3
map01110,K03809,lpn:lpg0646,Q5ZXT5
map01110,K04518,lpn:lpg2531,Q5ZSI6
map01110,K06134,lpn:lpg0028,Q5ZZI2
map01110,K08591,lpn:lpg2356,Q5ZT09
map01110,K08973,lpn:lpg1536,Q5ZVA4
map01110,K09699,lpn:lpg1560,Q5ZV80
map01110,K10536,lpn:lpg0005,Q5ZZK4
map01110,K11175,lpn:lpg1672,Q5ZUX0
map01110,K11381,lpn:lpg2581,Q5ZSD8
map01110,K11752,lpn:lpg1177,Q5ZWA8
map01110,K11753,lpn:lpg0936,Q5ZWZ7
map01110,K11755,lpn:lpg1193,Q5ZW93
map01110,K12251,lpn:lpg0007,Q5ZZK3
map01110,K12526,lpn:lpg1811,Q5ZUI7
map01110,K13503,lpn:lpg1734,Q5ZUQ9
map01110,K13775,lpn:lpg1382,Q5ZVQ8
map01110,K13821,lpn:lpg1696,Q5ZUU6
map01110,K13953,lpn:lpg2492,Q5ZSM5
map01110,K13979,lpn:lpg0612,Q5ZXW9
map01110,K14652,lpn:lpg1179,Q5ZWA6
map01110,K15633,lpn:lpg0501,Q5ZY71
map01110,K15778,lpn:lpg2486,Q5ZSN1
map01110,K16011,lpn:lpg2887,Q5ZRJ4
map01110,K17103,lpn:lpg0474,Q5ZY98
map01110,K18800,lpn:lpg0079,Q5ZZD2
map01110,K21071,lpn:lpg1913,Q5ZU94
map01110,K21480,lpn:lpg0229,Q5ZYY2
map01110,K23265,lpn:lpg1676,Q5ZUW6
map01110,K23269,lpn:lpg1678,Q5ZUW4
map01110,K23447,lpn:lpg1325,Q3V869
map01110,K27802,lpn:lpg1690,P37032
map01120,K00010,lpn:lpg1652,Q5ZUZ0
map01120,K00023,lpn:lpg0560,Q5ZY15
map01120,K00023,lpn:lpg0561,Q5ZY14
map01120,K00023,lpn:lpg1059,Q5ZWM6
map01120,K00024,lpn:lpg2352,Q5ZT13
map01120,K00029,lpn:lpg0651,Q5ZXT0
map01120,K00031,lpn:lpg0816,Q5ZXB6
map01120,K00036,lpn:lpg0416,Q5ZYF6
map01120,K00074,lpn:lpg1942,Q5ZU66
map01120,K00122,lpn:lpg0283,Q5ZYS8
map01120,K00133,lpn:lpg2302,Q5ZT63
map01120,K00134,lpn:lpg0138,Q5ZZ73
map01120,K00135,lpn:lpg1583,Q5ZV57
map01120,K00140,lpn:lpg0129,Q5ZZ82
map01120,K00163,lpn:lpg1504,Q5ZVD6
map01120,K00164,lpn:lpg0532,Q5ZY41
map01120,K00174,lpn:lpg0947,Q5ZWY7
map01120,K00175,lpn:lpg0948,Q5ZWY6
map01120,K00215,lpn:lpg0131,Q5ZZ80
map01120,K00239,lpn:lpg0530,Q5ZY43
map01120,K00240,lpn:lpg0531,Q5ZY42
map01120,K00241,lpn:lpg0528,Q5ZY45
map01120,K00242,lpn:lpg0529,Q5ZY44
map01120,K00252,lpn:lpg2580,Q5ZSD9
map01120,K00275,lpn:lpg0536,Q5ZY37
map01120,K00275,lpn:lpg2139,Q5ZTM2
map01120,K00382,lpn:lpg1502,Q5ZVD8
map01120,K00451,lpn:lpg1285,Q9S4T0
map01120,K00600,lpn:lpg0725,Q5ZXK6
map01120,K00615,lpn:lpg0139,Q5ZZ72
map01120,K00625,lpn:lpg2261,Q5ZTA1
map01120,K00626,lpn:lpg1597,Q5ZV43
map01120,K00626,lpn:lpg1825,Q5ZUH3
map01120,K00627,lpn:lpg1503,Q5ZVD7
map01120,K00632,lpn:lpg1353,Q5ZVT7
map01120,K00658,lpn:lpg0533,Q5ZY40
map01120,K00674,lpn:lpg0888,Q5ZX45
map01120,K00821,lpn:lpg2968,Q5ZRB4
map01120,K00824,lpn:lpg1510,Q5ZVD0
map01120,K00831,lpn:lpg1418,Q5ZVM2
map01120,K00845,lpn:lpg0419,Q5ZYF3
map01120,K00873,lpn:lpg0136,Q5ZZ75
map01120,K00925,lpn:lpg2262,Q5ZTA0
map01120,K00927,lpn:lpg0137,Q5ZZ74
map01120,K00948,lpn:lpg0543,Q5ZY30
map01120,K00948,lpn:lpg1023,Q5ZWR2
map01120,K01007,lpn:lpg0805,Q5ZXC7
map01120,K01057,lpn:lpg0417,Q5ZYF5
map01120,K01061,lpn:lpg1635,Q5ZV07
map01120,K01426,lpn:lpg2355,Q5ZT10
map01120,K01426,lpn:lpg2852,Q5ZRM8
map01120,K01439,lpn:lpg0887,Q5ZX46
map01120,K01491,lpn:lpg1297,Q5ZVZ1
map01120,K01512,lpn:lpg1886,Q5ZUC1
map01120,K01576,lpn:lpg0233,Q5ZYX8
map01120,K01595,lpn:lpg1607,Q5ZV35
map01120,K01623,lpn:lpg0470,Q5ZYA2
map01120,K01625,lpn:lpg0420,Q5ZYF2
map01120,K01625,lpn:lpg0939,Q5ZWZ4
map01120,K01640,lpn:lpg1830,Q5ZUG8
map01120,K01647,lpn:lpg1415,Q5ZVM5
map01120,K01659,lpn:lpg1530,Q5ZVB0
map01120,K01666,lpn:lpg2681,Q5ZS38
map01120,K01679,lpn:lpg2937,Q5ZRE5
map01120,K01689,lpn:lpg2037,Q5ZTX1
map01120,K01690,lpn:lpg0418,Q5ZYF4
map01120,K01698,lpn:lpg1808,Q5ZUJ0
map01120,K01714,lpn:lpg2314,Q5ZT51
map01120,K01719,lpn:lpg2736,Q5ZRY5
map01120,K01720,lpn:lpg1529,Q5ZVB1
map01120,K01733,lpn:lpg1643,Q5ZUZ9
map01120,K01738,lpn:lpg2951,Q5ZRD1
map01120,K01749,lpn:lpg2735,Q5ZRY6
map01120,K01778,lpn:lpg0366,Q5ZYK6
map01120,K01782,lpn:lpg1596,Q5ZV44
map01120,K01783,lpn:lpg0664,Q5ZXR7
map01120,K01800,lpn:lpg2280,Q5ZT82
map01120,K01803,lpn:lpg2792,Q5ZRT6
map01120,K01807,lpn:lpg0094,Q5ZZB7
map01120,K01810,lpn:lpg0759,Q5ZXH2
map01120,K01845,lpn:lpg1534,Q5ZVA6
map01120,K01885,lpn:lpg1911,Q5ZU96
map01120,K01895,lpn:lpg0127,Q5ZZ84
map01120,K01902,lpn:lpg0535,Q5ZY38
map01120,K01903,lpn:lpg0534,Q5ZY39
map01120,K01915,lpn:lpg1364,Q5ZVS6
map01120,K01915,lpn:lpg2252,Q5ZTB0
map01120,K01959,lpn:lpg2664,Q5ZS55
map01120,K01960,lpn:lpg0466,Q5ZYA6
map01120,K01961,lpn:lpg0462,Q5ZYB0
map01120,K01962,lpn:lpg0785,Q5ZXE6
map01120,K01963,lpn:lpg1341,Q5ZVU9
map01120,K02160,lpn:lpg0463,Q5ZYA9
map01120,K02492,lpn:lpg2335,Q5ZT30
map01120,K02496,lpn:lpg2737,Q5ZRY4
map01120,K03186,lpn:lpg2883,Q5ZRJ8
map01120,K03335,lpn:lpg1649,Q5ZUZ3
map01120,K03336,lpn:lpg1650,Q5ZUZ2
map01120,K03338,lpn:lpg1651,Q5ZUZ1
map01120,K03417,lpn:lpg0052,Q5ZZF8
map01120,K04561,lpn:lpg2236,Q5ZTC6
map01120,K07250,lpn:lpg0239,Q5ZYX2
map01120,K07516,lpn:lpg1352,Q5ZVT8
map01120,K10680,lpn:lpg2722,Q5ZRZ8
map01120,K12526,lpn:lpg1811,Q5ZUI7
map01120,K13775,lpn:lpg1382,Q5ZVQ8
map01120,K13953,lpn:lpg2492,Q5ZSM5
map01120,K13979,lpn:lpg0612,Q5ZXW9
map01120,K15371,lpn:lpg0245,Q5ZYW6
map01120,K15371,lpn:lpg1581,Q5ZV59
map01120,K15481,lpn:lpg0940,Q5ZWZ3
map01120,K15633,lpn:lpg0501,Q5ZY71
map01120,K15778,lpn:lpg2486,Q5ZSN1
map01120,K16171,lpn:lpg2279,Q5ZT83
map01120,K21071,lpn:lpg1913,Q5ZU94
map01120,K26061,lpn:lpg1351,Q5ZVT9
map01120,K27802,lpn:lpg1690,P37032
map01200,K00023,lpn:lpg0560,Q5ZY15
map01200,K00023,lpn:lpg0561,Q5ZY14
map01200,K00023,lpn:lpg1059,Q5ZWM6
map01200,K00024,lpn:lpg2352,Q5ZT13
map01200,K00027,lpn:lpg1280,Q5ZW08
map01200,K00027,lpn:lpg2971,Q5ZRB1
map01200,K00029,lpn:lpg0651,Q5ZXT0
map01200,K00031,lpn:lpg0816,Q5ZXB6
map01200,K00036,lpn:lpg0416,Q5ZYF6
map01200,K00074,lpn:lpg1942,Q5ZU66
map01200,K00122,lpn:lpg0283,Q5ZYS8
map01200,K00134,lpn:lpg0138,Q5ZZ73
map01200,K00140,lpn:lpg0129,Q5ZZ82
map01200,K00163,lpn:lpg1504,Q5ZVD6
map01200,K00164,lpn:lpg0532,Q5ZY41
map01200,K00174,lpn:lpg0947,Q5ZWY7
map01200,K00175,lpn:lpg0948,Q5ZWY6
map01200,K00239,lpn:lpg0530,Q5ZY43
map01200,K00240,lpn:lpg0531,Q5ZY42
map01200,K00241,lpn:lpg0528,Q5ZY45
map01200,K00242,lpn:lpg0529,Q5ZY44
map01200,K00282,lpn:lpg0116,Q5ZZ95
map01200,K00283,lpn:lpg0114,Q5ZZ97
map01200,K00382,lpn:lpg1502,Q5ZVD8
map01200,K00600,lpn:lpg0725,Q5ZXK6
map01200,K00605,lpn:lpg0118,Q5ZZ93
map01200,K00615,lpn:lpg0139,Q5ZZ72
map01200,K00625,lpn:lpg2261,Q5ZTA1
map01200,K00626,lpn:lpg1597,Q5ZV43
map01200,K00626,lpn:lpg1825,Q5ZUH3
map01200,K00627,lpn:lpg1503,Q5ZVD7
map01200,K00658,lpn:lpg0533,Q5ZY40
map01200,K00831,lpn:lpg1418,Q5ZVM2
map01200,K00845,lpn:lpg0419,Q5ZYF3
map01200,K00873,lpn:lpg0136,Q5ZZ75
map01200,K00925,lpn:lpg2262,Q5ZTA0
map01200,K00927,lpn:lpg0137,Q5ZZ74
map01200,K00948,lpn:lpg0543,Q5ZY30
map01200,K00948,lpn:lpg1023,Q5ZWR2
map01200,K01007,lpn:lpg0805,Q5ZXC7
map01200,K01057,lpn:lpg0417,Q5ZYF5
map01200,K01491,lpn:lpg1297,Q5ZVZ1
map01200,K01595,lpn:lpg1607,Q5ZV35
map01200,K01623,lpn:lpg0470,Q5ZYA2
map01200,K01625,lpn:lpg0420,Q5ZYF2
map01200,K01625,lpn:lpg0939,Q5ZWZ4
map01200,K01647,lpn:lpg1415,Q5ZVM5
map01200,K01659,lpn:lpg1530,Q5ZVB0
map01200,K01679,lpn:lpg2937,Q5ZRE5
map01200,K01689,lpn:lpg2037,Q5ZTX1
map01200,K01690,lpn:lpg0418,Q5ZYF4
map01200,K01715,lpn:lpg0869,Q5ZX63
map01200,K01720,lpn:lpg1529,Q5ZVB1
map01200,K01738,lpn:lpg2951,Q5ZRD1
map01200,K01752,lpn:lpg0790,Q5ZXE1
map01200,K01782,lpn:lpg1596,Q5ZV44
map01200,K01783,lpn:lpg0664,Q5ZXR7
map01200,K01803,lpn:lpg2792,Q5ZRT6
map01200,K01807,lpn:lpg0094,Q5ZZB7
map01200,K01810,lpn:lpg0759,Q5ZXH2
map01200,K01895,lpn:lpg0127,Q5ZZ84
map01200,K01902,lpn:lpg0535,Q5ZY38
map01200,K01903,lpn:lpg0534,Q5ZY39
map01200,K01959,lpn:lpg2664,Q5ZS55
map01200,K01960,lpn:lpg0466,Q5ZYA6
map01200,K01961,lpn:lpg0462,Q5ZYB0
map01200,K01962,lpn:lpg0785,Q5ZXE6
map01200,K01963,lpn:lpg1341,Q5ZVU9
map01200,K02160,lpn:lpg0463,Q5ZYA9
map01200,K02437,lpn:lpg0117,Q5ZZ94
map01200,K03417,lpn:lpg0052,Q5ZZF8
map01200,K07516,lpn:lpg1352,Q5ZVT8
map01200,K15633,lpn:lpg0501,Q5ZY71
map01200,K21071,lpn:lpg1913,Q5ZU94
map01200,K27802,lpn:lpg1690,P37032
map01210,K00031,lpn:lpg0816,Q5ZXB6
map01210,K00133,lpn:lpg2302,Q5ZT63
map01210,K00163,lpn:lpg1504,Q5ZVD6
map01210,K00164,lpn:lpg0532,Q5ZY41
map01210,K00166,lpn:lpg1558,Q5ZV82
map01210,K00167,lpn:lpg1559,Q5ZV81
map01210,K00174,lpn:lpg0947,Q5ZWY7
map01210,K00175,lpn:lpg0948,Q5ZWY6
map01210,K00382,lpn:lpg1502,Q5ZVD8
map01210,K00627,lpn:lpg1503,Q5ZVD7
map01210,K00658,lpn:lpg0533,Q5ZY40
map01210,K00812,lpn:lpg0070,Q5ZZE1
map01210,K00812,lpn:lpg2532,Q5ZSI5
map01210,K00821,lpn:lpg2968,Q5ZRB4
map01210,K01438,lpn:lpg1164,Q5ZWC1
map01210,K01647,lpn:lpg1415,Q5ZVM5
map01210,K01659,lpn:lpg1530,Q5ZVB0
map01210,K09699,lpn:lpg1560,Q5ZV80
map01210,K11381,lpn:lpg2581,Q5ZSD8
map01210,K27802,lpn:lpg1690,P37032
map01230,K00013,lpn:lpg1199,Q5ZW87
map01230,K00014,lpn:lpg2808,Q5ZRS2
map01230,K00031,lpn:lpg0816,Q5ZXB6
map01230,K00133,lpn:lpg2302,Q5ZT63
map01230,K00134,lpn:lpg0138,Q5ZZ73
map01230,K00147,lpn:lpg1609,Q5ZV33
map01230,K00215,lpn:lpg0131,Q5ZZ80
map01230,K00286,lpn:lpg2015,Q5ZTZ3
map01230,K00500,lpn:lpg2647,Q5ZS72
map01230,K00600,lpn:lpg0725,Q5ZXK6
map01230,K00611,lpn:lpg0496,Q5ZY76
map01230,K00615,lpn:lpg0139,Q5ZZ72
map01230,K00674,lpn:lpg0888,Q5ZX45
map01230,K00765,lpn:lpg1200,Q5ZW86
map01230,K00766,lpn:lpg0834,Q5ZX98
map01230,K00789,lpn:lpg2022,Q5ZTY6
map01230,K00800,lpn:lpg1419,Q5ZVM1
map01230,K00812,lpn:lpg0070,Q5ZZE1
map01230,K00812,lpn:lpg2532,Q5ZSI5
map01230,K00817,lpn:lpg1198,Q5ZW88
map01230,K00817,lpn:lpg1998,Q5ZU10
map01230,K00821,lpn:lpg2968,Q5ZRB4
map01230,K00831,lpn:lpg1418,Q5ZVM2
map01230,K00873,lpn:lpg0136,Q5ZZ75
map01230,K00891,lpn:lpg0932,Q5ZX01
map01230,K00927,lpn:lpg0137,Q5ZZ74
map01230,K00931,lpn:lpg1610,Q5ZV32
map01230,K00948,lpn:lpg0543,Q5ZY30
map01230,K00948,lpn:lpg1023,Q5ZWR2
map01230,K01089,lpn:lpg1197,Q5ZW89
map01230,K01438,lpn:lpg1164,Q5ZWC1
map01230,K01439,lpn:lpg0887,Q5ZX46
map01230,K01609,lpn:lpg0833,Q5ZX99
map01230,K01623,lpn:lpg0470,Q5ZYA2
map01230,K01626,lpn:lpg0063,Q5ZZE7
map01230,K01626,lpn:lpg2027,Q5ZTY1
map01230,K01626,lpn:lpg2530,Q5ZSI7
map01230,K01647,lpn:lpg1415,Q5ZVM5
map01230,K01658,lpn:lpg0835,Q5ZX97
map01230,K01659,lpn:lpg1530,Q5ZVB0
map01230,K01689,lpn:lpg2037,Q5ZTX1
map01230,K01695,lpn:lpg1305,Q5ZVY3
map01230,K01696,lpn:lpg1304,Q5ZVY4
map01230,K01714,lpn:lpg2314,Q5ZT51
map01230,K01733,lpn:lpg1643,Q5ZUZ9
map01230,K01735,lpn:lpg0933,Q5ZX00
map01230,K01736,lpn:lpg2303,Q5ZT62
map01230,K01738,lpn:lpg2951,Q5ZRD1
map01230,K01752,lpn:lpg0790,Q5ZXE1
map01230,K01755,lpn:lpg0495,Q5ZY77
map01230,K01760,lpn:lpg0890,Q5ZX43
map01230,K01778,lpn:lpg0366,Q5ZYK6
map01230,K01783,lpn:lpg0664,Q5ZXR7
map01230,K01803,lpn:lpg2792,Q5ZRT6
map01230,K01807,lpn:lpg0094,Q5ZZB7
map01230,K01814,lpn:lpg1195,Q5ZW91
map01230,K01817,lpn:lpg1303,Q5ZVY5
map01230,K01915,lpn:lpg1364,Q5ZVS6
map01230,K01915,lpn:lpg2252,Q5ZTB0
map01230,K01940,lpn:lpg0494,Q5ZY78
map01230,K01953,lpn:lpg2949,Q5ZRD3
map01230,K01959,lpn:lpg2664,Q5ZS55
map01230,K01960,lpn:lpg0466,Q5ZYA6
map01230,K02500,lpn:lpg0749,Q5ZXI2
map01230,K02500,lpn:lpg1194,Q5ZW92
map01230,K02501,lpn:lpg0750,Q5ZXI1
map01230,K02501,lpn:lpg1196,Q5ZW90
map01230,K03786,lpn:lpg0464,Q5ZYA8
map01230,K04518,lpn:lpg2531,Q5ZSI6
map01230,K11755,lpn:lpg1193,Q5ZW93
map01230,K12526,lpn:lpg1811,Q5ZUI7
map01230,K13503,lpn:lpg1734,Q5ZUQ9
map01230,K15633,lpn:lpg0501,Q5ZY71
map01230,K21071,lpn:lpg1913,Q5ZU94
map01230,K27802,lpn:lpg1690,P37032
map05134,K00239,lpn:lpg0530,Q5ZY43
map05134,K02406,lpn:lpg1340,Q5ZVV0
map05134,K03596,lpn:lpg1872,Q5ZUD2
map05134,K04077,lpn:lpg0688,Q5ZXP3
map05134,K11022,lpn:lpg2515,Q5ZSK2
map05134,K15473,lpn:lpg2157,Q5ZTK4
map05134,K15474,lpn:lpg2639,Q5ZS80
map05134,K15475,lpn:lpg2222,Q5ZTE0
map05134,K15476,lpn:lpg0390,Q5ZYI2
map05134,K15477,lpn:lpg2831,Q5ZRP9
map05134,K15478,lpn:lpg2813,Q5ZRR7
map05134,K15479,lpn:lpg1950,Q5ZU58
map05134,K15480,lpn:lpg2464,Q5ZSQ3
map05134,K15481,lpn:lpg0940,Q5ZWZ3
map05134,K15482,lpn:lpg2511,Q5ZSK6
map05134,K15483,lpn:lpg2510,Q5ZSK7
map05134,K15484,lpn:lpg2584,Q5ZSD5
map05134,K15486,lpn:lpg1483,Q5ZVF7
map05134,K15487,lpn:lpg0275,Q5ZYT6
map05134,K15488,lpn:lpg2830,Q5ZRQ0
map05134,K15490,lpn:lpg1368,Q5ZVS2
map05134,K15490,lpn:lpg1488,Q5ZVF2
map05134,K15490,lpn:lpg2862,Q5ZRL9
map05134,K15491,lpn:lpg2504,Q5ZSL3
map05134,K15492,lpn:lpg2490,Q5ZSM7
map00730,K00939,lpn:lpg1411,Q5ZVM9
map00730,K00946,lpn:lpg0728,Q5ZXK3
map00730,K00949,lpn:lpg2497,Q5ZSM0
map00730,K03149,lpn:lpg1567,Q5ZV73
map00730,K03153,lpn:lpg1566,Q5ZV74
map00730,K04487,lpn:lpg1746,Q5ZUP7
map00730,K06949,lpn:lpg2743,Q5ZRX8
map00730,K14153,lpn:lpg1568,Q5ZV72
map00730,K18278,lpn:lpg1565,Q5ZV75
map01240,K00059,lpn:lpg1395,Q5ZVP5
map01240,K00059,lpn:lpg2231,Q5ZTD1
map01240,K00097,lpn:lpg0299,Q3V872
map01240,K00208,lpn:lpg1854,Q5ZUE4
map01240,K00228,lpn:lpg1215,Q5ZW72
map01240,K00254,lpn:lpg1821,Q5ZUH7
map01240,K00275,lpn:lpg0536,Q5ZY37
map01240,K00275,lpn:lpg2139,Q5ZTM2
map01240,K00278,lpn:lpg0800,Q5ZXD2
map01240,K00287,lpn:lpg0300,Q5ZYR2
map01240,K00382,lpn:lpg1502,Q5ZVD8
map01240,K00457,lpn:lpg2278,Q5ZT84
map01240,K00486,lpn:lpg0892,Q5ZX41
map01240,K00568,lpn:lpg1699,Q5ZUU3
map01240,K00600,lpn:lpg0725,Q5ZXK6
map01240,K00606,lpn:lpg2661,Q5ZS58
map01240,K00609,lpn:lpg0588,Q5ZXZ2
map01240,K00647,lpn:lpg0361,Q5ZYL1
map01240,K00647,lpn:lpg0362,Q5ZYL0
map01240,K00652,lpn:lpg1473,Q5ZVG7
map01240,K00762,lpn:lpg1204,Q5ZW83
map01240,K00763,lpn:lpg0270,Q5ZYU1
map01240,K00767,lpn:lpg0807,Q5ZXC5
map01240,K00789,lpn:lpg2022,Q5ZTY6
map01240,K00793,lpn:lpg1178,Q5ZWA7
map01240,K00794,lpn:lpg1180,Q5ZWA5
map01240,K00796,lpn:lpg2795,Q5ZRT3
map01240,K00831,lpn:lpg1418,Q5ZVM2
map01240,K00833,lpn:lpg1471,Q5ZVG9
map01240,K00858,lpn:lpg2823,Q5ZRQ7
map01240,K00859,lpn:lpg1467,Q5ZVH3
map01240,K00939,lpn:lpg1411,Q5ZVM9
map01240,K00940,lpn:lpg1548,Q5ZV92
map01240,K00946,lpn:lpg0728,Q5ZXK3
map01240,K00949,lpn:lpg2497,Q5ZSM0
map01240,K00950,lpn:lpg1539,Q5ZVA1
map01240,K00954,lpn:lpg0548,Q5ZY26
map01240,K00969,lpn:lpg1345,Q5ZVU5
map01240,K01012,lpn:lpg1472,Q5ZVG8
map01240,K01465,lpn:lpg2963,Q5ZRB9
map01240,K01491,lpn:lpg1297,Q5ZVZ1
map01240,K01495,lpn:lpg2766,Q5ZRW0
map01240,K01579,lpn:lpg2929,Q5ZRF3
map01240,K01591,lpn:lpg1425,Q5ZVL5
map01240,K01599,lpn:lpg2028,Q5ZTY0
map01240,K01633,lpn:lpg2029,Q5ZTX9
map01240,K01665,lpn:lpg1557,Q5ZV83
map01240,K01698,lpn:lpg1808,Q5ZUJ0
map01240,K01719,lpn:lpg2736,Q5ZRY5
map01240,K01737,lpn:lpg2865,Q5ZRL6
map01240,K01749,lpn:lpg2735,Q5ZRY6
map01240,K01756,lpn:lpg0801,Q5ZXD1
map01240,K01772,lpn:lpg0425,Q5ZYE7
map01240,K01845,lpn:lpg1534,Q5ZVA6
map01240,K01885,lpn:lpg1911,Q5ZU96
map01240,K01918,lpn:lpg2662,Q5ZS57
map01240,K01919,lpn:lpg1847,Q5ZUF1
map01240,K01920,lpn:lpg1846,Q5ZUF2
map01240,K01935,lpn:lpg1475,Q5ZVG5
map01240,K01937,lpn:lpg1181,Q5ZWA4
map01240,K01939,lpn:lpg0486,Q5ZY86
map01240,K01950,lpn:lpg0734,Q5ZXJ7
map01240,K01955,lpn:lpg2625,Q5ZS94
map01240,K01956,lpn:lpg2023,Q5ZTY5
map01240,K02169,lpn:lpg2331,Q5ZT34
map01240,K02170,lpn:lpg1474,Q5ZVG6
map01240,K02257,lpn:lpg0412,Q5ZYG0
map01240,K02259,lpn:lpg0411,Q5ZYG1
map01240,K02372,lpn:lpg0510,Q5ZY62
map01240,K02492,lpn:lpg2335,Q5ZT30
map01240,K02496,lpn:lpg2737,Q5ZRY4
map01240,K02619,lpn:lpg0595,Q5ZXY5
map01240,K03149,lpn:lpg1567,Q5ZV73
map01240,K03153,lpn:lpg1566,Q5ZV74
map01240,K03179,lpn:lpg1430,Q5ZVL0
map01240,K03182,lpn:lpg2933,Q5ZRE9
map01240,K03183,lpn:lpg2903,Q5ZRH9
map01240,K03185,lpn:lpg0078,Q5ZZD3
map01240,K03186,lpn:lpg2883,Q5ZRJ8
map01240,K03473,lpn:lpg0918,Q5ZX15
map01240,K03474,lpn:lpg0946,Q3V870
map01240,K03517,lpn:lpg0799,Q5ZXD3
map01240,K03525,lpn:lpg0911,Q5ZX22
map01240,K03644,lpn:lpg0745,Q5ZXI6
map01240,K03793,lpn:lpg2863,Q5ZRL8
map01240,K03801,lpn:lpg1511,Q5ZVC9
map01240,K03809,lpn:lpg0646,Q5ZXT5
map01240,K04487,lpn:lpg1746,Q5ZUP7
map01240,K06134,lpn:lpg0028,Q5ZZI2
map01240,K08281,lpn:lpg0271,Q5ZYU0
map01240,K08973,lpn:lpg1536,Q5ZVA4
map01240,K09458,lpn:lpg0102,Q5ZZA9
map01240,K09458,lpn:lpg1397,Q5ZVP3
map01240,K09903,lpn:lpg1712,Q5ZUT0
map01240,K11752,lpn:lpg1177,Q5ZWA8
map01240,K11753,lpn:lpg0936,Q5ZWZ7
map01240,K11754,lpn:lpg1342,Q5ZVU8
map01240,K13038,lpn:lpg2488,Q5ZSM9
map01240,K14153,lpn:lpg1568,Q5ZV72
map01240,K14652,lpn:lpg1179,Q5ZWA6
map01240,K18278,lpn:lpg1565,Q5ZV75
map01240,K18800,lpn:lpg0079,Q5ZZD2
map03018,K00937,lpn:lpg0289,Q5ZYS2
map03018,K00962,lpn:lpg2768,Q5ZRV8
map03018,K00970,lpn:lpg1538,Q5ZVA2
map03018,K01689,lpn:lpg2037,Q5ZTX1
map03018,K03628,lpn:lpg2934,Q5ZRE8
map03018,K03654,lpn:lpg0867,Q5ZX65
map03018,K03666,lpn:lpg0009,Q5ZZK1
map03018,K04043,lpn:lpg2025,Q5ZTY3
map03018,K04077,lpn:lpg0688,Q5ZXP3
map03018,K05592,lpn:lpg2345,Q5ZT20
map03018,K08300,lpn:lpg2297,Q5ZT68
map03018,K08311,lpn:lpg2872,Q5ZRK9
map03018,K11927,lpn:lpg0250,Q5ZYW1
map03018,K12573,lpn:lpg0092,Q5ZZB9
map00520,K00075,lpn:lpg2613,Q5ZSA6
map00520,K00790,lpn:lpg0847,Q5ZX85
map00520,K00820,lpn:lpg2836,Q5ZRP4
map00520,K00845,lpn:lpg0419,Q5ZYF3
map00520,K00973,lpn:lpg0760,Q5ZXH1
map00520,K00992,lpn:lpg0295,Q5ZYR6
map00520,K01183,lpn:lpg2217,Q5ZTE5
map00520,K01207,lpn:lpg0885,Q5ZX48
map00520,K01207,lpn:lpg1191,Q5ZW95
map00520,K01810,lpn:lpg0759,Q5ZXH2
map00520,K03431,lpn:lpg2794,Q5ZRT4
map00520,K04042,lpn:lpg2875,Q5ZRK6
map00520,K07102,lpn:lpg0296,Q5ZYR5
map00520,K09001,lpn:lpg1403,Q5ZVN7
map00520,K15778,lpn:lpg2486,Q5ZSN1
map00520,K16011,lpn:lpg2887,Q5ZRJ4
map00541,K00067,lpn:lpg0757,Q5ZXH4
map00541,K00523,lpn:lpg2932,Q5ZRF0
map00541,K00973,lpn:lpg0760,Q5ZXH1
map00541,K00979,lpn:lpg1919,Q5ZU88
map00541,K01627,lpn:lpg1182,Q5ZWA3
map00541,K01710,lpn:lpg0758,Q5ZXH3
map00541,K01790,lpn:lpg0756,Q5ZXH5
map00541,K03270,lpn:lpg0839,Q5ZX93
map00541,K03271,lpn:lpg2993,Q5ZR90
map00541,K03273,lpn:lpg1838,Q5ZUG0
map00541,K04042,lpn:lpg2875,Q5ZRK6
map00541,K06041,lpn:lpg0840,Q5ZX92
map00541,K13017,lpn:lpg1424,Q5ZVL6
map00541,K16011,lpn:lpg2887,Q5ZRJ4
map00541,K18429,lpn:lpg0753,Q5ZXH8
map00541,K18430,lpn:lpg0752,Q5ZXH9
map00541,K18431,lpn:lpg0751,Q5ZXI0
map01250,K00067,lpn:lpg0757,Q5ZXH4
map01250,K00075,lpn:lpg2613,Q5ZSA6
map01250,K00523,lpn:lpg2932,Q5ZRF0
map01250,K00790,lpn:lpg0847,Q5ZX85
map01250,K00820,lpn:lpg2836,Q5ZRP4
map01250,K00845,lpn:lpg0419,Q5ZYF3
map01250,K00973,lpn:lpg0760,Q5ZXH1
map01250,K00979,lpn:lpg1919,Q5ZU88
map01250,K00992,lpn:lpg0295,Q5ZYR6
map01250,K01627,lpn:lpg1182,Q5ZWA3
map01250,K01710,lpn:lpg0758,Q5ZXH3
map01250,K01790,lpn:lpg0756,Q5ZXH5
map01250,K01810,lpn:lpg0759,Q5ZXH2
map01250,K03270,lpn:lpg0839,Q5ZX93
map01250,K03271,lpn:lpg2993,Q5ZR90
map01250,K03273,lpn:lpg1838,Q5ZUG0
map01250,K03431,lpn:lpg2794,Q5ZRT4
map01250,K04042,lpn:lpg2875,Q5ZRK6
map01250,K06041,lpn:lpg0840,Q5ZX92
map01250,K07102,lpn:lpg0296,Q5ZYR5
map01250,K09001,lpn:lpg1403,Q5ZVN7
map01250,K13017,lpn:lpg1424,Q5ZVL6
map01250,K15778,lpn:lpg2486,Q5ZSN1
map01250,K16011,lpn:lpg2887,Q5ZRJ4
map01250,K18429,lpn:lpg0753,Q5ZXH8
map01250,K18430,lpn:lpg0752,Q5ZXH9
map01250,K18431,lpn:lpg0751,Q5ZXI0
map00220,K00611,lpn:lpg0496,Q5ZY76
map00220,K00812,lpn:lpg0070,Q5ZZE1
map00220,K00812,lpn:lpg2532,Q5ZSI5
map00220,K00821,lpn:lpg2968,Q5ZRB4
map00220,K01425,lpn:lpg0241,Q5ZYX0
map00220,K01438,lpn:lpg1164,Q5ZWC1
map00220,K01755,lpn:lpg0495,Q5ZY77
map00220,K01915,lpn:lpg1364,Q5ZVS6
map00220,K01915,lpn:lpg2252,Q5ZTB0
map00220,K01940,lpn:lpg0494,Q5ZY78
map00220,K01955,lpn:lpg2625,Q5ZS94
map00220,K01956,lpn:lpg2023,Q5ZTY5
map00220,K15371,lpn:lpg0245,Q5ZYW6
map00220,K15371,lpn:lpg1581,Q5ZV59
map00220,K23265,lpn:lpg1676,Q5ZUW6
map00240,K00254,lpn:lpg1821,Q5ZUH7
map00240,K00525,lpn:lpg1774,Q5ZUL9
map00240,K00526,lpn:lpg1775,Q5ZUL8
map00240,K00560,lpn:lpg2868,Q5ZRL3
map00240,K00609,lpn:lpg0588,Q5ZXZ2
map00240,K00757,lpn:lpg1416,Q5ZVM4
map00240,K00758,lpn:lpg1022,Q5ZWR3
map00240,K00761,lpn:lpg2243,Q5ZTB9
map00240,K00762,lpn:lpg1204,Q5ZW83
map00240,K00857,lpn:lpg0636,Q5ZXU5
map00240,K00876,lpn:lpg1165,Q5ZWC0
map00240,K00876,lpn:lpg1853,Q5ZUE5
map00240,K00940,lpn:lpg1548,Q5ZV92
map00240,K00943,lpn:lpg1399,Q5ZVP1
map00240,K00945,lpn:lpg1420,Q5ZVM0
map00240,K01081,lpn:lpg2677,Q5ZS42
map00240,K01465,lpn:lpg2963,Q5ZRB9
map00240,K01489,lpn:lpg1435,Q5ZVK5
map00240,K01494,lpn:lpg2956,Q5ZRC6
map00240,K01520,lpn:lpg2487,Q5ZSN0
map00240,K01591,lpn:lpg1425,Q5ZVL5
map00240,K01937,lpn:lpg1181,Q5ZWA4
map00240,K01955,lpn:lpg2625,Q5ZS94
map00240,K01956,lpn:lpg2023,Q5ZTY5
map00240,K03787,lpn:lpg1282,Q9S4T3
map00240,K06287,lpn:lpg2036,Q5ZTX2
map00240,K09903,lpn:lpg1712,Q5ZUT0
map00240,K16066,lpn:lpg0286,Q5ZYS5
map00240,K16329,lpn:lpg1928,Q5ZU79
map00250,K00135,lpn:lpg1583,Q5ZV57
map00250,K00259,lpn:lpg0924,Q5ZX09
map00250,K00278,lpn:lpg0800,Q5ZXD2
map00250,K00609,lpn:lpg0588,Q5ZXZ2
map00250,K00764,lpn:lpg1674,Q5ZUW8
map00250,K00812,lpn:lpg0070,Q5ZZE1
map00250,K00812,lpn:lpg2532,Q5ZSI5
map00250,K00820,lpn:lpg2836,Q5ZRP4
map00250,K01424,lpn:lpg2873,Q5ZRK8
map00250,K01425,lpn:lpg0241,Q5ZYX0
map00250,K01755,lpn:lpg0495,Q5ZY77
map00250,K01756,lpn:lpg0801,Q5ZXD1
map00250,K01915,lpn:lpg1364,Q5ZVS6
map00250,K01915,lpn:lpg2252,Q5ZTB0
map00250,K01939,lpn:lpg0486,Q5ZY86
map00250,K01940,lpn:lpg0494,Q5ZY78
map00250,K01953,lpn:lpg2949,Q5ZRD3
map00250,K01955,lpn:lpg2625,Q5ZS94
map00250,K01956,lpn:lpg2023,Q5ZTY5
map00250,K07250,lpn:lpg0239,Q5ZYX2
map00250,K13821,lpn:lpg1696,Q5ZUU6
map00250,K15371,lpn:lpg0245,Q5ZYW6
map00250,K15371,lpn:lpg1581,Q5ZV59
map00250,K23265,lpn:lpg1676,Q5ZUW6
map00770,K00606,lpn:lpg2661,Q5ZS58
map00770,K00859,lpn:lpg1467,Q5ZVH3
map00770,K00954,lpn:lpg0548,Q5ZY26
map00770,K01579,lpn:lpg2929,Q5ZRF3
map00770,K01918,lpn:lpg2662,Q5ZS57
map00770,K03525,lpn:lpg0911,Q5ZX22
map00770,K06133,lpn:lpg0784,Q5ZXE7
map00770,K13038,lpn:lpg2488,Q5ZSM9
map00230,K00088,lpn:lpg1723,Q5ZUR9
map00230,K00088,lpn:lpg2843,Q5ZRN7
map00230,K00525,lpn:lpg1774,Q5ZUL9
map00230,K00526,lpn:lpg1775,Q5ZUL8
map00230,K00602,lpn:lpg0460,Q5ZYB2
map00230,K00760,lpn:lpg1519,Q5ZVC1
map00230,K00764,lpn:lpg1674,Q5ZUW8
map00230,K00939,lpn:lpg1411,Q5ZVM9
map00230,K00940,lpn:lpg1548,Q5ZV92
map00230,K00942,lpn:lpg2010,Q5ZTZ8
map00230,K00948,lpn:lpg0543,Q5ZY30
map00230,K00948,lpn:lpg1023,Q5ZWR2
map00230,K00951,lpn:lpg1457,Q5ZVI3
map00230,K01081,lpn:lpg2677,Q5ZS42
map00230,K01120,lpn:lpg1945,Q5ZU63
map00230,K01129,lpn:lpg1080,Q5ZWK5
map00230,K01129,lpn:lpg1877,Q5ZUC7
map00230,K01139,lpn:lpg2009,Q5ZTZ9
map00230,K01487,lpn:lpg1985,Q5ZU23
map00230,K01488,lpn:lpg0497,Q5ZY75
map00230,K01488,lpn:lpg0580,Q5ZY00
map00230,K01519,lpn:lpg2484,Q5ZSN3
map00230,K01525,lpn:lpg2926,Q5ZRF6
map00230,K01588,lpn:lpg0218,Q5ZYZ3
map00230,K01589,lpn:lpg0217,Q5ZYZ4
map00230,K01756,lpn:lpg0801,Q5ZXD1
map00230,K01768,lpn:lpg0674,Q5ZXQ7
map00230,K01768,lpn:lpg1130,Q5ZWF5
map00230,K01768,lpn:lpg1322,Q5ZVW6
map00230,K01768,lpn:lpg1490,Q5ZVF0
map00230,K01768,lpn:lpg1739,Q5ZUQ4
map00230,K01839,lpn:lpg0639,Q5ZXU2
map00230,K01923,lpn:lpg1675,Q5ZUW7
map00230,K01933,lpn:lpg1677,Q5ZUW5
map00230,K01939,lpn:lpg0486,Q5ZY86
map00230,K01945,lpn:lpg1673,Q5ZUW9
map00230,K01951,lpn:lpg1722,Q5ZUS0
map00230,K03783,lpn:lpg1434,Q5ZVK6
map00230,K03787,lpn:lpg1282,Q9S4T3
map00230,K05810,lpn:lpg1332,Q5ZVV8
map00230,K08312,lpn:lpg2353,Q5ZT12
map00230,K11175,lpn:lpg1672,Q5ZUX0
map00230,K15778,lpn:lpg2486,Q5ZSN1
map00230,K23265,lpn:lpg1676,Q5ZUW6
map00230,K23269,lpn:lpg1678,Q5ZUW4
map01232,K00088,lpn:lpg1723,Q5ZUR9
map01232,K00088,lpn:lpg2843,Q5ZRN7
map01232,K00525,lpn:lpg1774,Q5ZUL9
map01232,K00526,lpn:lpg1775,Q5ZUL8
map01232,K00560,lpn:lpg2868,Q5ZRL3
map01232,K00757,lpn:lpg1416,Q5ZVM4
map01232,K00758,lpn:lpg1022,Q5ZWR3
map01232,K00760,lpn:lpg1519,Q5ZVC1
map01232,K00761,lpn:lpg2243,Q5ZTB9
map01232,K00857,lpn:lpg0636,Q5ZXU5
map01232,K00876,lpn:lpg1165,Q5ZWC0
map01232,K00876,lpn:lpg1853,Q5ZUE5
map01232,K00939,lpn:lpg1411,Q5ZVM9
map01232,K00940,lpn:lpg1548,Q5ZV92
map01232,K00942,lpn:lpg2010,Q5ZTZ8
map01232,K00943,lpn:lpg1399,Q5ZVP1
map01232,K00945,lpn:lpg1420,Q5ZVM0
map01232,K01081,lpn:lpg2677,Q5ZS42
map01232,K01129,lpn:lpg1080,Q5ZWK5
map01232,K01129,lpn:lpg1877,Q5ZUC7
map01232,K01487,lpn:lpg1985,Q5ZU23
map01232,K01488,lpn:lpg0497,Q5ZY75
map01232,K01488,lpn:lpg0580,Q5ZY00
map01232,K01489,lpn:lpg1435,Q5ZVK5
map01232,K01494,lpn:lpg2956,Q5ZRC6
map01232,K01519,lpn:lpg2484,Q5ZSN3
map01232,K01520,lpn:lpg2487,Q5ZSN0
map01232,K01756,lpn:lpg0801,Q5ZXD1
map01232,K01937,lpn:lpg1181,Q5ZWA4
map01232,K01939,lpn:lpg0486,Q5ZY86
map01232,K01951,lpn:lpg1722,Q5ZUS0
map01232,K03783,lpn:lpg1434,Q5ZVK6
map01232,K03787,lpn:lpg1282,Q9S4T3
map01232,K05810,lpn:lpg1332,Q5ZVV8
map01232,K06287,lpn:lpg2036,Q5ZTX2
map01232,K09903,lpn:lpg1712,Q5ZUT0
map00360,K00074,lpn:lpg1942,Q5ZU66
map00360,K00276,lpn:lpg2910,Q5ZRH2
map00360,K00457,lpn:lpg2278,Q5ZT84
map00360,K00500,lpn:lpg2647,Q5ZS72
map00360,K00812,lpn:lpg0070,Q5ZZE1
map00360,K00812,lpn:lpg2532,Q5ZSI5
map00360,K00817,lpn:lpg1198,Q5ZW88
map00360,K00817,lpn:lpg1998,Q5ZU10
map00360,K00824,lpn:lpg1510,Q5ZVD0
map00360,K01426,lpn:lpg2355,Q5ZT10
map00360,K01426,lpn:lpg2852,Q5ZRM8
map00360,K01666,lpn:lpg2681,Q5ZS38
map00360,K03782,lpn:lpg0194,Q5ZZ17
map00360,K03782,lpn:lpg2389,Q5ZSX7
map00380,K00252,lpn:lpg2580,Q5ZSD9
map00380,K00382,lpn:lpg1502,Q5ZVD8
map00380,K00486,lpn:lpg0892,Q5ZX41
map00380,K00626,lpn:lpg1597,Q5ZV43
map00380,K00626,lpn:lpg1825,Q5ZUH3
map00380,K00658,lpn:lpg0533,Q5ZY40
map00380,K01426,lpn:lpg2355,Q5ZT10
map00380,K01426,lpn:lpg2852,Q5ZRM8
map00380,K01782,lpn:lpg1596,Q5ZV44
map00380,K03782,lpn:lpg0194,Q5ZZ17
map00380,K03782,lpn:lpg2389,Q5ZSX7
map00260,K00060,lpn:lpg0702,Q5ZXM9
map00260,K00130,lpn:lpg0238,Q5ZYX3
map00260,K00133,lpn:lpg2302,Q5ZT63
map00260,K00276,lpn:lpg2910,Q5ZRH2
map00260,K00282,lpn:lpg0116,Q5ZZ95
map00260,K00283,lpn:lpg0114,Q5ZZ97
map00260,K00382,lpn:lpg1502,Q5ZVD8
map00260,K00600,lpn:lpg0725,Q5ZXK6
map00260,K00605,lpn:lpg0118,Q5ZZ93
map00260,K00639,lpn:lpg0701,Q5ZXN0
map00260,K00831,lpn:lpg1418,Q5ZVM2
map00260,K01695,lpn:lpg1305,Q5ZVY3
map00260,K01696,lpn:lpg1304,Q5ZVY4
map00260,K01733,lpn:lpg1643,Q5ZUZ9
map00260,K01752,lpn:lpg0790,Q5ZXE1
map00260,K02437,lpn:lpg0117,Q5ZZ94
map00260,K12526,lpn:lpg1811,Q5ZUI7
map00260,K15633,lpn:lpg0501,Q5ZY71
map00260,K16066,lpn:lpg0286,Q5ZYS5
map00260,K17103,lpn:lpg0474,Q5ZY98
map00261,K00133,lpn:lpg2302,Q5ZT63
map00261,K00215,lpn:lpg0131,Q5ZZ80
map00261,K01714,lpn:lpg2314,Q5ZT51
map00261,K12526,lpn:lpg1811,Q5ZUI7
map00270,K00024,lpn:lpg2352,Q5ZT13
map00270,K00133,lpn:lpg2302,Q5ZT63
map00270,K00558,lpn:lpg1236,Q5ZW51
map00270,K00789,lpn:lpg2022,Q5ZTY6
map00270,K00812,lpn:lpg0070,Q5ZZE1
map00270,K00812,lpn:lpg2532,Q5ZSI5
map00270,K00831,lpn:lpg1418,Q5ZVM2
map00270,K01251,lpn:lpg2021,Q5ZTY7
map00270,K01251,lpn:lpg2172,Q5ZTI9
map00270,K01738,lpn:lpg2951,Q5ZRD1
map00270,K01752,lpn:lpg0790,Q5ZXE1
map00270,K01760,lpn:lpg0890,Q5ZX43
map00270,K01919,lpn:lpg1847,Q5ZUF1
map00270,K01920,lpn:lpg1846,Q5ZUF2
map00270,K05810,lpn:lpg1332,Q5ZVV8
map00270,K12526,lpn:lpg1811,Q5ZUI7
map00300,K00133,lpn:lpg2302,Q5ZT63
map00300,K00215,lpn:lpg0131,Q5ZZ80
map00300,K00674,lpn:lpg0888,Q5ZX45
map00300,K00821,lpn:lpg2968,Q5ZRB4
map00300,K01439,lpn:lpg0887,Q5ZX46
map00300,K01714,lpn:lpg2314,Q5ZT51
map00300,K01778,lpn:lpg0366,Q5ZYK6
map00300,K01928,lpn:lpg0917,Q5ZX16
map00300,K01929,lpn:lpg2618,Q5ZSA1
map00300,K12526,lpn:lpg1811,Q5ZUI7
map00010,K00134,lpn:lpg0138,Q5ZZ73
map00010,K00163,lpn:lpg1504,Q5ZVD6
map00010,K00174,lpn:lpg0947,Q5ZWY7
map00010,K00175,lpn:lpg0948,Q5ZWY6
map00010,K00382,lpn:lpg1502,Q5ZVD8
map00010,K00627,lpn:lpg1503,Q5ZVD7
map00010,K00845,lpn:lpg0419,Q5ZYF3
map00010,K00873,lpn:lpg0136,Q5ZZ75
map00010,K00927,lpn:lpg0137,Q5ZZ74
map00010,K01007,lpn:lpg0805,Q5ZXC7
map00010,K01568,lpn:lpg1155,Q5ZWD0
map00010,K01623,lpn:lpg0470,Q5ZYA2
map00010,K01689,lpn:lpg2037,Q5ZTX1
map00010,K01803,lpn:lpg2792,Q5ZRT6
map00010,K01810,lpn:lpg0759,Q5ZXH2
map00010,K01895,lpn:lpg0127,Q5ZZ84
map00010,K13953,lpn:lpg2492,Q5ZSM5
map00010,K13979,lpn:lpg0612,Q5ZXW9
map00010,K15633,lpn:lpg0501,Q5ZY71
map00010,K15778,lpn:lpg2486,Q5ZSN1
map00010,K21071,lpn:lpg1913,Q5ZU94
map00680,K00024,lpn:lpg2352,Q5ZT13
map00680,K00122,lpn:lpg0283,Q5ZYS8
map00680,K00600,lpn:lpg0725,Q5ZXK6
map00680,K00625,lpn:lpg2261,Q5ZTA1
map00680,K00831,lpn:lpg1418,Q5ZVM2
map00680,K00925,lpn:lpg2262,Q5ZTA0
map00680,K01007,lpn:lpg0805,Q5ZXC7
map00680,K01595,lpn:lpg1607,Q5ZV35
map00680,K01623,lpn:lpg0470,Q5ZYA2
map00680,K01689,lpn:lpg2037,Q5ZTX1
map00680,K01895,lpn:lpg0127,Q5ZZ84
map00680,K15633,lpn:lpg0501,Q5ZY71
map00680,K21071,lpn:lpg1913,Q5ZU94
map00030,K00036,lpn:lpg0416,Q5ZYF6
map00030,K00615,lpn:lpg0139,Q5ZZ72
map00030,K00948,lpn:lpg0543,Q5ZY30
map00030,K00948,lpn:lpg1023,Q5ZWR2
map00030,K01057,lpn:lpg0417,Q5ZYF5
map00030,K01619,lpn:lpg1433,Q5ZVK7
map00030,K01623,lpn:lpg0470,Q5ZYA2
map00030,K01625,lpn:lpg0420,Q5ZYF2
map00030,K01625,lpn:lpg0939,Q5ZWZ4
map00030,K01690,lpn:lpg0418,Q5ZYF4
map00030,K01783,lpn:lpg0664,Q5ZXR7
map00030,K01807,lpn:lpg0094,Q5ZZB7
map00030,K01810,lpn:lpg0759,Q5ZXH2
map00030,K01839,lpn:lpg0639,Q5ZXU2
map00030,K15778,lpn:lpg2486,Q5ZSN1
map00030,K21071,lpn:lpg1913,Q5ZU94
map00051,K01623,lpn:lpg0470,Q5ZYA2
map00051,K01803,lpn:lpg2792,Q5ZRT6
map00051,K15778,lpn:lpg2486,Q5ZSN1
map00051,K16011,lpn:lpg2887,Q5ZRJ4
map00051,K21071,lpn:lpg1913,Q5ZU94
map00052,K00845,lpn:lpg0419,Q5ZYF3
map00052,K15778,lpn:lpg2486,Q5ZSN1
map00052,K21071,lpn:lpg1913,Q5ZU94
map00790,K00287,lpn:lpg0300,Q5ZYR2
map00790,K00500,lpn:lpg2647,Q5ZS72
map00790,K00796,lpn:lpg2795,Q5ZRT3
map00790,K00950,lpn:lpg1539,Q5ZVA1
map00790,K01495,lpn:lpg2766,Q5ZRW0
map00790,K01633,lpn:lpg2029,Q5ZTX9
map00790,K01665,lpn:lpg1557,Q5ZV83
map00790,K01724,lpn:lpg1999,Q5ZU09
map00790,K01737,lpn:lpg2865,Q5ZRL6
map00790,K02619,lpn:lpg0595,Q5ZXY5
map00790,K03793,lpn:lpg2863,Q5ZRL8
map00790,K06920,lpn:lpg2886,Q5ZRJ5
map00790,K10026,lpn:lpg2041,Q5ZTW7
map00790,K11754,lpn:lpg1342,Q5ZVU8
map00790,K14652,lpn:lpg1179,Q5ZWA6
map00740,K00793,lpn:lpg1178,Q5ZWA7
map00740,K00794,lpn:lpg1180,Q5ZWA5
map00740,K03186,lpn:lpg2883,Q5ZRJ8
map00740,K11752,lpn:lpg1177,Q5ZWA8
map00740,K11753,lpn:lpg0936,Q5ZWZ7
map00740,K14652,lpn:lpg1179,Q5ZWA6
map00550,K00075,lpn:lpg2613,Q5ZSA6
map00550,K00790,lpn:lpg0847,Q5ZX85
map00550,K00806,lpn:lpg0503,Q5ZY69
map00550,K01000,lpn:lpg2617,Q5ZSA2
map00550,K01921,lpn:lpg2612,Q5ZSA7
map00550,K01924,lpn:lpg2614,Q5ZSA5
map00550,K01925,lpn:lpg2616,Q5ZSA3
map00550,K01928,lpn:lpg0917,Q5ZX16
map00550,K01929,lpn:lpg2618,Q5ZSA1
map00550,K02563,lpn:lpg0808,Q5ZXC4
map00550,K03587,lpn:lpg0916,Q5ZX17
map00550,K03588,lpn:lpg2615,Q5ZSA4
map00550,K05366,lpn:lpg0925,Q5ZX08
map00550,K05367,lpn:lpg1664,Q5ZUX8
map00550,K05515,lpn:lpg1375,Q5ZVR5
map00550,K05837,lpn:lpg1374,Q5ZVR6
map00550,K07258,lpn:lpg1509,Q5ZVD1
map00550,K07259,lpn:lpg2589,Q5ZSD0
map01501,K01207,lpn:lpg0885,Q5ZX48
map01501,K01207,lpn:lpg1191,Q5ZW95
map01501,K01467,lpn:lpg2412,Q5ZSV4
map01501,K02171,lpn:lpg1620,Q5ZV22
map01501,K03585,lpn:lpg0721,Q5ZXL0
map01501,K03587,lpn:lpg0916,Q5ZX17
map01501,K05366,lpn:lpg0925,Q5ZX08
map01501,K05515,lpn:lpg1375,Q5ZVR5
map01501,K08218,lpn:lpg0792,Q5ZXD9
map01501,K12340,lpn:lpg0699,Q5ZXN2
map01501,K12340,lpn:lpg2925,Q5ZRF7
map01501,K18138,lpn:lpg0720,Q5ZXL1
map01501,K18138,lpn:lpg2512,Q5ZSK5
map01501,K18139,lpn:lpg0018,Q5ZZJ2
map01501,K18139,lpn:lpg0255,Q5ZYV6
map01501,K18139,lpn:lpg0429,Q5ZYE3
map01501,K22352,lpn:lpg1618,Q5ZV24
map04146,K00031,lpn:lpg0816,Q5ZXB6
map04146,K00477,lpn:lpg2694,Q5ZS25
map04146,K00869,lpn:lpg2039,Q5ZTW9
map04146,K01640,lpn:lpg1830,Q5ZUG8
map04146,K01897,lpn:lpg0953,Q5ZWY1
map04146,K01897,lpn:lpg1127,Q5ZWF8
map04146,K01897,lpn:lpg1554,Q5ZV86
map04146,K01897,lpn:lpg2230,Q5ZTD2
map04146,K04564,lpn:lpg2967,P31108
map04146,K04565,lpn:lpg2348,Q5ZT17
map00750,K00097,lpn:lpg0299,Q3V872
map00750,K00275,lpn:lpg0536,Q5ZY37
map00750,K00275,lpn:lpg2139,Q5ZTM2
map00750,K00831,lpn:lpg1418,Q5ZVM2
map00750,K01733,lpn:lpg1643,Q5ZUZ9
map00750,K03473,lpn:lpg0918,Q5ZX15
map00750,K03474,lpn:lpg0946,Q3V870
map00190,K00239,lpn:lpg0530,Q5ZY43
map00190,K00240,lpn:lpg0531,Q5ZY42
map00190,K00241,lpn:lpg0528,Q5ZY45
map00190,K00242,lpn:lpg0529,Q5ZY44
map00190,K00330,lpn:lpg2789,Q5ZRT8
map00190,K00331,lpn:lpg2788,Q5ZRT9
map00190,K00332,lpn:lpg2787,Q5ZRU0
map00190,K00333,lpn:lpg2786,Q5ZRU1
map00190,K00334,lpn:lpg2785,Q5ZRU2
map00190,K00335,lpn:lpg2784,Q5ZRU3
map00190,K00336,lpn:lpg2783,Q5ZRU4
map00190,K00337,lpn:lpg2782,Q5ZRU5
map00190,K00338,lpn:lpg2781,Q5ZRU6
map00190,K00339,lpn:lpg2780,Q5ZRU7
map00190,K00340,lpn:lpg2779,Q5ZRU8
map00190,K00341,lpn:lpg2778,Q5ZRU9
map00190,K00342,lpn:lpg2777,Q5ZRV0
map00190,K00343,lpn:lpg2776,Q5ZRV1
map00190,K00411,lpn:lpg2705,Q5ZS14
map00190,K00412,lpn:lpg2704,Q5ZS15
map00190,K00413,lpn:lpg2703,Q5ZS16
map00190,K00425,lpn:lpg0199,Q5ZZ12
map00190,K00425,lpn:lpg1202,Q5ZW85
map00190,K00426,lpn:lpg0200,Q5ZZ11
map00190,K00426,lpn:lpg1203,Q5ZW84
map00190,K00937,lpn:lpg0289,Q5ZYS2
map00190,K01507,lpn:lpg2764,Q5ZRW2
map00190,K02108,lpn:lpg1051,Q5ZWN4
map00190,K02108,lpn:lpg2988,Q5ZR95
map00190,K02109,lpn:lpg1049,Q5ZWN6
map00190,K02109,lpn:lpg2986,Q5ZR97
map00190,K02110,lpn:lpg1050,Q5ZWN5
map00190,K02110,lpn:lpg2987,Q5ZR96
map00190,K02111,lpn:lpg1048,Q5ZWN7
map00190,K02111,lpn:lpg2984,Q5ZR99
map00190,K02112,lpn:lpg1054,Q5ZWN1
map00190,K02112,lpn:lpg2982,Q5ZRA1
map00190,K02113,lpn:lpg2985,Q5ZR98
map00190,K02114,lpn:lpg1053,Q5ZWN2
map00190,K02114,lpn:lpg2981,Q5ZRA2
map00190,K02115,lpn:lpg1047,Q5ZWN8
map00190,K02115,lpn:lpg2983,Q5ZRA0
map00190,K02257,lpn:lpg0412,Q5ZYG0
map00190,K02258,lpn:lpg2895,Q5ZRI6
map00190,K02259,lpn:lpg0411,Q5ZYG1
map00190,K02274,lpn:lpg2896,Q5ZRI5
map00190,K02275,lpn:lpg2897,Q5ZRI4
map00190,K02276,lpn:lpg2894,Q5ZRI7
map00190,K03885,lpn:lpg0671,Q5ZXR0
map00564,K00057,lpn:lpg2309,Q5ZT56
map00564,K00111,lpn:lpg1413,Q5ZVM7
map00564,K00570,lpn:lpg2158,Q5ZTK3
map00564,K00655,lpn:lpg0551,Q5ZY23
map00564,K00981,lpn:lpg0504,Q5ZY68
map00564,K00995,lpn:lpg2293,Q5ZT72
map00564,K01004,lpn:lpg1584,Q5ZV56
map00564,K01095,lpn:lpg0729,Q5ZXK2
map00564,K01126,lpn:lpg2274,Q5ZT88
map00564,K01126,lpn:lpg2970,Q5ZRB2
map00564,K01613,lpn:lpg2974,Q5ZRA9
map00564,K05939,lpn:lpg0597,Q5ZXY3
map00564,K06131,lpn:lpg1888,Q5ZUB9
map00564,K08591,lpn:lpg2356,Q5ZT09
map00564,K08744,lpn:lpg2801,Q5ZRS9
map00564,K17103,lpn:lpg0474,Q5ZY98
map00620,K00024,lpn:lpg2352,Q5ZT13
map00620,K00027,lpn:lpg1280,Q5ZW08
map00620,K00027,lpn:lpg2971,Q5ZRB1
map00620,K00029,lpn:lpg0651,Q5ZXT0
map00620,K00163,lpn:lpg1504,Q5ZVD6
map00620,K00174,lpn:lpg0947,Q5ZWY7
map00620,K00175,lpn:lpg0948,Q5ZWY6
map00620,K00382,lpn:lpg1502,Q5ZVD8
map00620,K00625,lpn:lpg2261,Q5ZTA1
map00620,K00626,lpn:lpg1597,Q5ZV43
map00620,K00626,lpn:lpg1825,Q5ZUH3
map00620,K00627,lpn:lpg1503,Q5ZVD7
map00620,K00873,lpn:lpg0136,Q5ZZ75
map00620,K00925,lpn:lpg2262,Q5ZTA0
map00620,K01007,lpn:lpg0805,Q5ZXC7
map00620,K01069,lpn:lpg1295,Q5ZVZ3
map00620,K01512,lpn:lpg1886,Q5ZUC1
map00620,K01595,lpn:lpg1607,Q5ZV35
map00620,K01679,lpn:lpg2937,Q5ZRE5
map00620,K01759,lpn:lpg1882,Q5ZUC5
map00620,K01895,lpn:lpg0127,Q5ZZ84
map00620,K01959,lpn:lpg2664,Q5ZS55
map00620,K01960,lpn:lpg0466,Q5ZYA6
map00620,K01961,lpn:lpg0462,Q5ZYB0
map00620,K01962,lpn:lpg0785,Q5ZXE6
map00620,K01963,lpn:lpg1341,Q5ZVU9
map00620,K02160,lpn:lpg0463,Q5ZYA9
map00620,K13953,lpn:lpg2492,Q5ZSM5
map00620,K13979,lpn:lpg0612,Q5ZXW9
map02020,K00027,lpn:lpg1280,Q5ZW08
map02020,K00027,lpn:lpg2971,Q5ZRB1
map02020,K00411,lpn:lpg2705,Q5ZS14
map02020,K00412,lpn:lpg2704,Q5ZS15
map02020,K00413,lpn:lpg2703,Q5ZS16
map02020,K00425,lpn:lpg0199,Q5ZZ12
map02020,K00425,lpn:lpg1202,Q5ZW85
map02020,K00426,lpn:lpg0200,Q5ZZ11
map02020,K00426,lpn:lpg1203,Q5ZW84
map02020,K00626,lpn:lpg1597,Q5ZV43
map02020,K00626,lpn:lpg1825,Q5ZUH3
map02020,K00990,lpn:lpg1720,Q5ZUS2
map02020,K01425,lpn:lpg0241,Q5ZYX0
map02020,K01467,lpn:lpg2412,Q5ZSV4
map02020,K01915,lpn:lpg1364,Q5ZVS6
map02020,K01915,lpn:lpg2252,Q5ZTB0
map02020,K02259,lpn:lpg0411,Q5ZYG1
map02020,K02313,lpn:lpg0001,Q5ZZK8
map02020,K02398,lpn:lpg0907,Q5ZX26
map02020,K02405,lpn:lpg1782,Q5ZUL1
map02020,K02406,lpn:lpg1340,Q5ZVV0
map02020,K02556,lpn:lpg1781,Q5ZUL2
map02020,K02556,lpn:lpg2318,Q5ZT47
map02020,K02650,lpn:lpg1914,Q5ZU93
map02020,K02650,lpn:lpg1915,Q5ZU92
map02020,K02667,lpn:lpg1174,Q5ZWB1
map02020,K02668,lpn:lpg1173,Q5ZWB2
map02020,K03092,lpn:lpg0477,Q5ZY95
map02020,K03563,lpn:lpg0781,Q5ZXF0
map02020,K03563,lpn:lpg1003,Q5ZWT2
map02020,K03563,lpn:lpg1257,Q5ZW30
map02020,K03563,lpn:lpg1593,Q5ZV47
map02020,K03563,lpn:lpg2094,Q5ZTR7
map02020,K04771,lpn:lpg1331,Q5ZVV9
map02020,K05966,lpn:lpg2430,Q5ZST6
map02020,K07640,lpn:lpg1437,Q5ZVK3
map02020,K07644,lpn:lpg0714,Q5ZXL7
map02020,K07645,lpn:lpg1291,Q5ZVZ7
map02020,K07662,lpn:lpg1438,Q5ZVK2
map02020,K07665,lpn:lpg0715,Q5ZXL6
map02020,K07666,lpn:lpg1292,Q5ZVZ6
map02020,K07678,lpn:lpg1912,Q5ZU95
map02020,K07689,lpn:lpg2646,Q5ZS73
map02020,K07783,lpn:lpg2553,Q5ZSG4
map02020,K07787,lpn:lpg1020,Q5ZWR5
map02020,K07787,lpn:lpg1096,Q5ZWI9
map02020,K07796,lpn:lpg1018,Q5ZWR7
map02020,K07796,lpn:lpg1094,Q5ZWJ1
map02020,K07798,lpn:lpg1019,Q5ZWR6
map02020,K07798,lpn:lpg1095,Q5ZWJ0
map02020,K08641,lpn:lpg2449,Q5ZSR8
map02020,K08641,lpn:lpg2585,Q5ZSD4
map02020,K10914,lpn:lpg2125,Q5ZTN6
map02020,K10941,lpn:lpg0853,Q5ZX79
map02020,K10942,lpn:lpg1763,Q5ZUN0
map02020,K10943,lpn:lpg1762,Q5ZUN1
map02020,K11103,lpn:lpg2245,Q5ZTB7
map02020,K12340,lpn:lpg0699,Q5ZXN2
map02020,K12340,lpn:lpg2925,Q5ZRF7
map00540,K00677,lpn:lpg0511,Q5ZY61
map00540,K00677,lpn:lpg2943,Q5ZRD9
map00540,K00748,lpn:lpg1371,Q5ZVR9
map00540,K00748,lpn:lpg2945,Q5ZRD7
map00540,K00912,lpn:lpg1818,Q5ZUI0
map00540,K02517,lpn:lpg0363,Q5ZYK9
map00540,K02517,lpn:lpg2940,Q5ZRE2
map00540,K02517,lpn:lpg2941,Q5ZRE1
map00540,K02527,lpn:lpg2340,Q5ZT25
map00540,K02535,lpn:lpg2608,Q5ZSB1
map00540,K02536,lpn:lpg0100,Q5ZZB1
map00540,K02536,lpn:lpg0508,Q5ZY64
map00540,K02536,lpn:lpg2944,Q5ZRD8
map00540,K02847,lpn:lpg0822,Q5ZXB0
map00540,K03269,lpn:lpg1552,Q5ZV88
map00540,K12973,lpn:lpg0025,Q5ZZI5
map00130,K00457,lpn:lpg2278,Q5ZT84
map00130,K00568,lpn:lpg1699,Q5ZUU3
map00130,K03179,lpn:lpg1430,Q5ZVL0
map00130,K03182,lpn:lpg2933,Q5ZRE9
map00130,K03183,lpn:lpg2903,Q5ZRH9
map00130,K03185,lpn:lpg0078,Q5ZZD3
map00130,K03186,lpn:lpg2883,Q5ZRJ8
map00130,K03809,lpn:lpg0646,Q5ZXT5
map00130,K06134,lpn:lpg0028,Q5ZZI2
map00130,K18800,lpn:lpg0079,Q5ZZD2
map00410,K00140,lpn:lpg0129,Q5ZZ82
map00410,K00276,lpn:lpg2910,Q5ZRH2
map00410,K01579,lpn:lpg2929,Q5ZRF3
map00410,K01782,lpn:lpg1596,Q5ZV44
map00410,K01918,lpn:lpg2662,Q5ZS57
map00410,K07250,lpn:lpg0239,Q5ZYX2
map00350,K00135,lpn:lpg1583,Q5ZV57
map00350,K00276,lpn:lpg2910,Q5ZRH2
map00350,K00451,lpn:lpg1285,Q9S4T0
map00350,K00457,lpn:lpg2278,Q5ZT84
map00350,K00812,lpn:lpg0070,Q5ZZE1
map00350,K00812,lpn:lpg2532,Q5ZSI5
map00350,K00817,lpn:lpg1198,Q5ZW88
map00350,K00817,lpn:lpg1998,Q5ZU10
map00350,K01800,lpn:lpg2280,Q5ZT82
map00350,K13953,lpn:lpg2492,Q5ZSM5
map00350,K16171,lpn:lpg2279,Q5ZT83
map00450,K00384,lpn:lpg1767,Q5ZUM6
map00450,K01760,lpn:lpg0890,Q5ZX43
map00450,K01874,lpn:lpg2882,Q5ZRJ9
map00450,K11717,lpn:lpg0604,Q5ZXX6
map00970,K00604,lpn:lpg2594,Q5ZSC5
map00970,K01866,lpn:lpg0568,Q5ZY07
map00970,K01867,lpn:lpg1444,Q5ZVJ6
map00970,K01868,lpn:lpg2714,Q5ZS05
map00970,K01869,lpn:lpg1348,Q5ZVU2
map00970,K01870,lpn:lpg0937,Q5ZWZ6
map00970,K01872,lpn:lpg1799,Q5ZUJ9
map00970,K01873,lpn:lpg0719,Q5ZXL2
map00970,K01874,lpn:lpg2882,Q5ZRJ9
map00970,K01875,lpn:lpg0513,Q5ZY59
map00970,K01876,lpn:lpg1478,Q5ZVG2
map00970,K01878,lpn:lpg1840,Q5ZUF8
map00970,K01879,lpn:lpg1839,Q5ZUF9
map00970,K01881,lpn:lpg0694,Q5ZXN7
map00970,K01883,lpn:lpg1307,Q5ZVY1
map00970,K01885,lpn:lpg1911,Q5ZU96
map00970,K01886,lpn:lpg1306,Q5ZVY2
map00970,K01887,lpn:lpg2031,Q5ZTX7
map00970,K01889,lpn:lpg2711,Q5ZS08
map00970,K01890,lpn:lpg2710,Q5ZS09
map00970,K01892,lpn:lpg1544,Q5ZV96
map00970,K01893,lpn:lpg2282,Q5ZT80
map00970,K02433,lpn:lpg1736,Q5ZUQ7
map00970,K02434,lpn:lpg1737,Q5ZUQ6
map00970,K02435,lpn:lpg1735,Q5ZUQ8
map00970,K04567,lpn:lpg1777,Q5ZUL6
map00670,K00130,lpn:lpg0238,Q5ZYX3
map00670,K00282,lpn:lpg0116,Q5ZZ95
map00670,K00283,lpn:lpg0114,Q5ZZ97
map00670,K00287,lpn:lpg0300,Q5ZYR2
map00670,K00382,lpn:lpg1502,Q5ZVD8
map00670,K00560,lpn:lpg2868,Q5ZRL3
map00670,K00600,lpn:lpg0725,Q5ZXK6
map00670,K00602,lpn:lpg0460,Q5ZYB2
map00670,K00605,lpn:lpg0118,Q5ZZ93
map00670,K00789,lpn:lpg2022,Q5ZTY6
map00670,K01251,lpn:lpg2021,Q5ZTY7
map00670,K01251,lpn:lpg2172,Q5ZTI9
map00670,K01491,lpn:lpg1297,Q5ZVZ1
map00670,K01934,lpn:lpg0593,Q5ZXY7
map00670,K02437,lpn:lpg0117,Q5ZZ94
map00670,K11175,lpn:lpg1672,Q5ZUX0
map04981,K00287,lpn:lpg0300,Q5ZYR2
map04981,K00560,lpn:lpg2868,Q5ZRL3
map04981,K00600,lpn:lpg0725,Q5ZXK6
map04981,K01934,lpn:lpg0593,Q5ZXY7
map03440,K01159,lpn:lpg1287,Q5ZW01
map03440,K02335,lpn:lpg0099,Q5ZZB2
map03440,K02337,lpn:lpg0962,Q5ZWX2
map03440,K02338,lpn:lpg0002,Q5ZZK7
map03440,K02339,lpn:lpg2632,Q5ZS87
map03440,K02340,lpn:lpg1346,Q5ZVU4
map03440,K02341,lpn:lpg1400,Q5ZVP0
map03440,K02342,lpn:lpg1384,Q5ZVQ6
map03440,K02343,lpn:lpg2754,Q5ZRX2
map03440,K03111,lpn:lpg0356,Q5ZYL6
map03440,K03111,lpn:lpg0977,Q5ZWV8
map03440,K03550,lpn:lpg1288,Q5ZW00
map03440,K03551,lpn:lpg1576,Q5ZV64
map03440,K03553,lpn:lpg1801,Q5ZUJ7
map03440,K03584,lpn:lpg0943,Q5ZWZ0
map03440,K03629,lpn:lpg0003,Q5ZZK6
map03440,K03655,lpn:lpg2033,Q5ZTX5
map03440,K03655,lpn:lpg2559,Q5ZSF8
map03440,K04066,lpn:lpg2866,Q5ZRL5
map03440,K06187,lpn:lpg2756,Q5ZRX0
map03440,K07462,lpn:lpg1461,Q5ZVH9
map00760,K00135,lpn:lpg1583,Q5ZV57
map00760,K00278,lpn:lpg0800,Q5ZXD2
map00760,K00324,lpn:lpg0875,Q5ZX57
map00760,K00324,lpn:lpg0876,Q5ZX56
map00760,K00325,lpn:lpg0874,Q5ZX58
map00760,K00763,lpn:lpg0270,Q5ZYU1
map00760,K00767,lpn:lpg0807,Q5ZXC5
map00760,K00858,lpn:lpg2823,Q5ZRQ7
map00760,K00969,lpn:lpg1345,Q5ZVU5
map00760,K01081,lpn:lpg2677,Q5ZS42
map00760,K01950,lpn:lpg0734,Q5ZXJ7
map00760,K03517,lpn:lpg0799,Q5ZXD3
map00760,K03743,lpn:lpg1804,Q5ZUJ4
map00760,K03783,lpn:lpg1434,Q5ZVK6
map00760,K03787,lpn:lpg1282,Q9S4T3
map00760,K08281,lpn:lpg0271,Q5ZYU0
map00400,K00014,lpn:lpg2808,Q5ZRS2
map00400,K00500,lpn:lpg2647,Q5ZS72
map00400,K00766,lpn:lpg0834,Q5ZX98
map00400,K00800,lpn:lpg1419,Q5ZVM1
map00400,K00812,lpn:lpg0070,Q5ZZE1
map00400,K00812,lpn:lpg2532,Q5ZSI5
map00400,K00817,lpn:lpg1198,Q5ZW88
map00400,K00817,lpn:lpg1998,Q5ZU10
map00400,K00891,lpn:lpg0932,Q5ZX01
map00400,K01609,lpn:lpg0833,Q5ZX99
map00400,K01626,lpn:lpg0063,Q5ZZE7
map00400,K01626,lpn:lpg2027,Q5ZTY1
map00400,K01626,lpn:lpg2530,Q5ZSI7
map00400,K01658,lpn:lpg0835,Q5ZX97
map00400,K01695,lpn:lpg1305,Q5ZVY3
map00400,K01696,lpn:lpg1304,Q5ZVY4
map00400,K01735,lpn:lpg0933,Q5ZX00
map00400,K01736,lpn:lpg2303,Q5ZT62
map00400,K01817,lpn:lpg1303,Q5ZVY5
map00400,K03786,lpn:lpg0464,Q5ZYA8
map00400,K04518,lpn:lpg2531,Q5ZSI6
map00400,K13503,lpn:lpg1734,Q5ZUQ9
map00999,K00014,lpn:lpg2808,Q5ZRS2
map00999,K00789,lpn:lpg2022,Q5ZTY6
map00562,K00010,lpn:lpg1652,Q5ZUZ0
map00562,K00140,lpn:lpg0129,Q5ZZ82
map00562,K01092,lpn:lpg1748,Q5ZUP5
map00562,K01803,lpn:lpg2792,Q5ZRT6
map00562,K03335,lpn:lpg1649,Q5ZUZ3
map00562,K03336,lpn:lpg1650,Q5ZUZ2
map00562,K03338,lpn:lpg1651,Q5ZUZ1
map00710,K00024,lpn:lpg2352,Q5ZT13
map00710,K00029,lpn:lpg0651,Q5ZXT0
map00710,K00134,lpn:lpg0138,Q5ZZ73
map00710,K00615,lpn:lpg0139,Q5ZZ72
map00710,K00927,lpn:lpg0137,Q5ZZ74
map00710,K01595,lpn:lpg1607,Q5ZV35
map00710,K01623,lpn:lpg0470,Q5ZYA2
map00710,K01783,lpn:lpg0664,Q5ZXR7
map00710,K01803,lpn:lpg2792,Q5ZRT6
map00710,K01807,lpn:lpg0094,Q5ZZB7
map00860,K00228,lpn:lpg1215,Q5ZW72
map00860,K01599,lpn:lpg2028,Q5ZTY0
map00860,K01698,lpn:lpg1808,Q5ZUJ0
map00860,K01719,lpn:lpg2736,Q5ZRY5
map00860,K01749,lpn:lpg2735,Q5ZRY6
map00860,K01772,lpn:lpg0425,Q5ZYE7
map00860,K01845,lpn:lpg1534,Q5ZVA6
map00860,K01885,lpn:lpg1911,Q5ZU96
map00860,K02257,lpn:lpg0412,Q5ZYG0
map00860,K02259,lpn:lpg0411,Q5ZYG1
map00860,K02492,lpn:lpg2335,Q5ZT30
map00860,K02496,lpn:lpg2737,Q5ZRY4
map00860,K03594,lpn:lpg2393,Q5ZSX3
map00860,K08973,lpn:lpg1536,Q5ZVA4
map00860,K21480,lpn:lpg0229,Q5ZYY2
map02024,K01399,lpn:lpg0467,Q5ZYA5
map02024,K01399,lpn:lpg1655,Q5ZUY7
map02024,K01399,lpn:lpg2977,Q5ZRA6
map02024,K01626,lpn:lpg0063,Q5ZZE7
map02024,K01626,lpn:lpg2027,Q5ZTY1
map02024,K01626,lpn:lpg2530,Q5ZSI7
map02024,K01658,lpn:lpg0835,Q5ZX97
map02024,K01897,lpn:lpg0953,Q5ZWY1
map02024,K01897,lpn:lpg1127,Q5ZWF8
map02024,K01897,lpn:lpg1554,Q5ZV86
map02024,K01897,lpn:lpg2230,Q5ZTD2
map02024,K02031,lpn:lpg0692,Q5ZXN9
map02024,K02032,lpn:lpg0692,Q5ZXN9
map02024,K02033,lpn:lpg0960,Q5ZWX4
map02024,K02034,lpn:lpg0961,Q5ZWX3
map02024,K02035,lpn:lpg0959,Q5ZWX5
map02024,K03070,lpn:lpg1463,Q5ZVH7
map02024,K03071,lpn:lpg2308,Q5ZT57
map02024,K03073,lpn:lpg0316,Q5ZYQ6
map02024,K03075,lpn:lpg2791,Q5ZRT7
map02024,K03076,lpn:lpg0349,Q5ZYM3
map02024,K03106,lpn:lpg0400,Q5ZYH2
map02024,K03110,lpn:lpg2670,Q5ZS49
map02024,K03210,lpn:lpg2002,Q5ZU06
map02024,K03217,lpn:lpg3002,Q5ZR81
map02024,K03666,lpn:lpg0009,Q5ZZK1
map02024,K07645,lpn:lpg1291,Q5ZVZ7
map02024,K07666,lpn:lpg1292,Q5ZVZ6
map02024,K09823,lpn:lpg0232,Q5ZYX9
map02024,K10914,lpn:lpg2125,Q5ZTN6
map02024,K10915,lpn:lpg2731,Q5ZRZ0
map02024,K11752,lpn:lpg1177,Q5ZWA8
map02024,K14645,lpn:lpg2019,Q5ZTY9
map02024,K18139,lpn:lpg0018,Q5ZZJ2
map02024,K18139,lpn:lpg0255,Q5ZYV6
map02024,K18139,lpn:lpg0429,Q5ZYE3
map02024,K20265,lpn:lpg0404,Q5ZYG8
map02024,K20265,lpn:lpg1658,Q5ZUY4
map02024,K20265,lpn:lpg1691,P37034
map02024,K20265,lpn:lpg1917,Q5ZU90
map03060,K03070,lpn:lpg1463,Q5ZVH7
map03060,K03071,lpn:lpg2308,Q5ZT57
map03060,K03072,lpn:lpg2001,Q5ZU07
map03060,K03073,lpn:lpg0316,Q5ZYQ6
map03060,K03074,lpn:lpg2000,Q5ZU08
map03060,K03075,lpn:lpg2791,Q5ZRT7
map03060,K03076,lpn:lpg0349,Q5ZYM3
map03060,K03100,lpn:lpg1871,Q5ZUD3
map03060,K03101,lpn:lpg0938,Q5ZWZ5
map03060,K03106,lpn:lpg0400,Q5ZYH2
map03060,K03110,lpn:lpg2670,Q5ZS49
map03060,K03117,lpn:lpg2906,Q5ZRH6
map03060,K03118,lpn:lpg2930,Q5ZRF2
map03060,K03210,lpn:lpg2002,Q5ZU06
map03060,K03217,lpn:lpg3002,Q5ZR81
map03070,K02453,lpn:lpg1320,Q5ZVW8
map03070,K02454,lpn:lpg1319,Q5ZVW9
map03070,K02455,lpn:lpg1363,Q5ZVS7
map03070,K02456,lpn:lpg1362,Q5ZVS8
map03070,K02457,lpn:lpg1361,Q5ZVS9
map03070,K02458,lpn:lpg1360,Q5ZVT0
map03070,K02459,lpn:lpg1359,Q5ZVT1
map03070,K02460,lpn:lpg1358,Q5ZVT2
map03070,K02461,lpn:lpg1874,Q5ZUD0
map03070,K02462,lpn:lpg1875,Q5ZUC9
map03070,K03070,lpn:lpg1463,Q5ZVH7
map03070,K03071,lpn:lpg2308,Q5ZT57
map03070,K03072,lpn:lpg2001,Q5ZU07
map03070,K03073,lpn:lpg0316,Q5ZYQ6
map03070,K03074,lpn:lpg2000,Q5ZU08
map03070,K03075,lpn:lpg2791,Q5ZRT7
map03070,K03076,lpn:lpg0349,Q5ZYM3
map03070,K03106,lpn:lpg0400,Q5ZYH2
map03070,K03110,lpn:lpg2670,Q5ZS49
map03070,K03117,lpn:lpg2906,Q5ZRH6
map03070,K03118,lpn:lpg2930,Q5ZRF2
map03070,K03195,lpn:lpg1247,Q5ZW40
map03070,K03196,lpn:lpg1246,Q5ZW41
map03070,K03198,lpn:lpg1255,Q5ZW32
map03070,K03199,lpn:lpg1254,Q5ZW33
map03070,K03200,lpn:lpg1253,Q5ZW34
map03070,K03201,lpn:lpg1250,Q5ZW37
map03070,K03202,lpn:lpg1252,Q5ZW35
map03070,K03203,lpn:lpg1249,Q5ZW38
map03070,K03204,lpn:lpg1248,Q5ZW39
map03070,K03205,lpn:lpg1245,Q5ZW42
map03070,K03210,lpn:lpg2002,Q5ZU06
map03070,K03217,lpn:lpg3002,Q5ZR81
map03070,K11892,lpn:lpg0459,Q5ZYB3
map03070,K12340,lpn:lpg0699,Q5ZXN2
map03070,K12340,lpn:lpg2925,Q5ZRF7
map00480,K00031,lpn:lpg0816,Q5ZXB6
map00480,K00036,lpn:lpg0416,Q5ZYF6
map00480,K00383,lpn:lpg0578,Q5ZY02
map00480,K00681,lpn:lpg0549,Q5ZY25
map00480,K00799,lpn:lpg1908,Q5ZU99
map00480,K01255,lpn:lpg2631,Q5ZS88
map00480,K01255,lpn:lpg2634,Q5ZS85
map00480,K01256,lpn:lpg1497,Q5ZVE3
map00480,K01256,lpn:lpg2809,Q5ZRS1
map00480,K01919,lpn:lpg1847,Q5ZUF1
map00480,K01920,lpn:lpg1846,Q5ZUF2
map00480,K06048,lpn:lpg2719,Q5ZS01
map01502,K01000,lpn:lpg2617,Q5ZSA2
map01502,K01775,lpn:lpg0739,Q5ZXJ2
map01502,K01921,lpn:lpg2612,Q5ZSA7
map01502,K01929,lpn:lpg2618,Q5ZSA1
map01502,K02563,lpn:lpg0808,Q5ZXC4
map01502,K08641,lpn:lpg2449,Q5ZSR8
map01502,K08641,lpn:lpg2585,Q5ZSD4
map00470,K00824,lpn:lpg1510,Q5ZVD0
map00470,K01425,lpn:lpg0241,Q5ZYX0
map00470,K01775,lpn:lpg0739,Q5ZXJ2
map00470,K01776,lpn:lpg2310,Q5ZT55
map00470,K01778,lpn:lpg0366,Q5ZYK6
map00470,K01921,lpn:lpg2612,Q5ZSA7
map00470,K01925,lpn:lpg2616,Q5ZSA3
map00470,K12526,lpn:lpg1811,Q5ZUI7
map00470,K19802,lpn:lpg1956,Q5ZU52
map00470,K23265,lpn:lpg1676,Q5ZUW6
map03030,K01972,lpn:lpg0958,Q5ZWX6
map03030,K02314,lpn:lpg0738,Q5ZXJ3
map03030,K02316,lpn:lpg2360,Q5ZT05
map03030,K02335,lpn:lpg0099,Q5ZZB2
map03030,K02337,lpn:lpg0962,Q5ZWX2
map03030,K02338,lpn:lpg0002,Q5ZZK7
map03030,K02339,lpn:lpg2632,Q5ZS87
map03030,K02340,lpn:lpg1346,Q5ZVU4
map03030,K02341,lpn:lpg1400,Q5ZVP0
map03030,K02342,lpn:lpg1384,Q5ZVQ6
map03030,K02343,lpn:lpg2754,Q5ZRX2
map03030,K03111,lpn:lpg0356,Q5ZYL6
map03030,K03111,lpn:lpg0977,Q5ZWV8
map03030,K03469,lpn:lpg1383,Q5ZVQ7
map03030,K03470,lpn:lpg1373,Q5ZVR7
map00561,K00655,lpn:lpg0551,Q5ZY23
map00561,K00864,lpn:lpg1414,Q5ZVM6
map00561,K03621,lpn:lpg1392,Q5ZVP8
map00561,K08591,lpn:lpg2356,Q5ZT09
map00561,K13979,lpn:lpg0612,Q5ZXW9
map00561,K19002,lpn:lpg1632,Q5ZV10
map00780,K00059,lpn:lpg1395,Q5ZVP5
map00780,K00059,lpn:lpg2231,Q5ZTD1
map00780,K00208,lpn:lpg1854,Q5ZUE4
map00780,K00647,lpn:lpg0361,Q5ZYL1
map00780,K00647,lpn:lpg0362,Q5ZYL0
map00780,K00652,lpn:lpg1473,Q5ZVG7
map00780,K00833,lpn:lpg1471,Q5ZVG9
map00780,K01012,lpn:lpg1472,Q5ZVG8
map00780,K01935,lpn:lpg1475,Q5ZVG5
map00780,K02169,lpn:lpg2331,Q5ZT34
map00780,K02170,lpn:lpg1474,Q5ZVG6
map00780,K02372,lpn:lpg0510,Q5ZY62
map00780,K03524,lpn:lpg0783,Q5ZXE8
map00780,K09458,lpn:lpg0102,Q5ZZA9
map00780,K09458,lpn:lpg1397,Q5ZVP3
map02010,K02065,lpn:lpg0841,Q5ZX91
map02010,K02065,lpn:lpg2046,Q5ZTW2
map02010,K02066,lpn:lpg0842,Q5ZX90
map02010,K02066,lpn:lpg2047,Q5ZTW1
map02010,K02067,lpn:lpg0843,Q5ZX89
map02010,K02067,lpn:lpg2045,Q5ZTW3
map02010,K02071,lpn:lpg1833,Q5ZUG5
map02010,K02072,lpn:lpg1834,Q5ZUG4
map02010,K02073,lpn:lpg1835,Q5ZUG3
map02010,K02193,lpn:lpg0856,Q5ZX76
map02010,K02194,lpn:lpg0857,Q5ZX75
map02010,K02195,lpn:lpg0858,Q5ZX74
map02010,K02196,lpn:lpg0859,Q5ZX73
map02010,K05813,lpn:lpg2273,Q5ZT89
map02010,K05814,lpn:lpg1731,Q5ZUR2
map02010,K05815,lpn:lpg1730,Q5ZUR3
map02010,K05816,lpn:lpg1729,Q5ZUR4
map02010,K06861,lpn:lpg0836,Q5ZX96
map02010,K07091,lpn:lpg2630,Q5ZS89
map02010,K07122,lpn:lpg0845,Q5ZX87
map02010,K07323,lpn:lpg0844,Q5ZX88
map02010,K09690,lpn:lpg0772,Q5ZXF9
map02010,K09691,lpn:lpg0773,Q5ZXF8
map02010,K09808,lpn:lpg0850,Q5ZX82
map02010,K09808,lpn:lpg2285,Q5ZT77
map02010,K09810,lpn:lpg0849,Q5ZX83
map02010,K09810,lpn:lpg2284,Q5ZT78
map02010,K09811,lpn:lpg2668,Q5ZS51
map02010,K09812,lpn:lpg2669,Q5ZS50
map02010,K11069,lpn:lpg1138,Q5ZWE7
map02010,K11070,lpn:lpg1139,Q5ZWE6
map02010,K11071,lpn:lpg1140,Q5ZWE5
map02010,K11072,lpn:lpg1141,Q5ZWE4
map02010,K11085,lpn:lpg1819,Q5ZUH9
map02010,K11720,lpn:lpg2629,Q5ZS90
map02010,K12541,lpn:lpg1515,Q5ZVC5
map02010,K24821,lpn:lpg2063,Q5ZTU8
map02010,K24821,lpn:lpg2064,Q5ZTU7
map00430,K00259,lpn:lpg0924,Q5ZX09
map00430,K00625,lpn:lpg2261,Q5ZTA1
map00430,K00681,lpn:lpg0549,Q5ZY25
map00430,K00925,lpn:lpg2262,Q5ZTA0
map00430,K15371,lpn:lpg0245,Q5ZYW6
map00430,K15371,lpn:lpg1581,Q5ZV59
map00600,K01634,lpn:lpg2176,Q5ZTI6
map00900,K00054,lpn:lpg2052,Q5ZTV6
map00900,K00626,lpn:lpg1597,Q5ZV43
map00900,K00626,lpn:lpg1825,Q5ZUH3
map00900,K00795,lpn:lpg2330,Q5ZT35
map00900,K00806,lpn:lpg0503,Q5ZY69
map00900,K00869,lpn:lpg2039,Q5ZTW9
map00900,K01597,lpn:lpg2040,Q5ZTW8
map00900,K01823,lpn:lpg2051,Q5ZTV7
map00900,K02523,lpn:lpg2656,Q5ZS63
map00900,K03186,lpn:lpg2883,Q5ZRJ8
map00340,K00013,lpn:lpg1199,Q5ZW87
map00340,K00765,lpn:lpg1200,Q5ZW86
map00340,K00817,lpn:lpg1198,Q5ZW88
map00340,K00817,lpn:lpg1998,Q5ZU10
map00340,K01089,lpn:lpg1197,Q5ZW89
map00340,K01468,lpn:lpg0711,Q5ZXM0
map00340,K01479,lpn:lpg0709,Q5ZXM2
map00340,K01712,lpn:lpg1379,Q5ZVR1
map00340,K01745,lpn:lpg1380,Q5ZVR0
map00340,K01814,lpn:lpg1195,Q5ZW91
map00340,K02500,lpn:lpg0749,Q5ZXI2
map00340,K02500,lpn:lpg1194,Q5ZW92
map00340,K02501,lpn:lpg0750,Q5ZXI1
map00340,K02501,lpn:lpg1196,Q5ZW90
map00340,K11755,lpn:lpg1193,Q5ZW93
map00401,K00812,lpn:lpg0070,Q5ZZE1
map00401,K00812,lpn:lpg2532,Q5ZSI5
map00401,K00817,lpn:lpg1198,Q5ZW88
map00401,K00817,lpn:lpg1998,Q5ZU10
map03008,K03685,lpn:lpg1869,Q5ZUD5
map03008,K13288,lpn:lpg2741,Q5ZRY0
map03420,K01972,lpn:lpg0958,Q5ZWX6
map03420,K02335,lpn:lpg0099,Q5ZZB2
map03420,K03657,lpn:lpg1842,Q5ZUF6
map03420,K03701,lpn:lpg0384,Q5ZYI8
map03420,K03702,lpn:lpg0072,Q5ZZD9
map03420,K03703,lpn:lpg2645,Q5ZS74
map03420,K03723,lpn:lpg0954,Q5ZWY0
map03430,K01972,lpn:lpg0958,Q5ZWX6
map03430,K02337,lpn:lpg0962,Q5ZWX2
map03430,K02338,lpn:lpg0002,Q5ZZK7
map03430,K02339,lpn:lpg2632,Q5ZS87
map03430,K02340,lpn:lpg1346,Q5ZVU4
map03430,K02341,lpn:lpg1400,Q5ZVP0
map03430,K02342,lpn:lpg1384,Q5ZVQ6
map03430,K02343,lpn:lpg2754,Q5ZRX2
map03430,K03111,lpn:lpg0356,Q5ZYL6
map03430,K03111,lpn:lpg0977,Q5ZWV8
map03430,K03555,lpn:lpg1805,Q5ZUJ3
map03430,K03572,lpn:lpg2697,Q5ZS22
map03430,K03573,lpn:lpg1480,Q5ZVG0
map03430,K03601,lpn:lpg0826,Q5ZXA6
map03430,K03602,lpn:lpg2329,Q5ZT36
map03430,K03657,lpn:lpg1842,Q5ZUF6
map03430,K06223,lpn:lpg0654,Q5ZXS7
map03430,K06223,lpn:lpg2075,Q5ZTT6
map03430,K07462,lpn:lpg1461,Q5ZVH9
map00071,K00252,lpn:lpg2580,Q5ZSD9
map00071,K00496,lpn:lpg2997,Q5ZR86
map00071,K00626,lpn:lpg1597,Q5ZV43
map00071,K00626,lpn:lpg1825,Q5ZUH3
map00071,K00632,lpn:lpg1353,Q5ZVT7
map00071,K01782,lpn:lpg1596,Q5ZV44
map00071,K01897,lpn:lpg0953,Q5ZWY1
map00071,K01897,lpn:lpg1127,Q5ZWF8
map00071,K01897,lpn:lpg1554,Q5ZV86
map00071,K01897,lpn:lpg2230,Q5ZTD2
map00071,K05939,lpn:lpg0597,Q5ZXY3
map00071,K06445,lpn:lpg1726,Q5ZUR7
map00071,K07516,lpn:lpg1352,Q5ZVT8
map00071,K13953,lpn:lpg2492,Q5ZSM5
map01212,K00059,lpn:lpg1395,Q5ZVP5
map01212,K00059,lpn:lpg2231,Q5ZTD1
map01212,K00208,lpn:lpg1854,Q5ZUE4
map01212,K00507,lpn:lpg0249,Q5ZYW2
map01212,K00507,lpn:lpg0558,Q5ZY17
map01212,K00626,lpn:lpg1597,Q5ZV43
map01212,K00626,lpn:lpg1825,Q5ZUH3
map01212,K00632,lpn:lpg1353,Q5ZVT7
map01212,K00645,lpn:lpg1394,Q5ZVP6
map01212,K00647,lpn:lpg0361,Q5ZYL1
map01212,K00647,lpn:lpg0362,Q5ZYL0
map01212,K00648,lpn:lpg1393,Q5ZVP7
map01212,K00648,lpn:lpg1631,Q5ZV11
map01212,K00648,lpn:lpg2228,Q5ZTD4
map01212,K00648,lpn:lpg2232,Q5ZTD0
map01212,K01782,lpn:lpg1596,Q5ZV44
map01212,K01897,lpn:lpg0953,Q5ZWY1
map01212,K01897,lpn:lpg1127,Q5ZWF8
map01212,K01897,lpn:lpg1554,Q5ZV86
map01212,K01897,lpn:lpg2230,Q5ZTD2
map01212,K01961,lpn:lpg0462,Q5ZYB0
map01212,K01962,lpn:lpg0785,Q5ZXE6
map01212,K01963,lpn:lpg1341,Q5ZVU9
map01212,K02160,lpn:lpg0463,Q5ZYA9
map01212,K02372,lpn:lpg0510,Q5ZY62
map01212,K06445,lpn:lpg1726,Q5ZUR7
map01212,K07516,lpn:lpg1352,Q5ZVT8
map01212,K09458,lpn:lpg0102,Q5ZZA9
map01212,K09458,lpn:lpg1397,Q5ZVP3
map00330,K00147,lpn:lpg1609,Q5ZV33
map00330,K00286,lpn:lpg2015,Q5ZTZ3
map00330,K00673,lpn:lpg1706,Q5ZUT6
map00330,K00812,lpn:lpg0070,Q5ZZE1
map00330,K00812,lpn:lpg2532,Q5ZSI5
map00330,K00824,lpn:lpg1510,Q5ZVD0
map00330,K00931,lpn:lpg1610,Q5ZV32
map00330,K01259,lpn:lpg1843,Q5ZUF5
map00330,K01426,lpn:lpg2355,Q5ZT10
map00330,K01426,lpn:lpg2852,Q5ZRM8
map00330,K01484,lpn:lpg1708,Q5ZUT4
map00330,K01585,lpn:lpg0006,A0A572
map00330,K06447,lpn:lpg1707,Q5ZUT5
map00330,K10536,lpn:lpg0005,Q5ZZK4
map00330,K12251,lpn:lpg0007,Q5ZZK3
map00330,K13821,lpn:lpg1696,Q5ZUU6
map00332,K00147,lpn:lpg1609,Q5ZV33
map00332,K00931,lpn:lpg1610,Q5ZV32
map04122,K00566,lpn:lpg1389,Q5ZVQ1
map04122,K04487,lpn:lpg1746,Q5ZUP7
map04122,K21147,lpn:lpg1569,Q5ZV71
map00785,K00163,lpn:lpg1504,Q5ZVD6
map00785,K00164,lpn:lpg0532,Q5ZY41
map00785,K00166,lpn:lpg1558,Q5ZV82
map00785,K00167,lpn:lpg1559,Q5ZV81
map00785,K00282,lpn:lpg0116,Q5ZZ95
map00785,K00283,lpn:lpg0114,Q5ZZ97
map00785,K00382,lpn:lpg1502,Q5ZVD8
map00785,K00605,lpn:lpg0118,Q5ZZ93
map00785,K00627,lpn:lpg1503,Q5ZVD7
map00785,K00658,lpn:lpg0533,Q5ZY40
map00785,K02437,lpn:lpg0117,Q5ZZ94
map00785,K03644,lpn:lpg0745,Q5ZXI6
map00785,K03801,lpn:lpg1511,Q5ZVC9
map00785,K09699,lpn:lpg1560,Q5ZV80
map00785,K11381,lpn:lpg2581,Q5ZSD8
map00061,K00059,lpn:lpg1395,Q5ZVP5
map00061,K00059,lpn:lpg2231,Q5ZTD1
map00061,K00208,lpn:lpg1854,Q5ZUE4
map00061,K00645,lpn:lpg1394,Q5ZVP6
map00061,K00647,lpn:lpg0361,Q5ZYL1
map00061,K00647,lpn:lpg0362,Q5ZYL0
map00061,K00648,lpn:lpg1393,Q5ZVP7
map00061,K00648,lpn:lpg1631,Q5ZV11
map00061,K00648,lpn:lpg2228,Q5ZTD4
map00061,K00648,lpn:lpg2232,Q5ZTD0
map00061,K01897,lpn:lpg0953,Q5ZWY1
map00061,K01897,lpn:lpg1127,Q5ZWF8
map00061,K01897,lpn:lpg1554,Q5ZV86
map00061,K01897,lpn:lpg2230,Q5ZTD2
map00061,K01961,lpn:lpg0462,Q5ZYB0
map00061,K01962,lpn:lpg0785,Q5ZXE6
map00061,K01963,lpn:lpg1341,Q5ZVU9
map00061,K02160,lpn:lpg0463,Q5ZYA9
map00061,K02372,lpn:lpg0510,Q5ZY62
map00061,K09458,lpn:lpg0102,Q5ZZA9
map00061,K09458,lpn:lpg1397,Q5ZVP3
map00910,K00459,lpn:lpg1134,Q5ZWF1
map00910,K01673,lpn:lpg0697,Q5ZXN4
map00910,K01673,lpn:lpg2194,Q5ZTG8
map00910,K01673,lpn:lpg2500,Q5ZSL7
map00910,K01915,lpn:lpg1364,Q5ZVS6
map00910,K01915,lpn:lpg2252,Q5ZTB0
map00910,K04561,lpn:lpg2236,Q5ZTC6
map00910,K15371,lpn:lpg0245,Q5ZYW6
map00910,K15371,lpn:lpg1581,Q5ZV59
map03410,K01142,lpn:lpg0648,Q5ZXT3
map03410,K01142,lpn:lpg0649,Q5ZXT2
map03410,K01246,lpn:lpg0618,Q5ZXW3
map03410,K01972,lpn:lpg0958,Q5ZWX6
map03410,K02335,lpn:lpg0099,Q5ZZB2
map03410,K03575,lpn:lpg0899,Q5ZX34
map03410,K03648,lpn:lpg1700,Q5ZUU2
map03410,K03652,lpn:lpg0866,Q5ZX66
map03410,K07462,lpn:lpg1461,Q5ZVH9
map03410,K10563,lpn:lpg0557,Q5ZY18
map03410,K10773,lpn:lpg2880,Q5ZRK1
map03410,K21929,lpn:lpg0262,Q5ZYU9
map00500,K00845,lpn:lpg0419,Q5ZYF3
map00500,K01176,lpn:lpg1669,Q5ZUX3
map00500,K01176,lpn:lpg1671,Q5ZUX1
map00500,K01178,lpn:lpg0422,Q5ZYF0
map00500,K01810,lpn:lpg0759,Q5ZXH2
map00500,K15778,lpn:lpg2486,Q5ZSN1
map00521,K00010,lpn:lpg1652,Q5ZUZ0
map00521,K00067,lpn:lpg0757,Q5ZXH4
map00521,K00845,lpn:lpg0419,Q5ZYF3
map00521,K00973,lpn:lpg0760,Q5ZXH1
map00521,K01092,lpn:lpg1748,Q5ZUP5
map00521,K01710,lpn:lpg0758,Q5ZXH3
map00521,K01790,lpn:lpg0756,Q5ZXH5
map00521,K15778,lpn:lpg2486,Q5ZSN1
map00523,K00067,lpn:lpg0757,Q5ZXH4
map00523,K00973,lpn:lpg0760,Q5ZXH1
map00523,K01710,lpn:lpg0758,Q5ZXH3
map00523,K01790,lpn:lpg0756,Q5ZXH5
map00460,K00600,lpn:lpg0725,Q5ZXK6
map00460,K00681,lpn:lpg0549,Q5ZY25
map00460,K01424,lpn:lpg2873,Q5ZRK8
map00310,K00135,lpn:lpg1583,Q5ZV57
map00310,K00252,lpn:lpg2580,Q5ZSD9
map00310,K00382,lpn:lpg1502,Q5ZVD8
map00310,K00626,lpn:lpg1597,Q5ZV43
map00310,K00626,lpn:lpg1825,Q5ZUH3
map00310,K00658,lpn:lpg0533,Q5ZY40
map00310,K00824,lpn:lpg1510,Q5ZVD0
map00310,K01782,lpn:lpg1596,Q5ZV44
map00310,K07250,lpn:lpg0239,Q5ZYX2
map00310,K26061,lpn:lpg1351,Q5ZVT9
map00650,K00019,lpn:lpg2316,Q5ZT49
map00650,K00023,lpn:lpg0560,Q5ZY15
map00650,K00023,lpn:lpg0561,Q5ZY14
map00650,K00023,lpn:lpg1059,Q5ZWM6
map00650,K00074,lpn:lpg1942,Q5ZU66
map00650,K00135,lpn:lpg1583,Q5ZV57
map00650,K00174,lpn:lpg0947,Q5ZWY7
map00650,K00175,lpn:lpg0948,Q5ZWY6
map00650,K00239,lpn:lpg0530,Q5ZY43
map00650,K00240,lpn:lpg0531,Q5ZY42
map00650,K00241,lpn:lpg0528,Q5ZY45
map00650,K00242,lpn:lpg0529,Q5ZY44
map00650,K00626,lpn:lpg1597,Q5ZV43
map00650,K00626,lpn:lpg1825,Q5ZUH3
map00650,K01574,lpn:lpg0672,Q5ZXQ9
map00650,K01640,lpn:lpg1830,Q5ZUG8
map00650,K01715,lpn:lpg0869,Q5ZX63
map00650,K01782,lpn:lpg1596,Q5ZV44
map00650,K01907,lpn:lpg1831,Q5ZUG7
map00650,K03821,lpn:lpg0599,Q5ZXY1
map00650,K03821,lpn:lpg1058,Q5ZWM7
map00650,K03821,lpn:lpg1097,Q5ZWI8
map00650,K03821,lpn:lpg2260,Q5ZTA2
map00650,K07250,lpn:lpg0239,Q5ZYX2
map00650,K07516,lpn:lpg1352,Q5ZVT8
map03020,K03040,lpn:lpg0354,Q5ZYL8
map03020,K03043,lpn:lpg0322,Q5ZYQ0
map03020,K03046,lpn:lpg0323,Q5ZYP9
map03010,K02863,lpn:lpg0319,Q5ZYQ3
map03010,K02864,lpn:lpg0320,Q5ZYQ2
map03010,K02867,lpn:lpg0318,Q5ZYQ4
map03010,K02871,lpn:lpg2707,Q5ZS12
map03010,K02874,lpn:lpg0339,Q5ZYN3
map03010,K02876,lpn:lpg0348,Q5ZYM4
map03010,K02878,lpn:lpg0336,Q5ZYN6
map03010,K02879,lpn:lpg0355,Q5ZYL7
map03010,K02881,lpn:lpg0345,Q5ZYM7
map03010,K02884,lpn:lpg0395,Q5ZYH7
map03010,K02886,lpn:lpg0332,Q5ZYP0
map03010,K02887,lpn:lpg2712,Q5ZS07
map03010,K02888,lpn:lpg2651,Q5ZS68
map03010,K02890,lpn:lpg0334,Q5ZYN8
map03010,K02892,lpn:lpg0331,Q5ZYP1
map03010,K02895,lpn:lpg0340,Q5ZYN2
map03010,K02897,lpn:lpg2652,Q5ZS67
map03010,K02899,lpn:lpg2650,Q5ZS69
map03010,K02902,lpn:lpg0479,Q5ZY93
map03010,K02904,lpn:lpg0337,Q5ZYN5
map03010,K02906,lpn:lpg0329,Q5ZYP3
map03010,K02907,lpn:lpg0347,Q5ZYM5
map03010,K02909,lpn:lpg0650,Q5ZXT1
map03010,K02911,lpn:lpg1391,Q5ZVP9
map03010,K02913,lpn:lpg0478,Q5ZY94
map03010,K02914,lpn:lpg3005,Q5ZR78
map03010,K02919,lpn:lpg0350,Q5ZYM2
map03010,K02926,lpn:lpg0330,Q5ZYP2
map03010,K02931,lpn:lpg0341,Q5ZYN1
map03010,K02933,lpn:lpg0344,Q5ZYM8
map03010,K02935,lpn:lpg0321,Q5ZYQ1
map03010,K02939,lpn:lpg1589,Q5ZV51
map03010,K02945,lpn:lpg1421,Q5ZVL9
map03010,K02946,lpn:lpg0328,Q5ZYP4
map03010,K02948,lpn:lpg0352,Q5ZYM0
map03010,K02950,lpn:lpg0324,Q5ZYP8
map03010,K02952,lpn:lpg0351,Q5ZYM1
map03010,K02954,lpn:lpg0342,Q5ZYN0
map03010,K02956,lpn:lpg2769,Q5ZRV7
map03010,K02959,lpn:lpg0399,Q5ZYH3
map03010,K02961,lpn:lpg0338,Q5ZYN4
map03010,K02963,lpn:lpg1591,Q5ZV49
map03010,K02967,lpn:lpg1714,Q5ZUS8
map03010,K02968,lpn:lpg2636,Q5ZS83
map03010,K02970,lpn:lpg2358,Q5ZT07
map03010,K02982,lpn:lpg0335,Q5ZYN7
map03010,K02986,lpn:lpg0353,Q5ZYL9
map03010,K02988,lpn:lpg0346,Q5ZYM6
map03010,K02990,lpn:lpg1592,Q5ZV48
map03010,K02992,lpn:lpg0325,Q5ZYP7
map03010,K02994,lpn:lpg0343,Q5ZYM9
map03010,K02996,lpn:lpg2706,Q5ZS13
map01503,K00677,lpn:lpg0511,Q5ZY61
map01503,K00677,lpn:lpg2943,Q5ZRD9
map01503,K01399,lpn:lpg0467,Q5ZYA5
map01503,K01399,lpn:lpg1655,Q5ZUY7
map01503,K01399,lpn:lpg2977,Q5ZRA6
map01503,K01448,lpn:lpg2698,Q5ZS21
map01503,K03585,lpn:lpg0721,Q5ZXL0
map01503,K03673,lpn:lpg0123,Q5ZZ88
map01503,K03767,lpn:lpg1962,Q5ZU46
map01503,K04771,lpn:lpg1331,Q5ZVV9
map01503,K07640,lpn:lpg1437,Q5ZVK3
map01503,K07662,lpn:lpg1438,Q5ZVK2
map01503,K12340,lpn:lpg0699,Q5ZXN2
map01503,K12340,lpn:lpg2925,Q5ZRF7
map01503,K12973,lpn:lpg0025,Q5ZZI5
map01503,K18138,lpn:lpg0720,Q5ZXL1
map01503,K18138,lpn:lpg2512,Q5ZSK5
map00643,K00451,lpn:lpg1285,Q9S4T0
map00643,K01426,lpn:lpg2355,Q5ZT10
map00643,K01426,lpn:lpg2852,Q5ZRM8
map00643,K01800,lpn:lpg2280,Q5ZT82
map00643,K16171,lpn:lpg2279,Q5ZT83
map02040,K02386,lpn:lpg0908,Q5ZX25
map02040,K02387,lpn:lpg1216,Q5ZW71
map02040,K02388,lpn:lpg1217,Q5ZW70
map02040,K02389,lpn:lpg1218,Q5ZW69
map02040,K02390,lpn:lpg1219,Q5ZW68
map02040,K02391,lpn:lpg1220,Q5ZW67
map02040,K02392,lpn:lpg1221,Q5ZW66
map02040,K02393,lpn:lpg1222,Q5ZW65
map02040,K02394,lpn:lpg1223,Q5ZW64
map02040,K02395,lpn:lpg1224,Q5ZW63
map02040,K02396,lpn:lpg1225,Q5ZW62
map02040,K02397,lpn:lpg1226,Q5ZW61
map02040,K02398,lpn:lpg0907,Q5ZX26
map02040,K02399,lpn:lpg0906,Q5ZX27
map02040,K02400,lpn:lpg1785,Q3V868
map02040,K02401,lpn:lpg1786,Q3V867
map02040,K02405,lpn:lpg1782,Q5ZUL1
map02040,K02406,lpn:lpg1340,Q5ZVV0
map02040,K02407,lpn:lpg1338,Q5ZVV2
map02040,K02408,lpn:lpg1761,Q5ZUN2
map02040,K02409,lpn:lpg1760,Q5ZUN3
map02040,K02410,lpn:lpg1759,Q5ZUN4
map02040,K02411,lpn:lpg1758,Q5ZUN5
map02040,K02412,lpn:lpg1757,Q5ZUN6
map02040,K02413,lpn:lpg1756,Q5ZUN7
map02040,K02414,lpn:lpg1688,Q5ZUV4
map02040,K02416,lpn:lpg1792,Q5ZUK6
map02040,K02417,lpn:lpg1791,Q5ZUK7
map02040,K02418,lpn:lpg1790,Q5ZUK8
map02040,K02419,lpn:lpg1789,Q3V864
map02040,K02420,lpn:lpg1788,Q3V865
map02040,K02421,lpn:lpg1787,Q3V866
map02040,K02422,lpn:lpg1337,Q5ZVV3
map02040,K02556,lpn:lpg1781,Q5ZUL2
map02040,K02556,lpn:lpg2318,Q5ZT47
map02040,K02557,lpn:lpg1780,Q5ZUL3
map02040,K02557,lpn:lpg2319,Q5ZT46
map02040,K03086,lpn:lpg2361,Q5ZT04
map02040,K03092,lpn:lpg0477,Q5ZY95
map02040,K10941,lpn:lpg0853,Q5ZX79
map02040,K10943,lpn:lpg1762,Q5ZUN1
map02040,K21218,lpn:lpg2962,Q5ZRC0
map00627,K01426,lpn:lpg2355,Q5ZT10
map00627,K01426,lpn:lpg2852,Q5ZRM8
map00627,K01512,lpn:lpg1886,Q5ZUC1
map00627,K01576,lpn:lpg0233,Q5ZYX8
map00627,K03186,lpn:lpg2883,Q5ZRJ8
map01220,K01666,lpn:lpg2681,Q5ZS38
map01220,K03186,lpn:lpg2883,Q5ZRJ8
map01220,K13953,lpn:lpg2492,Q5ZSM5
map02060,K08484,lpn:lpg2871,Q5ZRL0
map02060,K08485,lpn:lpg0475,Q5ZY97
map05131,K02406,sfl:SF1966,Q08860
map05131,K02406,sfx:S2062,Q08860
map05131,K03221,sfl:CP0137,P0A223
map05131,K12679,sfl:CP0182,Q7BCK4
map05131,K12785,sfl:CP0181,Q7BU69
map05131,K13085,sfl:CP0133,Q07566
map05131,K13284,sfl:CP0125,P18010
map05131,K13285,sfl:CP0128,P18011
map05131,K13286,sfl:CP0127,P18012
map05131,K13287,sfl:CP0126,P18013
map05131,K13450,sfl:CP0010,Q8VSP9
map05131,K13520,sfl:CP0271,O33641
map05131,K13742,sfl:CP0130,P33548
map05131,K13790,sfl:CP0132,P33546
map05131,K13791,sfl:CP0226,Q8VSC3
map05131,K13792,sfl:CP0227,Q99PZ6
map05131,K22487,sfl:CP0138,P0A225
map05131,K23828,sfl:CP0054,A0A0H2USC0
map05131,K23828,sfl:CP0265,A0A0H2USG1
map05131,K23830,sfl:CP0079,P18009
map05131,K23832,sfl:CP0122,Q54150
map05131,K23833,sfl:CP0005,A0A0H2USP8
map05131,K23833,sfl:CP0063,Q8VSL8
map05131,K23833,sfl:CP0094,Q8VSJ7
map05131,K23833,sfl:CP0115,A0A0H2US87
map05131,K23834,sfl:CP0078,P18014
map03070,K03070,sfl:SF0095,Q83SN2
map03070,K03070,sfx:S0097,Q83SN2
map03070,K03071,sfl:SF3648,P0AG89
map03070,K03071,sfx:S4120,P0AG89
map03070,K03072,sfl:SF0345,P0AG92
map03070,K03072,sfx:S0353,P0AG92
map03070,K03076,sfl:SF3332,P0AGA5
map03070,K03076,sfx:S4430,P0AGA5
map03070,K03116,sfl:SF3914,P69431
map03070,K03116,sfx:S3840,P69431
map03070,K03117,sfl:SF3915,P69427
map03070,K03117,sfx:S3838,P69427
map03070,K03210,sfl:SF0344,P0AE00
map03070,K03210,sfx:S0352,P0AE00
map03070,K03217,sfl:SF3759,P59783
map03070,K03217,sfx:S4012,P59783
map03070,K03221,sfl:CP0137,P0A223
map03070,K03225,sfl:CP0152,P0A1K9
map03070,K03230,sfl:CP0147,P0A1I5
map03070,K03425,sfl:SF0654,P0A846
map03070,K03425,sfx:S0676,P0A846
map03070,K13301,sfl:SF0094,P62398
map03070,K13301,sfx:S0096,P62398
map00564,K00057,sfl:SF3647,P0A6T0
map00564,K00057,sfx:S4121,P0A6T0
map00564,K00111,sfl:SF2323,P0A9C2
map00564,K00111,sfx:S2456,P0A9C2
map00564,K00112,sfl:SF2324,Q83ML0
map00564,K00112,sfx:S2457,Q83ML0
map00564,K00631,sfl:SF4164,Q7UBC6
map00564,K00631,sfx:S3567,Q7UBC6
map00564,K00901,sfl:SF4163,P0ABN4
map00564,K00901,sfx:S3568,P0ABN4
map00564,K00981,sfl:SF0165,P0ABG3
map00564,K00981,sfx:S0168,P0ABG3
map00564,K00995,sfl:SF1955,Q83R47
map00564,K00995,sfx:S2051,Q83R47
map00564,K01058,sfl:SF3899,P0A923
map00564,K01058,sfx:S3856,P0A923
map00564,K01096,sfl:SF1282,P0A926
map00564,K01096,sfx:S1365,P0A926
map00564,K01521,sfl:SF3996,Q83IU1
map00564,K01521,sfx:S3751,Q83IU1
map00564,K01613,sfl:SF4318,P0A8K4
map00564,K01613,sfx:S4582,P0A8K4
map00564,K05939,sfl:SF2846,Q83JV7
map00564,K05939,sfx:S3044,Q83JV7
map00564,K06131,sfl:SF0739,P59715
map00564,K06131,sfl:SF1250,Q83RM8
map00564,K06131,sfx:S0780,P59715
map00564,K06131,sfx:S1336,Q83RM8
map00564,K08591,sfl:SF3100,P59252
map00564,K08591,sfx:S3305,P59252
map00564,K18697,sfl:SF2607,P0AD43
map00564,K18697,sfx:S2779,P0AD43
map01100,K00009,sfl:SF3634,Q83PQ0
map01100,K00009,sfx:S4134,Q83PQ0
map01100,K00013,sfl:SF2082,P59401
map01100,K00013,sfx:S2203,P59401
map01100,K00014,sfl:SF3313,Q83PZ3
map01100,K00014,sfx:S3537,Q83PZ3
map01100,K00024,sfl:SF3276,Q83Q04
map01100,K00024,sfx:S3491,Q83Q04
map01100,K00033,sfl:SF2091,P37756
map01100,K00033,sfx:S2212,P37756
map01100,K00041,sfl:SF1572,Q83RE1
map01100,K00041,sfx:S1699,Q83RE1
map01100,K00052,sfl:SF0068,Q83SP1
map01100,K00052,sfx:S0070,Q83SP1
map01100,K00053,sfl:SF3848,Q7UB34
map01100,K00053,sfx:S3910,Q7UB34
map01100,K00057,sfl:SF3647,P0A6T0
map01100,K00057,sfx:S4121,P0A6T0
map01100,K00058,sfl:SF2898,P0A9T3
map01100,K00058,sfx:S3098,P0A9T3
map01100,K00059,sfl:SF1097,P0AEK3
map01100,K00059,sfx:S1177,P0AEK3
map01100,K00060,sfl:SF3656,P59409
map01100,K00060,sfx:S4111,P59409
map01100,K00067,sfl:SF2103,P37778
map01100,K00067,sfx:S2226,P37778
map01100,K00075,sfl:SF4050,Q83PC7
map01100,K00075,sfx:S3690,Q83PC7
map01100,K00077,sfl:SF0362,P0A9J5
map01100,K00077,sfx:S0370,P0A9J5
map01100,K00088,sfl:SF2554,P0ADG9
map01100,K00088,sfx:S2726,P0ADG9
map01100,K00090,sfl:SF3587,Q83PR3
map01100,K00090,sfx:S4182,Q83PR3
map01100,K00097,sfl:SF0049,Q83SQ1
map01100,K00097,sfx:S0051,Q83SQ1
map01100,K00099,sfl:SF0163,Q83MD3
map01100,K00099,sfx:S0166,Q83MD3
map01100,K00101,sfl:SF3644,Q83PP7
map01100,K00101,sfx:S4124,Q83PP7
map01100,K00111,sfl:SF2323,P0A9C2
map01100,K00111,sfx:S2456,P0A9C2
map01100,K00112,sfl:SF2324,Q83ML0
map01100,K00112,sfx:S2457,Q83ML0
map01100,K00124,sfl:SF3969,P0AAJ7
map01100,K00124,sfx:S3779,P0AAJ7
map01100,K00133,sfl:SF3456,P0A9R1
map01100,K00133,sfx:S4307,P0A9R1
map01100,K00134,sfl:SF1444,P0A9B5
map01100,K00134,sfx:S1559,P0A9B5
map01100,K00137,sfl:SF1774,Q83R90
map01100,K00137,sfx:S1905,Q83R90
map01100,K00145,sfl:SF4035,P59310
map01100,K00145,sfx:S3711,P59310
map01100,K00147,sfl:SF0293,Q83SH9
map01100,K00147,sfx:S0314,Q83SH9
map01100,K00208,sfl:SF1293,P0AEK6
map01100,K00208,sfx:S1375,P0AEK6
map01100,K00215,sfl:SF0028,Q83SQ9
map01100,K00215,sfx:S0030,Q83SQ9
map01100,K00228,sfl:SF2489,Q83QN1
map01100,K00242,sfl:SF0575,P0AC46
map01100,K00242,sfx:S0588,P0AC46
map01100,K00245,sfl:SF4311,P0AC50
map01100,K00245,sfx:S4576,P0AC50
map01100,K00246,sfl:SF4310,Q83P38
map01100,K00246,sfx:S4575,Q83P38
map01100,K00247,sfl:SF4309,P0A8Q5
map01100,K00247,sfx:S4574,P0A8Q5
map01100,K00254,sfl:SF0946,Q83RX6
map01100,K00254,sfx:S1011,Q83RX6
map01100,K00275,sfl:SF1663,P0AFI8
map01100,K00275,sfx:S1795,P0AFI8
map01100,K00281,sfl:SF2889,Q83QA2
map01100,K00281,sfx:S3088,Q83QA2
map01100,K00285,sfl:SF1178,Q7UCT6
map01100,K00285,sfx:S1266,Q7UCT6
map01100,K00286,sfl:SF0322,P0A9L9
map01100,K00286,sfx:S0330,P0A9L9
map01100,K00287,sfl:SF0045,P0ABQ6
map01100,K00287,sfx:S0047,P0ABQ6
map01100,K00297,sfl:SF4019,P0AEZ2
map01100,K00297,sfx:S3728,P0AEZ2
map01100,K00322,sfl:SF4044,Q83MI1
map01100,K00322,sfx:S3700,Q83MI1
map01100,K00325,sfl:SF1623,P0AB70
map01100,K00325,sfx:S1755,P0AB70
map01100,K00330,sfl:SF2364,P0AFC6
map01100,K00330,sfx:S2499,P0AFC6
map01100,K00331,sfl:SF2363,P0AFD0
map01100,K00331,sfx:S2498,P0AFD0
map01100,K00334,sfl:SF2361,P0AFD3
map01100,K00334,sfx:S2496,P0AFD3
map01100,K00336,sfl:SF2359,Q7UC56
map01100,K00336,sfx:S2494,Q7UC56
map01100,K00337,sfl:SF2358,Q83QS9
map01100,K00337,sfx:S2493,Q83QS9
map01100,K00338,sfl:SF2357,P0AFD9
map01100,K00338,sfx:S2492,P0AFD9
map01100,K00339,sfl:SF2356,P0AFE3
map01100,K00339,sfx:S2491,P0AFE3
map01100,K00340,sfl:SF2355,P0AFE7
map01100,K00340,sfx:S2490,P0AFE7
map01100,K00343,sfl:SF2352,Q83QT2
map01100,K00343,sfx:S2487,Q83QT2
map01100,K00364,sfl:SF0101,Q83SM9
map01100,K00364,sfx:S0103,Q83SM9
map01100,K00371,sfl:SF1228,Q83RN5
map01100,K00371,sfx:S1312,Q83RN5
map01100,K00380,sfl:SF2780,Q83QD9
map01100,K00380,sfx:S2973,Q83QD9
map01100,K00381,sfl:SF2779,Q83QE0
map01100,K00381,sfx:S2972,Q83QE0
map01100,K00382,sfl:SF0113,P0A9P3
map01100,K00382,sfx:S0115,P0A9P3
map01100,K00390,sfl:SF2778,Q7UBT0
map01100,K00390,sfx:S2971,Q7UBT0
map01100,K00425,sfl:SF0564,P0ABK1
map01100,K00425,sfx:S0577,P0ABK1
map01100,K00549,sfl:SF3907,Q83IW0
map01100,K00549,sfx:S3848,Q83IW0
map01100,K00560,sfl:SF2837,P48464
map01100,K00560,sfx:S3035,P48464
map01100,K00568,sfl:SF2312,Q820C5
map01100,K00568,sfx:S2445,Q820C5
map01100,K00600,sfl:SF2598,P0A827
map01100,K00600,sfx:S2770,P0A827
map01100,K00602,sfl:SF4078,Q83IR9
map01100,K00602,sfx:S3657,Q83IR9
map01100,K00604,sfl:SF3319,Q83PZ0
map01100,K00604,sfx:S3544,Q83PZ0
map01100,K00605,sfl:SF2891,Q83JU1
map01100,K00605,sfx:S3090,Q83JU1
map01100,K00606,sfl:SF0131,Q83ME5
map01100,K00606,sfx:S0133,Q83ME5
map01100,K00609,sfl:SF4245,P0A789
map01100,K00609,sfx:S4507,P0A789
map01100,K00610,sfl:SF4246,Q83IL8
map01100,K00610,sfx:S4508,Q83IL8
map01100,K00611,sfl:SF4235,Q83IM2
map01100,K00611,sfx:S4496,Q83IM2
map01100,K00616,sfl:SF0009,P0A872
map01100,K00616,sfl:SF2506,Q83QM8
map01100,K00616,sfx:S0008,P0A872
map01100,K00616,sfx:S2657,Q83QM8
map01100,K00631,sfl:SF4164,Q7UBC6
map01100,K00631,sfx:S3567,Q7UBC6
map01100,K00632,sfl:SF2420,Q83K95
map01100,K00632,sfl:SF3921,Q83PG2
map01100,K00632,sfx:S2555,Q83K95
map01100,K00632,sfx:S3831,Q83PG2
map01100,K00639,sfl:SF3657,P0AB79
map01100,K00639,sfx:S4110,P0AB79
map01100,K00640,sfl:SF3646,P0A9D7
map01100,K00640,sfx:S4122,P0A9D7
map01100,K00648,sfl:SF1095,Q83RS8
map01100,K00648,sfx:S1175,Q83RS8
map01100,K00652,sfl:SF0726,Q83S45
map01100,K00652,sfx:S0767,Q83S45
map01100,K00673,sfl:SF1479,Q83L52
map01100,K00673,sfx:S1596,Q83L52
map01100,K00674,sfl:SF0156,P0A9D9
map01100,K00674,sfx:S0159,P0A9D9
map01100,K00677,sfl:SF0171,P0A724
map01100,K00677,sfx:S0174,P0A724
map01100,K00688,sfl:SF3451,P0AC87
map01100,K00688,sfx:S4312,P0AC87
map01100,K00700,sfl:SF3455,Q83PV3
map01100,K00700,sfx:S4308,Q83PV3
map01100,K00703,sfl:SF3452,Q83PV4
map01100,K00703,sfx:S4311,Q83PV4
map01100,K00748,sfl:SF0172,Q83SL3
map01100,K00748,sfx:S0175,Q83SL3
map01100,K00758,sfl:SF4414,Q83P01
map01100,K00758,sfx:S4685,Q83P01
map01100,K00759,sfl:SF0414,Q83M42
map01100,K00759,sfx:S0421,Q83M42
map01100,K00760,sfl:SF0122,P0A9M4
map01100,K00760,sfx:S0124,P0A9M4
map01100,K00761,sfl:SF2542,P0A8F3
map01100,K00761,sfx:S2691,P0A8F3
map01100,K00762,sfl:SF3681,Q83J15
map01100,K00762,sfx:S4087,Q83J15
map01100,K00763,sfl:SF0928,Q83LN3
map01100,K00763,sfx:S0992,Q83LN3
map01100,K00764,sfl:SF2388,P0AG17
map01100,K00764,sfx:S2523,P0AG17
map01100,K00765,sfl:SF2081,Q83KJ7
map01100,K00765,sfx:S2202,Q83KJ7
map01100,K00768,sfl:SF2059,Q83R14
map01100,K00768,sfx:S2169,Q83R14
map01100,K00769,sfl:SF0286,P0A9M7
map01100,K00769,sfx:S0307,P0A9M7
map01100,K00788,sfl:SF4065,Q83PB9
map01100,K00788,sfx:S3670,Q83PB9
map01100,K00789,sfl:SF2933,P0A820
map01100,K00789,sfx:S3137,P0A820
map01100,K00790,sfl:SF3229,P0A751
map01100,K00790,sfx:S3447,P0A751
map01100,K00791,sfl:SF4326,P59197
map01100,K00791,sfx:S4594,P59197
map01100,K00793,sfl:SF1690,P0AFU9
map01100,K00793,sfx:S1822,P0AFU9
map01100,K00794,sfl:SF0352,P61718
map01100,K00794,sfx:S0360,P61718
map01100,K00796,sfl:SF3217,P0AC15
map01100,K00796,sfx:S3435,P0AC15
map01100,K00797,sfl:SF0118,Q83MF0
map01100,K00797,sfx:S0120,Q83MF0
map01100,K00799,sfl:SF0788,P0ACA9
map01100,K00799,sfx:S0831,P0ACA9
map01100,K00800,sfl:SF0903,Q83RY8
map01100,K00800,sfx:S0967,Q83RY8
map01100,K00817,sfl:SF2083,Q83KJ6
map01100,K00817,sfx:S2204,Q83KJ6
map01100,K00820,sfl:SF3809,Q83IY4
map01100,K00820,sfx:S3959,Q83IY4
map01100,K00821,sfl:SF3378,P59321
map01100,K00821,sfx:S4385,P59321
map01100,K00831,sfl:SF0902,Q83LP3
map01100,K00831,sfx:S0966,Q83LP3
map01100,K00845,sfl:SF2454,Q83K86
map01100,K00845,sfx:S2593,Q83K86
map01100,K00848,sfl:SF3981,Q83IU3
map01100,K00848,sfx:S3767,Q83IU3
map01100,K00849,sfl:SF0547,Q83M01
map01100,K00849,sfx:S0555,Q83M01
map01100,K00850,sfl:SF3994,P0A798
map01100,K00850,sfx:S3753,P0A798
map01100,K00853,sfl:SF0058,Q83MG5
map01100,K00853,sfx:S0060,Q83MG5
map01100,K00857,sfl:SF1238,P0A3M0
map01100,K00857,sfx:S1324,P0A3M0
map01100,K00858,sfl:SF2674,P0A7B4
map01100,K00858,sfx:S2852,P0A7B4
map01100,K00859,sfl:SF0100,Q7C397
map01100,K00859,sfx:S0102,Q7C397
map01100,K00860,sfl:SF2773,Q83JX9
map01100,K00860,sfx:S2966,Q83JX9
map01100,K00864,sfl:SF4004,Q7UB84
map01100,K00864,sfx:S3743,Q7UB84
map01100,K00867,sfl:SF4052,Q83PC5
map01100,K00867,sfx:S3688,Q83PC5
map01100,K00868,sfl:SF1661,Q83KY1
map01100,K00868,sfl:SF2473,Q83K78
map01100,K00868,sfx:S1793,Q83KY1
map01100,K00868,sfx:S2619,Q83K78
map01100,K00872,sfl:SF0003,Q83MH9
map01100,K00872,sfx:S0003,Q83MH9
map01100,K00876,sfl:SF2130,P0A8F7
map01100,K00876,sfx:S2254,P0A8F7
map01100,K00878,sfl:SF2166,Q83KH2
map01100,K00878,sfx:S2291,Q83KH2
map01100,K00882,sfl:SF2253,P0AEX2
map01100,K00882,sfx:S2382,P0AEX2
map01100,K00885,sfl:SF3258,P59437
map01100,K00885,sfx:S3475,P59437
map01100,K00891,sfl:SF0324,Q83M66
map01100,K00891,sfl:SF3408,P0A6E0
map01100,K00891,sfx:S0332,Q83M66
map01100,K00891,sfx:S4354,P0A6E0
map01100,K00901,sfl:SF4163,P0ABN4
map01100,K00901,sfx:S3568,P0ABN4
map01100,K00912,sfl:SF0911,Q83RY7
map01100,K00912,sfx:S0975,Q83RY7
map01100,K00919,sfl:SF1211,Q83LD8
map01100,K00919,sfx:S1295,Q83LD8
map01100,K00927,sfl:SF2911,P0A7A1
map01100,K00927,sfx:S3111,P0A7A1
map01100,K00930,sfl:SF4036,P59302
map01100,K00930,sfx:S3710,P59302
map01100,K00931,sfl:SF0292,Q7UDL2
map01100,K00931,sfx:S0313,Q7UDL2
map01100,K00939,sfl:SF0419,Q83M40
map01100,K00939,sfx:S0426,Q83M40
map01100,K00940,sfl:SF2564,P0A765
map01100,K00940,sfx:S2736,P0A765
map01100,K00942,sfl:SF3688,P60548
map01100,K00942,sfx:S4081,P60548
map01100,K00943,sfl:SF1102,P0A721
map01100,K00943,sfx:S1182,P0A721
map01100,K00945,sfl:SF0906,Q83LP1
map01100,K00945,sfx:S0970,Q83LP1
map01100,K00951,sfl:SF2797,P0AG23
map01100,K00951,sfx:S2991,P0AG23
map01100,K00954,sfl:SF3673,P0A6I8
map01100,K00954,sfx:S4095,P0A6I8
map01100,K00956,sfl:SF2774,Q83JX8
map01100,K00956,sfx:S2967,Q83JX8
map01100,K00957,sfl:SF2775,P59740
map01100,K00957,sfx:S2968,P59740
map01100,K00963,sfl:SF1236,P0AEP6
map01100,K00963,sfl:SF2105,P37776
map01100,K00963,sfx:S1322,P0AEP6
map01100,K00963,sfx:S2228,P37776
map01100,K00969,sfl:SF0642,P0A753
map01100,K00969,sfx:S0664,P0A753
map01100,K00973,sfl:SF2102,P37779
map01100,K00973,sfl:SF3863,P61888
map01100,K00973,sfx:S2225,P37779
map01100,K00973,sfx:S3897,P61888
map01100,K00975,sfl:SF3453,P0A6V4
map01100,K00975,sfx:S4310,P0A6V4
map01100,K00979,sfl:SF0914,Q83LN8
map01100,K00979,sfx:S0978,Q83LN8
map01100,K00981,sfl:SF0165,P0ABG3
map01100,K00981,sfx:S0168,P0ABG3
map01100,K00991,sfl:SF2770,Q7C093
map01100,K00991,sfx:S2963,Q7C093
map01100,K00995,sfl:SF1955,Q83R47
map01100,K00995,sfx:S2051,Q83R47
map01100,K00997,sfl:SF2625,Q83K24
map01100,K00997,sfx:S2798,Q83K24
map01100,K01000,sfl:SF0084,P0A6W4
map01100,K01000,sfx:S0086,P0A6W4
map01100,K01008,sfl:SF1459,P59393
map01100,K01008,sfx:S1574,P59393
map01100,K01012,sfl:SF0724,Q83S46
map01100,K01012,sfx:S0766,Q83S46
map01100,K01042,sfl:SF3629,Q83J28
map01100,K01042,sfx:S4139,Q83J28
map01100,K01058,sfl:SF3899,P0A923
map01100,K01058,sfx:S3856,P0A923
map01100,K01069,sfl:SF0198,Q83MC1
map01100,K01069,sfx:S0206,Q83MC1
map01100,K01079,sfl:SF4420,P0AGB2
map01100,K01079,sfx:S4691,P0AGB2
map01100,K01082,sfl:SF4272,P59735
map01100,K01082,sfx:S4537,P59735
map01100,K01089,sfl:SF2084,Q83R05
map01100,K01089,sfx:S2205,Q83R05
map01100,K01091,sfl:SF3403,Q83PX1
map01100,K01091,sfx:S4359,Q83PX1
map01100,K01096,sfl:SF1282,P0A926
map01100,K01096,sfx:S1365,P0A926
map01100,K01129,sfx:S0155,Q83MD6
map01100,K01139,sfl:SF3690,P0AG26
map01100,K01139,sfx:S4079,P0AG26
map01100,K01194,sfl:SF1200,Q83RP6
map01100,K01194,sfl:SF3550,Q83PS8
map01100,K01194,sfx:S1284,Q83RP6
map01100,K01194,sfx:S4217,Q83PS8
map01100,K01207,sfl:SF1111,Q7UCW4
map01100,K01207,sfx:S1191,Q7UCW4
map01100,K01243,sfl:SF0151,P0AF15
map01100,K01243,sfx:S0154,P0AF15
map01100,K01250,sfl:SF0630,Q83LY1
map01100,K01250,sfx:S0652,Q83LY1
map01100,K01255,sfl:SF4229,Q83P64
map01100,K01255,sfx:S4490,Q83P64
map01100,K01425,sfl:SF0430,Q83SE1
map01100,K01425,sfl:SF1569,Q83RE2
map01100,K01425,sfx:S0437,Q83SE1
map01100,K01425,sfx:S1696,Q83RE2
map01100,K01433,sfl:SF1232,P0A441
map01100,K01433,sfx:S1318,P0A441
map01100,K01438,sfl:SF4034,P59600
map01100,K01438,sfx:S3712,P59600
map01100,K01439,sfl:SF2514,P0AED8
map01100,K01439,sfx:S2665,P0AED8
map01100,K01460,sfl:SF3035,P0AES1
map01100,K01460,sfx:S3236,P0AES1
map01100,K01465,sfl:SF1068,Q83RT8
map01100,K01465,sfx:S1146,Q83RT8
map01100,K01480,sfl:SF2927,P60657
map01100,K01480,sfx:S3129,P60657
map01100,K01483,sfl:SF0444,P63487
map01100,K01483,sfx:S0451,P63487
map01100,K01486,sfl:SF3796,Q7BZ90
map01100,K01486,sfx:S3972,Q7BZ90
map01100,K01488,sfl:SF1648,Q83RC0
map01100,K01488,sfx:S1780,Q83RC0
map01100,K01489,sfl:SF2228,P0ABF7
map01100,K01489,sfx:S2357,P0ABF7
map01100,K01491,sfl:SF0460,Q83SC8
map01100,K01491,sfx:S0468,Q83SC8
map01100,K01494,sfl:SF2129,Q83QZ5
map01100,K01494,sfx:S2253,Q83QZ5
map01100,K01495,sfl:SF2238,P0A6T8
map01100,K01495,sfx:S2367,P0A6T8
map01100,K01497,sfl:SF1281,P0A7I9
map01100,K01497,sfx:S1364,P0A7I9
map01100,K01512,sfl:SF0969,Q83LL9
map01100,K01512,sfx:S1036,Q83LL9
map01100,K01515,sfl:SF3074,P83844
map01100,K01515,sfx:S3279,P83844
map01100,K01519,sfl:SF2945,Q83JS0
map01100,K01519,sfx:S3149,Q83JS0
map01100,K01520,sfl:SF3679,Q83PN3
map01100,K01520,sfx:S4089,Q83PN3
map01100,K01524,sfl:SF3852,Q83PI3
map01100,K01524,sfx:S3907,Q83PI3
map01100,K01525,sfl:SF0046,Q83SQ2
map01100,K01525,sfx:S0048,Q83SQ2
map01100,K01579,sfl:SF0128,P0A793
map01100,K01579,sfx:S0130,P0A793
map01100,K01580,sfl:SF1734,P69912
map01100,K01580,sfl:SF3594,Q83PR1
map01100,K01580,sfx:S1867,P69912
map01100,K01580,sfx:S4173,Q83PR1
map01100,K01585,sfl:SF2931,Q83Q93
map01100,K01585,sfx:S3133,Q83Q93
map01100,K01591,sfl:SF1285,Q83RM1
map01100,K01591,sfx:S1368,Q83RM1
map01100,K01595,sfl:SF4033,Q83IS7
map01100,K01595,sfx:S3713,Q83IS7
map01100,K01599,sfl:SF4069,Q83PB7
map01100,K01599,sfx:S3666,Q83PB7
map01100,K01610,sfl:SF3422,Q83J96
map01100,K01610,sfx:S4341,Q83J96
map01100,K01611,sfl:SF0117,P0A7F8
map01100,K01611,sfx:S0119,P0A7F8
map01100,K01613,sfl:SF4318,P0A8K4
map01100,K01613,sfx:S4582,P0A8K4
map01100,K01619,sfl:SF4413,Q83P02
map01100,K01619,sfx:S4684,Q83P02
map01100,K01624,sfl:SF2910,P0AB73
map01100,K01624,sfx:S3110,P0AB73
map01100,K01625,sfl:SF1860,P0A958
map01100,K01625,sfx:S1926,P0A958
map01100,K01626,sfl:SF1526,P59736
map01100,K01626,sfx:S1644,P59736
map01100,K01627,sfl:SF1218,P0A716
map01100,K01627,sfx:S1302,P0A716
map01100,K01628,sfl:SF2814,P0AB88
map01100,K01628,sfx:S3009,P0AB88
map01100,K01629,sfx:S3769,Q83PE1
map01100,K01633,sfl:SF3099,P0AC18
map01100,K01633,sfx:S3304,P0AC18
map01100,K01638,sfl:SF3015,P59663
map01100,K01638,sfx:S3216,P59663
map01100,K01639,sfl:SF3261,P0A6L6
map01100,K01639,sfx:S3478,P0A6L6
map01100,K01649,sfl:SF0069,Q83SP0
map01100,K01649,sfx:S0071,Q83SP0
map01100,K01662,sfl:SF0357,Q83SG2
map01100,K01662,sfx:S0365,Q83SG2
map01100,K01667,sfl:SF3754,P0A854
map01100,K01667,sfx:S4017,P0A854
map01100,K01671,sfl:SF3953,Q83PF0
map01100,K01671,sfx:S3793,Q83PF0
map01100,K01673,sfl:SF0123,P61518
map01100,K01673,sfx:S0125,P61518
map01100,K01675,sfl:SF1703,P0ACX8
map01100,K01675,sfx:S1835,P0ACX8
map01100,K01679,sfl:SF1634,Q83ML8
map01100,K01679,sfx:S1765,Q83ML8
map01100,K01686,sfl:SF4198,P0A4S0
map01100,K01686,sfx:S4454,P0A4S0
map01100,K01687,sfl:SF3846,Q83PI6
map01100,K01687,sfx:S3913,Q83PI6
map01100,K01689,sfl:SF2794,P0A6Q2
map01100,K01689,sfx:S2988,P0A6Q2
map01100,K01695,sfl:SF1263,P0A878
map01100,K01695,sfx:S1349,P0A878
map01100,K01696,sfl:SF1264,P0A880
map01100,K01696,sfx:S1350,P0A880
map01100,K01698,sfl:SF0249,P0ACB3
map01100,K01698,sfx:S0270,P0ACB3
map01100,K01703,sfl:SF0067,Q821C2
map01100,K01703,sfx:S0069,Q821C2
map01100,K01704,sfl:SF0066,P59714
map01100,K01704,sfx:S0068,P59714
map01100,K01710,sfl:SF2104,P37777
map01100,K01710,sfx:S2227,P37777
map01100,K01711,sfl:SF2116,P0AC91
map01100,K01711,sfx:S2239,P0AC91
map01100,K01714,sfl:SF2521,P0A6L3
map01100,K01714,sfx:S2671,P0A6L3
map01100,K01716,sfl:SF0954,P0A6Q5
map01100,K01716,sfx:S1020,P0A6Q5
map01100,K01734,sfl:SF0965,P0A733
map01100,K01734,sfx:S1031,P0A733
map01100,K01735,sfl:SF3407,Q83PX0
map01100,K01735,sfx:S4355,Q83PX0
map01100,K01736,sfl:SF2405,Q83QQ5
map01100,K01736,sfx:S2540,Q83QQ5
map01100,K01737,sfl:SF2781,P65872
map01100,K01737,sfx:S2974,P65872
map01100,K01744,sfl:SF4293,P0AC40
map01100,K01744,sfx:S4560,P0AC40
map01100,K01749,sfl:SF3877,Q83PH4
map01100,K01749,sfx:S3879,Q83PH4
map01100,K01753,sfl:SF2433,Q83MK8
map01100,K01753,sfx:S2570,Q83MK8
map01100,K01754,sfl:SF3157,P0AGF9
map01100,K01754,sfx:S3369,P0AGF9
map01100,K01755,sfl:SF4037,P59619
map01100,K01755,sfx:S3709,P59619
map01100,K01759,sfl:SF1678,P0AC83
map01100,K01759,sfx:S1810,P0AC83
map01100,K01770,sfl:SF2769,P62619
map01100,K01770,sfx:S2962,P62619
map01100,K01772,sfl:SF0420,Q83SE5
map01100,K01772,sfx:S0427,Q83SE5
map01100,K01774,sfl:SF2919,Q83Q96
map01100,K01774,sfx:S3120,Q83Q96
map01100,K01775,sfl:SF4152,P0A6B5
map01100,K01775,sfx:S3578,P0A6B5
map01100,K01776,sfl:SF4049,P63634
map01100,K01776,sfx:S3695,P63634
map01100,K01782,sfl:SF2419,Q83QQ0
map01100,K01782,sfx:S2554,Q83QQ0
map01100,K01783,sfl:SF3404,P0AG10
map01100,K01783,sfx:S4358,P0AG10
map01100,K01785,sfl:SF0548,P0A9C4
map01100,K01785,sfx:S0556,P0A9C4
map01100,K01788,sfl:SF3259,P59442
map01100,K01788,sfx:S3476,P59442
map01100,K01790,sfl:SF2101,P37780
map01100,K01790,sfx:S2223,P37780
map01100,K01803,sfl:SF3997,P0A861
map01100,K01803,sfx:S3750,P0A861
map01100,K01807,sfl:SF2899,P0A7Z3
map01100,K01807,sfx:S3099,P0A7Z3
map01100,K01809,sfl:SF1636,Q83KZ1
map01100,K01809,sfx:S1767,Q83KZ1
map01100,K01810,sfl:SF4180,Q83IN9
map01100,K01810,sfx:S3551,Q83IN9
map01100,K01812,sfl:SF3132,P0A8G5
map01100,K01812,sfx:S3339,P0A8G5
map01100,K01813,sfl:SF3980,Q83IU4
map01100,K01813,sfx:S3768,Q83IU4
map01100,K01814,sfl:SF2086,Q83R04
map01100,K01814,sfx:S2207,Q83R04
map01100,K01815,sfl:SF2853,Q83QB2
map01100,K01815,sfx:S3051,Q83QB2
map01100,K01818,sfl:SF2816,P69923
map01100,K01818,sfx:S3011,P69923
map01100,K01823,sfl:SF2875,Q83MJ9
map01100,K01823,sfx:S3074,Q83MJ9
map01100,K01825,sfl:SF3922,Q83PG1
map01100,K01825,sfx:S3830,Q83PG1
map01100,K01834,sfl:SF0549,P62710
map01100,K01834,sfx:S0557,P62710
map01100,K01839,sfl:SF4415,P0A6K9
map01100,K01839,sfx:S4686,P0A6K9
map01100,K01845,sfl:SF0146,Q821C1
map01100,K01845,sfx:S0149,Q821C1
map01100,K01874,sfl:SF2179,Q83KH0
map01100,K01874,sfx:S2303,Q83KH0
map01100,K01885,sfl:SF2462,Q83K84
map01100,K01885,sfx:S2605,Q83K84
map01100,K01886,sfl:SF0613,Q83LY4
map01100,K01886,sfx:S0624,Q83LY4
map01100,K01903,sfl:SF0569,P0A839
map01100,K01903,sfx:S0582,P0A839
map01100,K01914,sfl:SF3824,Q83PJ4
map01100,K01914,sfx:S3944,Q83PJ4
map01100,K01915,sfl:SF3940,P0A9C8
map01100,K01915,sfx:S3806,P0A9C8
map01100,K01916,sfl:SF1486,Q83RG5
map01100,K01916,sfx:S1603,Q83RG5
map01100,K01918,sfl:SF0130,Q83SM0
map01100,K01918,sfx:S0132,Q83SM0
map01100,K01920,sfl:SF2938,Q83Q91
map01100,K01920,sfx:S3142,Q83Q91
map01100,K01921,sfl:SF0089,Q83MF7
map01100,K01921,sfl:SF0232,P0A6K0
map01100,K01921,sfx:S0091,Q83MF7
map01100,K01921,sfx:S0254,P0A6K0
map01100,K01923,sfl:SF2519,P0A7E0
map01100,K01923,sfx:S2669,P0A7E0
map01100,K01924,sfl:SF0088,Q83MF8
map01100,K01924,sfx:S0090,Q83MF8
map01100,K01925,sfl:SF0085,Q83MF9
map01100,K01925,sfx:S0087,Q83MF9
map01100,K01928,sfl:SF0082,Q83MG0
map01100,K01928,sfx:S0084,Q83MG0
map01100,K01933,sfl:SF2543,Q83QL4
map01100,K01933,sfx:S2692,Q83QL4
map01100,K01937,sfl:SF2795,P0A7E8
map01100,K01937,sfx:S2989,P0A7E8
map01100,K01939,sfl:SF4332,Q83P33
map01100,K01939,sfx:S4600,Q83P33
map01100,K01940,sfl:SF3213,P59609
map01100,K01940,sfx:S3430,P59609
map01100,K01951,sfl:SF2553,Q83QL1
map01100,K01951,sfx:S2725,Q83QL1
map01100,K01955,sfl:SF0030,P63738
map01100,K01955,sfx:S0032,P63738
map01100,K01962,sfl:SF0175,P0ABD7
map01100,K01962,sfx:S0178,P0ABD7
map01100,K01963,sfl:SF2392,Q83KA2
map01100,K01963,sfx:S2527,Q83KA2
map01100,K02078,sfl:CP0124,P0A199
map01100,K02078,sfl:SF1098,P0A6B3
map01100,K02078,sfx:S1178,P0A6B3
map01100,K02108,sfl:SF3818,Q83PJ8
map01100,K02108,sfx:S3950,Q83PJ8
map01100,K02109,sfl:SF3816,P0ABA3
map01100,K02109,sfx:S3952,P0ABA3
map01100,K02110,sfl:SF3817,P68705
map01100,K02110,sfx:S3951,P68705
map01100,K02111,sfl:SF3814,P0ABB3
map01100,K02111,sfx:S3954,P0ABB3
map01100,K02112,sfl:SF3812,P0ABB7
map01100,K02112,sfx:S3956,P0ABB7
map01100,K02113,sfl:SF3815,Q83PJ9
map01100,K02113,sfx:S3953,Q83PJ9
map01100,K02114,sfl:SF3811,P0A6E8
map01100,K02114,sfx:S3957,P0A6E8
map01100,K02115,sfl:SF3813,P0ABA9
map01100,K02115,sfx:S3955,P0ABA9
map01100,K02160,sfl:SF3293,P0ABE1
map01100,K02160,sfx:S3510,P0ABE1
map01100,K02170,sfl:SF3435,Q83PW0
map01100,K02170,sfx:S4329,Q83PW0
map01100,K02233,sfl:SF2060,Q83R13
map01100,K02233,sfx:S2170,Q83R13
map01100,K02257,sfl:SF0369,Q83SF7
map01100,K02257,sfx:S0374,Q83SF7
map01100,K02299,sfl:SF0371,P0ABJ5
map01100,K02299,sfx:S0376,P0ABJ5
map01100,K02300,sfl:SF0370,P0ABJ8
map01100,K02300,sfx:S0375,P0ABJ8
map01100,K02302,sfl:SF3387,Q83JB3
map01100,K02302,sfx:S4376,Q83JB3
map01100,K02362,sfl:SF0495,P0A3C0
map01100,K02362,sfx:S0501,P0A3C0
map01100,K02372,sfl:SF0170,P0A6Q9
map01100,K02372,sfx:S0173,P0A6Q9
map01100,K02437,sfl:SF2890,P0A6U2
map01100,K02437,sfx:S3089,P0A6U2
map01100,K02438,sfl:SF3454,Q83J89
map01100,K02438,sfx:S4309,Q83J89
map01100,K02439,sfl:SF3447,P0A6V7
map01100,K02439,sfx:S4317,P0A6V7
map01100,K02446,sfl:SF4003,P0A9D1
map01100,K02446,sfx:S3744,P0A9D1
map01100,K02472,sfl:SF3861,P67067
map01100,K02472,sfx:S3899,P67067
map01100,K02492,sfl:SF1213,Q83RP1
map01100,K02492,sfx:S1297,Q83RP1
map01100,K02500,sfl:SF2087,Q83R03
map01100,K02500,sfx:S2208,Q83R03
map01100,K02501,sfl:SF2085,Q83KJ5
map01100,K02501,sfx:S2206,Q83KJ5
map01100,K02510,sfl:SF4379,Q83P19
map01100,K02510,sfx:S4649,Q83P19
map01100,K02535,sfl:SF0093,P0A728
map01100,K02535,sfx:S0095,P0A728
map01100,K02536,sfl:SF0169,P65324
map01100,K02536,sfx:S0172,P65324
map01100,K02549,sfl:SF2340,Q83QT6
map01100,K02549,sfx:S2474,Q83QT6
map01100,K02551,sfl:SF2343,Q821B0
map01100,K02551,sfx:S2477,Q821B0
map01100,K02560,sfl:CP0238,O06659
map01100,K02560,sfl:SF1865,P59198
map01100,K02560,sfx:S1931,P59198
map01100,K02563,sfl:SF0087,Q83MN4
map01100,K02563,sfx:S0089,Q83MN4
map01100,K02564,sfl:SF0615,P59688
map01100,K02564,sfx:S0626,P59688
map01100,K02567,sfl:SF2290,Q83QV0
map01100,K02567,sfx:S2420,Q83QV0
map01100,K02568,sfl:SF2287,P0ABL4
map01100,K02568,sfx:S2417,P0ABL4
map01100,K02774,sfl:SF2155,P0A437
map01100,K02774,sfx:S2281,P0A437
map01100,K02777,sfl:SF2472,P69785
map01100,K02777,sfx:S2618,P69785
map01100,K02781,sfl:SF2727,P59784
map01100,K02781,sfx:S2918,P59784
map01100,K02794,sfl:SF1411,P69800
map01100,K02794,sfx:S1526,P69800
map01100,K02795,sfl:SF1410,P69804
map01100,K02795,sfx:S1525,P69804
map01100,K02821,sfl:SF4350,Q83P28
map01100,K02821,sfx:S4620,Q83P28
map01100,K02822,sfl:SF4349,Q83P29
map01100,K02822,sfx:S4619,Q83P29
map01100,K02851,sfl:SF3858,P0AC80
map01100,K02851,sfx:S3902,P0AC80
map01100,K02858,sfl:SF3081,P0A7J2
map01100,K02858,sfx:S3286,P0A7J2
map01100,K03077,sfl:SF4353,Q83P26
map01100,K03077,sfx:S4623,Q83P26
map01100,K03078,sfl:SF4351,Q83P27
map01100,K03078,sfx:S4621,Q83P27
map01100,K03079,sfl:SF4352,Q83II8
map01100,K03079,sfx:S4622,Q83II8
map01100,K03147,sfl:SF4066,Q83PB8
map01100,K03147,sfx:S3669,Q83PB8
map01100,K03149,sfl:SF4063,Q83PC0
map01100,K03149,sfx:S3672,Q83PC0
map01100,K03151,sfx:S0368,Q83SG1
map01100,K03179,sfl:SF4165,Q83IP7
map01100,K03179,sfx:S3566,Q83IP7
map01100,K03181,sfl:SF4166,Q83IP6
map01100,K03181,sfx:S3565,Q83IP6
map01100,K03182,sfl:SF3919,Q83PG4
map01100,K03182,sfx:S3833,Q83PG4
map01100,K03183,sfl:SF3911,P0A889
map01100,K03183,sfx:S3843,P0A889
map01100,K03269,sfl:SF0455,Q83M28
map01100,K03269,sfx:S0463,Q83M28
map01100,K03270,sfl:SF3238,P67654
map01100,K03270,sfx:S3456,P67654
map01100,K03271,sfl:SF0272,P63227
map01100,K03271,sfx:S0293,P63227
map01100,K03272,sfl:SF3093,Q7UBI8
map01100,K03272,sfx:S3298,Q7UBI8
map01100,K03273,sfl:SF0191,P63230
map01100,K03273,sfx:S0193,P63230
map01100,K03274,sfl:SF3659,Q83PP2
map01100,K03274,sfx:S4109,Q83PP2
map01100,K03385,sfl:SF4130,Q83P93
map01100,K03385,sfx:S3597,Q83P93
map01100,K03426,sfl:SF4068,Q83IS3
map01100,K03426,sfx:S3667,Q83IS3
map01100,K03431,sfl:SF3216,Q83Q15
map01100,K03431,sfx:S3434,Q83Q15
map01100,K03472,sfl:SF2912,P0A9B9
map01100,K03472,sfx:S3112,P0A9B9
map01100,K03473,sfl:SF2396,Q83QR1
map01100,K03473,sfx:S2531,Q83QR1
map01100,K03475,sfl:SF4348,Q83II9
map01100,K03475,sfx:S4618,Q83II9
map01100,K03476,sfl:SF4347,Q83IJ0
map01100,K03476,sfx:S4617,Q83IJ0
map01100,K03517,sfl:SF0554,Q93CP9
map01100,K03517,sfx:S0562,Q93CP9
map01100,K03526,sfl:SF2561,Q83K43
map01100,K03526,sfx:S2733,Q83K43
map01100,K03527,sfl:SF0026,Q7UDT8
map01100,K03527,sfx:S0028,Q7UDT8
map01100,K03621,sfl:SF1094,Q83RS9
map01100,K03621,sfx:S1174,Q83RS9
map01100,K03637,sfl:SF0733,P0A741
map01100,K03637,sfx:S0774,P0A741
map01100,K03639,sfl:SF0731,Q83S40
map01100,K03639,sfx:S0772,Q83S40
map01100,K03644,sfl:SF0653,P60719
map01100,K03644,sfx:S0675,P60719
map01100,K03743,sfl:SF2723,Q83JZ0
map01100,K03743,sfx:S2914,Q83JZ0
map01100,K03779,sfl:SF3102,Q83Q43
map01100,K03779,sfx:S3307,Q83Q43
map01100,K03780,sfl:SF3103,P0AC37
map01100,K03780,sfx:S3308,P0AC37
map01100,K03782,sfl:SF4020,Q83IT3
map01100,K03782,sfx:S3727,Q83IT3
map01100,K03784,sfl:SF4416,Q83P00
map01100,K03784,sfx:S4687,Q83P00
map01100,K03785,sfl:SF1723,Q83RA1
map01100,K03785,sfx:S1855,Q83RA1
map01100,K03787,sfl:SF2767,Q83JY2
map01100,K03787,sfx:S2960,Q83JY2
map01100,K03788,sfl:SF4149,P0AE23
map01100,K03788,sfx:S3580,P0AE23
map01100,K03801,sfl:SF0651,Q7UDD0
map01100,K03801,sfx:S0673,Q7UDD0
map01100,K03809,sfl:SF1008,P0A8G8
map01100,K03809,sfx:S1077,P0A8G8
map01100,K03831,sfl:SF0010,P0AF05
map01100,K03831,sfx:S0009,P0AF05
map01100,K03841,sfl:SF4258,P0A995
map01100,K03841,sfx:S4520,P0A995
map01100,K04042,sfl:SF3810,Q83IY3
map01100,K04042,sfx:S3958,Q83IY3
map01100,K04091,sfl:SF0934,P59189
map01100,K04091,sfx:S0999,P59189
map01100,K04487,sfl:SF2577,P0A6C0
map01100,K04487,sfx:S2749,P0A6C0
map01100,K05396,sfl:SF1962,P59330
map01100,K05396,sfx:S2058,P59330
map01100,K05523,sfl:SF2014,P59332
map01100,K05523,sfx:S2111,P59332
map01100,K05526,sfl:SF1482,Q7UCI6
map01100,K05526,sfx:S1599,Q7UCI6
map01100,K05601,sfl:SF0828,Q83S05
map01100,K05601,sfx:S0869,Q83S05
map01100,K05708,sfl:SF2585,Q83K39
map01100,K05708,sfx:S2757,Q83K39
map01100,K05709,sfl:SF2586,Q83K38
map01100,K05709,sfx:S2758,Q83K38
map01100,K05710,sfl:SF2587,P0ABW2
map01100,K05710,sfx:S2759,P0ABW2
map01100,K05711,sfl:SF2588,Q83QJ8
map01100,K05711,sfx:S2760,Q83QJ8
map01100,K05810,sfl:SF2654,A0A384KG77
map01100,K05851,sfl:SF3878,P59739
map01100,K05851,sfx:S3878,P59739
map01100,K05887,sfl:SF1722,Q83RA2
map01100,K05887,sfx:S1854,Q83RA2
map01100,K06041,sfl:SF3237,Q83JF4
map01100,K06041,sfx:S3455,Q83JF4
map01100,K06048,sfl:SF0488,Q83M14
map01100,K06048,sfx:S0496,Q83M14
map01100,K06131,sfl:SF0739,P59715
map01100,K06131,sfl:SF1250,Q83RM8
map01100,K06131,sfx:S0780,P59715
map01100,K06131,sfx:S1336,Q83RM8
map01100,K06287,sfl:SF3286,Q83JE1
map01100,K06287,sfx:S3503,Q83JE1
map01100,K06447,sfl:SF1480,Q7UCI7
map01100,K06447,sfx:S1597,Q7UCI7
map01100,K06879,sfl:SF2807,Q83JW9
map01100,K06879,sfx:S3002,Q83JW9
map01100,K06920,sfl:SF0389,Q83M51
map01100,K06920,sfx:S0395,Q83M51
map01100,K06949,sfl:SF4320,Q83IK0
map01100,K06949,sfx:S4583,Q83IK0
map01100,K06966,sfl:SF2808,P0ADS1
map01100,K06966,sfx:S3003,P0ADS1
map01100,K07106,sfl:SF2481,Q83QN4
map01100,K07106,sfx:S2629,Q83QN4
map01100,K07160,sfl:SF0584,Q83S86
map01100,K07160,sfx:S0597,Q83S86
map01100,K07173,sfl:SF2714,Q83JZ4
map01100,K07173,sfx:S2901,Q83JZ4
map01100,K07251,sfl:SF1110,Q83LH9
map01100,K07251,sfx:S1190,Q83LH9
map01100,K07307,sfl:SF0854,Q83RZ7
map01100,K07307,sfx:S0895,Q83RZ7
map01100,K07404,sfl:SF0888,Q83LP7
map01100,K07404,sfx:S0935,Q83LP7
map01100,K07749,sfl:SF2441,P69903
map01100,K07749,sfx:S2578,P69903
map01100,K07751,sfl:SF2570,Q83QK5
map01100,K07751,sfx:S2742,Q83QK5
map01100,K07806,sfl:SF2332,Q83QT9
map01100,K07806,sfx:S2465,Q83QT9
map01100,K08092,sfl:SF3619,Q83PQ6
map01100,K08092,sfx:S4150,Q83PQ6
map01100,K08289,sfl:SF1859,Q83KS0
map01100,K08289,sfx:S1925,Q83KS0
map01100,K08302,sfl:SF2158,Q83QY5
map01100,K08302,sfx:S2284,Q83QY5
map01100,K08310,sfl:SF1875,P0AFC2
map01100,K08310,sfx:S1941,P0AFC2
map01100,K08318,sfl:SF3954,P0A9V9
map01100,K08318,sfx:S3792,P0A9V9
map01100,K08591,sfl:SF3100,P59252
map01100,K08591,sfx:S3305,P59252
map01100,K08680,sfl:SF2342,Q83QT4
map01100,K08680,sfx:S2476,Q83QT4
map01100,K08722,sfl:SF2367,Q83QS4
map01100,K08722,sfx:S2502,Q83QS4
map01100,K09001,sfl:SF1667,Q83KX8
map01100,K09001,sfx:S1799,Q83KX8
map01100,K09018,sfl:SF1015,Q83LK6
map01100,K09018,sfx:S1085,Q83LK6
map01100,K09019,sfl:SF1011,Q83RV4
map01100,K09019,sfx:S1081,Q83RV4
map01100,K09020,sfl:SF1014,Q83RV3
map01100,K09020,sfx:S1084,Q83RV3
map01100,K09021,sfl:SF1013,Q83LK7
map01100,K09021,sfx:S1083,Q83LK7
map01100,K09023,sfl:SF1012,Q83LK8
map01100,K09023,sfx:S1082,Q83LK8
map01100,K09024,sfl:SF1010,Q83LK9
map01100,K09024,sfx:S1080,Q83LK9
map01100,K09251,sfl:SF3114,Q83JJ8
map01100,K09251,sfx:S3320,Q83JJ8
map01100,K09458,sfl:SF1099,P0AAI8
map01100,K09458,sfx:S1179,P0AAI8
map01100,K09473,sfl:SF1303,Q83LB6
map01100,K09473,sfx:S1385,Q83LB6
map01100,K09903,sfl:SF0161,P0A7F2
map01100,K09903,sfx:S0164,P0A7F2
map01100,K09913,sfl:SF0327,P0C040
map01100,K09913,sfx:S0335,P0C040
map01100,K10011,sfx:S2467,Q83QT8
map01100,K10012,sfl:SF2333,Q7UC63
map01100,K10012,sfx:S2466,Q7UC63
map01100,K10026,sfl:SF2790,P64556
map01100,K10026,sfx:S2984,P64556
map01100,K10213,sfl:SF2247,Q83KF1
map01100,K10213,sfx:S2376,Q83KF1
map01100,K11258,sfl:SF3844,P0ADG3
map01100,K11258,sfx:S3915,P0ADG3
map01100,K11717,sfx:S1842,Q7UAH4
map01100,K11753,sfl:SF0021,P0AG43
map01100,K11753,sfx:S0024,P0AG43
map01100,K11755,sfl:SF2088,P37793
map01100,K11755,sfx:S2209,P37793
map01100,K12410,sfl:SF1124,Q83RR8
map01100,K12410,sfx:S1204,Q83RR8
map01100,K12700,sfl:SF0027,Q83MH0
map01100,K12700,sfx:S0029,Q83MH0
map01100,K13014,sfl:SF2335,Q83KB7
map01100,K13014,sfx:S2468,Q83KB7
map01100,K13378,sfl:SF2362,Q83QS6
map01100,K13378,sfx:S2497,Q83QS6
map01100,K13788,sfl:SF2373,P0A9M9
map01100,K13788,sfx:S2508,P0A9M9
map01100,K13938,sfl:SF1627,Q83RC9
map01100,K13938,sfx:S1759,Q83RC9
map01100,K14170,sfl:SF2659,P0A9K0
map01100,K14170,sfx:S2836,P0A9K0
map01100,K14260,sfl:SF2366,P0A961
map01100,K14260,sfx:S2501,P0A961
map01100,K14682,sfl:SF2829,P59293
map01100,K14682,sfx:S3026,P59293
map01100,K15633,sfl:SF3651,P59176
map01100,K15633,sfx:S4117,P59176
map01100,K15634,sfl:SF4427,P0A7A4
map01100,K15634,sfx:S4698,P0A7A4
map01100,K15737,sfl:SF2686,Q83K04
map01100,K15737,sfx:S2871,Q83K04
map01100,K16066,sfl:SF1556,Q83RE8
map01100,K16066,sfx:S1681,Q83RE8
map01100,K16371,sfl:SF2157,Q83KH7
map01100,K16371,sfl:SF3167,Q83JH9
map01100,K16371,sfx:S2283,Q83KH7
map01100,K16371,sfx:S3382,Q83JH9
map01100,K20862,sfl:SF3890,P0ADP1
map01100,K20862,sfx:S3866,P0ADP1
map01100,K20881,sfl:SF3417,P64637
map01100,K20881,sfx:S4345,P64637
map01100,K25986,sfl:SF1787,A0A0H2UZX2
map01100,K28207,sfl:SF1123,Q83RR9
map01100,K28207,sfx:S1203,Q83RR9
map01100,K28462,sfl:SF3374,P0AEX6
map01100,K28462,sfx:S4389,P0AEX6
map00480,K00033,sfl:SF2091,P37756
map00480,K00033,sfx:S2212,P37756
map00480,K00797,sfl:SF0118,Q83MF0
map00480,K00797,sfx:S0120,Q83MF0
map00480,K00799,sfl:SF0788,P0ACA9
map00480,K00799,sfx:S0831,P0ACA9
map00480,K01255,sfl:SF4229,Q83P64
map00480,K01255,sfx:S4490,Q83P64
map00480,K01460,sfl:SF3035,P0AES1
map00480,K01460,sfx:S3236,P0AES1
map00480,K01920,sfl:SF2938,Q83Q91
map00480,K01920,sfx:S3142,Q83Q91
map00480,K06048,sfl:SF0488,Q83M14
map00480,K06048,sfx:S0496,Q83M14
map00480,K07160,sfl:SF0584,Q83S86
map00480,K07160,sfx:S0597,Q83S86
map00480,K07751,sfl:SF2570,Q83QK5
map00480,K07751,sfx:S2742,Q83QK5
map05100,K12785,sfl:CP0181,Q7BU69
map05100,K13085,sfl:CP0133,Q07566
map05100,K13284,sfl:CP0125,P18010
map05100,K13285,sfl:CP0128,P18011
map05100,K13286,sfl:CP0127,P18012
map05100,K13287,sfl:CP0126,P18013
map05100,K13742,sfl:CP0130,P33548
map00620,K00024,sfl:SF3276,Q83Q04
map00620,K00024,sfx:S3491,Q83Q04
map00620,K00027,sfl:SF1746,Q83ML6
map00620,K00027,sfx:S1879,Q83ML6
map00620,K00090,sfl:SF3587,Q83PR3
map00620,K00090,sfx:S4182,Q83PR3
map00620,K00101,sfl:SF3644,Q83PP7
map00620,K00101,sfx:S4124,Q83PP7
map00620,K00245,sfl:SF4311,P0AC50
map00620,K00245,sfx:S4576,P0AC50
map00620,K00246,sfl:SF4310,Q83P38
map00620,K00246,sfx:S4575,Q83P38
map00620,K00247,sfl:SF4309,P0A8Q5
map00620,K00247,sfx:S4574,P0A8Q5
map00620,K00382,sfl:SF0113,P0A9P3
map00620,K00382,sfx:S0115,P0A9P3
map00620,K01069,sfl:SF0198,Q83MC1
map00620,K01069,sfx:S0206,Q83MC1
map00620,K01512,sfl:SF0969,Q83LL9
map00620,K01512,sfx:S1036,Q83LL9
map00620,K01595,sfl:SF4033,Q83IS7
map00620,K01595,sfx:S3713,Q83IS7
map00620,K01610,sfl:SF3422,Q83J96
map00620,K01610,sfx:S4341,Q83J96
map00620,K01638,sfl:SF3015,P59663
map00620,K01638,sfx:S3216,P59663
map00620,K01649,sfl:SF0069,Q83SP0
map00620,K01649,sfx:S0071,Q83SP0
map00620,K01675,sfl:SF1703,P0ACX8
map00620,K01675,sfx:S1835,P0ACX8
map00620,K01679,sfl:SF1634,Q83ML8
map00620,K01679,sfx:S1765,Q83ML8
map00620,K01759,sfl:SF1678,P0AC83
map00620,K01759,sfx:S1810,P0AC83
map00620,K01774,sfl:SF2919,Q83Q96
map00620,K01774,sfx:S3120,Q83Q96
map00620,K01962,sfl:SF0175,P0ABD7
map00620,K01962,sfx:S0178,P0ABD7
map00620,K01963,sfl:SF2392,Q83KA2
map00620,K01963,sfx:S2527,Q83KA2
map00620,K02160,sfl:SF3293,P0ABE1
map00620,K02160,sfx:S3510,P0ABE1
map00620,K05523,sfl:SF2014,P59332
map00620,K05523,sfx:S2111,P59332
map00620,K13788,sfl:SF2373,P0A9M9
map00620,K13788,sfx:S2508,P0A9M9
map01120,K00024,sfl:SF3276,Q83Q04
map01120,K00024,sfx:S3491,Q83Q04
map01120,K00033,sfl:SF2091,P37756
map01120,K00033,sfx:S2212,P37756
map01120,K00041,sfl:SF1572,Q83RE1
map01120,K00041,sfx:S1699,Q83RE1
map01120,K00058,sfl:SF2898,P0A9T3
map01120,K00058,sfx:S3098,P0A9T3
map01120,K00090,sfl:SF3587,Q83PR3
map01120,K00090,sfx:S4182,Q83PR3
map01120,K00124,sfl:SF3969,P0AAJ7
map01120,K00124,sfx:S3779,P0AAJ7
map01120,K00133,sfl:SF3456,P0A9R1
map01120,K00133,sfx:S4307,P0A9R1
map01120,K00134,sfl:SF1444,P0A9B5
map01120,K00134,sfx:S1559,P0A9B5
map01120,K00137,sfl:SF1774,Q83R90
map01120,K00137,sfx:S1905,Q83R90
map01120,K00215,sfl:SF0028,Q83SQ9
map01120,K00215,sfx:S0030,Q83SQ9
map01120,K00242,sfl:SF0575,P0AC46
map01120,K00242,sfx:S0588,P0AC46
map01120,K00245,sfl:SF4311,P0AC50
map01120,K00245,sfx:S4576,P0AC50
map01120,K00246,sfl:SF4310,Q83P38
map01120,K00246,sfx:S4575,Q83P38
map01120,K00247,sfl:SF4309,P0A8Q5
map01120,K00247,sfx:S4574,P0A8Q5
map01120,K00275,sfl:SF1663,P0AFI8
map01120,K00275,sfx:S1795,P0AFI8
map01120,K00297,sfl:SF4019,P0AEZ2
map01120,K00297,sfx:S3728,P0AEZ2
map01120,K00371,sfl:SF1228,Q83RN5
map01120,K00371,sfx:S1312,Q83RN5
map01120,K00380,sfl:SF2780,Q83QD9
map01120,K00380,sfx:S2973,Q83QD9
map01120,K00381,sfl:SF2779,Q83QE0
map01120,K00381,sfx:S2972,Q83QE0
map01120,K00382,sfl:SF0113,P0A9P3
map01120,K00382,sfx:S0115,P0A9P3
map01120,K00390,sfl:SF2778,Q7UBT0
map01120,K00390,sfx:S2971,Q7UBT0
map01120,K00600,sfl:SF2598,P0A827
map01120,K00600,sfx:S2770,P0A827
map01120,K00616,sfl:SF0009,P0A872
map01120,K00616,sfl:SF2506,Q83QM8
map01120,K00616,sfx:S0008,P0A872
map01120,K00616,sfx:S2657,Q83QM8
map01120,K00632,sfl:SF2420,Q83K95
map01120,K00632,sfl:SF3921,Q83PG2
map01120,K00632,sfx:S2555,Q83K95
map01120,K00632,sfx:S3831,Q83PG2
map01120,K00640,sfl:SF3646,P0A9D7
map01120,K00640,sfx:S4122,P0A9D7
map01120,K00674,sfl:SF0156,P0A9D9
map01120,K00674,sfx:S0159,P0A9D9
map01120,K00821,sfl:SF3378,P59321
map01120,K00821,sfx:S4385,P59321
map01120,K00831,sfl:SF0902,Q83LP3
map01120,K00831,sfx:S0966,Q83LP3
map01120,K00845,sfl:SF2454,Q83K86
map01120,K00845,sfx:S2593,Q83K86
map01120,K00848,sfl:SF3981,Q83IU3
map01120,K00848,sfx:S3767,Q83IU3
map01120,K00850,sfl:SF3994,P0A798
map01120,K00850,sfx:S3753,P0A798
map01120,K00860,sfl:SF2773,Q83JX9
map01120,K00860,sfx:S2966,Q83JX9
map01120,K00872,sfl:SF0003,Q83MH9
map01120,K00872,sfx:S0003,Q83MH9
map01120,K00927,sfl:SF2911,P0A7A1
map01120,K00927,sfx:S3111,P0A7A1
map01120,K00956,sfl:SF2774,Q83JX8
map01120,K00956,sfx:S2967,Q83JX8
map01120,K00957,sfl:SF2775,P59740
map01120,K00957,sfx:S2968,P59740
map01120,K00963,sfl:SF1236,P0AEP6
map01120,K00963,sfl:SF2105,P37776
map01120,K00963,sfx:S1322,P0AEP6
map01120,K00963,sfx:S2228,P37776
map01120,K01079,sfl:SF4420,P0AGB2
map01120,K01079,sfx:S4691,P0AGB2
map01120,K01082,sfl:SF4272,P59735
map01120,K01082,sfx:S4537,P59735
map01120,K01439,sfl:SF2514,P0AED8
map01120,K01439,sfx:S2665,P0AED8
map01120,K01491,sfl:SF0460,Q83SC8
map01120,K01491,sfx:S0468,Q83SC8
map01120,K01512,sfl:SF0969,Q83LL9
map01120,K01512,sfx:S1036,Q83LL9
map01120,K01580,sfl:SF1734,P69912
map01120,K01580,sfl:SF3594,Q83PR1
map01120,K01580,sfx:S1867,P69912
map01120,K01580,sfx:S4173,Q83PR1
map01120,K01595,sfl:SF4033,Q83IS7
map01120,K01595,sfx:S3713,Q83IS7
map01120,K01610,sfl:SF3422,Q83J96
map01120,K01610,sfx:S4341,Q83J96
map01120,K01624,sfl:SF2910,P0AB73
map01120,K01624,sfx:S3110,P0AB73
map01120,K01625,sfl:SF1860,P0A958
map01120,K01625,sfx:S1926,P0A958
map01120,K01628,sfl:SF2814,P0AB88
map01120,K01628,sfx:S3009,P0AB88
map01120,K01629,sfx:S3769,Q83PE1
map01120,K01638,sfl:SF3015,P59663
map01120,K01638,sfx:S3216,P59663
map01120,K01675,sfl:SF1703,P0ACX8
map01120,K01675,sfx:S1835,P0ACX8
map01120,K01679,sfl:SF1634,Q83ML8
map01120,K01679,sfx:S1765,Q83ML8
map01120,K01686,sfl:SF4198,P0A4S0
map01120,K01686,sfx:S4454,P0A4S0
map01120,K01689,sfl:SF2794,P0A6Q2
map01120,K01689,sfx:S2988,P0A6Q2
map01120,K01698,sfl:SF0249,P0ACB3
map01120,K01698,sfx:S0270,P0ACB3
map01120,K01714,sfl:SF2521,P0A6L3
map01120,K01714,sfx:S2671,P0A6L3
map01120,K01734,sfl:SF0965,P0A733
map01120,K01734,sfx:S1031,P0A733
map01120,K01749,sfl:SF3877,Q83PH4
map01120,K01749,sfx:S3879,Q83PH4
map01120,K01774,sfl:SF2919,Q83Q96
map01120,K01774,sfx:S3120,Q83Q96
map01120,K01782,sfl:SF2419,Q83QQ0
map01120,K01782,sfx:S2554,Q83QQ0
map01120,K01783,sfl:SF3404,P0AG10
map01120,K01783,sfx:S4358,P0AG10
map01120,K01785,sfl:SF0548,P0A9C4
map01120,K01785,sfx:S0556,P0A9C4
map01120,K01803,sfl:SF3997,P0A861
map01120,K01803,sfx:S3750,P0A861
map01120,K01807,sfl:SF2899,P0A7Z3
map01120,K01807,sfx:S3099,P0A7Z3
map01120,K01810,sfl:SF4180,Q83IN9
map01120,K01810,sfx:S3551,Q83IN9
map01120,K01812,sfl:SF3132,P0A8G5
map01120,K01812,sfx:S3339,P0A8G5
map01120,K01813,sfl:SF3980,Q83IU4
map01120,K01813,sfx:S3768,Q83IU4
map01120,K01815,sfl:SF2853,Q83QB2
map01120,K01815,sfx:S3051,Q83QB2
map01120,K01818,sfl:SF2816,P69923
map01120,K01818,sfx:S3011,P69923
map01120,K01825,sfl:SF3922,Q83PG1
map01120,K01825,sfx:S3830,Q83PG1
map01120,K01834,sfl:SF0549,P62710
map01120,K01834,sfx:S0557,P62710
map01120,K01845,sfl:SF0146,Q821C1
map01120,K01845,sfx:S0149,Q821C1
map01120,K01885,sfl:SF2462,Q83K84
map01120,K01885,sfx:S2605,Q83K84
map01120,K01903,sfl:SF0569,P0A839
map01120,K01903,sfx:S0582,P0A839
map01120,K01915,sfl:SF3940,P0A9C8
map01120,K01915,sfx:S3806,P0A9C8
map01120,K01962,sfl:SF0175,P0ABD7
map01120,K01962,sfx:S0178,P0ABD7
map01120,K01963,sfl:SF2392,Q83KA2
map01120,K01963,sfx:S2527,Q83KA2
map01120,K02160,sfl:SF3293,P0ABE1
map01120,K02160,sfx:S3510,P0ABE1
map01120,K02302,sfl:SF3387,Q83JB3
map01120,K02302,sfx:S4376,Q83JB3
map01120,K02439,sfl:SF3447,P0A6V7
map01120,K02439,sfx:S4317,P0A6V7
map01120,K02446,sfl:SF4003,P0A9D1
map01120,K02446,sfx:S3744,P0A9D1
map01120,K02492,sfl:SF1213,Q83RP1
map01120,K02492,sfx:S1297,Q83RP1
map01120,K02510,sfl:SF4379,Q83P19
map01120,K02510,sfx:S4649,Q83P19
map01120,K02567,sfl:SF2290,Q83QV0
map01120,K02567,sfx:S2420,Q83QV0
map01120,K02568,sfl:SF2287,P0ABL4
map01120,K02568,sfx:S2417,P0ABL4
map01120,K02821,sfl:SF4350,Q83P28
map01120,K02821,sfx:S4620,Q83P28
map01120,K02822,sfl:SF4349,Q83P29
map01120,K02822,sfx:S4619,Q83P29
map01120,K03077,sfl:SF4353,Q83P26
map01120,K03077,sfx:S4623,Q83P26
map01120,K03078,sfl:SF4351,Q83P27
map01120,K03078,sfx:S4621,Q83P27
map01120,K03079,sfl:SF4352,Q83II8
map01120,K03079,sfx:S4622,Q83II8
map01120,K03385,sfl:SF4130,Q83P93
map01120,K03385,sfx:S3597,Q83P93
map01120,K03475,sfl:SF4348,Q83II9
map01120,K03475,sfx:S4618,Q83II9
map01120,K03476,sfl:SF4347,Q83IJ0
map01120,K03476,sfx:S4617,Q83IJ0
map01120,K03841,sfl:SF4258,P0A995
map01120,K03841,sfx:S4520,P0A995
map01120,K04091,sfl:SF0934,P59189
map01120,K04091,sfx:S0999,P59189
map01120,K04755,sfl:SF2572,P0A9R6
map01120,K04755,sfx:S2744,P0A9R6
map01120,K05523,sfl:SF2014,P59332
map01120,K05523,sfx:S2111,P59332
map01120,K05708,sfl:SF2585,Q83K39
map01120,K05708,sfx:S2757,Q83K39
map01120,K05709,sfl:SF2586,Q83K38
map01120,K05709,sfx:S2758,Q83K38
map01120,K05710,sfl:SF2587,P0ABW2
map01120,K05710,sfx:S2759,P0ABW2
map01120,K05711,sfl:SF2588,Q83QJ8
map01120,K05711,sfx:S2760,Q83QJ8
map01120,K06281,sfl:SF0974,P0ACD9
map01120,K06281,sfl:SF3041,P0ACE2
map01120,K06281,sfx:S1041,P0ACD9
map01120,K06281,sfx:S3242,P0ACE2
map01120,K06282,sfl:SF0973,Q83RW9
map01120,K06282,sfx:S1040,Q83RW9
map01120,K07307,sfl:SF0854,Q83RZ7
map01120,K07307,sfx:S0895,Q83RZ7
map01120,K07404,sfl:SF0888,Q83LP7
map01120,K07404,sfx:S0935,Q83LP7
map01120,K09251,sfl:SF3114,Q83JJ8
map01120,K09251,sfx:S3320,Q83JJ8
map01120,K13788,sfl:SF2373,P0A9M9
map01120,K13788,sfx:S2508,P0A9M9
map01120,K15633,sfl:SF3651,P59176
map01120,K15633,sfx:S4117,P59176
map01120,K15634,sfl:SF4427,P0A7A4
map01120,K15634,sfx:S4698,P0A7A4
map01120,K15737,sfl:SF2686,Q83K04
map01120,K15737,sfx:S2871,Q83K04
map01120,K20866,sfl:SF3957,P0A8Y4
map01120,K20866,sfx:S3789,P0A8Y4
map01120,K25986,sfl:SF1787,A0A0H2UZX2
map01120,K28462,sfl:SF3374,P0AEX6
map01120,K28462,sfx:S4389,P0AEX6
map00071,K00632,sfl:SF2420,Q83K95
map00071,K00632,sfl:SF3921,Q83PG2
map00071,K00632,sfx:S2555,Q83K95
map00071,K00632,sfx:S3831,Q83PG2
map00071,K01782,sfl:SF2419,Q83QQ0
map00071,K01782,sfx:S2554,Q83QQ0
map00071,K01825,sfl:SF3922,Q83PG1
map00071,K01825,sfx:S3830,Q83PG1
map00071,K05939,sfl:SF2846,Q83JV7
map00071,K05939,sfx:S3044,Q83JV7
map00280,K00382,sfl:SF0113,P0A9P3
map00280,K00382,sfx:S0115,P0A9P3
map00280,K00632,sfl:SF2420,Q83K95
map00280,K00632,sfl:SF3921,Q83PG2
map00280,K00632,sfx:S2555,Q83K95
map00280,K00632,sfx:S3831,Q83PG2
map00280,K01782,sfl:SF2419,Q83QQ0
map00280,K01782,sfx:S2554,Q83QQ0
map00280,K01825,sfl:SF3922,Q83PG1
map00280,K01825,sfx:S3830,Q83PG1
map00310,K00137,sfl:SF1774,Q83R90
map00310,K00137,sfx:S1905,Q83R90
map00310,K00382,sfl:SF0113,P0A9P3
map00310,K00382,sfx:S0115,P0A9P3
map00310,K01782,sfl:SF2419,Q83QQ0
map00310,K01782,sfx:S2554,Q83QQ0
map00310,K01825,sfl:SF3922,Q83PG1
map00310,K01825,sfx:S3830,Q83PG1
map00310,K09251,sfl:SF3114,Q83JJ8
map00310,K09251,sfx:S3320,Q83JJ8
map00310,K15737,sfl:SF2686,Q83K04
map00310,K15737,sfx:S2871,Q83K04
map00310,K25986,sfl:SF1787,A0A0H2UZX2
map00362,K00632,sfl:SF2420,Q83K95
map00362,K00632,sfl:SF3921,Q83PG2
map00362,K00632,sfx:S2555,Q83K95
map00362,K00632,sfx:S3831,Q83PG2
map00362,K01782,sfl:SF2419,Q83QQ0
map00362,K01782,sfx:S2554,Q83QQ0
map00362,K01825,sfl:SF3922,Q83PG1
map00362,K01825,sfx:S3830,Q83PG1
map00362,K04755,sfl:SF2572,P0A9R6
map00362,K04755,sfx:S2744,P0A9R6
map00380,K00382,sfl:SF0113,P0A9P3
map00380,K00382,sfx:S0115,P0A9P3
map00380,K01667,sfl:SF3754,P0A854
map00380,K01667,sfx:S4017,P0A854
map00380,K01782,sfl:SF2419,Q83QQ0
map00380,K01782,sfx:S2554,Q83QQ0
map00380,K01825,sfl:SF3922,Q83PG1
map00380,K01825,sfx:S3830,Q83PG1
map00380,K03782,sfl:SF4020,Q83IT3
map00380,K03782,sfx:S3727,Q83IT3
map00410,K00137,sfl:SF1774,Q83R90
map00410,K00137,sfx:S1905,Q83R90
map00410,K01579,sfl:SF0128,P0A793
map00410,K01579,sfx:S0130,P0A793
map00410,K01580,sfl:SF1734,P69912
map00410,K01580,sfl:SF3594,Q83PR1
map00410,K01580,sfx:S1867,P69912
map00410,K01580,sfx:S4173,Q83PR1
map00410,K01782,sfl:SF2419,Q83QQ0
map00410,K01782,sfx:S2554,Q83QQ0
map00410,K01825,sfl:SF3922,Q83PG1
map00410,K01825,sfx:S3830,Q83PG1
map00410,K01918,sfl:SF0130,Q83SM0
map00410,K01918,sfx:S0132,Q83SM0
map00640,K00382,sfl:SF0113,P0A9P3
map00640,K00382,sfx:S0115,P0A9P3
map00640,K01734,sfl:SF0965,P0A733
map00640,K01734,sfx:S1031,P0A733
map00640,K01782,sfl:SF2419,Q83QQ0
map00640,K01782,sfx:S2554,Q83QQ0
map00640,K01825,sfl:SF3922,Q83PG1
map00640,K01825,sfx:S3830,Q83PG1
map00640,K01903,sfl:SF0569,P0A839
map00640,K01903,sfx:S0582,P0A839
map00640,K01962,sfl:SF0175,P0ABD7
map00640,K01962,sfx:S0178,P0ABD7
map00640,K01963,sfl:SF2392,Q83KA2
map00640,K01963,sfx:S2527,Q83KA2
map00640,K02160,sfl:SF3293,P0ABE1
map00640,K02160,sfx:S3510,P0ABE1
map00640,K13788,sfl:SF2373,P0A9M9
map00640,K13788,sfx:S2508,P0A9M9
map00650,K00242,sfl:SF0575,P0AC46
map00650,K00242,sfx:S0588,P0AC46
map00650,K00245,sfl:SF4311,P0AC50
map00650,K00245,sfx:S4576,P0AC50
map00650,K00246,sfl:SF4310,Q83P38
map00650,K00246,sfx:S4575,Q83P38
map00650,K00247,sfl:SF4309,P0A8Q5
map00650,K00247,sfx:S4574,P0A8Q5
map00650,K01580,sfl:SF1734,P69912
map00650,K01580,sfl:SF3594,Q83PR1
map00650,K01580,sfx:S1867,P69912
map00650,K01580,sfx:S4173,Q83PR1
map00650,K01782,sfl:SF2419,Q83QQ0
map00650,K01782,sfx:S2554,Q83QQ0
map00650,K01825,sfl:SF3922,Q83PG1
map00650,K01825,sfx:S3830,Q83PG1
map00650,K08318,sfl:SF3954,P0A9V9
map00650,K08318,sfx:S3792,P0A9V9
map00650,K11258,sfl:SF3844,P0ADG3
map00650,K11258,sfx:S3915,P0ADG3
map00907,K00632,sfl:SF2420,Q83K95
map00907,K00632,sfl:SF3921,Q83PG2
map00907,K00632,sfx:S2555,Q83K95
map00907,K00632,sfx:S3831,Q83PG2
map00907,K01782,sfl:SF2419,Q83QQ0
map00907,K01782,sfx:S2554,Q83QQ0
map00907,K01825,sfl:SF3922,Q83PG1
map00907,K01825,sfx:S3830,Q83PG1
map00930,K01782,sfl:SF2419,Q83QQ0
map00930,K01782,sfx:S2554,Q83QQ0
map00930,K01825,sfl:SF3922,Q83PG1
map00930,K01825,sfx:S3830,Q83PG1
map01110,K00013,sfl:SF2082,P59401
map01110,K00013,sfx:S2203,P59401
map01110,K00014,sfl:SF3313,Q83PZ3
map01110,K00014,sfx:S3537,Q83PZ3
map01110,K00024,sfl:SF3276,Q83Q04
map01110,K00024,sfx:S3491,Q83Q04
map01110,K00033,sfl:SF2091,P37756
map01110,K00033,sfx:S2212,P37756
map01110,K00052,sfl:SF0068,Q83SP1
map01110,K00052,sfx:S0070,Q83SP1
map01110,K00053,sfl:SF3848,Q7UB34
map01110,K00053,sfx:S3910,Q7UB34
map01110,K00057,sfl:SF3647,P0A6T0
map01110,K00057,sfx:S4121,P0A6T0
map01110,K00058,sfl:SF2898,P0A9T3
map01110,K00058,sfx:S3098,P0A9T3
map01110,K00059,sfl:SF1097,P0AEK3
map01110,K00059,sfx:S1177,P0AEK3
map01110,K00067,sfl:SF2103,P37778
map01110,K00067,sfx:S2226,P37778
map01110,K00077,sfl:SF0362,P0A9J5
map01110,K00077,sfx:S0370,P0A9J5
map01110,K00088,sfl:SF2554,P0ADG9
map01110,K00088,sfx:S2726,P0ADG9
map01110,K00090,sfl:SF3587,Q83PR3
map01110,K00090,sfx:S4182,Q83PR3
map01110,K00099,sfl:SF0163,Q83MD3
map01110,K00099,sfx:S0166,Q83MD3
map01110,K00111,sfl:SF2323,P0A9C2
map01110,K00111,sfx:S2456,P0A9C2
map01110,K00112,sfl:SF2324,Q83ML0
map01110,K00112,sfx:S2457,Q83ML0
map01110,K00133,sfl:SF3456,P0A9R1
map01110,K00133,sfx:S4307,P0A9R1
map01110,K00134,sfl:SF1444,P0A9B5
map01110,K00134,sfx:S1559,P0A9B5
map01110,K00145,sfl:SF4035,P59310
map01110,K00145,sfx:S3711,P59310
map01110,K00147,sfl:SF0293,Q83SH9
map01110,K00147,sfx:S0314,Q83SH9
map01110,K00208,sfl:SF1293,P0AEK6
map01110,K00208,sfx:S1375,P0AEK6
map01110,K00215,sfl:SF0028,Q83SQ9
map01110,K00215,sfx:S0030,Q83SQ9
map01110,K00228,sfl:SF2489,Q83QN1
map01110,K00242,sfl:SF0575,P0AC46
map01110,K00242,sfx:S0588,P0AC46
map01110,K00245,sfl:SF4311,P0AC50
map01110,K00245,sfx:S4576,P0AC50
map01110,K00246,sfl:SF4310,Q83P38
map01110,K00246,sfx:S4575,Q83P38
map01110,K00247,sfl:SF4309,P0A8Q5
map01110,K00247,sfx:S4574,P0A8Q5
map01110,K00281,sfl:SF2889,Q83QA2
map01110,K00281,sfx:S3088,Q83QA2
map01110,K00286,sfl:SF0322,P0A9L9
map01110,K00286,sfx:S0330,P0A9L9
map01110,K00382,sfl:SF0113,P0A9P3
map01110,K00382,sfx:S0115,P0A9P3
map01110,K00549,sfl:SF3907,Q83IW0
map01110,K00549,sfx:S3848,Q83IW0
map01110,K00568,sfl:SF2312,Q820C5
map01110,K00568,sfx:S2445,Q820C5
map01110,K00600,sfl:SF2598,P0A827
map01110,K00600,sfx:S2770,P0A827
map01110,K00602,sfl:SF4078,Q83IR9
map01110,K00602,sfx:S3657,Q83IR9
map01110,K00605,sfl:SF2891,Q83JU1
map01110,K00605,sfx:S3090,Q83JU1
map01110,K00606,sfl:SF0131,Q83ME5
map01110,K00606,sfx:S0133,Q83ME5
map01110,K00611,sfl:SF4235,Q83IM2
map01110,K00611,sfx:S4496,Q83IM2
map01110,K00616,sfl:SF0009,P0A872
map01110,K00616,sfl:SF2506,Q83QM8
map01110,K00616,sfx:S0008,P0A872
map01110,K00616,sfx:S2657,Q83QM8
map01110,K00631,sfl:SF4164,Q7UBC6
map01110,K00631,sfx:S3567,Q7UBC6
map01110,K00632,sfl:SF2420,Q83K95
map01110,K00632,sfl:SF3921,Q83PG2
map01110,K00632,sfx:S2555,Q83K95
map01110,K00632,sfx:S3831,Q83PG2
map01110,K00640,sfl:SF3646,P0A9D7
map01110,K00640,sfx:S4122,P0A9D7
map01110,K00688,sfl:SF3451,P0AC87
map01110,K00688,sfx:S4312,P0AC87
map01110,K00700,sfl:SF3455,Q83PV3
map01110,K00700,sfx:S4308,Q83PV3
map01110,K00703,sfl:SF3452,Q83PV4
map01110,K00703,sfx:S4311,Q83PV4
map01110,K00760,sfl:SF0122,P0A9M4
map01110,K00760,sfx:S0124,P0A9M4
map01110,K00764,sfl:SF2388,P0AG17
map01110,K00764,sfx:S2523,P0AG17
map01110,K00765,sfl:SF2081,Q83KJ7
map01110,K00765,sfx:S2202,Q83KJ7
map01110,K00769,sfl:SF0286,P0A9M7
map01110,K00769,sfx:S0307,P0A9M7
map01110,K00789,sfl:SF2933,P0A820
map01110,K00789,sfx:S3137,P0A820
map01110,K00791,sfl:SF4326,P59197
map01110,K00791,sfx:S4594,P59197
map01110,K00793,sfl:SF1690,P0AFU9
map01110,K00793,sfx:S1822,P0AFU9
map01110,K00794,sfl:SF0352,P61718
map01110,K00794,sfx:S0360,P61718
map01110,K00797,sfl:SF0118,Q83MF0
map01110,K00797,sfx:S0120,Q83MF0
map01110,K00800,sfl:SF0903,Q83RY8
map01110,K00800,sfx:S0967,Q83RY8
map01110,K00806,sfl:SF0164,P60475
map01110,K00806,sfx:S0167,P60475
map01110,K00817,sfl:SF2083,Q83KJ6
map01110,K00817,sfx:S2204,Q83KJ6
map01110,K00821,sfl:SF3378,P59321
map01110,K00821,sfx:S4385,P59321
map01110,K00831,sfl:SF0902,Q83LP3
map01110,K00831,sfx:S0966,Q83LP3
map01110,K00845,sfl:SF2454,Q83K86
map01110,K00845,sfx:S2593,Q83K86
map01110,K00850,sfl:SF3994,P0A798
map01110,K00850,sfx:S3753,P0A798
map01110,K00864,sfl:SF4004,Q7UB84
map01110,K00864,sfx:S3743,Q7UB84
map01110,K00872,sfl:SF0003,Q83MH9
map01110,K00872,sfx:S0003,Q83MH9
map01110,K00891,sfl:SF0324,Q83M66
map01110,K00891,sfl:SF3408,P0A6E0
map01110,K00891,sfx:S0332,Q83M66
map01110,K00891,sfx:S4354,P0A6E0
map01110,K00901,sfl:SF4163,P0ABN4
map01110,K00901,sfx:S3568,P0ABN4
map01110,K00919,sfl:SF1211,Q83LD8
map01110,K00919,sfx:S1295,Q83LD8
map01110,K00927,sfl:SF2911,P0A7A1
map01110,K00927,sfx:S3111,P0A7A1
map01110,K00930,sfl:SF4036,P59302
map01110,K00930,sfx:S3710,P59302
map01110,K00931,sfl:SF0292,Q7UDL2
map01110,K00931,sfx:S0313,Q7UDL2
map01110,K00939,sfl:SF0419,Q83M40
map01110,K00939,sfx:S0426,Q83M40
map01110,K00940,sfl:SF2564,P0A765
map01110,K00940,sfx:S2736,P0A765
map01110,K00956,sfl:SF2774,Q83JX8
map01110,K00956,sfx:S2967,Q83JX8
map01110,K00957,sfl:SF2775,P59740
map01110,K00957,sfx:S2968,P59740
map01110,K00963,sfl:SF1236,P0AEP6
map01110,K00963,sfl:SF2105,P37776
map01110,K00963,sfx:S1322,P0AEP6
map01110,K00963,sfx:S2228,P37776
map01110,K00973,sfl:SF2102,P37779
map01110,K00973,sfl:SF3863,P61888
map01110,K00973,sfx:S2225,P37779
map01110,K00973,sfx:S3897,P61888
map01110,K00975,sfl:SF3453,P0A6V4
map01110,K00975,sfx:S4310,P0A6V4
map01110,K00981,sfl:SF0165,P0ABG3
map01110,K00981,sfx:S0168,P0ABG3
map01110,K00991,sfl:SF2770,Q7C093
map01110,K00991,sfx:S2963,Q7C093
map01110,K00997,sfl:SF2625,Q83K24
map01110,K00997,sfx:S2798,Q83K24
map01110,K01058,sfl:SF3899,P0A923
map01110,K01058,sfx:S3856,P0A923
map01110,K01079,sfl:SF4420,P0AGB2
map01110,K01079,sfx:S4691,P0AGB2
map01110,K01089,sfl:SF2084,Q83R05
map01110,K01089,sfx:S2205,Q83R05
map01110,K01091,sfl:SF3403,Q83PX1
map01110,K01091,sfx:S4359,Q83PX1
map01110,K01194,sfl:SF1200,Q83RP6
map01110,K01194,sfl:SF3550,Q83PS8
map01110,K01194,sfx:S1284,Q83RP6
map01110,K01194,sfx:S4217,Q83PS8
map01110,K01252,sfl:SF0509,P0ADI6
map01110,K01252,sfx:S0515,P0ADI6
map01110,K01425,sfl:SF0430,Q83SE1
map01110,K01425,sfl:SF1569,Q83RE2
map01110,K01425,sfx:S0437,Q83SE1
map01110,K01425,sfx:S1696,Q83RE2
map01110,K01438,sfl:SF4034,P59600
map01110,K01438,sfx:S3712,P59600
map01110,K01480,sfl:SF2927,P60657
map01110,K01480,sfx:S3129,P60657
map01110,K01497,sfl:SF1281,P0A7I9
map01110,K01497,sfx:S1364,P0A7I9
map01110,K01521,sfl:SF3996,Q83IU1
map01110,K01521,sfx:S3751,Q83IU1
map01110,K01579,sfl:SF0128,P0A793
map01110,K01579,sfx:S0130,P0A793
map01110,K01580,sfl:SF1734,P69912
map01110,K01580,sfl:SF3594,Q83PR1
map01110,K01580,sfx:S1867,P69912
map01110,K01580,sfx:S4173,Q83PR1
map01110,K01585,sfl:SF2931,Q83Q93
map01110,K01585,sfx:S3133,Q83Q93
map01110,K01599,sfl:SF4069,Q83PB7
map01110,K01599,sfx:S3666,Q83PB7
map01110,K01610,sfl:SF3422,Q83J96
map01110,K01610,sfx:S4341,Q83J96
map01110,K01611,sfl:SF0117,P0A7F8
map01110,K01611,sfx:S0119,P0A7F8
map01110,K01613,sfl:SF4318,P0A8K4
map01110,K01613,sfx:S4582,P0A8K4
map01110,K01624,sfl:SF2910,P0AB73
map01110,K01624,sfx:S3110,P0AB73
map01110,K01626,sfl:SF1526,P59736
map01110,K01626,sfx:S1644,P59736
map01110,K01638,sfl:SF3015,P59663
map01110,K01638,sfx:S3216,P59663
map01110,K01649,sfl:SF0069,Q83SP0
map01110,K01649,sfx:S0071,Q83SP0
map01110,K01662,sfl:SF0357,Q83SG2
map01110,K01662,sfx:S0365,Q83SG2
map01110,K01675,sfl:SF1703,P0ACX8
map01110,K01675,sfx:S1835,P0ACX8
map01110,K01679,sfl:SF1634,Q83ML8
map01110,K01679,sfx:S1765,Q83ML8
map01110,K01687,sfl:SF3846,Q83PI6
map01110,K01687,sfx:S3913,Q83PI6
map01110,K01689,sfl:SF2794,P0A6Q2
map01110,K01689,sfx:S2988,P0A6Q2
map01110,K01695,sfl:SF1263,P0A878
map01110,K01695,sfx:S1349,P0A878
map01110,K01696,sfl:SF1264,P0A880
map01110,K01696,sfx:S1350,P0A880
map01110,K01698,sfl:SF0249,P0ACB3
map01110,K01698,sfx:S0270,P0ACB3
map01110,K01703,sfl:SF0067,Q821C2
map01110,K01703,sfx:S0069,Q821C2
map01110,K01704,sfl:SF0066,P59714
map01110,K01704,sfx:S0068,P59714
map01110,K01710,sfl:SF2104,P37777
map01110,K01710,sfx:S2227,P37777
map01110,K01714,sfl:SF2521,P0A6L3
map01110,K01714,sfx:S2671,P0A6L3
map01110,K01735,sfl:SF3407,Q83PX0
map01110,K01735,sfx:S4355,Q83PX0
map01110,K01736,sfl:SF2405,Q83QQ5
map01110,K01736,sfx:S2540,Q83QQ5
map01110,K01749,sfl:SF3877,Q83PH4
map01110,K01749,sfx:S3879,Q83PH4
map01110,K01754,sfl:SF3157,P0AGF9
map01110,K01754,sfx:S3369,P0AGF9
map01110,K01755,sfl:SF4037,P59619
map01110,K01755,sfx:S3709,P59619
map01110,K01770,sfl:SF2769,P62619
map01110,K01770,sfx:S2962,P62619
map01110,K01772,sfl:SF0420,Q83SE5
map01110,K01772,sfx:S0427,Q83SE5
map01110,K01774,sfl:SF2919,Q83Q96
map01110,K01774,sfx:S3120,Q83Q96
map01110,K01782,sfl:SF2419,Q83QQ0
map01110,K01782,sfx:S2554,Q83QQ0
map01110,K01783,sfl:SF3404,P0AG10
map01110,K01783,sfx:S4358,P0AG10
map01110,K01785,sfl:SF0548,P0A9C4
map01110,K01785,sfx:S0556,P0A9C4
map01110,K01790,sfl:SF2101,P37780
map01110,K01790,sfx:S2223,P37780
map01110,K01803,sfl:SF3997,P0A861
map01110,K01803,sfx:S3750,P0A861
map01110,K01807,sfl:SF2899,P0A7Z3
map01110,K01807,sfx:S3099,P0A7Z3
map01110,K01809,sfl:SF1636,Q83KZ1
map01110,K01809,sfx:S1767,Q83KZ1
map01110,K01810,sfl:SF4180,Q83IN9
map01110,K01810,sfx:S3551,Q83IN9
map01110,K01814,sfl:SF2086,Q83R04
map01110,K01814,sfx:S2207,Q83R04
map01110,K01823,sfl:SF2875,Q83MJ9
map01110,K01823,sfx:S3074,Q83MJ9
map01110,K01825,sfl:SF3922,Q83PG1
map01110,K01825,sfx:S3830,Q83PG1
map01110,K01834,sfl:SF0549,P62710
map01110,K01834,sfx:S0557,P62710
map01110,K01845,sfl:SF0146,Q821C1
map01110,K01845,sfx:S0149,Q821C1
map01110,K01885,sfl:SF2462,Q83K84
map01110,K01885,sfx:S2605,Q83K84
map01110,K01903,sfl:SF0569,P0A839
map01110,K01903,sfx:S0582,P0A839
map01110,K01914,sfl:SF3824,Q83PJ4
map01110,K01914,sfx:S3944,Q83PJ4
map01110,K01915,sfl:SF3940,P0A9C8
map01110,K01915,sfx:S3806,P0A9C8
map01110,K01918,sfl:SF0130,Q83SM0
map01110,K01918,sfx:S0132,Q83SM0
map01110,K01923,sfl:SF2519,P0A7E0
map01110,K01923,sfx:S2669,P0A7E0
map01110,K01933,sfl:SF2543,Q83QL4
map01110,K01933,sfx:S2692,Q83QL4
map01110,K01940,sfl:SF3213,P59609
map01110,K01940,sfx:S3430,P59609
map01110,K01955,sfl:SF0030,P63738
map01110,K01955,sfx:S0032,P63738
map01110,K01962,sfl:SF0175,P0ABD7
map01110,K01962,sfx:S0178,P0ABD7
map01110,K01963,sfl:SF2392,Q83KA2
map01110,K01963,sfx:S2527,Q83KA2
map01110,K02078,sfl:CP0124,P0A199
map01110,K02078,sfl:SF1098,P0A6B3
map01110,K02078,sfx:S1178,P0A6B3
map01110,K02160,sfl:SF3293,P0ABE1
map01110,K02160,sfx:S3510,P0ABE1
map01110,K02257,sfl:SF0369,Q83SF7
map01110,K02257,sfx:S0374,Q83SF7
map01110,K02302,sfl:SF3387,Q83JB3
map01110,K02302,sfx:S4376,Q83JB3
map01110,K02362,sfl:SF0495,P0A3C0
map01110,K02362,sfx:S0501,P0A3C0
map01110,K02364,sfl:SF0498,P29698
map01110,K02364,sfx:S0504,P29698
map01110,K02437,sfl:SF2890,P0A6U2
map01110,K02437,sfx:S3089,P0A6U2
map01110,K02439,sfl:SF3447,P0A6V7
map01110,K02439,sfx:S4317,P0A6V7
map01110,K02446,sfl:SF4003,P0A9D1
map01110,K02446,sfx:S3744,P0A9D1
map01110,K02492,sfl:SF1213,Q83RP1
map01110,K02492,sfx:S1297,Q83RP1
map01110,K02500,sfl:SF2087,Q83R03
map01110,K02500,sfx:S2208,Q83R03
map01110,K02501,sfl:SF2085,Q83KJ5
map01110,K02501,sfx:S2206,Q83KJ5
map01110,K02523,sfl:SF3227,P0AD58
map01110,K02523,sfx:S3445,P0AD58
map01110,K02549,sfl:SF2340,Q83QT6
map01110,K02549,sfx:S2474,Q83QT6
map01110,K02551,sfl:SF2343,Q821B0
map01110,K02551,sfx:S2477,Q821B0
map01110,K02858,sfl:SF3081,P0A7J2
map01110,K02858,sfx:S3286,P0A7J2
map01110,K03179,sfl:SF4165,Q83IP7
map01110,K03179,sfx:S3566,Q83IP7
map01110,K03181,sfl:SF4166,Q83IP6
map01110,K03181,sfx:S3565,Q83IP6
map01110,K03182,sfl:SF3919,Q83PG4
map01110,K03182,sfx:S3833,Q83PG4
map01110,K03183,sfl:SF3911,P0A889
map01110,K03183,sfx:S3843,P0A889
map01110,K03526,sfl:SF2561,Q83K43
map01110,K03526,sfx:S2733,Q83K43
map01110,K03527,sfl:SF0026,Q7UDT8
map01110,K03527,sfx:S0028,Q7UDT8
map01110,K03621,sfl:SF1094,Q83RS9
map01110,K03621,sfx:S1174,Q83RS9
map01110,K03782,sfl:SF4020,Q83IT3
map01110,K03782,sfx:S3727,Q83IT3
map01110,K03784,sfl:SF4416,Q83P00
map01110,K03784,sfx:S4687,Q83P00
map01110,K03785,sfl:SF1723,Q83RA1
map01110,K03785,sfx:S1855,Q83RA1
map01110,K03787,sfl:SF2767,Q83JY2
map01110,K03787,sfx:S2960,Q83JY2
map01110,K03809,sfl:SF1008,P0A8G8
map01110,K03809,sfx:S1077,P0A8G8
map01110,K03841,sfl:SF4258,P0A995
map01110,K03841,sfx:S4520,P0A995
map01110,K05887,sfl:SF1722,Q83RA2
map01110,K05887,sfx:S1854,Q83RA2
map01110,K07404,sfl:SF0888,Q83LP7
map01110,K07404,sfx:S0935,Q83LP7
map01110,K08289,sfl:SF1859,Q83KS0
map01110,K08289,sfx:S1925,Q83KS0
map01110,K08591,sfl:SF3100,P59252
map01110,K08591,sfx:S3305,P59252
map01110,K08680,sfl:SF2342,Q83QT4
map01110,K08680,sfx:S2476,Q83QT4
map01110,K09913,sfl:SF0327,P0C040
map01110,K09913,sfx:S0335,P0C040
map01110,K11258,sfl:SF3844,P0ADG3
map01110,K11258,sfx:S3915,P0ADG3
map01110,K11753,sfl:SF0021,P0AG43
map01110,K11753,sfx:S0024,P0AG43
map01110,K11755,sfl:SF2088,P37793
map01110,K11755,sfx:S2209,P37793
map01110,K14170,sfl:SF2659,P0A9K0
map01110,K14170,sfx:S2836,P0A9K0
map01110,K14260,sfl:SF2366,P0A961
map01110,K14260,sfx:S2501,P0A961
map01110,K14682,sfl:SF2829,P59293
map01110,K14682,sfx:S3026,P59293
map01110,K15633,sfl:SF3651,P59176
map01110,K15633,sfx:S4117,P59176
map01110,K15634,sfl:SF4427,P0A7A4
map01110,K15634,sfx:S4698,P0A7A4
map01110,K20862,sfl:SF3890,P0ADP1
map01110,K20862,sfx:S3866,P0ADP1
map01200,K00024,sfl:SF3276,Q83Q04
map01200,K00024,sfx:S3491,Q83Q04
map01200,K00027,sfl:SF1746,Q83ML6
map01200,K00027,sfx:S1879,Q83ML6
map01200,K00033,sfl:SF2091,P37756
map01200,K00033,sfx:S2212,P37756
map01200,K00058,sfl:SF2898,P0A9T3
map01200,K00058,sfx:S3098,P0A9T3
map01200,K00124,sfl:SF3969,P0AAJ7
map01200,K00124,sfx:S3779,P0AAJ7
map01200,K00134,sfl:SF1444,P0A9B5
map01200,K00134,sfx:S1559,P0A9B5
map01200,K00242,sfl:SF0575,P0AC46
map01200,K00242,sfx:S0588,P0AC46
map01200,K00245,sfl:SF4311,P0AC50
map01200,K00245,sfx:S4576,P0AC50
map01200,K00246,sfl:SF4310,Q83P38
map01200,K00246,sfx:S4575,Q83P38
map01200,K00247,sfl:SF4309,P0A8Q5
map01200,K00247,sfx:S4574,P0A8Q5
map01200,K00281,sfl:SF2889,Q83QA2
map01200,K00281,sfx:S3088,Q83QA2
map01200,K00297,sfl:SF4019,P0AEZ2
map01200,K00297,sfx:S3728,P0AEZ2
map01200,K00382,sfl:SF0113,P0A9P3
map01200,K00382,sfx:S0115,P0A9P3
map01200,K00600,sfl:SF2598,P0A827
map01200,K00600,sfx:S2770,P0A827
map01200,K00605,sfl:SF2891,Q83JU1
map01200,K00605,sfx:S3090,Q83JU1
map01200,K00616,sfl:SF0009,P0A872
map01200,K00616,sfl:SF2506,Q83QM8
map01200,K00616,sfx:S0008,P0A872
map01200,K00616,sfx:S2657,Q83QM8
map01200,K00640,sfl:SF3646,P0A9D7
map01200,K00640,sfx:S4122,P0A9D7
map01200,K00831,sfl:SF0902,Q83LP3
map01200,K00831,sfx:S0966,Q83LP3
map01200,K00845,sfl:SF2454,Q83K86
map01200,K00845,sfx:S2593,Q83K86
map01200,K00850,sfl:SF3994,P0A798
map01200,K00850,sfx:S3753,P0A798
map01200,K00927,sfl:SF2911,P0A7A1
map01200,K00927,sfx:S3111,P0A7A1
map01200,K01079,sfl:SF4420,P0AGB2
map01200,K01079,sfx:S4691,P0AGB2
map01200,K01491,sfl:SF0460,Q83SC8
map01200,K01491,sfx:S0468,Q83SC8
map01200,K01595,sfl:SF4033,Q83IS7
map01200,K01595,sfx:S3713,Q83IS7
map01200,K01610,sfl:SF3422,Q83J96
map01200,K01610,sfx:S4341,Q83J96
map01200,K01624,sfl:SF2910,P0AB73
map01200,K01624,sfx:S3110,P0AB73
map01200,K01625,sfl:SF1860,P0A958
map01200,K01625,sfx:S1926,P0A958
map01200,K01638,sfl:SF3015,P59663
map01200,K01638,sfx:S3216,P59663
map01200,K01679,sfl:SF1634,Q83ML8
map01200,K01679,sfx:S1765,Q83ML8
map01200,K01689,sfl:SF2794,P0A6Q2
map01200,K01689,sfx:S2988,P0A6Q2
map01200,K01754,sfl:SF3157,P0AGF9
map01200,K01754,sfx:S3369,P0AGF9
map01200,K01782,sfl:SF2419,Q83QQ0
map01200,K01782,sfx:S2554,Q83QQ0
map01200,K01783,sfl:SF3404,P0AG10
map01200,K01783,sfx:S4358,P0AG10
map01200,K01803,sfl:SF3997,P0A861
map01200,K01803,sfx:S3750,P0A861
map01200,K01807,sfl:SF2899,P0A7Z3
map01200,K01807,sfx:S3099,P0A7Z3
map01200,K01810,sfl:SF4180,Q83IN9
map01200,K01810,sfx:S3551,Q83IN9
map01200,K01825,sfl:SF3922,Q83PG1
map01200,K01825,sfx:S3830,Q83PG1
map01200,K01834,sfl:SF0549,P62710
map01200,K01834,sfx:S0557,P62710
map01200,K01903,sfl:SF0569,P0A839
map01200,K01903,sfx:S0582,P0A839
map01200,K01962,sfl:SF0175,P0ABD7
map01200,K01962,sfx:S0178,P0ABD7
map01200,K01963,sfl:SF2392,Q83KA2
map01200,K01963,sfx:S2527,Q83KA2
map01200,K02160,sfl:SF3293,P0ABE1
map01200,K02160,sfx:S3510,P0ABE1
map01200,K02437,sfl:SF2890,P0A6U2
map01200,K02437,sfx:S3089,P0A6U2
map01200,K02446,sfl:SF4003,P0A9D1
map01200,K02446,sfx:S3744,P0A9D1
map01200,K03841,sfl:SF4258,P0A995
map01200,K03841,sfx:S4520,P0A995
map01200,K07404,sfl:SF0888,Q83LP7
map01200,K07404,sfx:S0935,Q83LP7
map01200,K08318,sfl:SF3954,P0A9V9
map01200,K08318,sfx:S3792,P0A9V9
map01200,K13788,sfl:SF2373,P0A9M9
map01200,K13788,sfx:S2508,P0A9M9
map01200,K15633,sfl:SF3651,P59176
map01200,K15633,sfx:S4117,P59176
map01200,K15634,sfl:SF4427,P0A7A4
map01200,K15634,sfx:S4698,P0A7A4
map01200,K28462,sfl:SF3374,P0AEX6
map01200,K28462,sfx:S4389,P0AEX6
map01212,K00059,sfl:SF1097,P0AEK3
map01212,K00059,sfx:S1177,P0AEK3
map01212,K00208,sfl:SF1293,P0AEK6
map01212,K00208,sfx:S1375,P0AEK6
map01212,K00632,sfl:SF2420,Q83K95
map01212,K00632,sfl:SF3921,Q83PG2
map01212,K00632,sfx:S2555,Q83K95
map01212,K00632,sfx:S3831,Q83PG2
map01212,K00648,sfl:SF1095,Q83RS8
map01212,K00648,sfx:S1175,Q83RS8
map01212,K01716,sfl:SF0954,P0A6Q5
map01212,K01716,sfx:S1020,P0A6Q5
map01212,K01782,sfl:SF2419,Q83QQ0
map01212,K01782,sfx:S2554,Q83QQ0
map01212,K01825,sfl:SF3922,Q83PG1
map01212,K01825,sfx:S3830,Q83PG1
map01212,K01962,sfl:SF0175,P0ABD7
map01212,K01962,sfx:S0178,P0ABD7
map01212,K01963,sfl:SF2392,Q83KA2
map01212,K01963,sfx:S2527,Q83KA2
map01212,K02160,sfl:SF3293,P0ABE1
map01212,K02160,sfx:S3510,P0ABE1
map01212,K02372,sfl:SF0170,P0A6Q9
map01212,K02372,sfx:S0173,P0A6Q9
map01212,K09458,sfl:SF1099,P0AAI8
map01212,K09458,sfx:S1179,P0AAI8
map01501,K01207,sfl:SF1111,Q7UCW4
map01501,K01207,sfx:S1191,Q7UCW4
map01501,K09475,sfl:SF2299,A0A2S4MYF8
map01501,K15581,sfl:SF1245,P0AFH5
map01501,K15581,sfx:S1331,P0AFH5
map02020,K00027,sfl:SF1746,Q83ML6
map02020,K00027,sfx:S1879,Q83ML6
map02020,K00245,sfl:SF4311,P0AC50
map02020,K00245,sfx:S4576,P0AC50
map02020,K00246,sfl:SF4310,Q83P38
map02020,K00246,sfx:S4575,Q83P38
map02020,K00247,sfl:SF4309,P0A8Q5
map02020,K00247,sfx:S4574,P0A8Q5
map02020,K00371,sfl:SF1228,Q83RN5
map02020,K00371,sfx:S1312,Q83RN5
map02020,K00425,sfl:SF0564,P0ABK1
map02020,K00425,sfx:S0577,P0ABK1
map02020,K00990,sfl:SF0157,Q83MD4
map02020,K00990,sfx:S0160,Q83MD4
map02020,K01425,sfl:SF0430,Q83SE1
map02020,K01425,sfl:SF1569,Q83RE2
map02020,K01425,sfx:S0437,Q83SE1
map02020,K01425,sfx:S1696,Q83RE2
map02020,K01546,sfl:SF0598,Q83S83
map02020,K01546,sfx:S0609,Q83S83
map02020,K01646,sfl:SF0534,Q821B6
map02020,K01646,sfx:S0541,Q821B6
map02020,K01915,sfl:SF3940,P0A9C8
map02020,K01915,sfx:S3806,P0A9C8
map02020,K01991,sfl:SF0985,P0A934
map02020,K01991,sfx:S1052,P0A934
map02020,K02040,sfl:SF3727,P0AG83
map02020,K02040,sfx:S4045,P0AG83
map02020,K02398,sfl:SF1077,P0AEM5
map02020,K02398,sfx:S1155,P0AEM5
map02020,K02402,sfl:SF1940,P0ABZ0
map02020,K02402,sfx:S2031,P0ABZ0
map02020,K02406,sfl:SF1966,Q08860
map02020,K02406,sfx:S2062,Q08860
map02020,K02472,sfl:SF3861,P67067
map02020,K02472,sfx:S3899,P67067
map02020,K03408,sfl:SF1936,P0A967
map02020,K03408,sfx:S2027,P0A967
map02020,K03412,sfl:SF1932,Q83R52
map02020,K03412,sfx:S2023,Q83R52
map02020,K03413,sfl:SF1931,P0AE69
map02020,K03413,sfx:S2022,P0AE69
map02020,K03563,sfl:SF2719,P69918
map02020,K03563,sfx:S2910,P69918
map02020,K04751,sfl:SF2600,P0A9Z6
map02020,K04751,sfx:S2772,P0A9Z6
map02020,K05966,sfx:S0537,Q7UDF6
map02020,K06281,sfl:SF0974,P0ACD9
map02020,K06281,sfl:SF3041,P0ACE2
map02020,K06281,sfx:S1041,P0ACD9
map02020,K06281,sfx:S3242,P0ACE2
map02020,K06282,sfl:SF0973,Q83RW9
map02020,K06282,sfx:S1040,Q83RW9
map02020,K07637,sfl:SF1148,Q83RR1
map02020,K07637,sfx:S1231,Q83RR1
map02020,K07638,sfl:SF3423,P0AEJ5
map02020,K07638,sfx:S4340,P0AEJ5
map02020,K07648,sfl:SF3250,P0AEC4
map02020,K07648,sfx:S3468,P0AEC4
map02020,K07657,sfl:SF0336,P45607
map02020,K07657,sfx:S0344,P45607
map02020,K07659,sfl:SF3424,P0AA21
map02020,K07659,sfx:S4339,P0AA21
map02020,K07660,sfl:SF1149,Q83RR0
map02020,K07660,sfx:S1232,Q83RR0
map02020,K07662,sfl:SF3991,P0AE90
map02020,K07662,sfx:S3757,P0AE90
map02020,K07673,sfl:SF1225,P0AFA4
map02020,K07673,sfx:S1309,P0AFA4
map02020,K07678,sfl:SF2799,P59342
map02020,K07678,sfx:S2993,P59342
map02020,K07684,sfl:SF1224,P0AF31
map02020,K07684,sfx:S1308,P0AF31
map02020,K07686,sfl:SF3792,P0AGA9
map02020,K07686,sfx:S3976,P0AGA9
map02020,K07687,sfl:SF2301,P69410
map02020,K07687,sfx:S2432,P69410
map02020,K07689,sfl:SF1957,P0AED6
map02020,K07689,sfx:S2053,P0AED6
map02020,K07690,sfl:SF2436,P0ACZ7
map02020,K07690,sfx:S2573,P0ACZ7
map02020,K07701,sfl:SF4098,P59341
map02020,K07701,sfx:S3632,P59341
map02020,K07703,sfl:SF4099,P59339
map02020,K07703,sfx:S3631,P59339
map02020,K07708,sfl:SF3939,P0AFB7
map02020,K07708,sfx:S3807,P0AFB7
map02020,K07773,sfl:SF4433,P0A9Q4
map02020,K07773,sfx:S4704,P0A9Q4
map02020,K07784,sfl:SF3795,P0AGC2
map02020,K07784,sfx:S3973,P0AGC2
map02020,K07789,sfl:SF2141,Q83KI4
map02020,K07789,sfx:S2266,Q83KI4
map02020,K07792,sfl:SF4100,P0ABP2
map02020,K07792,sfx:S3630,P0ABP2
map02020,K07799,sfl:SF2139,Q83KI5
map02020,K07803,sfl:SF4074,P0AAB1
map02020,K07803,sfx:S3661,P0AAB1
map02020,K07806,sfl:SF2332,Q83QT9
map02020,K07806,sfx:S2465,Q83QT9
map02020,K08349,sfl:SF1750,P0AAJ4
map02020,K08349,sfx:S1883,P0AAJ4
map02020,K08350,sfl:SF1749,P0AEK9
map02020,K08350,sfx:S1882,P0AEK9
map02020,K09475,sfl:SF2299,A0A2S4MYF8
map02020,K10914,sfl:SF3376,P0ACK1
map02020,K10914,sfx:S4387,P0ACK1
map02020,K11103,sfl:SF3560,Q83PS4
map02020,K11103,sfx:S4207,Q83PS4
map02020,K18326,sfl:SF2142,Q83QZ0
map02020,K18326,sfx:S2267,Q83QZ0
map02020,K23236,sfx:S1655,Q7UCH6
map02020,K27882,sfl:SF2198,P0AD16
map02020,K27882,sfx:S2325,P0AD16
map02020,K27883,sfl:SF2197,P59640
map02020,K27883,sfx:S2324,P59640
map02020,K27885,sfl:SF2447,P0AE41
map02020,K27885,sfx:S2585,P0AE41
map00230,K00088,sfl:SF2554,P0ADG9
map00230,K00088,sfx:S2726,P0ADG9
map00230,K00364,sfl:SF0101,Q83SM9
map00230,K00364,sfx:S0103,Q83SM9
map00230,K00602,sfl:SF4078,Q83IR9
map00230,K00602,sfx:S3657,Q83IR9
map00230,K00759,sfl:SF0414,Q83M42
map00230,K00759,sfx:S0421,Q83M42
map00230,K00760,sfl:SF0122,P0A9M4
map00230,K00760,sfx:S0124,P0A9M4
map00230,K00764,sfl:SF2388,P0AG17
map00230,K00764,sfx:S2523,P0AG17
map00230,K00769,sfl:SF0286,P0A9M7
map00230,K00769,sfx:S0307,P0A9M7
map00230,K00860,sfl:SF2773,Q83JX9
map00230,K00860,sfx:S2966,Q83JX9
map00230,K00939,sfl:SF0419,Q83M40
map00230,K00939,sfx:S0426,Q83M40
map00230,K00940,sfl:SF2564,P0A765
map00230,K00940,sfx:S2736,P0A765
map00230,K00942,sfl:SF3688,P60548
map00230,K00942,sfx:S4081,P60548
map00230,K00951,sfl:SF2797,P0AG23
map00230,K00951,sfx:S2991,P0AG23
map00230,K00956,sfl:SF2774,Q83JX8
map00230,K00956,sfx:S2967,Q83JX8
map00230,K00957,sfl:SF2775,P59740
map00230,K00957,sfx:S2968,P59740
map00230,K01129,sfx:S0155,Q83MD6
map00230,K01139,sfl:SF3690,P0AG26
map00230,K01139,sfx:S4079,P0AG26
map00230,K01483,sfl:SF0444,P63487
map00230,K01483,sfx:S0451,P63487
map00230,K01486,sfl:SF3796,Q7BZ90
map00230,K01486,sfx:S3972,Q7BZ90
map00230,K01488,sfl:SF1648,Q83RC0
map00230,K01488,sfx:S1780,Q83RC0
map00230,K01515,sfl:SF3074,P83844
map00230,K01515,sfx:S3279,P83844
map00230,K01519,sfl:SF2945,Q83JS0
map00230,K01519,sfx:S3149,Q83JS0
map00230,K01524,sfl:SF3852,Q83PI3
map00230,K01524,sfx:S3907,Q83PI3
map00230,K01525,sfl:SF0046,Q83SQ2
map00230,K01525,sfx:S0048,Q83SQ2
map00230,K01839,sfl:SF4415,P0A6K9
map00230,K01839,sfx:S4686,P0A6K9
map00230,K01923,sfl:SF2519,P0A7E0
map00230,K01923,sfx:S2669,P0A7E0
map00230,K01933,sfl:SF2543,Q83QL4
map00230,K01933,sfx:S2692,Q83QL4
map00230,K01939,sfl:SF4332,Q83P33
map00230,K01939,sfx:S4600,Q83P33
map00230,K01951,sfl:SF2553,Q83QL1
map00230,K01951,sfx:S2725,Q83QL1
map00230,K03784,sfl:SF4416,Q83P00
map00230,K03784,sfx:S4687,Q83P00
map00230,K03787,sfl:SF2767,Q83JY2
map00230,K03787,sfx:S2960,Q83JY2
map00230,K05810,sfl:SF2654,A0A384KG77
map00230,K05851,sfl:SF3878,P59739
map00230,K05851,sfx:S3878,P59739
map00230,K06966,sfl:SF2808,P0ADS1
map00230,K06966,sfx:S3003,P0ADS1
map00230,K08289,sfl:SF1859,Q83KS0
map00230,K08289,sfx:S1925,Q83KS0
map00230,K08722,sfl:SF2367,Q83QS4
map00230,K08722,sfx:S2502,Q83QS4
map00230,K09913,sfl:SF0327,P0C040
map00230,K09913,sfx:S0335,P0C040
map00230,K20881,sfl:SF3417,P64637
map00230,K20881,sfx:S4345,P64637
map00270,K00024,sfl:SF3276,Q83Q04
map00270,K00024,sfx:S3491,Q83Q04
map00270,K00058,sfl:SF2898,P0A9T3
map00270,K00058,sfx:S3098,P0A9T3
map00270,K00133,sfl:SF3456,P0A9R1
map00270,K00133,sfx:S4307,P0A9R1
map00270,K00549,sfl:SF3907,Q83IW0
map00270,K00549,sfx:S3848,Q83IW0
map00270,K00640,sfl:SF3646,P0A9D7
map00270,K00640,sfx:S4122,P0A9D7
map00270,K00789,sfl:SF2933,P0A820
map00270,K00789,sfx:S3137,P0A820
map00270,K00797,sfl:SF0118,Q83MF0
map00270,K00797,sfx:S0120,Q83MF0
map00270,K00831,sfl:SF0902,Q83LP3
map00270,K00831,sfx:S0966,Q83LP3
map00270,K00872,sfl:SF0003,Q83MH9
map00270,K00872,sfx:S0003,Q83MH9
map00270,K01243,sfl:SF0151,P0AF15
map00270,K01243,sfx:S0154,P0AF15
map00270,K01611,sfl:SF0117,P0A7F8
map00270,K01611,sfx:S0119,P0A7F8
map00270,K01920,sfl:SF2938,Q83Q91
map00270,K01920,sfx:S3142,Q83Q91
map00270,K05396,sfl:SF1962,P59330
map00270,K05396,sfx:S2058,P59330
map00270,K05810,sfl:SF2654,A0A384KG77
map00270,K07173,sfl:SF2714,Q83JZ4
map00270,K07173,sfx:S2901,Q83JZ4
map01232,K00088,sfl:SF2554,P0ADG9
map01232,K00088,sfx:S2726,P0ADG9
map01232,K00364,sfl:SF0101,Q83SM9
map01232,K00364,sfx:S0103,Q83SM9
map01232,K00560,sfl:SF2837,P48464
map01232,K00560,sfx:S3035,P48464
map01232,K00758,sfl:SF4414,Q83P01
map01232,K00758,sfx:S4685,Q83P01
map01232,K00759,sfl:SF0414,Q83M42
map01232,K00759,sfx:S0421,Q83M42
map01232,K00760,sfl:SF0122,P0A9M4
map01232,K00760,sfx:S0124,P0A9M4
map01232,K00761,sfl:SF2542,P0A8F3
map01232,K00761,sfx:S2691,P0A8F3
map01232,K00769,sfl:SF0286,P0A9M7
map01232,K00769,sfx:S0307,P0A9M7
map01232,K00857,sfl:SF1238,P0A3M0
map01232,K00857,sfx:S1324,P0A3M0
map01232,K00876,sfl:SF2130,P0A8F7
map01232,K00876,sfx:S2254,P0A8F7
map01232,K00939,sfl:SF0419,Q83M40
map01232,K00939,sfx:S0426,Q83M40
map01232,K00940,sfl:SF2564,P0A765
map01232,K00940,sfx:S2736,P0A765
map01232,K00942,sfl:SF3688,P60548
map01232,K00942,sfx:S4081,P60548
map01232,K00943,sfl:SF1102,P0A721
map01232,K00943,sfx:S1182,P0A721
map01232,K00945,sfl:SF0906,Q83LP1
map01232,K00945,sfx:S0970,Q83LP1
map01232,K01129,sfx:S0155,Q83MD6
map01232,K01250,sfl:SF0630,Q83LY1
map01232,K01250,sfx:S0652,Q83LY1
map01232,K01486,sfl:SF3796,Q7BZ90
map01232,K01486,sfx:S3972,Q7BZ90
map01232,K01488,sfl:SF1648,Q83RC0
map01232,K01488,sfx:S1780,Q83RC0
map01232,K01489,sfl:SF2228,P0ABF7
map01232,K01489,sfx:S2357,P0ABF7
map01232,K01494,sfl:SF2129,Q83QZ5
map01232,K01494,sfx:S2253,Q83QZ5
map01232,K01519,sfl:SF2945,Q83JS0
map01232,K01519,sfx:S3149,Q83JS0
map01232,K01520,sfl:SF3679,Q83PN3
map01232,K01520,sfx:S4089,Q83PN3
map01232,K01937,sfl:SF2795,P0A7E8
map01232,K01937,sfx:S2989,P0A7E8
map01232,K01939,sfl:SF4332,Q83P33
map01232,K01939,sfx:S4600,Q83P33
map01232,K01951,sfl:SF2553,Q83QL1
map01232,K01951,sfx:S2725,Q83QL1
map01232,K03784,sfl:SF4416,Q83P00
map01232,K03784,sfx:S4687,Q83P00
map01232,K03787,sfl:SF2767,Q83JY2
map01232,K03787,sfx:S2960,Q83JY2
map01232,K05810,sfl:SF2654,A0A384KG77
map01232,K06287,sfl:SF3286,Q83JE1
map01232,K06287,sfx:S3503,Q83JE1
map01232,K06966,sfl:SF2808,P0ADS1
map01232,K06966,sfx:S3003,P0ADS1
map01232,K08722,sfl:SF2367,Q83QS4
map01232,K08722,sfx:S2502,Q83QS4
map01232,K09903,sfl:SF0161,P0A7F2
map01232,K09903,sfx:S0164,P0A7F2
map01232,K09913,sfl:SF0327,P0C040
map01232,K09913,sfx:S0335,P0C040
map01232,K10213,sfl:SF2247,Q83KF1
map01232,K10213,sfx:S2376,Q83KF1
map01232,K12700,sfl:SF0027,Q83MH0
map01232,K12700,sfx:S0029,Q83MH0
map01232,K20881,sfl:SF3417,P64637
map01232,K20881,sfx:S4345,P64637
map00540,K00677,sfl:SF0171,P0A724
map00540,K00677,sfx:S0174,P0A724
map00540,K00748,sfl:SF0172,Q83SL3
map00540,K00748,sfx:S0175,Q83SL3
map00540,K00912,sfl:SF0911,Q83RY7
map00540,K00912,sfx:S0975,Q83RY7
map00540,K02535,sfl:SF0093,P0A728
map00540,K02535,sfx:S0095,P0A728
map00540,K02536,sfl:SF0169,P65324
map00540,K02536,sfx:S0172,P65324
map00540,K02560,sfl:CP0238,O06659
map00540,K02560,sfl:SF1865,P59198
map00540,K02560,sfx:S1931,P59198
map00540,K03269,sfl:SF0455,Q83M28
map00540,K03269,sfx:S0463,Q83M28
map00540,K07264,sfl:SF2336,Q83KB6
map00540,K07264,sfx:S2469,Q83KB6
map00540,K12973,sfl:SF0658,Q83LW9
map00540,K12973,sfx:S0681,Q83LW9
map00540,K12974,sfl:SF2444,P0ACV3
map00540,K12974,sfx:S2582,P0ACV3
map00470,K00285,sfl:SF1178,Q7UCT6
map00470,K00285,sfx:S1266,Q7UCT6
map00470,K01425,sfl:SF0430,Q83SE1
map00470,K01425,sfl:SF1569,Q83RE2
map00470,K01425,sfx:S0437,Q83SE1
map00470,K01425,sfx:S1696,Q83RE2
map00470,K01753,sfl:SF2433,Q83MK8
map00470,K01753,sfx:S2570,Q83MK8
map00470,K01775,sfl:SF4152,P0A6B5
map00470,K01775,sfx:S3578,P0A6B5
map00470,K01776,sfl:SF4049,P63634
map00470,K01776,sfx:S3695,P63634
map00470,K01921,sfl:SF0089,Q83MF7
map00470,K01921,sfl:SF0232,P0A6K0
map00470,K01921,sfx:S0091,Q83MF7
map00470,K01921,sfx:S0254,P0A6K0
map00470,K01925,sfl:SF0085,Q83MF9
map00470,K01925,sfx:S0087,Q83MF9
map00470,K05396,sfl:SF1962,P59330
map00470,K05396,sfx:S2058,P59330
map01502,K01000,sfl:SF0084,P0A6W4
map01502,K01000,sfx:S0086,P0A6W4
map01502,K01775,sfl:SF4152,P0A6B5
map01502,K01775,sfx:S3578,P0A6B5
map01502,K01921,sfl:SF0089,Q83MF7
map01502,K01921,sfl:SF0232,P0A6K0
map01502,K01921,sfx:S0091,Q83MF7
map01502,K01921,sfx:S0254,P0A6K0
map01502,K02563,sfl:SF0087,Q83MN4
map01502,K02563,sfx:S0089,Q83MN4
map00061,K00059,sfl:SF1097,P0AEK3
map00061,K00059,sfx:S1177,P0AEK3
map00061,K00208,sfl:SF1293,P0AEK6
map00061,K00208,sfx:S1375,P0AEK6
map00061,K00648,sfl:SF1095,Q83RS8
map00061,K00648,sfx:S1175,Q83RS8
map00061,K01716,sfl:SF0954,P0A6Q5
map00061,K01716,sfx:S1020,P0A6Q5
map00061,K01962,sfl:SF0175,P0ABD7
map00061,K01962,sfx:S0178,P0ABD7
map00061,K01963,sfl:SF2392,Q83KA2
map00061,K01963,sfx:S2527,Q83KA2
map00061,K02160,sfl:SF3293,P0ABE1
map00061,K02160,sfx:S3510,P0ABE1
map00061,K02372,sfl:SF0170,P0A6Q9
map00061,K02372,sfx:S0173,P0A6Q9
map00061,K09458,sfl:SF1099,P0AAI8
map00061,K09458,sfx:S1179,P0AAI8
map00010,K00134,sfl:SF1444,P0A9B5
map00010,K00134,sfx:S1559,P0A9B5
map00010,K00382,sfl:SF0113,P0A9P3
map00010,K00382,sfx:S0115,P0A9P3
map00010,K00845,sfl:SF2454,Q83K86
map00010,K00845,sfx:S2593,Q83K86
map00010,K00850,sfl:SF3994,P0A798
map00010,K00850,sfx:S3753,P0A798
map00010,K00927,sfl:SF2911,P0A7A1
map00010,K00927,sfx:S3111,P0A7A1
map00010,K01610,sfl:SF3422,Q83J96
map00010,K01610,sfx:S4341,Q83J96
map00010,K01624,sfl:SF2910,P0AB73
map00010,K01624,sfx:S3110,P0AB73
map00010,K01689,sfl:SF2794,P0A6Q2
map00010,K01689,sfx:S2988,P0A6Q2
map00010,K01785,sfl:SF0548,P0A9C4
map00010,K01785,sfx:S0556,P0A9C4
map00010,K01803,sfl:SF3997,P0A861
map00010,K01803,sfx:S3750,P0A861
map00010,K01810,sfl:SF4180,Q83IN9
map00010,K01810,sfx:S3551,Q83IN9
map00010,K01834,sfl:SF0549,P62710
map00010,K01834,sfx:S0557,P62710
map00010,K02446,sfl:SF4003,P0A9D1
map00010,K02446,sfx:S3744,P0A9D1
map00010,K02777,sfl:SF2472,P69785
map00010,K02777,sfx:S2618,P69785
map00010,K03841,sfl:SF4258,P0A995
map00010,K03841,sfx:S4520,P0A995
map00010,K15633,sfl:SF3651,P59176
map00010,K15633,sfx:S4117,P59176
map00010,K15634,sfl:SF4427,P0A7A4
map00010,K15634,sfx:S4698,P0A7A4
map00010,K20866,sfl:SF3957,P0A8Y4
map00010,K20866,sfx:S3789,P0A8Y4
map00030,K00033,sfl:SF2091,P37756
map00030,K00033,sfx:S2212,P37756
map00030,K00090,sfl:SF3587,Q83PR3
map00030,K00090,sfx:S4182,Q83PR3
map00030,K00616,sfl:SF0009,P0A872
map00030,K00616,sfl:SF2506,Q83QM8
map00030,K00616,sfx:S0008,P0A872
map00030,K00616,sfx:S2657,Q83QM8
map00030,K00850,sfl:SF3994,P0A798
map00030,K00850,sfx:S3753,P0A798
map00030,K01619,sfl:SF4413,Q83P02
map00030,K01619,sfx:S4684,Q83P02
map00030,K01624,sfl:SF2910,P0AB73
map00030,K01624,sfx:S3110,P0AB73
map00030,K01625,sfl:SF1860,P0A958
map00030,K01625,sfx:S1926,P0A958
map00030,K01783,sfl:SF3404,P0AG10
map00030,K01783,sfx:S4358,P0AG10
map00030,K01807,sfl:SF2899,P0A7Z3
map00030,K01807,sfx:S3099,P0A7Z3
map00030,K01810,sfl:SF4180,Q83IN9
map00030,K01810,sfx:S3551,Q83IN9
map00030,K01839,sfl:SF4415,P0A6K9
map00030,K01839,sfx:S4686,P0A6K9
map00030,K02446,sfl:SF4003,P0A9D1
map00030,K02446,sfx:S3744,P0A9D1
map00030,K03841,sfl:SF4258,P0A995
map00030,K03841,sfx:S4520,P0A995
map00030,K07404,sfl:SF0888,Q83LP7
map00030,K07404,sfx:S0935,Q83LP7
map00051,K00009,sfl:SF3634,Q83PQ0
map00051,K00009,sfx:S4134,Q83PQ0
map00051,K00848,sfl:SF3981,Q83IU3
map00051,K00848,sfx:S3767,Q83IU3
map00051,K00850,sfl:SF3994,P0A798
map00051,K00850,sfx:S3753,P0A798
map00051,K00882,sfl:SF2253,P0AEX2
map00051,K00882,sfx:S2382,P0AEX2
map00051,K01624,sfl:SF2910,P0AB73
map00051,K01624,sfx:S3110,P0AB73
map00051,K01628,sfl:SF2814,P0AB88
map00051,K01628,sfx:S3009,P0AB88
map00051,K01629,sfx:S3769,Q83PE1
map00051,K01711,sfl:SF2116,P0AC91
map00051,K01711,sfx:S2239,P0AC91
map00051,K01803,sfl:SF3997,P0A861
map00051,K01803,sfx:S3750,P0A861
map00051,K01809,sfl:SF1636,Q83KZ1
map00051,K01809,sfx:S1767,Q83KZ1
map00051,K01813,sfl:SF3980,Q83IU4
map00051,K01813,sfx:S3768,Q83IU4
map00051,K01818,sfl:SF2816,P69923
map00051,K01818,sfx:S3011,P69923
map00051,K02446,sfl:SF4003,P0A9D1
map00051,K02446,sfx:S3744,P0A9D1
map00051,K02781,sfl:SF2727,P59784
map00051,K02781,sfx:S2918,P59784
map00051,K02794,sfl:SF1411,P69800
map00051,K02794,sfx:S1526,P69800
map00051,K02795,sfl:SF1410,P69804
map00051,K02795,sfx:S1525,P69804
map00051,K03841,sfl:SF4258,P0A995
map00051,K03841,sfx:S4520,P0A995
map00052,K00845,sfl:SF2454,Q83K86
map00052,K00845,sfx:S2593,Q83K86
map00052,K00849,sfl:SF0547,Q83M01
map00052,K00849,sfx:S0555,Q83M01
map00052,K00850,sfl:SF3994,P0A798
map00052,K00850,sfx:S3753,P0A798
map00052,K00963,sfl:SF1236,P0AEP6
map00052,K00963,sfl:SF2105,P37776
map00052,K00963,sfx:S1322,P0AEP6
map00052,K00963,sfx:S2228,P37776
map00052,K01785,sfl:SF0548,P0A9C4
map00052,K01785,sfx:S0556,P0A9C4
map00052,K02774,sfl:SF2155,P0A437
map00052,K02774,sfx:S2281,P0A437
map00052,K08302,sfl:SF2158,Q83QY5
map00052,K08302,sfx:S2284,Q83QY5
map00052,K16371,sfl:SF2157,Q83KH7
map00052,K16371,sfl:SF3167,Q83JH9
map00052,K16371,sfx:S2283,Q83KH7
map00052,K16371,sfx:S3382,Q83JH9
map00680,K00024,sfl:SF3276,Q83Q04
map00680,K00024,sfx:S3491,Q83Q04
map00680,K00058,sfl:SF2898,P0A9T3
map00680,K00058,sfx:S3098,P0A9T3
map00680,K00124,sfl:SF3969,P0AAJ7
map00680,K00124,sfx:S3779,P0AAJ7
map00680,K00600,sfl:SF2598,P0A827
map00680,K00600,sfx:S2770,P0A827
map00680,K00831,sfl:SF0902,Q83LP3
map00680,K00831,sfx:S0966,Q83LP3
map00680,K00850,sfl:SF3994,P0A798
map00680,K00850,sfx:S3753,P0A798
map00680,K01079,sfl:SF4420,P0AGB2
map00680,K01079,sfx:S4691,P0AGB2
map00680,K01595,sfl:SF4033,Q83IS7
map00680,K01595,sfx:S3713,Q83IS7
map00680,K01624,sfl:SF2910,P0AB73
map00680,K01624,sfx:S3110,P0AB73
map00680,K01689,sfl:SF2794,P0A6Q2
map00680,K01689,sfx:S2988,P0A6Q2
map00680,K01834,sfl:SF0549,P62710
map00680,K01834,sfx:S0557,P62710
map00680,K02446,sfl:SF4003,P0A9D1
map00680,K02446,sfx:S3744,P0A9D1
map00680,K03841,sfl:SF4258,P0A995
map00680,K03841,sfx:S4520,P0A995
map00680,K13788,sfl:SF2373,P0A9M9
map00680,K13788,sfx:S2508,P0A9M9
map00680,K15633,sfl:SF3651,P59176
map00680,K15633,sfx:S4117,P59176
map00680,K15634,sfl:SF4427,P0A7A4
map00680,K15634,sfx:S4698,P0A7A4
map01230,K00013,sfl:SF2082,P59401
map01230,K00013,sfx:S2203,P59401
map01230,K00014,sfl:SF3313,Q83PZ3
map01230,K00014,sfx:S3537,Q83PZ3
map01230,K00052,sfl:SF0068,Q83SP1
map01230,K00052,sfx:S0070,Q83SP1
map01230,K00053,sfl:SF3848,Q7UB34
map01230,K00053,sfx:S3910,Q7UB34
map01230,K00058,sfl:SF2898,P0A9T3
map01230,K00058,sfx:S3098,P0A9T3
map01230,K00133,sfl:SF3456,P0A9R1
map01230,K00133,sfx:S4307,P0A9R1
map01230,K00134,sfl:SF1444,P0A9B5
map01230,K00134,sfx:S1559,P0A9B5
map01230,K00145,sfl:SF4035,P59310
map01230,K00145,sfx:S3711,P59310
map01230,K00147,sfl:SF0293,Q83SH9
map01230,K00147,sfx:S0314,Q83SH9
map01230,K00215,sfl:SF0028,Q83SQ9
map01230,K00215,sfx:S0030,Q83SQ9
map01230,K00286,sfl:SF0322,P0A9L9
map01230,K00286,sfx:S0330,P0A9L9
map01230,K00549,sfl:SF3907,Q83IW0
map01230,K00549,sfx:S3848,Q83IW0
map01230,K00600,sfl:SF2598,P0A827
map01230,K00600,sfx:S2770,P0A827
map01230,K00611,sfl:SF4235,Q83IM2
map01230,K00611,sfx:S4496,Q83IM2
map01230,K00616,sfl:SF0009,P0A872
map01230,K00616,sfl:SF2506,Q83QM8
map01230,K00616,sfx:S0008,P0A872
map01230,K00616,sfx:S2657,Q83QM8
map01230,K00640,sfl:SF3646,P0A9D7
map01230,K00640,sfx:S4122,P0A9D7
map01230,K00674,sfl:SF0156,P0A9D9
map01230,K00674,sfx:S0159,P0A9D9
map01230,K00765,sfl:SF2081,Q83KJ7
map01230,K00765,sfx:S2202,Q83KJ7
map01230,K00789,sfl:SF2933,P0A820
map01230,K00789,sfx:S3137,P0A820
map01230,K00800,sfl:SF0903,Q83RY8
map01230,K00800,sfx:S0967,Q83RY8
map01230,K00817,sfl:SF2083,Q83KJ6
map01230,K00817,sfx:S2204,Q83KJ6
map01230,K00821,sfl:SF3378,P59321
map01230,K00821,sfx:S4385,P59321
map01230,K00831,sfl:SF0902,Q83LP3
map01230,K00831,sfx:S0966,Q83LP3
map01230,K00850,sfl:SF3994,P0A798
map01230,K00850,sfx:S3753,P0A798
map01230,K00872,sfl:SF0003,Q83MH9
map01230,K00872,sfx:S0003,Q83MH9
map01230,K00891,sfl:SF0324,Q83M66
map01230,K00891,sfl:SF3408,P0A6E0
map01230,K00891,sfx:S0332,Q83M66
map01230,K00891,sfx:S4354,P0A6E0
map01230,K00927,sfl:SF2911,P0A7A1
map01230,K00927,sfx:S3111,P0A7A1
map01230,K00930,sfl:SF4036,P59302
map01230,K00930,sfx:S3710,P59302
map01230,K00931,sfl:SF0292,Q7UDL2
map01230,K00931,sfx:S0313,Q7UDL2
map01230,K01079,sfl:SF4420,P0AGB2
map01230,K01079,sfx:S4691,P0AGB2
map01230,K01089,sfl:SF2084,Q83R05
map01230,K01089,sfx:S2205,Q83R05
map01230,K01243,sfl:SF0151,P0AF15
map01230,K01243,sfx:S0154,P0AF15
map01230,K01438,sfl:SF4034,P59600
map01230,K01438,sfx:S3712,P59600
map01230,K01439,sfl:SF2514,P0AED8
map01230,K01439,sfx:S2665,P0AED8
map01230,K01624,sfl:SF2910,P0AB73
map01230,K01624,sfx:S3110,P0AB73
map01230,K01626,sfl:SF1526,P59736
map01230,K01626,sfx:S1644,P59736
map01230,K01649,sfl:SF0069,Q83SP0
map01230,K01649,sfx:S0071,Q83SP0
map01230,K01687,sfl:SF3846,Q83PI6
map01230,K01687,sfx:S3913,Q83PI6
map01230,K01689,sfl:SF2794,P0A6Q2
map01230,K01689,sfx:S2988,P0A6Q2
map01230,K01695,sfl:SF1263,P0A878
map01230,K01695,sfx:S1349,P0A878
map01230,K01696,sfl:SF1264,P0A880
map01230,K01696,sfx:S1350,P0A880
map01230,K01703,sfl:SF0067,Q821C2
map01230,K01703,sfx:S0069,Q821C2
map01230,K01704,sfl:SF0066,P59714
map01230,K01704,sfx:S0068,P59714
map01230,K01714,sfl:SF2521,P0A6L3
map01230,K01714,sfx:S2671,P0A6L3
map01230,K01735,sfl:SF3407,Q83PX0
map01230,K01735,sfx:S4355,Q83PX0
map01230,K01736,sfl:SF2405,Q83QQ5
map01230,K01736,sfx:S2540,Q83QQ5
map01230,K01754,sfl:SF3157,P0AGF9
map01230,K01754,sfx:S3369,P0AGF9
map01230,K01755,sfl:SF4037,P59619
map01230,K01755,sfx:S3709,P59619
map01230,K01783,sfl:SF3404,P0AG10
map01230,K01783,sfx:S4358,P0AG10
map01230,K01803,sfl:SF3997,P0A861
map01230,K01803,sfx:S3750,P0A861
map01230,K01807,sfl:SF2899,P0A7Z3
map01230,K01807,sfx:S3099,P0A7Z3
map01230,K01814,sfl:SF2086,Q83R04
map01230,K01814,sfx:S2207,Q83R04
map01230,K01834,sfl:SF0549,P62710
map01230,K01834,sfx:S0557,P62710
map01230,K01914,sfl:SF3824,Q83PJ4
map01230,K01914,sfx:S3944,Q83PJ4
map01230,K01915,sfl:SF3940,P0A9C8
map01230,K01915,sfx:S3806,P0A9C8
map01230,K01940,sfl:SF3213,P59609
map01230,K01940,sfx:S3430,P59609
map01230,K02500,sfl:SF2087,Q83R03
map01230,K02500,sfx:S2208,Q83R03
map01230,K02501,sfl:SF2085,Q83KJ5
map01230,K02501,sfx:S2206,Q83KJ5
map01230,K03785,sfl:SF1723,Q83RA1
map01230,K03785,sfx:S1855,Q83RA1
map01230,K07173,sfl:SF2714,Q83JZ4
map01230,K07173,sfx:S2901,Q83JZ4
map01230,K11258,sfl:SF3844,P0ADG3
map01230,K11258,sfx:S3915,P0ADG3
map01230,K11755,sfl:SF2088,P37793
map01230,K11755,sfx:S2209,P37793
map01230,K14170,sfl:SF2659,P0A9K0
map01230,K14170,sfx:S2836,P0A9K0
map01230,K14260,sfl:SF2366,P0A961
map01230,K14260,sfx:S2501,P0A961
map01230,K14682,sfl:SF2829,P59293
map01230,K14682,sfx:S3026,P59293
map01230,K15633,sfl:SF3651,P59176
map01230,K15633,sfx:S4117,P59176
map01230,K15634,sfl:SF4427,P0A7A4
map01230,K15634,sfx:S4698,P0A7A4
map03018,K00850,sfl:SF3994,P0A798
map03018,K00850,sfx:S3753,P0A798
map03018,K00962,sfl:SF3205,Q83JG0
map03018,K00962,sfx:S3422,Q83JG0
map03018,K01689,sfl:SF2794,P0A6Q2
map03018,K01689,sfx:S2988,P0A6Q2
map03018,K03628,sfl:SF3856,P0AG33
map03018,K03628,sfx:S3903,P0AG33
map03018,K03666,sfl:SF4327,P0A6X6
map03018,K03666,sfx:S4595,P0A6X6
map03018,K03732,sfl:SF3853,P0A8K0
map03018,K03732,sfx:S3906,P0A8K0
map03018,K04043,sfl:SF0014,Q83MH5
map03018,K04043,sfx:S0014,Q83MH5
map03018,K04077,sfl:SF4297,P0A6F8
map03018,K04077,sfx:S4564,P0A6F8
map03018,K05592,sfl:SF3203,P0A9P8
map03018,K05592,sfx:S3420,P0A9P8
map03018,K08311,sfl:SF2840,P0A779
map03018,K08311,sfx:S3038,P0A779
map03018,K12573,sfl:SF4334,P30851
map03018,K12573,sfx:S4602,P30851
map00240,K00254,sfl:SF0946,Q83RX6
map00240,K00254,sfx:S1011,Q83RX6
map00240,K00560,sfl:SF2837,P48464
map00240,K00560,sfx:S3035,P48464
map00240,K00609,sfl:SF4245,P0A789
map00240,K00609,sfx:S4507,P0A789
map00240,K00610,sfl:SF4246,Q83IL8
map00240,K00610,sfx:S4508,Q83IL8
map00240,K00758,sfl:SF4414,Q83P01
map00240,K00758,sfx:S4685,Q83P01
map00240,K00761,sfl:SF2542,P0A8F3
map00240,K00761,sfx:S2691,P0A8F3
map00240,K00762,sfl:SF3681,Q83J15
map00240,K00762,sfx:S4087,Q83J15
map00240,K00857,sfl:SF1238,P0A3M0
map00240,K00857,sfx:S1324,P0A3M0
map00240,K00876,sfl:SF2130,P0A8F7
map00240,K00876,sfx:S2254,P0A8F7
map00240,K00940,sfl:SF2564,P0A765
map00240,K00940,sfx:S2736,P0A765
map00240,K00943,sfl:SF1102,P0A721
map00240,K00943,sfx:S1182,P0A721
map00240,K00945,sfl:SF0906,Q83LP1
map00240,K00945,sfx:S0970,Q83LP1
map00240,K01250,sfl:SF0630,Q83LY1
map00240,K01250,sfx:S0652,Q83LY1
map00240,K01465,sfl:SF1068,Q83RT8
map00240,K01465,sfx:S1146,Q83RT8
map00240,K01489,sfl:SF2228,P0ABF7
map00240,K01489,sfx:S2357,P0ABF7
map00240,K01494,sfl:SF2129,Q83QZ5
map00240,K01494,sfx:S2253,Q83QZ5
map00240,K01520,sfl:SF3679,Q83PN3
map00240,K01520,sfx:S4089,Q83PN3
map00240,K01591,sfl:SF1285,Q83RM1
map00240,K01591,sfx:S1368,Q83RM1
map00240,K01937,sfl:SF2795,P0A7E8
map00240,K01937,sfx:S2989,P0A7E8
map00240,K01955,sfl:SF0030,P63738
map00240,K01955,sfx:S0032,P63738
map00240,K03787,sfl:SF2767,Q83JY2
map00240,K03787,sfx:S2960,Q83JY2
map00240,K06287,sfl:SF3286,Q83JE1
map00240,K06287,sfx:S3503,Q83JE1
map00240,K06966,sfl:SF2808,P0ADS1
map00240,K06966,sfx:S3003,P0ADS1
map00240,K08722,sfl:SF2367,Q83QS4
map00240,K08722,sfx:S2502,Q83QS4
map00240,K09018,sfl:SF1015,Q83LK6
map00240,K09018,sfx:S1085,Q83LK6
map00240,K09019,sfl:SF1011,Q83RV4
map00240,K09019,sfx:S1081,Q83RV4
map00240,K09020,sfl:SF1014,Q83RV3
map00240,K09020,sfx:S1084,Q83RV3
map00240,K09021,sfl:SF1013,Q83LK7
map00240,K09021,sfx:S1083,Q83LK7
map00240,K09023,sfl:SF1012,Q83LK8
map00240,K09023,sfx:S1082,Q83LK8
map00240,K09024,sfl:SF1010,Q83LK9
map00240,K09024,sfx:S1080,Q83LK9
map00240,K09903,sfl:SF0161,P0A7F2
map00240,K09903,sfx:S0164,P0A7F2
map00240,K09913,sfl:SF0327,P0C040
map00240,K09913,sfx:S0335,P0C040
map00240,K10213,sfl:SF2247,Q83KF1
map00240,K10213,sfx:S2376,Q83KF1
map00240,K12700,sfl:SF0027,Q83MH0
map00240,K12700,sfx:S0029,Q83MH0
map00240,K16066,sfl:SF1556,Q83RE8
map00240,K16066,sfx:S1681,Q83RE8
map01240,K00059,sfl:SF1097,P0AEK3
map01240,K00059,sfx:S1177,P0AEK3
map01240,K00077,sfl:SF0362,P0A9J5
map01240,K00077,sfx:S0370,P0A9J5
map01240,K00097,sfl:SF0049,Q83SQ1
map01240,K00097,sfx:S0051,Q83SQ1
map01240,K00208,sfl:SF1293,P0AEK6
map01240,K00208,sfx:S1375,P0AEK6
map01240,K00228,sfl:SF2489,Q83QN1
map01240,K00254,sfl:SF0946,Q83RX6
map01240,K00254,sfx:S1011,Q83RX6
map01240,K00275,sfl:SF1663,P0AFI8
map01240,K00275,sfx:S1795,P0AFI8
map01240,K00287,sfl:SF0045,P0ABQ6
map01240,K00287,sfx:S0047,P0ABQ6
map01240,K00382,sfl:SF0113,P0A9P3
map01240,K00382,sfx:S0115,P0A9P3
map01240,K00568,sfl:SF2312,Q820C5
map01240,K00568,sfx:S2445,Q820C5
map01240,K00600,sfl:SF2598,P0A827
map01240,K00600,sfx:S2770,P0A827
map01240,K00606,sfl:SF0131,Q83ME5
map01240,K00606,sfx:S0133,Q83ME5
map01240,K00609,sfl:SF4245,P0A789
map01240,K00609,sfx:S4507,P0A789
map01240,K00610,sfl:SF4246,Q83IL8
map01240,K00610,sfx:S4508,Q83IL8
map01240,K00652,sfl:SF0726,Q83S45
map01240,K00652,sfx:S0767,Q83S45
map01240,K00762,sfl:SF3681,Q83J15
map01240,K00762,sfx:S4087,Q83J15
map01240,K00763,sfl:SF0928,Q83LN3
map01240,K00763,sfx:S0992,Q83LN3
map01240,K00768,sfl:SF2059,Q83R14
map01240,K00768,sfx:S2169,Q83R14
map01240,K00788,sfl:SF4065,Q83PB9
map01240,K00788,sfx:S3670,Q83PB9
map01240,K00789,sfl:SF2933,P0A820
map01240,K00789,sfx:S3137,P0A820
map01240,K00793,sfl:SF1690,P0AFU9
map01240,K00793,sfx:S1822,P0AFU9
map01240,K00794,sfl:SF0352,P61718
map01240,K00794,sfx:S0360,P61718
map01240,K00796,sfl:SF3217,P0AC15
map01240,K00796,sfx:S3435,P0AC15
map01240,K00831,sfl:SF0902,Q83LP3
map01240,K00831,sfx:S0966,Q83LP3
map01240,K00858,sfl:SF2674,P0A7B4
map01240,K00858,sfx:S2852,P0A7B4
map01240,K00859,sfl:SF0100,Q7C397
map01240,K00859,sfx:S0102,Q7C397
map01240,K00867,sfl:SF4052,Q83PC5
map01240,K00867,sfx:S3688,Q83PC5
map01240,K00868,sfl:SF1661,Q83KY1
map01240,K00868,sfl:SF2473,Q83K78
map01240,K00868,sfx:S1793,Q83KY1
map01240,K00868,sfx:S2619,Q83K78
map01240,K00878,sfl:SF2166,Q83KH2
map01240,K00878,sfx:S2291,Q83KH2
map01240,K00939,sfl:SF0419,Q83M40
map01240,K00939,sfx:S0426,Q83M40
map01240,K00940,sfl:SF2564,P0A765
map01240,K00940,sfx:S2736,P0A765
map01240,K00954,sfl:SF3673,P0A6I8
map01240,K00954,sfx:S4095,P0A6I8
map01240,K00963,sfl:SF1236,P0AEP6
map01240,K00963,sfl:SF2105,P37776
map01240,K00963,sfx:S1322,P0AEP6
map01240,K00963,sfx:S2228,P37776
map01240,K00969,sfl:SF0642,P0A753
map01240,K00969,sfx:S0664,P0A753
map01240,K01012,sfl:SF0724,Q83S46
map01240,K01012,sfx:S0766,Q83S46
map01240,K01465,sfl:SF1068,Q83RT8
map01240,K01465,sfx:S1146,Q83RT8
map01240,K01491,sfl:SF0460,Q83SC8
map01240,K01491,sfx:S0468,Q83SC8
map01240,K01495,sfl:SF2238,P0A6T8
map01240,K01495,sfx:S2367,P0A6T8
map01240,K01497,sfl:SF1281,P0A7I9
map01240,K01497,sfx:S1364,P0A7I9
map01240,K01579,sfl:SF0128,P0A793
map01240,K01579,sfx:S0130,P0A793
map01240,K01591,sfl:SF1285,Q83RM1
map01240,K01591,sfx:S1368,Q83RM1
map01240,K01599,sfl:SF4069,Q83PB7
map01240,K01599,sfx:S3666,Q83PB7
map01240,K01633,sfl:SF3099,P0AC18
map01240,K01633,sfx:S3304,P0AC18
map01240,K01698,sfl:SF0249,P0ACB3
map01240,K01698,sfx:S0270,P0ACB3
map01240,K01737,sfl:SF2781,P65872
map01240,K01737,sfx:S2974,P65872
map01240,K01749,sfl:SF3877,Q83PH4
map01240,K01749,sfx:S3879,Q83PH4
map01240,K01772,sfl:SF0420,Q83SE5
map01240,K01772,sfx:S0427,Q83SE5
map01240,K01809,sfl:SF1636,Q83KZ1
map01240,K01809,sfx:S1767,Q83KZ1
map01240,K01845,sfl:SF0146,Q821C1
map01240,K01845,sfx:S0149,Q821C1
map01240,K01885,sfl:SF2462,Q83K84
map01240,K01885,sfx:S2605,Q83K84
map01240,K01916,sfl:SF1486,Q83RG5
map01240,K01916,sfx:S1603,Q83RG5
map01240,K01918,sfl:SF0130,Q83SM0
map01240,K01918,sfx:S0132,Q83SM0
map01240,K01920,sfl:SF2938,Q83Q91
map01240,K01920,sfx:S3142,Q83Q91
map01240,K01937,sfl:SF2795,P0A7E8
map01240,K01937,sfx:S2989,P0A7E8
map01240,K01939,sfl:SF4332,Q83P33
map01240,K01939,sfx:S4600,Q83P33
map01240,K01955,sfl:SF0030,P63738
map01240,K01955,sfx:S0032,P63738
map01240,K02170,sfl:SF3435,Q83PW0
map01240,K02170,sfx:S4329,Q83PW0
map01240,K02233,sfl:SF2060,Q83R13
map01240,K02233,sfx:S2170,Q83R13
map01240,K02257,sfl:SF0369,Q83SF7
map01240,K02257,sfx:S0374,Q83SF7
map01240,K02302,sfl:SF3387,Q83JB3
map01240,K02302,sfx:S4376,Q83JB3
map01240,K02372,sfl:SF0170,P0A6Q9
map01240,K02372,sfx:S0173,P0A6Q9
map01240,K02492,sfl:SF1213,Q83RP1
map01240,K02492,sfx:S1297,Q83RP1
map01240,K02549,sfl:SF2340,Q83QT6
map01240,K02549,sfx:S2474,Q83QT6
map01240,K02551,sfl:SF2343,Q821B0
map01240,K02551,sfx:S2477,Q821B0
map01240,K02858,sfl:SF3081,P0A7J2
map01240,K02858,sfx:S3286,P0A7J2
map01240,K03147,sfl:SF4066,Q83PB8
map01240,K03147,sfx:S3669,Q83PB8
map01240,K03149,sfl:SF4063,Q83PC0
map01240,K03149,sfx:S3672,Q83PC0
map01240,K03151,sfx:S0368,Q83SG1
map01240,K03179,sfl:SF4165,Q83IP7
map01240,K03179,sfx:S3566,Q83IP7
map01240,K03181,sfl:SF4166,Q83IP6
map01240,K03181,sfx:S3565,Q83IP6
map01240,K03182,sfl:SF3919,Q83PG4
map01240,K03182,sfx:S3833,Q83PG4
map01240,K03183,sfl:SF3911,P0A889
map01240,K03183,sfx:S3843,P0A889
map01240,K03472,sfl:SF2912,P0A9B9
map01240,K03472,sfx:S3112,P0A9B9
map01240,K03473,sfl:SF2396,Q83QR1
map01240,K03473,sfx:S2531,Q83QR1
map01240,K03517,sfl:SF0554,Q93CP9
map01240,K03517,sfx:S0562,Q93CP9
map01240,K03637,sfl:SF0733,P0A741
map01240,K03637,sfx:S0774,P0A741
map01240,K03639,sfl:SF0731,Q83S40
map01240,K03639,sfx:S0772,Q83S40
map01240,K03644,sfl:SF0653,P60719
map01240,K03644,sfx:S0675,P60719
map01240,K03801,sfl:SF0651,Q7UDD0
map01240,K03801,sfx:S0673,Q7UDD0
map01240,K03809,sfl:SF1008,P0A8G8
map01240,K03809,sfx:S1077,P0A8G8
map01240,K03831,sfl:SF0010,P0AF05
map01240,K03831,sfx:S0009,P0AF05
map01240,K04487,sfl:SF2577,P0A6C0
map01240,K04487,sfx:S2749,P0A6C0
map01240,K08310,sfl:SF1875,P0AFC2
map01240,K08310,sfx:S1941,P0AFC2
map01240,K08680,sfl:SF2342,Q83QT4
map01240,K08680,sfx:S2476,Q83QT4
map01240,K09458,sfl:SF1099,P0AAI8
map01240,K09458,sfx:S1179,P0AAI8
map01240,K09903,sfl:SF0161,P0A7F2
map01240,K09903,sfx:S0164,P0A7F2
map01240,K11753,sfl:SF0021,P0AG43
map01240,K11753,sfx:S0024,P0AG43
map01240,K20862,sfl:SF3890,P0ADP1
map01240,K20862,sfx:S3866,P0ADP1
map00565,K01058,sfl:SF3899,P0A923
map00565,K01058,sfx:S3856,P0A923
map00592,K00632,sfl:SF2420,Q83K95
map00592,K00632,sfl:SF3921,Q83PG2
map00592,K00632,sfx:S2555,Q83K95
map00592,K00632,sfx:S3831,Q83PG2
map00592,K01058,sfl:SF3899,P0A923
map00592,K01058,sfx:S3856,P0A923
map00630,K00024,sfl:SF3276,Q83Q04
map00630,K00024,sfx:S3491,Q83Q04
map00630,K00090,sfl:SF3587,Q83PR3
map00630,K00090,sfx:S4182,Q83PR3
map00630,K00124,sfl:SF3969,P0AAJ7
map00630,K00124,sfx:S3779,P0AAJ7
map00630,K00281,sfl:SF2889,Q83QA2
map00630,K00281,sfx:S3088,Q83QA2
map00630,K00382,sfl:SF0113,P0A9P3
map00630,K00382,sfx:S0115,P0A9P3
map00630,K00600,sfl:SF2598,P0A827
map00630,K00600,sfx:S2770,P0A827
map00630,K00605,sfl:SF2891,Q83JU1
map00630,K00605,sfx:S3090,Q83JU1
map00630,K01091,sfl:SF3403,Q83PX1
map00630,K01091,sfx:S4359,Q83PX1
map00630,K01433,sfl:SF1232,P0A441
map00630,K01433,sfx:S1318,P0A441
map00630,K01625,sfl:SF1860,P0A958
map00630,K01625,sfx:S1926,P0A958
map00630,K01638,sfl:SF3015,P59663
map00630,K01638,sfx:S3216,P59663
map00630,K01915,sfl:SF3940,P0A9C8
map00630,K01915,sfx:S3806,P0A9C8
map00630,K02437,sfl:SF2890,P0A6U2
map00630,K02437,sfx:S3089,P0A6U2
map00630,K03779,sfl:SF3102,Q83Q43
map00630,K03779,sfx:S3307,Q83Q43
map00630,K03780,sfl:SF3103,P0AC37
map00630,K03780,sfx:S3308,P0AC37
map00630,K07749,sfl:SF2441,P69903
map00630,K07749,sfx:S2578,P69903
map00220,K00145,sfl:SF4035,P59310
map00220,K00145,sfx:S3711,P59310
map00220,K00611,sfl:SF4235,Q83IM2
map00220,K00611,sfx:S4496,Q83IM2
map00220,K00821,sfl:SF3378,P59321
map00220,K00821,sfx:S4385,P59321
map00220,K00930,sfl:SF4036,P59302
map00220,K00930,sfx:S3710,P59302
map00220,K01425,sfl:SF0430,Q83SE1
map00220,K01425,sfl:SF1569,Q83RE2
map00220,K01425,sfx:S0437,Q83SE1
map00220,K01425,sfx:S1696,Q83RE2
map00220,K01438,sfl:SF4034,P59600
map00220,K01438,sfx:S3712,P59600
map00220,K01755,sfl:SF4037,P59619
map00220,K01755,sfx:S3709,P59619
map00220,K01915,sfl:SF3940,P0A9C8
map00220,K01915,sfx:S3806,P0A9C8
map00220,K01940,sfl:SF3213,P59609
map00220,K01940,sfx:S3430,P59609
map00220,K01955,sfl:SF0030,P63738
map00220,K01955,sfx:S0032,P63738
map00220,K14260,sfl:SF2366,P0A961
map00220,K14260,sfx:S2501,P0A961
map00220,K14682,sfl:SF2829,P59293
map00220,K14682,sfx:S3026,P59293
map00250,K00609,sfl:SF4245,P0A789
map00250,K00609,sfx:S4507,P0A789
map00250,K00610,sfl:SF4246,Q83IL8
map00250,K00610,sfx:S4508,Q83IL8
map00250,K00764,sfl:SF2388,P0AG17
map00250,K00764,sfx:S2523,P0AG17
map00250,K00820,sfl:SF3809,Q83IY4
map00250,K00820,sfx:S3959,Q83IY4
map00250,K01425,sfl:SF0430,Q83SE1
map00250,K01425,sfl:SF1569,Q83RE2
map00250,K01425,sfx:S0437,Q83SE1
map00250,K01425,sfx:S1696,Q83RE2
map00250,K01580,sfl:SF1734,P69912
map00250,K01580,sfl:SF3594,Q83PR1
map00250,K01580,sfx:S1867,P69912
map00250,K01580,sfx:S4173,Q83PR1
map00250,K01744,sfl:SF4293,P0AC40
map00250,K01744,sfx:S4560,P0AC40
map00250,K01755,sfl:SF4037,P59619
map00250,K01755,sfx:S3709,P59619
map00250,K01914,sfl:SF3824,Q83PJ4
map00250,K01914,sfx:S3944,Q83PJ4
map00250,K01915,sfl:SF3940,P0A9C8
map00250,K01915,sfx:S3806,P0A9C8
map00250,K01939,sfl:SF4332,Q83P33
map00250,K01939,sfx:S4600,Q83P33
map00250,K01940,sfl:SF3213,P59609
map00250,K01940,sfx:S3430,P59609
map00250,K01955,sfl:SF0030,P63738
map00250,K01955,sfx:S0032,P63738
map00250,K14260,sfl:SF2366,P0A961
map00250,K14260,sfx:S2501,P0A961
map00910,K00371,sfl:SF1228,Q83RN5
map00910,K00371,sfx:S1312,Q83RN5
map00910,K01673,sfl:SF0123,P61518
map00910,K01673,sfx:S0125,P61518
map00910,K01915,sfl:SF3940,P0A9C8
map00910,K01915,sfx:S3806,P0A9C8
map00910,K02567,sfl:SF2290,Q83QV0
map00910,K02567,sfx:S2420,Q83QV0
map00910,K02568,sfl:SF2287,P0ABL4
map00910,K02568,sfx:S2417,P0ABL4
map00910,K03385,sfl:SF4130,Q83P93
map00910,K03385,sfx:S3597,Q83P93
map00910,K05601,sfl:SF0828,Q83S05
map00910,K05601,sfx:S0869,Q83S05
map00260,K00058,sfl:SF2898,P0A9T3
map00260,K00058,sfx:S3098,P0A9T3
map00260,K00060,sfl:SF3656,P59409
map00260,K00060,sfx:S4111,P59409
map00260,K00090,sfl:SF3587,Q83PR3
map00260,K00090,sfx:S4182,Q83PR3
map00260,K00133,sfl:SF3456,P0A9R1
map00260,K00133,sfx:S4307,P0A9R1
map00260,K00281,sfl:SF2889,Q83QA2
map00260,K00281,sfx:S3088,Q83QA2
map00260,K00382,sfl:SF0113,P0A9P3
map00260,K00382,sfx:S0115,P0A9P3
map00260,K00600,sfl:SF2598,P0A827
map00260,K00600,sfx:S2770,P0A827
map00260,K00605,sfl:SF2891,Q83JU1
map00260,K00605,sfx:S3090,Q83JU1
map00260,K00639,sfl:SF3657,P0AB79
map00260,K00639,sfx:S4110,P0AB79
map00260,K00831,sfl:SF0902,Q83LP3
map00260,K00831,sfx:S0966,Q83LP3
map00260,K00872,sfl:SF0003,Q83MH9
map00260,K00872,sfx:S0003,Q83MH9
map00260,K01079,sfl:SF4420,P0AGB2
map00260,K01079,sfx:S4691,P0AGB2
map00260,K01695,sfl:SF1263,P0A878
map00260,K01695,sfx:S1349,P0A878
map00260,K01696,sfl:SF1264,P0A880
map00260,K01696,sfx:S1350,P0A880
map00260,K01753,sfl:SF2433,Q83MK8
map00260,K01753,sfx:S2570,Q83MK8
map00260,K01754,sfl:SF3157,P0AGF9
map00260,K01754,sfx:S3369,P0AGF9
map00260,K01834,sfl:SF0549,P62710
map00260,K01834,sfx:S0557,P62710
map00260,K02437,sfl:SF2890,P0A6U2
map00260,K02437,sfx:S3089,P0A6U2
map00260,K15633,sfl:SF3651,P59176
map00260,K15633,sfx:S4117,P59176
map00260,K15634,sfl:SF4427,P0A7A4
map00260,K15634,sfx:S4698,P0A7A4
map00260,K16066,sfl:SF1556,Q83RE8
map00260,K16066,sfx:S1681,Q83RE8
map00261,K00133,sfl:SF3456,P0A9R1
map00261,K00133,sfx:S4307,P0A9R1
map00261,K00215,sfl:SF0028,Q83SQ9
map00261,K00215,sfx:S0030,Q83SQ9
map00261,K00956,sfl:SF2774,Q83JX8
map00261,K00956,sfx:S2967,Q83JX8
map00261,K00957,sfl:SF2775,P59740
map00261,K00957,sfx:S2968,P59740
map00261,K01714,sfl:SF2521,P0A6L3
map00261,K01714,sfx:S2671,P0A6L3
map00300,K00133,sfl:SF3456,P0A9R1
map00300,K00133,sfx:S4307,P0A9R1
map00300,K00215,sfl:SF0028,Q83SQ9
map00300,K00215,sfx:S0030,Q83SQ9
map00300,K00674,sfl:SF0156,P0A9D9
map00300,K00674,sfx:S0159,P0A9D9
map00300,K00821,sfl:SF3378,P59321
map00300,K00821,sfx:S4385,P59321
map00300,K01439,sfl:SF2514,P0AED8
map00300,K01439,sfx:S2665,P0AED8
map00300,K01714,sfl:SF2521,P0A6L3
map00300,K01714,sfx:S2671,P0A6L3
map00300,K01928,sfl:SF0082,Q83MG0
map00300,K01928,sfx:S0084,Q83MG0
map01210,K00052,sfl:SF0068,Q83SP1
map01210,K00052,sfx:S0070,Q83SP1
map01210,K00053,sfl:SF3848,Q7UB34
map01210,K00053,sfx:S3910,Q7UB34
map01210,K00133,sfl:SF3456,P0A9R1
map01210,K00133,sfx:S4307,P0A9R1
map01210,K00145,sfl:SF4035,P59310
map01210,K00145,sfx:S3711,P59310
map01210,K00382,sfl:SF0113,P0A9P3
map01210,K00382,sfx:S0115,P0A9P3
map01210,K00821,sfl:SF3378,P59321
map01210,K00821,sfx:S4385,P59321
map01210,K00930,sfl:SF4036,P59302
map01210,K00930,sfx:S3710,P59302
map01210,K01438,sfl:SF4034,P59600
map01210,K01438,sfx:S3712,P59600
map01210,K01649,sfl:SF0069,Q83SP0
map01210,K01649,sfx:S0071,Q83SP0
map01210,K01687,sfl:SF3846,Q83PI6
map01210,K01687,sfx:S3913,Q83PI6
map01210,K01703,sfl:SF0067,Q821C2
map01210,K01703,sfx:S0069,Q821C2
map01210,K01704,sfl:SF0066,P59714
map01210,K01704,sfx:S0068,P59714
map01210,K11258,sfl:SF3844,P0ADG3
map01210,K11258,sfx:S3915,P0ADG3
map01210,K14260,sfl:SF2366,P0A961
map01210,K14260,sfx:S2501,P0A961
map01210,K14682,sfl:SF2829,P59293
map01210,K14682,sfx:S3026,P59293
map00190,K00242,sfl:SF0575,P0AC46
map00190,K00242,sfx:S0588,P0AC46
map00190,K00245,sfl:SF4311,P0AC50
map00190,K00245,sfx:S4576,P0AC50
map00190,K00246,sfl:SF4310,Q83P38
map00190,K00246,sfx:S4575,Q83P38
map00190,K00247,sfl:SF4309,P0A8Q5
map00190,K00247,sfx:S4574,P0A8Q5
map00190,K00330,sfl:SF2364,P0AFC6
map00190,K00330,sfx:S2499,P0AFC6
map00190,K00331,sfl:SF2363,P0AFD0
map00190,K00331,sfx:S2498,P0AFD0
map00190,K00334,sfl:SF2361,P0AFD3
map00190,K00334,sfx:S2496,P0AFD3
map00190,K00336,sfl:SF2359,Q7UC56
map00190,K00336,sfx:S2494,Q7UC56
map00190,K00337,sfl:SF2358,Q83QS9
map00190,K00337,sfx:S2493,Q83QS9
map00190,K00338,sfl:SF2357,P0AFD9
map00190,K00338,sfx:S2492,P0AFD9
map00190,K00339,sfl:SF2356,P0AFE3
map00190,K00339,sfx:S2491,P0AFE3
map00190,K00340,sfl:SF2355,P0AFE7
map00190,K00340,sfx:S2490,P0AFE7
map00190,K00343,sfl:SF2352,Q83QT2
map00190,K00343,sfx:S2487,Q83QT2
map00190,K00425,sfl:SF0564,P0ABK1
map00190,K00425,sfx:S0577,P0ABK1
map00190,K02108,sfl:SF3818,Q83PJ8
map00190,K02108,sfx:S3950,Q83PJ8
map00190,K02109,sfl:SF3816,P0ABA3
map00190,K02109,sfx:S3952,P0ABA3
map00190,K02110,sfl:SF3817,P68705
map00190,K02110,sfx:S3951,P68705
map00190,K02111,sfl:SF3814,P0ABB3
map00190,K02111,sfx:S3954,P0ABB3
map00190,K02112,sfl:SF3812,P0ABB7
map00190,K02112,sfx:S3956,P0ABB7
map00190,K02113,sfl:SF3815,Q83PJ9
map00190,K02113,sfx:S3953,Q83PJ9
map00190,K02114,sfl:SF3811,P0A6E8
map00190,K02114,sfx:S3957,P0A6E8
map00190,K02115,sfl:SF3813,P0ABA9
map00190,K02115,sfx:S3955,P0ABA9
map00190,K02257,sfl:SF0369,Q83SF7
map00190,K02257,sfx:S0374,Q83SF7
map00190,K02299,sfl:SF0371,P0ABJ5
map00190,K02299,sfx:S0376,P0ABJ5
map00190,K02300,sfl:SF0370,P0ABJ8
map00190,K02300,sfx:S0375,P0ABJ8
map00190,K13378,sfl:SF2362,Q83QS6
map00190,K13378,sfx:S2497,Q83QS6
map00020,K00024,sfl:SF3276,Q83Q04
map00020,K00024,sfx:S3491,Q83Q04
map00020,K00242,sfl:SF0575,P0AC46
map00020,K00242,sfx:S0588,P0AC46
map00020,K00245,sfl:SF4311,P0AC50
map00020,K00245,sfx:S4576,P0AC50
map00020,K00246,sfl:SF4310,Q83P38
map00020,K00246,sfx:S4575,Q83P38
map00020,K00247,sfl:SF4309,P0A8Q5
map00020,K00247,sfx:S4574,P0A8Q5
map00020,K00382,sfl:SF0113,P0A9P3
map00020,K00382,sfx:S0115,P0A9P3
map00020,K01610,sfl:SF3422,Q83J96
map00020,K01610,sfx:S4341,Q83J96
map00020,K01675,sfl:SF1703,P0ACX8
map00020,K01675,sfx:S1835,P0ACX8
map00020,K01679,sfl:SF1634,Q83ML8
map00020,K01679,sfx:S1765,Q83ML8
map00020,K01774,sfl:SF2919,Q83Q96
map00020,K01774,sfx:S3120,Q83Q96
map00020,K01903,sfl:SF0569,P0A839
map00020,K01903,sfx:S0582,P0A839
map00720,K00024,sfl:SF3276,Q83Q04
map00720,K00024,sfx:S3491,Q83Q04
map00720,K00242,sfl:SF0575,P0AC46
map00720,K00242,sfx:S0588,P0AC46
map00720,K00245,sfl:SF4311,P0AC50
map00720,K00245,sfx:S4576,P0AC50
map00720,K00246,sfl:SF4310,Q83P38
map00720,K00246,sfx:S4575,Q83P38
map00720,K00247,sfl:SF4309,P0A8Q5
map00720,K00247,sfx:S4574,P0A8Q5
map00720,K00297,sfl:SF4019,P0AEZ2
map00720,K00297,sfx:S3728,P0AEZ2
map00720,K01491,sfl:SF0460,Q83SC8
map00720,K01491,sfx:S0468,Q83SC8
map00720,K01595,sfl:SF4033,Q83IS7
map00720,K01595,sfx:S3713,Q83IS7
map00720,K01675,sfl:SF1703,P0ACX8
map00720,K01675,sfx:S1835,P0ACX8
map00720,K01679,sfl:SF1634,Q83ML8
map00720,K01679,sfx:S1765,Q83ML8
map00720,K01774,sfl:SF2919,Q83Q96
map00720,K01774,sfx:S3120,Q83Q96
map00720,K01903,sfl:SF0569,P0A839
map00720,K01903,sfx:S0582,P0A839
map00720,K01962,sfl:SF0175,P0ABD7
map00720,K01962,sfx:S0178,P0ABD7
map00720,K01963,sfl:SF2392,Q83KA2
map00720,K01963,sfx:S2527,Q83KA2
map00720,K02160,sfl:SF3293,P0ABE1
map00720,K02160,sfx:S3510,P0ABE1
map00720,K13788,sfl:SF2373,P0A9M9
map00720,K13788,sfx:S2508,P0A9M9
map00542,K02851,sfl:SF3858,P0AC80
map00542,K02851,sfx:S3902,P0AC80
map00543,K00640,sfl:SF3646,P0A9D7
map00543,K00640,sfx:S4122,P0A9D7
map00543,K02851,sfl:SF3858,P0AC80
map00543,K02851,sfx:S3902,P0AC80
map00543,K02852,sfl:SF3869,Q83IX5
map00543,K02852,sfx:S3891,Q83IX5
map00543,K03818,sfl:SF2117,P0ACD3
map00543,K03818,sfx:S2240,P0ACD3
map00543,K03819,sfl:SF2122,P0ACD1
map00543,K03819,sfx:S2246,P0ACD1
map00543,K12582,sfl:SF3867,Q83PH8
map00543,K12582,sfx:S3893,Q83PH8
map00552,K02851,sfl:SF3858,P0AC80
map00552,K02851,sfx:S3902,P0AC80
map00552,K06153,sfl:SF3098,P67387
map00552,K06153,sfx:S3303,P67387
map01053,K01252,sfl:SF0509,P0ADI6
map01053,K01252,sfx:S0515,P0ADI6
map01053,K02362,sfl:SF0495,P0A3C0
map01053,K02362,sfx:S0501,P0A3C0
map01053,K02364,sfl:SF0498,P29698
map01053,K02364,sfx:S0504,P29698
map00290,K00052,sfl:SF0068,Q83SP1
map00290,K00052,sfx:S0070,Q83SP1
map00290,K00053,sfl:SF3848,Q7UB34
map00290,K00053,sfx:S3910,Q7UB34
map00290,K01649,sfl:SF0069,Q83SP0
map00290,K01649,sfx:S0071,Q83SP0
map00290,K01687,sfl:SF3846,Q83PI6
map00290,K01687,sfx:S3913,Q83PI6
map00290,K01703,sfl:SF0067,Q821C2
map00290,K01703,sfx:S0069,Q821C2
map00290,K01704,sfl:SF0066,P59714
map00290,K01704,sfx:S0068,P59714
map00290,K01754,sfl:SF3157,P0AGF9
map00290,K01754,sfx:S3369,P0AGF9
map00290,K11258,sfl:SF3844,P0ADG3
map00290,K11258,sfx:S3915,P0ADG3
map00290,K14260,sfl:SF2366,P0A961
map00290,K14260,sfx:S2501,P0A961
map00521,K00067,sfl:SF2103,P37778
map00521,K00067,sfx:S2226,P37778
map00521,K00845,sfl:SF2454,Q83K86
map00521,K00845,sfx:S2593,Q83K86
map00521,K00973,sfl:SF2102,P37779
map00521,K00973,sfl:SF3863,P61888
map00521,K00973,sfx:S2225,P37779
map00521,K00973,sfx:S3897,P61888
map00521,K01710,sfl:SF2104,P37777
map00521,K01710,sfx:S2227,P37777
map00521,K01790,sfl:SF2101,P37780
map00521,K01790,sfx:S2223,P37780
map00523,K00067,sfl:SF2103,P37778
map00523,K00067,sfx:S2226,P37778
map00523,K00973,sfl:SF2102,P37779
map00523,K00973,sfl:SF3863,P61888
map00523,K00973,sfx:S2225,P37779
map00523,K00973,sfx:S3897,P61888
map00523,K01710,sfl:SF2104,P37777
map00523,K01710,sfx:S2227,P37777
map00523,K01790,sfl:SF2101,P37780
map00523,K01790,sfx:S2223,P37780
map00541,K00067,sfl:SF2103,P37778
map00541,K00067,sfx:S2226,P37778
map00541,K00885,sfl:SF3258,P59437
map00541,K00885,sfx:S3475,P59437
map00541,K00963,sfl:SF1236,P0AEP6
map00541,K00963,sfl:SF2105,P37776
map00541,K00963,sfx:S1322,P0AEP6
map00541,K00963,sfx:S2228,P37776
map00541,K00973,sfl:SF2102,P37779
map00541,K00973,sfl:SF3863,P61888
map00541,K00973,sfx:S2225,P37779
map00541,K00973,sfx:S3897,P61888
map00541,K00979,sfl:SF0914,Q83LN8
map00541,K00979,sfx:S0978,Q83LN8
map00541,K01627,sfl:SF1218,P0A716
map00541,K01627,sfx:S1302,P0A716
map00541,K01639,sfl:SF3261,P0A6L6
map00541,K01639,sfx:S3478,P0A6L6
map00541,K01710,sfl:SF2104,P37777
map00541,K01710,sfx:S2227,P37777
map00541,K01711,sfl:SF2116,P0AC91
map00541,K01711,sfx:S2239,P0AC91
map00541,K01790,sfl:SF2101,P37780
map00541,K01790,sfx:S2223,P37780
map00541,K02472,sfl:SF3861,P67067
map00541,K02472,sfx:S3899,P67067
map00541,K03270,sfl:SF3238,P67654
map00541,K03270,sfx:S3456,P67654
map00541,K03271,sfl:SF0272,P63227
map00541,K03271,sfx:S0293,P63227
map00541,K03272,sfl:SF3093,Q7UBI8
map00541,K03272,sfx:S3298,Q7UBI8
map00541,K03273,sfl:SF0191,P63230
map00541,K03273,sfx:S0193,P63230
map00541,K03274,sfl:SF3659,Q83PP2
map00541,K03274,sfx:S4109,Q83PP2
map00541,K04042,sfl:SF3810,Q83IY3
map00541,K04042,sfx:S3958,Q83IY3
map00541,K06041,sfl:SF3237,Q83JF4
map00541,K06041,sfx:S3455,Q83JF4
map00541,K07806,sfl:SF2332,Q83QT9
map00541,K07806,sfx:S2465,Q83QT9
map00541,K10011,sfx:S2467,Q83QT8
map00541,K10012,sfl:SF2333,Q7UC63
map00541,K10012,sfx:S2466,Q7UC63
map00541,K13014,sfl:SF2335,Q83KB7
map00541,K13014,sfx:S2468,Q83KB7
map01250,K00067,sfl:SF2103,P37778
map01250,K00067,sfx:S2226,P37778
map01250,K00075,sfl:SF4050,Q83PC7
map01250,K00075,sfx:S3690,Q83PC7
map01250,K00790,sfl:SF3229,P0A751
map01250,K00790,sfx:S3447,P0A751
map01250,K00820,sfl:SF3809,Q83IY4
map01250,K00820,sfx:S3959,Q83IY4
map01250,K00845,sfl:SF2454,Q83K86
map01250,K00845,sfx:S2593,Q83K86
map01250,K00849,sfl:SF0547,Q83M01
map01250,K00849,sfx:S0555,Q83M01
map01250,K00963,sfl:SF1236,P0AEP6
map01250,K00963,sfl:SF2105,P37776
map01250,K00963,sfx:S1322,P0AEP6
map01250,K00963,sfx:S2228,P37776
map01250,K00973,sfl:SF2102,P37779
map01250,K00973,sfl:SF3863,P61888
map01250,K00973,sfx:S2225,P37779
map01250,K00973,sfx:S3897,P61888
map01250,K00975,sfl:SF3453,P0A6V4
map01250,K00975,sfx:S4310,P0A6V4
map01250,K00979,sfl:SF0914,Q83LN8
map01250,K00979,sfx:S0978,Q83LN8
map01250,K01627,sfl:SF1218,P0A716
map01250,K01627,sfx:S1302,P0A716
map01250,K01710,sfl:SF2104,P37777
map01250,K01710,sfx:S2227,P37777
map01250,K01711,sfl:SF2116,P0AC91
map01250,K01711,sfx:S2239,P0AC91
map01250,K01790,sfl:SF2101,P37780
map01250,K01790,sfx:S2223,P37780
map01250,K01809,sfl:SF1636,Q83KZ1
map01250,K01809,sfx:S1767,Q83KZ1
map01250,K01810,sfl:SF4180,Q83IN9
map01250,K01810,sfx:S3551,Q83IN9
map01250,K02472,sfl:SF3861,P67067
map01250,K02472,sfx:S3899,P67067
map01250,K03270,sfl:SF3238,P67654
map01250,K03270,sfx:S3456,P67654
map01250,K03271,sfl:SF0272,P63227
map01250,K03271,sfx:S0293,P63227
map01250,K03272,sfl:SF3093,Q7UBI8
map01250,K03272,sfx:S3298,Q7UBI8
map01250,K03273,sfl:SF0191,P63230
map01250,K03273,sfx:S0193,P63230
map01250,K03274,sfl:SF3659,Q83PP2
map01250,K03274,sfx:S4109,Q83PP2
map01250,K03431,sfl:SF3216,Q83Q15
map01250,K03431,sfx:S3434,Q83Q15
map01250,K04042,sfl:SF3810,Q83IY3
map01250,K04042,sfx:S3958,Q83IY3
map01250,K06041,sfl:SF3237,Q83JF4
map01250,K06041,sfx:S3455,Q83JF4
map01250,K07806,sfl:SF2332,Q83QT9
map01250,K07806,sfx:S2465,Q83QT9
map01250,K09001,sfl:SF1667,Q83KX8
map01250,K09001,sfx:S1799,Q83KX8
map01250,K10011,sfx:S2467,Q83QT8
map00770,K00053,sfl:SF3848,Q7UB34
map00770,K00053,sfx:S3910,Q7UB34
map00770,K00077,sfl:SF0362,P0A9J5
map00770,K00077,sfx:S0370,P0A9J5
map00770,K00606,sfl:SF0131,Q83ME5
map00770,K00606,sfx:S0133,Q83ME5
map00770,K00859,sfl:SF0100,Q7C397
map00770,K00859,sfx:S0102,Q7C397
map00770,K00867,sfl:SF4052,Q83PC5
map00770,K00867,sfx:S3688,Q83PC5
map00770,K00954,sfl:SF3673,P0A6I8
map00770,K00954,sfx:S4095,P0A6I8
map00770,K00997,sfl:SF2625,Q83K24
map00770,K00997,sfx:S2798,Q83K24
map00770,K01579,sfl:SF0128,P0A793
map00770,K01579,sfx:S0130,P0A793
map00770,K01687,sfl:SF3846,Q83PI6
map00770,K01687,sfx:S3913,Q83PI6
map00770,K01918,sfl:SF0130,Q83SM0
map00770,K01918,sfx:S0132,Q83SM0
map00770,K11258,sfl:SF3844,P0ADG3
map00770,K11258,sfx:S3915,P0ADG3
map00760,K00322,sfl:SF4044,Q83MI1
map00760,K00322,sfx:S3700,Q83MI1
map00760,K00325,sfl:SF1623,P0AB70
map00760,K00325,sfx:S1755,P0AB70
map00760,K00763,sfl:SF0928,Q83LN3
map00760,K00763,sfx:S0992,Q83LN3
map00760,K00858,sfl:SF2674,P0A7B4
map00760,K00858,sfx:S2852,P0A7B4
map00760,K00969,sfl:SF0642,P0A753
map00760,K00969,sfx:S0664,P0A753
map00760,K01916,sfl:SF1486,Q83RG5
map00760,K01916,sfx:S1603,Q83RG5
map00760,K03426,sfl:SF4068,Q83IS3
map00760,K03426,sfx:S3667,Q83IS3
map00760,K03517,sfl:SF0554,Q93CP9
map00760,K03517,sfx:S0562,Q93CP9
map00760,K03743,sfl:SF2723,Q83JZ0
map00760,K03743,sfx:S2914,Q83JZ0
map00760,K03784,sfl:SF4416,Q83P00
map00760,K03784,sfx:S4687,Q83P00
map00760,K03787,sfl:SF2767,Q83JY2
map00760,K03787,sfx:S2960,Q83JY2
map00760,K12410,sfl:SF1124,Q83RR8
map00760,K12410,sfx:S1204,Q83RR8
map04146,K03426,sfl:SF4068,Q83IS3
map04146,K03426,sfx:S3667,Q83IS3
map04146,K04564,sfl:SF1684,P0AGD6
map04146,K04564,sfl:SF3985,P66829
map04146,K04564,sfx:S1816,P0AGD6
map04146,K04564,sfx:S3763,P66829
map00520,K00075,sfl:SF4050,Q83PC7
map00520,K00075,sfx:S3690,Q83PC7
map00520,K00790,sfl:SF3229,P0A751
map00520,K00790,sfx:S3447,P0A751
map00520,K00820,sfl:SF3809,Q83IY4
map00520,K00820,sfx:S3959,Q83IY4
map00520,K00845,sfl:SF2454,Q83K86
map00520,K00845,sfx:S2593,Q83K86
map00520,K00849,sfl:SF0547,Q83M01
map00520,K00849,sfx:S0555,Q83M01
map00520,K00885,sfl:SF3258,P59437
map00520,K00885,sfx:S3475,P59437
map00520,K00963,sfl:SF1236,P0AEP6
map00520,K00963,sfl:SF2105,P37776
map00520,K00963,sfx:S1322,P0AEP6
map00520,K00963,sfx:S2228,P37776
map00520,K00973,sfl:SF2102,P37779
map00520,K00973,sfl:SF3863,P61888
map00520,K00973,sfx:S2225,P37779
map00520,K00973,sfx:S3897,P61888
map00520,K00975,sfl:SF3453,P0A6V4
map00520,K00975,sfx:S4310,P0A6V4
map00520,K01207,sfl:SF1111,Q7UCW4
map00520,K01207,sfx:S1191,Q7UCW4
map00520,K01788,sfl:SF3259,P59442
map00520,K01788,sfx:S3476,P59442
map00520,K01809,sfl:SF1636,Q83KZ1
map00520,K01809,sfx:S1767,Q83KZ1
map00520,K01810,sfl:SF4180,Q83IN9
map00520,K01810,sfx:S3551,Q83IN9
map00520,K02564,sfl:SF0615,P59688
map00520,K02564,sfx:S0626,P59688
map00520,K02777,sfl:SF2472,P69785
map00520,K02777,sfx:S2618,P69785
map00520,K02794,sfl:SF1411,P69800
map00520,K02794,sfx:S1526,P69800
map00520,K02795,sfl:SF1410,P69804
map00520,K02795,sfx:S1525,P69804
map00520,K03431,sfl:SF3216,Q83Q15
map00520,K03431,sfx:S3434,Q83Q15
map00520,K04042,sfl:SF3810,Q83IY3
map00520,K04042,sfx:S3958,Q83IY3
map00520,K07106,sfl:SF2481,Q83QN4
map00520,K07106,sfx:S2629,Q83QN4
map00520,K09001,sfl:SF1667,Q83KX8
map00520,K09001,sfx:S1799,Q83KX8
map00520,K11192,sfl:SF2483,Q83QN3
map00520,K11192,sfx:S2630,Q83QN3
map00520,K28207,sfl:SF1123,Q83RR9
map00520,K28207,sfx:S1203,Q83RR9
map00860,K00228,sfl:SF2489,Q83QN1
map00860,K00768,sfl:SF2059,Q83R14
map00860,K00768,sfx:S2169,Q83R14
map00860,K01599,sfl:SF4069,Q83PB7
map00860,K01599,sfx:S3666,Q83PB7
map00860,K01698,sfl:SF0249,P0ACB3
map00860,K01698,sfx:S0270,P0ACB3
map00860,K01749,sfl:SF3877,Q83PH4
map00860,K01749,sfx:S3879,Q83PH4
map00860,K01772,sfl:SF0420,Q83SE5
map00860,K01772,sfx:S0427,Q83SE5
map00860,K01845,sfl:SF0146,Q821C1
map00860,K01845,sfx:S0149,Q821C1
map00860,K01885,sfl:SF2462,Q83K84
map00860,K01885,sfx:S2605,Q83K84
map00860,K02233,sfl:SF2060,Q83R13
map00860,K02233,sfx:S2170,Q83R13
map00860,K02257,sfl:SF0369,Q83SF7
map00860,K02257,sfx:S0374,Q83SF7
map00860,K02302,sfl:SF3387,Q83JB3
map00860,K02302,sfx:S4376,Q83JB3
map00860,K02492,sfl:SF1213,Q83RP1
map00860,K02492,sfx:S1297,Q83RP1
map00330,K00137,sfl:SF1774,Q83R90
map00330,K00137,sfx:S1905,Q83R90
map00330,K00147,sfl:SF0293,Q83SH9
map00330,K00147,sfx:S0314,Q83SH9
map00330,K00286,sfl:SF0322,P0A9L9
map00330,K00286,sfx:S0330,P0A9L9
map00330,K00673,sfl:SF1479,Q83L52
map00330,K00673,sfx:S1596,Q83L52
map00330,K00797,sfl:SF0118,Q83MF0
map00330,K00797,sfx:S0120,Q83MF0
map00330,K00931,sfl:SF0292,Q7UDL2
map00330,K00931,sfx:S0313,Q7UDL2
map00330,K01480,sfl:SF2927,P60657
map00330,K01480,sfx:S3129,P60657
map00330,K01585,sfl:SF2931,Q83Q93
map00330,K01585,sfx:S3133,Q83Q93
map00330,K01611,sfl:SF0117,P0A7F8
map00330,K01611,sfx:S0119,P0A7F8
map00330,K05526,sfl:SF1482,Q7UCI6
map00330,K05526,sfx:S1599,Q7UCI6
map00330,K06447,sfl:SF1480,Q7UCI7
map00330,K06447,sfx:S1597,Q7UCI7
map00330,K09251,sfl:SF3114,Q83JJ8
map00330,K09251,sfx:S3320,Q83JJ8
map00330,K09473,sfl:SF1303,Q83LB6
map00330,K09473,sfx:S1385,Q83LB6
map00750,K00097,sfl:SF0049,Q83SQ1
map00750,K00097,sfx:S0051,Q83SQ1
map00750,K00275,sfl:SF1663,P0AFI8
map00750,K00275,sfx:S1795,P0AFI8
map00750,K00831,sfl:SF0902,Q83LP3
map00750,K00831,sfx:S0966,Q83LP3
map00750,K00868,sfl:SF1661,Q83KY1
map00750,K00868,sfl:SF2473,Q83K78
map00750,K00868,sfx:S1793,Q83KY1
map00750,K00868,sfx:S2619,Q83K78
map00750,K03472,sfl:SF2912,P0A9B9
map00750,K03472,sfx:S3112,P0A9B9
map00750,K03473,sfl:SF2396,Q83QR1
map00750,K03473,sfx:S2531,Q83QR1
map00550,K00075,sfl:SF4050,Q83PC7
map00550,K00075,sfx:S3690,Q83PC7
map00550,K00790,sfl:SF3229,P0A751
map00550,K00790,sfx:S3447,P0A751
map00550,K00806,sfl:SF0164,P60475
map00550,K00806,sfx:S0167,P60475
map00550,K01000,sfl:SF0084,P0A6W4
map00550,K01000,sfx:S0086,P0A6W4
map00550,K01921,sfl:SF0089,Q83MF7
map00550,K01921,sfl:SF0232,P0A6K0
map00550,K01921,sfx:S0091,Q83MF7
map00550,K01921,sfx:S0254,P0A6K0
map00550,K01924,sfl:SF0088,Q83MF8
map00550,K01924,sfx:S0090,Q83MF8
map00550,K01925,sfl:SF0085,Q83MF9
map00550,K01925,sfx:S0087,Q83MF9
map00550,K01928,sfl:SF0082,Q83MG0
map00550,K01928,sfx:S0084,Q83MG0
map00550,K02563,sfl:SF0087,Q83MN4
map00550,K02563,sfx:S0089,Q83MN4
map00550,K05837,sfl:SF0647,P0ABG9
map00550,K05837,sfx:S0669,P0ABG9
map00550,K06153,sfl:SF3098,P67387
map00550,K06153,sfx:S3303,P67387
map01503,K00677,sfl:SF0171,P0A724
map01503,K00677,sfx:S0174,P0A724
map01503,K03673,sfl:SF3931,P52235
map01503,K03673,sfx:S3816,P52235
map01503,K07264,sfl:SF2336,Q83KB6
map01503,K07264,sfx:S2469,Q83KB6
map01503,K07637,sfl:SF1148,Q83RR1
map01503,K07637,sfx:S1231,Q83RR1
map01503,K07660,sfl:SF1149,Q83RR0
map01503,K07660,sfx:S1232,Q83RR0
map01503,K07662,sfl:SF3991,P0AE90
map01503,K07662,sfx:S3757,P0AE90
map01503,K07806,sfl:SF2332,Q83QT9
map01503,K07806,sfx:S2465,Q83QT9
map01503,K10011,sfx:S2467,Q83QT8
map01503,K10012,sfl:SF2333,Q7UC63
map01503,K10012,sfx:S2466,Q7UC63
map01503,K12962,sfx:S2567,Q7UC61
map01503,K12963,sfx:S2471,Q83KB5
map01503,K12973,sfl:SF0658,Q83LW9
map01503,K12973,sfx:S0681,Q83LW9
map01503,K13014,sfl:SF2335,Q83KB7
map01503,K13014,sfx:S2468,Q83KB7
map01503,K13632,sfl:SF1563,P0ACH7
map01503,K13632,sfx:S1690,P0ACH7
map01503,K19228,sfl:SF1297,P0AGH7
map01503,K19228,sfx:S1379,P0AGH7
map01503,K19229,sfl:SF1296,P0AAH7
map01503,K19229,sfx:S1378,P0AAH7
map01503,K19230,sfl:SF1295,P0AAI0
map01503,K19230,sfx:S1377,P0AAI0
map01310,K00371,sfl:SF1228,Q83RN5
map01310,K00371,sfx:S1312,Q83RN5
map01310,K02567,sfl:SF2290,Q83QV0
map01310,K02567,sfx:S2420,Q83QV0
map01310,K02568,sfl:SF2287,P0ABL4
map01310,K02568,sfx:S2417,P0ABL4
map01310,K03385,sfl:SF4130,Q83P93
map01310,K03385,sfx:S3597,Q83P93
map00633,K06281,sfl:SF0974,P0ACD9
map00633,K06281,sfl:SF3041,P0ACE2
map00633,K06281,sfx:S1041,P0ACD9
map00633,K06281,sfx:S3242,P0ACE2
map00633,K06282,sfl:SF0973,Q83RW9
map00633,K06282,sfx:S1040,Q83RW9
map00730,K00788,sfl:SF4065,Q83PB9
map00730,K00788,sfx:S3670,Q83PB9
map00730,K00878,sfl:SF2166,Q83KH2
map00730,K00878,sfx:S2291,Q83KH2
map00730,K00939,sfl:SF0419,Q83M40
map00730,K00939,sfx:S0426,Q83M40
map00730,K01662,sfl:SF0357,Q83SG2
map00730,K01662,sfx:S0365,Q83SG2
map00730,K03147,sfl:SF4066,Q83PB8
map00730,K03147,sfx:S3669,Q83PB8
map00730,K03149,sfl:SF4063,Q83PC0
map00730,K03149,sfx:S3672,Q83PC0
map00730,K03151,sfx:S0368,Q83SG1
map00730,K04487,sfl:SF2577,P0A6C0
map00730,K04487,sfx:S2749,P0A6C0
map00730,K06949,sfl:SF4320,Q83IK0
map00730,K06949,sfx:S4583,Q83IK0
map00730,K07251,sfl:SF1110,Q83LH9
map00730,K07251,sfx:S1190,Q83LH9
map04122,K00566,sfl:SF1152,Q83LF7
map04122,K00566,sfx:S1235,Q83LF7
map04122,K03151,sfx:S0368,Q83SG1
map04122,K03637,sfl:SF0733,P0A741
map04122,K03637,sfx:S0774,P0A741
map04122,K03639,sfl:SF0731,Q83S40
map04122,K03639,sfx:S0772,Q83S40
map04122,K03831,sfl:SF0010,P0AF05
map04122,K03831,sfx:S0009,P0AF05
map04122,K04085,sfl:SF3488,P0A893
map04122,K04085,sfx:S4275,P0A893
map04122,K04487,sfl:SF2577,P0A6C0
map04122,K04487,sfx:S2749,P0A6C0
map04122,K07235,sfl:SF3363,Q83JC0
map04122,K07235,sfx:S4399,Q83JC0
map04122,K07236,sfl:SF3362,Q83JC1
map04122,K07236,sfx:S4400,Q83JC1
map04122,K07237,sfl:SF3361,Q83JC2
map04122,K07237,sfx:S4401,Q83JC2
map04122,K11179,sfl:SF0971,P0AB19
map04122,K11179,sfx:S1037,P0AB19
map00074,K00997,sfl:SF2625,Q83K24
map00074,K00997,sfx:S2798,Q83K24
map00074,K02362,sfl:SF0495,P0A3C0
map00074,K02362,sfx:S0501,P0A3C0
map02060,K00882,sfl:SF2253,P0AEX2
map02060,K00882,sfx:S2382,P0AEX2
map02060,K02759,sfl:SF1490,P69794
map02060,K02759,sfx:S1607,P69794
map02060,K02774,sfl:SF2155,P0A437
map02060,K02774,sfx:S2281,P0A437
map02060,K02777,sfl:SF2472,P69785
map02060,K02777,sfx:S2618,P69785
map02060,K02781,sfl:SF2727,P59784
map02060,K02781,sfx:S2918,P59784
map02060,K02784,sfl:SF2470,P0AA09
map02060,K02784,sfx:S2616,P0AA09
map02060,K02794,sfl:SF1411,P69800
map02060,K02794,sfx:S1526,P69800
map02060,K02795,sfl:SF1410,P69804
map02060,K02795,sfx:S1525,P69804
map02060,K02806,sfl:SF3244,P69815
map02060,K02806,sfx:S3462,P69815
map02060,K02821,sfl:SF4350,Q83P28
map02060,K02821,sfx:S4620,Q83P28
map02060,K02822,sfl:SF4349,Q83P29
map02060,K02822,sfx:S4619,Q83P29
map02060,K03475,sfl:SF4348,Q83II9
map02060,K03475,sfx:S4618,Q83II9
map02060,K08485,sfl:SF3246,P0A9N3
map02060,K08485,sfx:S3464,P0A9N3
map02060,K11192,sfl:SF2483,Q83QN3
map02060,K11192,sfx:S2630,Q83QN3
map00670,K00281,sfl:SF2889,Q83QA2
map00670,K00281,sfx:S3088,Q83QA2
map00670,K00287,sfl:SF0045,P0ABQ6
map00670,K00287,sfx:S0047,P0ABQ6
map00670,K00297,sfl:SF4019,P0AEZ2
map00670,K00297,sfx:S3728,P0AEZ2
map00670,K00382,sfl:SF0113,P0A9P3
map00670,K00382,sfx:S0115,P0A9P3
map00670,K00560,sfl:SF2837,P48464
map00670,K00560,sfx:S3035,P48464
map00670,K00600,sfl:SF2598,P0A827
map00670,K00600,sfx:S2770,P0A827
map00670,K00602,sfl:SF4078,Q83IR9
map00670,K00602,sfx:S3657,Q83IR9
map00670,K00605,sfl:SF2891,Q83JU1
map00670,K00605,sfx:S3090,Q83JU1
map00670,K00789,sfl:SF2933,P0A820
map00670,K00789,sfx:S3137,P0A820
map00670,K01433,sfl:SF1232,P0A441
map00670,K01433,sfx:S1318,P0A441
map00670,K01491,sfl:SF0460,Q83SC8
map00670,K01491,sfx:S0468,Q83SC8
map00670,K02437,sfl:SF2890,P0A6U2
map00670,K02437,sfx:S3089,P0A6U2
map00670,K13938,sfl:SF1627,Q83RC9
map00670,K13938,sfx:S1759,Q83RC9
map03420,K01972,sfl:SF2466,Q83K81
map03420,K01972,sfl:SF3686,Q83PM9
map03420,K01972,sfx:S2612,Q83K81
map03420,K01972,sfx:S4082,Q83PM9
map03420,K03701,sfl:SF4146,P0A699
map03420,K03701,sfx:S3583,P0A699
map03420,K03702,sfl:SF0729,Q83S42
map03420,K03702,sfx:S0770,Q83S42
map00400,K00014,sfl:SF3313,Q83PZ3
map00400,K00014,sfx:S3537,Q83PZ3
map00400,K00800,sfl:SF0903,Q83RY8
map00400,K00800,sfx:S0967,Q83RY8
map00400,K00817,sfl:SF2083,Q83KJ6
map00400,K00817,sfx:S2204,Q83KJ6
map00400,K00891,sfl:SF0324,Q83M66
map00400,K00891,sfl:SF3408,P0A6E0
map00400,K00891,sfx:S0332,Q83M66
map00400,K00891,sfx:S4354,P0A6E0
map00400,K01626,sfl:SF1526,P59736
map00400,K01626,sfx:S1644,P59736
map00400,K01695,sfl:SF1263,P0A878
map00400,K01695,sfx:S1349,P0A878
map00400,K01696,sfl:SF1264,P0A880
map00400,K01696,sfx:S1350,P0A880
map00400,K01735,sfl:SF3407,Q83PX0
map00400,K01735,sfx:S4355,Q83PX0
map00400,K01736,sfl:SF2405,Q83QQ5
map00400,K01736,sfx:S2540,Q83QQ5
map00400,K03785,sfl:SF1723,Q83RA1
map00400,K03785,sfx:S1855,Q83RA1
map00400,K05887,sfl:SF1722,Q83RA2
map00400,K05887,sfx:S1854,Q83RA2
map00400,K14170,sfl:SF2659,P0A9K0
map00400,K14170,sfx:S2836,P0A9K0
map00780,K00059,sfl:SF1097,P0AEK3
map00780,K00059,sfx:S1177,P0AEK3
map00780,K00208,sfl:SF1293,P0AEK6
map00780,K00208,sfx:S1375,P0AEK6
map00780,K00652,sfl:SF0726,Q83S45
map00780,K00652,sfx:S0767,Q83S45
map00780,K01012,sfl:SF0724,Q83S46
map00780,K01012,sfx:S0766,Q83S46
map00780,K02170,sfl:SF3435,Q83PW0
map00780,K02170,sfx:S4329,Q83PW0
map00780,K02372,sfl:SF0170,P0A6Q9
map00780,K02372,sfx:S0173,P0A6Q9
map00780,K09458,sfl:SF1099,P0AAI8
map00780,K09458,sfx:S1179,P0AAI8
map00790,K00287,sfl:SF0045,P0ABQ6
map00790,K00287,sfx:S0047,P0ABQ6
map00790,K00796,sfl:SF3217,P0AC15
map00790,K00796,sfx:S3435,P0AC15
map00790,K01495,sfl:SF2238,P0A6T8
map00790,K01495,sfx:S2367,P0A6T8
map00790,K01497,sfl:SF1281,P0A7I9
map00790,K01497,sfx:S1364,P0A7I9
map00790,K01633,sfl:SF3099,P0AC18
map00790,K01633,sfx:S3304,P0AC18
map00790,K01737,sfl:SF2781,P65872
map00790,K01737,sfx:S2974,P65872
map00790,K03637,sfl:SF0733,P0A741
map00790,K03637,sfx:S0774,P0A741
map00790,K03639,sfl:SF0731,Q83S40
map00790,K03639,sfx:S0772,Q83S40
map00790,K03831,sfl:SF0010,P0AF05
map00790,K03831,sfx:S0009,P0AF05
map00790,K06879,sfl:SF2807,Q83JW9
map00790,K06879,sfx:S3002,Q83JW9
map00790,K06920,sfl:SF0389,Q83M51
map00790,K06920,sfx:S0395,Q83M51
map00790,K07589,sfl:SF2379,P0AC22
map00790,K07589,sfx:S2514,P0AC22
map00790,K08310,sfl:SF1875,P0AFC2
map00790,K08310,sfx:S1941,P0AFC2
map00790,K10026,sfl:SF2790,P64556
map00790,K10026,sfx:S2984,P64556
map00790,K13938,sfl:SF1627,Q83RC9
map00790,K13938,sfx:S1759,Q83RC9
map00500,K00688,sfl:SF3451,P0AC87
map00500,K00688,sfx:S4312,P0AC87
map00500,K00700,sfl:SF3455,Q83PV3
map00500,K00700,sfx:S4308,Q83PV3
map00500,K00703,sfl:SF3452,Q83PV4
map00500,K00703,sfx:S4311,Q83PV4
map00500,K00845,sfl:SF2454,Q83K86
map00500,K00845,sfx:S2593,Q83K86
map00500,K00963,sfl:SF1236,P0AEP6
map00500,K00963,sfl:SF2105,P37776
map00500,K00963,sfx:S1322,P0AEP6
map00500,K00963,sfx:S2228,P37776
map00500,K00975,sfl:SF3453,P0A6V4
map00500,K00975,sfx:S4310,P0A6V4
map00500,K01194,sfl:SF1200,Q83RP6
map00500,K01194,sfl:SF3550,Q83PS8
map00500,K01194,sfx:S1284,Q83RP6
map00500,K01194,sfx:S4217,Q83PS8
map00500,K01810,sfl:SF4180,Q83IN9
map00500,K01810,sfx:S3551,Q83IN9
map00500,K02438,sfl:SF3454,Q83J89
map00500,K02438,sfx:S4309,Q83J89
map00500,K02759,sfl:SF1490,P69794
map00500,K02759,sfx:S1607,P69794
map00500,K02777,sfl:SF2472,P69785
map00500,K02777,sfx:S2618,P69785
map02024,K01497,sfl:SF1281,P0A7I9
map02024,K01497,sfx:S1364,P0A7I9
map02024,K01580,sfl:SF1734,P69912
map02024,K01580,sfl:SF3594,Q83PR1
map02024,K01580,sfx:S1867,P69912
map02024,K01580,sfx:S4173,Q83PR1
map02024,K01626,sfl:SF1526,P59736
map02024,K01626,sfx:S1644,P59736
map02024,K01995,sfl:SF3473,P0A9S9
map02024,K01995,sfx:S4290,P0A9S9
map02024,K02053,sfl:SF1775,P0AFS0
map02024,K02053,sfx:S1906,P0AFS0
map02024,K02402,sfl:SF1940,P0ABZ0
map02024,K02402,sfx:S2031,P0ABZ0
map02024,K03070,sfl:SF0095,Q83SN2
map02024,K03070,sfx:S0097,Q83SN2
map02024,K03071,sfl:SF3648,P0AG89
map02024,K03071,sfx:S4120,P0AG89
map02024,K03076,sfl:SF3332,P0AGA5
map02024,K03076,sfx:S4430,P0AGA5
map02024,K03210,sfl:SF0344,P0AE00
map02024,K03210,sfx:S0352,P0AE00
map02024,K03217,sfl:SF3759,P59783
map02024,K03217,sfx:S4012,P59783
map02024,K03666,sfl:SF4327,P0A6X6
map02024,K03666,sfx:S4595,P0A6X6
map02024,K07173,sfl:SF2714,Q83JZ4
map02024,K07173,sfx:S2901,Q83JZ4
map02024,K08321,sfl:SF1578,Q83L15
map02024,K08321,sfx:S1704,Q83L15
map02024,K09823,sfl:SF4159,P0AC52
map02024,K09823,sfx:S3572,P0AC52
map02024,K10556,sfl:SF1584,Q83RD8
map02024,K10556,sfx:S1710,Q83RD8
map02024,K10557,sfl:SF1585,P0AFS2
map02024,K10557,sfx:S1711,P0AFS2
map02024,K10558,sfl:SF1583,Q83L12
map02024,K10558,sfx:S1709,Q83L12
map02024,K10914,sfl:SF3376,P0ACK1
map02024,K10914,sfx:S4387,P0ACK1
map02024,K11530,sfl:SF1577,Q83L16
map02024,K11530,sfx:S1703,Q83L16
map02024,K12990,sfl:SF2099,P37782
map02024,K12990,sfx:S2221,P37782
map02024,K15581,sfl:SF1245,P0AFH5
map02024,K15581,sfx:S1331,P0AFH5
map02024,K20265,sfl:SF1735,P63236
map02024,K20265,sfx:S1868,P63236
map00710,K00024,sfl:SF3276,Q83Q04
map00710,K00024,sfx:S3491,Q83Q04
map00710,K00134,sfl:SF1444,P0A9B5
map00710,K00134,sfx:S1559,P0A9B5
map00710,K00616,sfl:SF0009,P0A872
map00710,K00616,sfl:SF2506,Q83QM8
map00710,K00616,sfx:S0008,P0A872
map00710,K00616,sfx:S2657,Q83QM8
map00710,K00927,sfl:SF2911,P0A7A1
map00710,K00927,sfx:S3111,P0A7A1
map00710,K01595,sfl:SF4033,Q83IS7
map00710,K01595,sfx:S3713,Q83IS7
map00710,K01610,sfl:SF3422,Q83J96
map00710,K01610,sfx:S4341,Q83J96
map00710,K01624,sfl:SF2910,P0AB73
map00710,K01624,sfx:S3110,P0AB73
map00710,K01783,sfl:SF3404,P0AG10
map00710,K01783,sfx:S4358,P0AG10
map00710,K01803,sfl:SF3997,P0A861
map00710,K01803,sfx:S3750,P0A861
map00710,K01807,sfl:SF2899,P0A7Z3
map00710,K01807,sfx:S3099,P0A7Z3
map00710,K02446,sfl:SF4003,P0A9D1
map00710,K02446,sfx:S3744,P0A9D1
map00710,K03841,sfl:SF4258,P0A995
map00710,K03841,sfx:S4520,P0A995
map00710,K28462,sfl:SF3374,P0AEX6
map00710,K28462,sfx:S4389,P0AEX6
map03440,K01159,sfl:SF1873,Q7UAE7
map03440,K01159,sfx:S1939,Q7UAE7
map03440,K02317,sfl:SF4393,P0A8J3
map03440,K02317,sfx:S4663,P0A8J3
map03440,K02345,sfl:SF1853,P0ABT1
map03440,K02345,sfx:S1918,P0ABT1
map03440,K02686,sfx:S4626,P67677
map03440,K03111,sfl:SF4145,P0AGE3
map03440,K03111,sfx:S3584,P0AGE3
map03440,K03550,sfl:SF1871,Q83KR4
map03440,K03550,sfx:S1937,Q83KR4
map03440,K03551,sfl:SF1870,Q83KR5
map03440,K03551,sfx:S1936,Q83KR5
map03440,K03553,sfl:SF2722,P0A7G9
map03440,K03553,sfx:S2913,P0A7G9
map03440,K03584,sfl:SF2627,Q83QI6
map03440,K03584,sfx:S2800,Q83QI6
map03440,K03629,sfl:SF3764,Q7BZ80
map03440,K03629,sfx:S4007,Q7BZ80
map03440,K06187,sfl:SF0417,P0A7H9
map03440,K06187,sfx:S0424,P0A7H9
map00740,K00793,sfl:SF1690,P0AFU9
map00740,K00793,sfx:S1822,P0AFU9
map00740,K00794,sfl:SF0352,P61718
map00740,K00794,sfx:S0360,P61718
map00740,K00878,sfl:SF2166,Q83KH2
map00740,K00878,sfx:S2291,Q83KH2
map00740,K01497,sfl:SF1281,P0A7I9
map00740,K01497,sfx:S1364,P0A7I9
map00740,K01515,sfl:SF3074,P83844
map00740,K01515,sfx:S3279,P83844
map00740,K02858,sfl:SF3081,P0A7J2
map00740,K02858,sfx:S3286,P0A7J2
map00740,K03788,sfl:SF4149,P0AE23
map00740,K03788,sfx:S3580,P0AE23
map00740,K11753,sfl:SF0021,P0AG43
map00740,K11753,sfx:S0024,P0AG43
map00740,K12152,sfl:SF1153,P0AEI9
map00740,K12152,sfx:S1236,P0AEI9
map00740,K20862,sfl:SF3890,P0ADP1
map00740,K20862,sfx:S3866,P0ADP1
map03010,K02863,sfx:S3678,Q83PC2
map03010,K02864,sfl:SF4058,P0A7J6
map03010,K02864,sfx:S3677,P0A7J6
map03010,K02867,sfl:SF4056,Q83PC3
map03010,K02867,sfx:S3679,Q83PC3
map03010,K02871,sfl:SF3271,P0AA15
map03010,K02871,sfx:S3486,P0AA15
map03010,K02874,sfl:SF3342,P0ADY6
map03010,K02874,sfx:S4420,P0ADY6
map03010,K02876,sfl:SF3333,P66075
map03010,K02876,sfx:S4429,P66075
map03010,K02878,sfl:SF3345,Q83PY6
map03010,K02878,sfx:S4417,Q83PY6
map03010,K02879,sfl:SF3326,P0AG47
map03010,K02879,sfx:S4436,P0AG47
map03010,K02881,sfl:SF3336,P0C021
map03010,K02881,sfx:S4426,P0C021
map03010,K02884,sfl:SF2666,P0A7K9
map03010,K02884,sfx:S2843,P0A7K9
map03010,K02886,sfl:SF3349,P60429
map03010,K02886,sfx:S4413,P60429
map03010,K02887,sfl:SF1515,Q83RG1
map03010,K02887,sfx:S1633,Q83RG1
map03010,K02888,sfl:SF3226,P0AG50
map03010,K02888,sfx:S3444,P0AG50
map03010,K02890,sfl:SF3347,Q83PY5
map03010,K02890,sfx:S4415,Q83PY5
map03010,K02892,sfl:SF3350,P0ADZ3
map03010,K02892,sfx:S4412,P0ADZ3
map03010,K02895,sfl:SF3341,Q83PY8
map03010,K02895,sfx:S4421,Q83PY8
map03010,K02897,sfl:SF2272,P68918
map03010,K02897,sfx:S2401,P68918
map03010,K02899,sfl:SF3225,P0A7M1
map03010,K02899,sfx:S3443,P0A7M1
map03010,K02902,sfl:SF3676,P0A7M5
map03010,K02902,sfx:S4092,P0A7M5
map03010,K02904,sfl:SF3344,Q83PY7
map03010,K02904,sfx:S4418,Q83PY7
map03010,K02906,sfl:SF3352,P60447
map03010,K02906,sfx:S4410,P60447
map03010,K02907,sfl:SF3334,P0AG54
map03010,K02907,sfx:S4428,P0AG54
map03010,K02909,sfl:SF4014,Q83PD4
map03010,K02909,sfx:S3733,Q83PD4
map03010,K02911,sfl:SF1093,P0A7N8
map03010,K02911,sfx:S1173,P0A7N8
map03010,K02913,sfl:SF3675,P0A7P4
map03010,K02913,sfx:S4093,P0A7P4
map03010,K02914,sfl:SF3761,P0A7Q0
map03010,K02914,sfx:S4010,P0A7Q0
map03010,K02916,sfl:SF1514,P0A7Q5
map03010,K02916,sfx:S1632,P0A7Q5
map03010,K02919,sfl:SF3331,P0A7R0
map03010,K02919,sfx:S4431,P0A7R0
map03010,K02926,sfl:SF3351,Q83PY4
map03010,K02926,sfx:S4411,Q83PY4
map03010,K02931,sfl:SF3340,Q83PY9
map03010,K02931,sfx:S4422,Q83PY9
map03010,K02933,sfl:SF3337,P0AG58
map03010,K02933,sfx:S4425,P0AG58
map03010,K02935,sfl:SF4059,P0A7K5
map03010,K02935,sfx:S3676,P0A7K5
map03010,K02939,sfl:SF4356,P0A7R4
map03010,K02939,sfx:S4628,P0A7R4
map03010,K02945,sfl:SF0907,P0AG70
map03010,K02945,sfx:S0971,P0AG70
map03010,K02946,sfl:SF3353,P0A7R8
map03010,K02946,sfx:S4409,P0A7R8
map03010,K02948,sfl:SF3329,P0A7S2
map03010,K02948,sfx:S4433,P0A7S2
map03010,K02950,sfl:SF3360,P0A7S8
map03010,K02950,sfx:S4402,P0A7S8
map03010,K02952,sfl:SF3330,P0A7T2
map03010,K02952,sfx:S4432,P0A7T2
map03010,K02954,sfl:SF3339,P0AG62
map03010,K02954,sfx:S4423,P0AG62
map03010,K02956,sfl:SF3206,P0ADZ6
map03010,K02956,sfx:S3423,P0ADZ6
map03010,K02959,sfl:SF2669,P0A7T6
map03010,K02959,sfx:S2846,P0A7T6
map03010,K02961,sfl:SF3343,P0AG66
map03010,K02961,sfx:S4419,P0AG66
map03010,K02963,sfl:SF4355,P0A7U2
map03010,K02963,sfx:S4627,P0A7U2
map03010,K02965,sfl:SF3348,P0A7U6
map03010,K02965,sfx:S4414,P0A7U6
map03010,K02967,sfl:SF0159,Q83SL4
map03010,K02967,sfx:S0162,Q83SL4
map03010,K02968,sfx:S0022,Q83SR1
map03010,K02970,sfl:SF3106,P68685
map03010,K02970,sfx:S3311,P68685
map03010,K02982,sfl:SF3346,P59184
map03010,K02982,sfx:S4416,P59184
map03010,K02986,sfl:SF3328,P59132
map03010,K02986,sfx:S4434,P59132
map03010,K02988,sfl:SF3335,P0A7W6
map03010,K02988,sfx:S4427,P0A7W6
map03010,K02990,sfl:SF4354,P0A4D2
map03010,K02990,sfx:S4625,P0A4D2
map03010,K02992,sfl:SF3359,P66608
map03010,K02992,sfx:S4403,P66608
map03010,K02994,sfl:SF3338,P0A7X2
map03010,K02994,sfx:S4424,P0A7X2
map03010,K02996,sfl:SF3270,Q83Q07
map03010,K02996,sfx:S3485,Q83Q07
map03008,K03685,sfl:SF2629,P0A7Y3
map03008,K03685,sfx:S2802,P0A7Y3
map03008,K13288,sfl:SF4319,Q83IJ9
map03008,K13288,sfx:S4584,Q83IJ9
map03030,K01972,sfl:SF2466,Q83K81
map03030,K01972,sfl:SF3686,Q83PM9
map03030,K01972,sfx:S2612,Q83K81
map03030,K01972,sfx:S4082,Q83PM9
map03030,K02314,sfl:SF4154,P0ACB1
map03030,K02314,sfx:S3577,P0ACB1
map03030,K02316,sfl:SF3107,P0ABS7
map03030,K02316,sfx:S3312,P0ABS7
map03030,K02345,sfl:SF1853,P0ABT1
map03030,K02345,sfx:S1918,P0ABT1
map03030,K03111,sfl:SF4145,P0AGE3
map03030,K03111,sfx:S3584,P0AGE3
map03030,K03469,sfl:SF0201,P0A7Y7
map03030,K03469,sfx:S0208,P0A7Y7
map03030,K03470,sfl:SF0173,Q83MN1
map03030,K03470,sfx:S0176,Q83MN1
map03020,K03040,sfl:SF3327,P0A7Z9
map03020,K03040,sfx:S4435,P0A7Z9
map03020,K03043,sfl:SF4060,P0A8V5
map03020,K03043,sfx:S3675,P0A8V5
map03020,K03046,sfl:SF4061,P0A8T9
map03020,K03046,sfx:S3674,P0A8T9
map03020,K03060,sfl:SF3689,Q83PM8
map03020,K03060,sfx:S4080,Q83PM8
map00999,K00014,sfl:SF3313,Q83PZ3
map00999,K00014,sfx:S3537,Q83PZ3
map00999,K00789,sfl:SF2933,P0A820
map00999,K00789,sfx:S3137,P0A820
map00460,K00600,sfl:SF2598,P0A827
map00460,K00600,sfx:S2770,P0A827
map00460,K01914,sfl:SF3824,Q83PJ4
map00460,K01914,sfx:S3944,Q83PJ4
map04981,K00287,sfl:SF0045,P0ABQ6
map04981,K00287,sfx:S0047,P0ABQ6
map04981,K00560,sfl:SF2837,P48464
map04981,K00560,sfx:S3035,P48464
map04981,K00600,sfl:SF2598,P0A827
map04981,K00600,sfx:S2770,P0A827
map00660,K00052,sfl:SF0068,Q83SP1
map00660,K00052,sfx:S0070,Q83SP1
map00660,K01703,sfl:SF0067,Q821C2
map00660,K01703,sfx:S0069,Q821C2
map00660,K01704,sfl:SF0066,P59714
map00660,K01704,sfx:S0068,P59714
map00660,K01903,sfl:SF0569,P0A839
map00660,K01903,sfx:S0582,P0A839
map00660,K11258,sfl:SF3844,P0ADG3
map00660,K11258,sfx:S3915,P0ADG3
map00562,K01803,sfl:SF3997,P0A861
map00562,K01803,sfx:S3750,P0A861
map00130,K00568,sfl:SF2312,Q820C5
map00130,K00568,sfx:S2445,Q820C5
map00130,K02549,sfl:SF2340,Q83QT6
map00130,K02549,sfx:S2474,Q83QT6
map00130,K02551,sfl:SF2343,Q821B0
map00130,K02551,sfx:S2477,Q821B0
map00130,K03179,sfl:SF4165,Q83IP7
map00130,K03179,sfx:S3566,Q83IP7
map00130,K03181,sfl:SF4166,Q83IP6
map00130,K03181,sfx:S3565,Q83IP6
map00130,K03182,sfl:SF3919,Q83PG4
map00130,K03182,sfx:S3833,Q83PG4
map00130,K03183,sfl:SF3911,P0A889
map00130,K03183,sfx:S3843,P0A889
map00130,K03809,sfl:SF1008,P0A8G8
map00130,K03809,sfx:S1077,P0A8G8
map00130,K08680,sfl:SF2342,Q83QT4
map00130,K08680,sfx:S2476,Q83QT4
map00970,K00604,sfl:SF3319,Q83PZ0
map00970,K00604,sfx:S3544,Q83PZ0
map00970,K01042,sfl:SF3629,Q83J28
map00970,K01042,sfx:S4139,Q83J28
map00970,K01866,sfl:SF1662,Q83KY0
map00970,K01866,sfx:S1794,Q83KY0
map00970,K01867,sfl:SF3402,Q83JA5
map00970,K01867,sfx:S4360,Q83JA5
map00970,K01868,sfl:SF1512,P0A8M5
map00970,K01868,sfx:S1630,P0A8M5
map00970,K01869,sfl:SF0639,Q83LX5
map00970,K01869,sfx:S0661,Q83LX5
map00970,K01870,sfl:SF0022,Q83MH2
map00970,K01870,sfx:S0025,Q83MH2
map00970,K01872,sfl:SF2720,Q7UBU3
map00970,K01872,sfx:S2911,Q7UBU3
map00970,K01873,sfl:SF4231,Q83IM5
map00970,K01873,sfx:S4492,Q83IM5
map00970,K01874,sfl:SF2179,Q83KH0
map00970,K01874,sfx:S2303,Q83KH0
map00970,K01875,sfl:SF0852,P0A8L4
map00970,K01875,sfx:S0893,P0A8L4
map00970,K01876,sfl:SF1876,Q7UAE6
map00970,K01876,sfx:S1942,Q7UAE6
map00970,K01878,sfl:SF3603,P67027
map00970,K01878,sfx:S4165,P67027
map00970,K01879,sfl:SF3602,Q83J38
map00970,K01879,sfx:S4166,Q83J38
map00970,K01881,sfl:SF0185,Q83MC8
map00970,K01881,sfx:S0187,Q83MC8
map00970,K01883,sfl:SF0457,Q83M27
map00970,K01883,sfx:S0465,Q83M27
map00970,K01885,sfl:SF2462,Q83K84
map00970,K01885,sfx:S2605,Q83K84
map00970,K01886,sfl:SF0613,Q83LY4
map00970,K01886,sfx:S0624,Q83LY4
map00970,K01887,sfl:SF1917,Q83KQ3
map00970,K01887,sfx:S2007,Q83KQ3
map00970,K01889,sfl:SF1517,Q83L37
map00970,K01889,sfx:S1634,Q83L37
map00970,K01890,sfl:SF1518,Q83L36
map00970,K01890,sfx:S1635,Q83L36
map00970,K01892,sfl:SF2560,Q83K44
map00970,K01892,sfx:S2732,Q83K44
map00970,K01893,sfl:SF0927,P0A8M2
map00970,K01893,sfx:S0991,P0A8M2
map00970,K04567,sfl:SF2876,Q83JU6
map00970,K04567,sfx:S3075,Q83JU6
map00430,K01580,sfl:SF1734,P69912
map00430,K01580,sfl:SF3594,Q83PR1
map00430,K01580,sfx:S1867,P69912
map00430,K01580,sfx:S4173,Q83PR1
map00430,K13788,sfl:SF2373,P0A9M9
map00430,K13788,sfx:S2508,P0A9M9
map00785,K00281,sfl:SF2889,Q83QA2
map00785,K00281,sfx:S3088,Q83QA2
map00785,K00382,sfl:SF0113,P0A9P3
map00785,K00382,sfx:S0115,P0A9P3
map00785,K00605,sfl:SF2891,Q83JU1
map00785,K00605,sfx:S3090,Q83JU1
map00785,K02437,sfl:SF2890,P0A6U2
map00785,K02437,sfx:S3089,P0A6U2
map00785,K03644,sfl:SF0653,P60719
map00785,K03644,sfx:S0675,P60719
map00785,K03801,sfl:SF0651,Q7UDD0
map00785,K03801,sfx:S0673,Q7UDD0
map02010,K01995,sfl:SF3473,P0A9S9
map02010,K01995,sfx:S4290,P0A9S9
map02010,K02017,sfl:SF0539,P59738
map02010,K02017,sfx:S0547,P59738
map02010,K02036,sfl:SF3730,P0AAH3
map02010,K02036,sfx:S4042,P0AAH3
map02010,K02037,sfl:SF3728,P0AGI0
map02010,K02037,sfx:S4044,P0AGI0
map02010,K02040,sfl:SF3727,P0AG83
map02010,K02040,sfx:S4045,P0AG83
map02010,K02041,sfl:SF4117,Q83P97
map02010,K02041,sfx:S3613,Q83P97
map02010,K02045,sfx:S2623,Q7UC29
map02010,K02062,sfl:SF0061,Q83MG3
map02010,K02062,sfx:S0063,Q83MG3
map02010,K02066,sfl:SF3234,P64609
map02010,K02066,sfx:S3452,P64609
map02010,K02071,sfl:SF0190,Q83MC5
map02010,K02071,sfx:S0192,Q83MC5
map02010,K02193,sfl:SF2285,Q83KD5
map02010,K02193,sfx:S2415,Q83KD5
map02010,K02194,sfl:SF2284,Q83QV3
map02010,K02194,sfx:S2414,Q83QV3
map02010,K02195,sfl:SF2283,P0ABM4
map02010,K02195,sfx:S2413,P0ABM4
map02010,K02196,sfl:SF2282,P0ABM8
map02010,K02196,sfx:S2412,P0ABM8
map02010,K05685,sfl:SF0839,Q83LR7
map02010,K05685,sfx:S0879,Q83LR7
map02010,K05813,sfl:SF3471,Q83PU5
map02010,K05813,sfx:S4292,Q83PU5
map02010,K05814,sfl:SF3470,Q83PU6
map02010,K05814,sfx:S4293,Q83PU6
map02010,K05815,sfl:SF3469,Q83PU7
map02010,K05815,sfx:S4294,Q83PU7
map02010,K06073,sfl:SF1520,Q7C1M5
map02010,K06073,sfx:S1637,Q7C1M5
map02010,K06074,sfl:SF1522,Q7C1M3
map02010,K06074,sfx:S1639,Q7C1M3
map02010,K06726,sfl:SF3829,Q83PJ1
map02010,K06726,sfx:S3939,Q83PJ1
map02010,K06858,sfl:SF0150,Q83MD7
map02010,K06858,sfx:S0153,Q83MD7
map02010,K06861,sfl:SF3241,P0A9V4
map02010,K06861,sfx:S3459,P0A9V4
map02010,K07091,sfl:SF4228,P0AFA1
map02010,K07091,sfx:S4489,P0AFA1
map02010,K07122,sfx:S3449,P64603
map02010,K07323,sfl:SF3232,P0ADV8
map02010,K07323,sfx:S3450,P0ADV8
map02010,K09810,sfl:SF1121,Q83RS0
map02010,K09810,sfx:S1201,Q83RS0
map02010,K09811,sfl:SF3480,P0AC32
map02010,K09811,sfx:S4283,P0AC32
map02010,K09812,sfl:SF3481,P0A9S0
map02010,K09812,sfx:S4282,P0A9S0
map02010,K09817,sfl:SF1867,Q83KR7
map02010,K09817,sfx:S1934,Q83KR7
map02010,K09998,sfl:SF0815,P0AE33
map02010,K09998,sfx:S0857,P0AE33
map02010,K09999,sfl:SF0816,P0AE36
map02010,K09999,sfx:S0858,P0AE36
map02010,K10000,sfl:SF0818,P0AAF9
map02010,K10000,sfx:S0860,P0AAF9
map02010,K10009,sfl:SF1961,P0AFT4
map02010,K10009,sfx:S2057,P0AFT4
map02010,K10015,sfl:SF2383,P0AEU6
map02010,K10015,sfx:S2518,P0AEU6
map02010,K10037,sfl:SF0761,P0AEQ9
map02010,K10037,sfx:S0803,P0AEQ9
map02010,K10109,sfl:SF4172,Q83P81
map02010,K10109,sfx:S3559,Q83P81
map02010,K10110,sfl:SF4173,P68186
map02010,K10110,sfx:S3558,P68186
map02010,K10111,sfl:SF4170,Q7UBD0
map02010,K10111,sfx:S3561,Q7UBD0
map02010,K10538,sfl:SF1945,P0AE27
map02010,K10538,sfx:S2038,P0AE27
map02010,K10539,sfl:SF1946,Q83KP2
map02010,K10539,sfx:S2039,Q83KP2
map02010,K10540,sfl:SF2235,P0AEE7
map02010,K10540,sfx:S2364,P0AEE7
map02010,K10542,sfl:SF2234,P0AAG9
map02010,K10542,sfx:S2363,P0AAG9
map02010,K10544,sfl:SF3612,P0AGI7
map02010,K10544,sfx:S4157,P0AGI7
map02010,K10545,sfl:SF3611,Q83J33
map02010,K10545,sfx:S4158,Q83J33
map02010,K10556,sfl:SF1584,Q83RD8
map02010,K10556,sfx:S1710,Q83RD8
map02010,K10557,sfl:SF1585,P0AFS2
map02010,K10557,sfx:S1711,P0AFS2
map02010,K10558,sfl:SF1583,Q83L12
map02010,K10558,sfx:S1709,Q83L12
map02010,K10824,sfl:SF3498,Q83J77
map02010,K10824,sfx:S4265,Q83J77
map02010,K10831,sfl:SF0252,Q83MA0
map02010,K10831,sfx:S0273,Q83MA0
map02010,K11069,sfl:SF1125,P0AFL0
map02010,K11069,sfx:S1205,P0AFL0
map02010,K11070,sfl:SF1126,Q83RR7
map02010,K11070,sfx:S1206,Q83RR7
map02010,K11071,sfl:SF1127,P0AFK5
map02010,K11071,sfx:S1207,P0AFK5
map02010,K11072,sfl:SF1128,P69877
map02010,K11072,sfx:S1208,P69877
map02010,K11085,sfl:SF0910,Q83LP0
map02010,K11085,sfx:S0974,Q83LP0
map02010,K12371,sfl:SF3576,P0AAG2
map02010,K12371,sfx:S4194,P0AAG2
map02010,K13889,sfl:SF0780,Q821B3
map02010,K13889,sfx:S0823,Q821B3
map02010,K13890,sfl:SF0781,Q83S26
map02010,K13890,sfx:S0824,Q83S26
map02010,K13891,sfl:SF0782,Q83S25
map02010,K13891,sfx:S0825,Q83S25
map02010,K13892,sfl:SF0779,Q83LT3
map02010,K13892,sfx:S0822,Q83LT3
map02010,K15555,sfl:SF0930,Q83LN2
map02010,K15555,sfx:S0994,Q83LN2
map02010,K15581,sfl:SF1245,P0AFH5
map02010,K15581,sfx:S1331,P0AFH5
map02010,K15587,sfl:SF3497,Q83J78
map02010,K15587,sfx:S4266,Q83J78
map02010,K19228,sfl:SF1297,P0AGH7
map02010,K19228,sfx:S1379,P0AGH7
map02010,K19229,sfl:SF1296,P0AAH7
map02010,K19229,sfx:S1378,P0AAH7
map02010,K19230,sfl:SF1295,P0AAI0
map02010,K19230,sfx:S1377,P0AAI0
map02010,K23163,sfl:SF3995,P0AG79
map02010,K23163,sfx:S3752,P0AG79
map00040,K00041,sfl:SF1572,Q83RE1
map00040,K00041,sfx:S1699,Q83RE1
map00040,K00848,sfl:SF3981,Q83IU3
map00040,K00848,sfx:S3767,Q83IU3
map00040,K00853,sfl:SF0058,Q83MG5
map00040,K00853,sfx:S0060,Q83MG5
map00040,K00963,sfl:SF1236,P0AEP6
map00040,K00963,sfl:SF2105,P37776
map00040,K00963,sfx:S1322,P0AEP6
map00040,K00963,sfx:S2228,P37776
map00040,K01628,sfl:SF2814,P0AB88
map00040,K01628,sfx:S3009,P0AB88
map00040,K01629,sfx:S3769,Q83PE1
map00040,K01686,sfl:SF4198,P0A4S0
map00040,K01686,sfx:S4454,P0A4S0
map00040,K01783,sfl:SF3404,P0AG10
map00040,K01783,sfx:S4358,P0AG10
map00040,K01812,sfl:SF3132,P0A8G5
map00040,K01812,sfx:S3339,P0A8G5
map00040,K01815,sfl:SF2853,Q83QB2
map00040,K01815,sfx:S3051,Q83QB2
map00040,K01818,sfl:SF2816,P69923
map00040,K01818,sfx:S3011,P69923
map00040,K03077,sfl:SF4353,Q83P26
map00040,K03077,sfx:S4623,Q83P26
map00040,K03078,sfl:SF4351,Q83P27
map00040,K03078,sfx:S4621,Q83P27
map00040,K03079,sfl:SF4352,Q83II8
map00040,K03079,sfx:S4622,Q83II8
map00040,K08092,sfl:SF3619,Q83PQ6
map00040,K08092,sfx:S4150,Q83PQ6
map02030,K03408,sfl:SF1936,P0A967
map02030,K03408,sfx:S2027,P0A967
map02030,K03412,sfl:SF1932,Q83R52
map02030,K03412,sfx:S2023,Q83R52
map02030,K03413,sfl:SF1931,P0AE69
map02030,K03413,sfx:S2022,P0AE69
map02030,K03414,sfl:SF1930,Q83R53
map02030,K03414,sfx:S2021,Q83R53
map02030,K10540,sfl:SF2235,P0AEE7
map02030,K10540,sfx:S2364,P0AEE7
map05133,K07326,bpe:BP1884,P35077
map05133,K07345,bpe:BP1119,P05788
map05133,K07345,bpe:BP1568,P17835
map05133,K07345,bpe:BP2674,P09808
map05133,K07347,bpe:BP1882,P33410
map05133,K07347,bpe:BP1883,Q00879
map05133,K07389,bpe:BP0758,P0A3I5
map05133,K07679,bpe:BP1877,P16575
map05133,K07690,bpe:BP1878,P0A4H2
map05133,K11003,bpe:BP0762,P0DKX9
map05133,K11004,bpe:BP0761,P0DKX5
map05133,K11023,bpe:BP3783,P04977
map05133,K11024,bpe:BP3784,P04978
map05133,K11025,bpe:BP3787,P04979
map05133,K11026,bpe:BP3785,P0A3R5
map05133,K11027,bpe:BP3786,P04981
map05133,K12340,bpe:BP0763,P0DKY0
map05133,K12681,bpe:BP1054,P14283
map05133,K12683,bpe:BP3494,Q45340
map05133,K12688,bpe:BP0216,Q7W0C9
map05133,K12973,bpe:BP3006,Q7VUS0
map05133,K15125,bpe:BP1879,P12255
map05133,K15125,bpe:BP2667,Q7VVJ2
map05133,K15125,bpe:BP2907,Q7VV06
map05133,K15126,bpe:BP0500,Q7VSD3
map05133,K22944,bpe:BP0760,P0DKX7
map00230,K00088,bpe:BP2625,Q7VVM3
map00230,K00525,bpe:BP2983,Q7VUU1
map00230,K00526,bpe:BP2984,Q7VUU0
map00230,K00602,bpe:BP3416,Q7VTU1
map00230,K00759,bpe:BP0264,Q7W089
map00230,K00764,bpe:BP1415,Q7VYD4
map00230,K00856,bpe:BP2993,Q7VUT1
map00230,K00939,bpe:BP2769,P0DKX8
map00230,K00940,bpe:BP2202,Q7VWK7
map00230,K00942,bpe:BP1578,Q7VXZ3
map00230,K00948,bpe:BP3125,Q7VUH1
map00230,K00951,bpe:BP3587,Q7VTF3
map00230,K00957,bpe:BP0970A,Q7VZE4
map00230,K01081,bpe:BP0294,Q7W066
map00230,K01129,bpe:BP3658,Q7VT92
map00230,K01139,bpe:BP1576,Q7U362
map00230,K01241,bpe:BP1583,Q7VXY8
map00230,K01428,bpe:BP3168,Q7VUD3
map00230,K01429,bpe:BP3169,Q7VUD2
map00230,K01430,bpe:BP3171,Q7VUD0
map00230,K01515,bpe:BP1194,Q7VYV9
map00230,K01519,bpe:BP1593,Q7VXX8
map00230,K01524,bpe:BP1073,Q7VZ61
map00230,K01525,bpe:BP0324,Q7W041
map00230,K01588,bpe:BP1526,Q7VY37
map00230,K01589,bpe:BP1527,Q7VY36
map00230,K01756,bpe:BP2890,Q7VV20
map00230,K01923,bpe:BP1521,Q7VY42
map00230,K01933,bpe:BP0242,Q7W0A7
map00230,K01939,bpe:BP2188,Q7VWM1
map00230,K01945,bpe:BP2309,Q7VWE8
map00230,K01951,bpe:BP1437,Q7VYB2
map00230,K01951,bpe:BP2624,Q7VVM4
map00230,K01952,bpe:BP2668,Q7VVJ1
map00230,K03651,bpe:BP0123,Q7W0J3
map00230,K03651,bpe:BP3747,Q7VT10
map00230,K03787,bpe:BP1719,Q7VXN2
map00230,K05810,bpe:BP1148,Q7VZ01
map00230,K08289,bpe:BP0702,Q7W006
map00230,K15778,bpe:BP1970,Q7VX50
map00230,K15778,bpe:BP3141,Q7VUF5
map00230,K22944,bpe:BP0760,P0DKX7
map02020,K00405,bpe:BP2170,Q7VWN7
map02020,K00406,bpe:BP2172,Q7VWN5
map02020,K00407,bpe:BP2171,Q7VWN6
map02020,K00411,bpe:BP0277,Q7W080
map02020,K00412,bpe:BP0276,Q7W081
map02020,K00413,bpe:BP0275,Q7W082
map02020,K00424,bpe:BP0261,Q7W092
map02020,K00425,bpe:BP0259,Q7W094
map02020,K00425,bpe:BP3225,Q7VU95
map02020,K00426,bpe:BP0260,Q7W093
map02020,K00426,bpe:BP3224,Q7VU96
map02020,K00626,bpe:BP0332,Q7W034
map02020,K00626,bpe:BP0422,Q7VSJ3
map02020,K00626,bpe:BP0447,Q7VSH7
map02020,K00626,bpe:BP2059,Q7VWX5
map02020,K00626,bpe:BP2099,Q7VWU2
map02020,K00990,bpe:BP1417,Q7VYD2
map02020,K01546,bpe:BP2480,Q7VVZ9
map02020,K01547,bpe:BP2481,Q7VVZ8
map02020,K01548,bpe:BP2482,Q7VVZ7
map02020,K01644,bpe:BP1348,Q7VYI8
map02020,K01644,bpe:BP1861,Q7VXC2
map02020,K01915,bpe:BP1596,Q7VXX6
map02020,K01991,bpe:BP1628,Q7VXV0
map02020,K02040,bpe:BP1071,Q7VZ63
map02020,K02106,bpe:BP0218,Q7W0C7
map02020,K02106,bpe:BP0404,Q7VSK7
map02020,K02106,bpe:BP0430,Q7VSI7
map02020,K02259,bpe:BP3736,Q7VT21
map02020,K02279,bpe:BP1995,Q7VX28
map02020,K02279,bpe:BP2527,Q7VVV9
map02020,K02280,bpe:BP1996,Q7VX27
map02020,K02280,bpe:BP2526,Q7VVW0
map02020,K02282,bpe:BP1997,Q7VX26
map02020,K02313,bpe:BP0491,Q7VSE0
map02020,K02398,bpe:BP1371,Q7VYH1
map02020,K02402,bpe:BP1023,Q7VZA0
map02020,K02403,bpe:BP1022,Q7VZA1
map02020,K02405,bpe:BP1021,Q7VZA2
map02020,K02406,bpe:BP0996,Q7VZC2
map02020,K02556,bpe:BP1024,Q7VZ99
map02020,K02650,bpe:BP1834,Q7VXE3
map02020,K02651,bpe:BP1991,Q7VX32
map02020,K02651,bpe:BP2530,Q7VVV6
map02020,K03092,bpe:BP0133,Q7W0I7
map02020,K03367,bpe:BP2987,Q7VUT7
map02020,K03406,bpe:BP1591,Q7VXY0
map02020,K03407,bpe:BP1028,Q7VZ97
map02020,K03408,bpe:BP1029,Q7VZ96
map02020,K03412,bpe:BP1032,Q7VZ94
map02020,K03413,bpe:BP1033,Q7VZ93
map02020,K03739,bpe:BP2988,Q7VUT6
map02020,K03740,bpe:BP2990,Q7VUT4
map02020,K04751,bpe:BP2699,Q7VVG9
map02020,K04771,bpe:BP2434,Q7VW38
map02020,K05874,bpe:BP1030,Q7VZ95
map02020,K05874,bpe:BP1384,Q7VYF8
map02020,K05874,bpe:BP1385,Q7VYF7
map02020,K05874,bpe:BP2268,Q7VWI1
map02020,K07165,bpe:BP0348,Q7VSQ3
map02020,K07165,bpe:BP1137,Q7VZ09
map02020,K07165,bpe:BP2772,Q7VVA7
map02020,K07347,bpe:BP1882,P33410
map02020,K07347,bpe:BP1883,Q00879
map02020,K07636,bpe:BP0159,Q7W0H3
map02020,K07638,bpe:BP3223,Q7VU97
map02020,K07644,bpe:BP0157,Q7W0H5
map02020,K07646,bpe:BP2483,Q7VVZ6
map02020,K07649,bpe:BP0501,Q7VSD2
map02020,K07649,bpe:BP3866,Q7VSR2
map02020,K07657,bpe:BP0160,Q7W0H2
map02020,K07659,bpe:BP3222,Q7VU98
map02020,K07659,bpe:BP3554,Q79GE2
map02020,K07665,bpe:BP0158,Q7W0H4
map02020,K07667,bpe:BP2484,Q7VVZ5
map02020,K07679,bpe:BP1877,P16575
map02020,K07687,bpe:BP1496,Q7VY65
map02020,K07690,bpe:BP1878,P0A4H2
map02020,K07708,bpe:BP1597,Q7VXX5
map02020,K07712,bpe:BP1598,Q7VXX4
map02020,K07774,bpe:BP3350,Q7VTZ6
map02020,K07774,bpe:BP3865,Q7VSR3
map02020,K07788,bpe:BP3814,Q7VSV8
map02020,K07789,bpe:BP3813,Q7VSV9
map02020,K07793,bpe:BP3051,Q7VUN1
map02020,K07793,bpe:BP3869,Q7VSQ9
map02020,K07794,bpe:BP3050,Q7VUN2
map02020,K07794,bpe:BP3868,Q7VSR0
map02020,K07795,bpe:BP0612,Q7VS39
map02020,K07795,bpe:BP3440,Q7VTS1
map02020,K07795,bpe:BP3867,Q7VSR1
map02020,K07799,bpe:BP3815,Q7VSV7
map02020,K08738,bpe:BP2009,Q7VX17
map02020,K08738,bpe:BP3042,Q7VUN7
map02020,K10001,bpe:BP0057,Q7W0P0
map02020,K10001,bpe:BP0765,Q7VZW5
map02020,K10002,bpe:BP0055,Q7W0P2
map02020,K10002,bpe:BP0767,Q7VZW4
map02020,K10003,bpe:BP0056,Q7W0P1
map02020,K10004,bpe:BP0768,Q7VZW3
map02020,K11688,bpe:BP0069,Q7W0N0
map02020,K11688,bpe:BP0234,Q7W0B4
map02020,K11688,bpe:BP0589,Q7VS60
map02020,K11688,bpe:BP1487,Q7VY71
map02020,K11688,bpe:BP1705,Q7VXP2
map02020,K11688,bpe:BP1864,Q7VXB9
map02020,K11688,bpe:BP1887,Q7VXB3
map02020,K11688,bpe:BP1891,Q7VXB1
map02020,K11688,bpe:BP1920,Q7VX85
map02020,K11688,bpe:BP2352,Q7VWA8
map02020,K11688,bpe:BP2661,Q7VVJ6
map02020,K11688,bpe:BP2671,Q7VVI8
map02020,K11688,bpe:BP2963,Q7VUV7
map02020,K11689,bpe:BP0596,Q7VS53
map02020,K11689,bpe:BP1488,Q7VY70
map02020,K11689,bpe:BP1704,Q7VXP3
map02020,K11689,bpe:BP1863,Q7VXC0
map02020,K11689,bpe:BP1886,Q7VXB4
map02020,K11689,bpe:BP1890,Q7VXB2
map02020,K11689,bpe:BP1918,Q7VX87
map02020,K11689,bpe:BP2353,Q7VWA7
map02020,K11689,bpe:BP2669,Q7VVJ0
map02020,K11690,bpe:BP0067,Q7W0N1
map02020,K11690,bpe:BP0597,Q7VS52
map02020,K11690,bpe:BP1489,Q7VY69
map02020,K11690,bpe:BP1703,Q7VXP4
map02020,K11690,bpe:BP1862,Q7VXC1
map02020,K11690,bpe:BP1919,Q7VX86
map02020,K11690,bpe:BP2354,Q7VWA6
map02020,K11690,bpe:BP2670,Q7VVI9
map02020,K12340,bpe:BP0763,P0DKY0
map02020,K12510,bpe:BP1999,Q7VX25
map02020,K12510,bpe:BP2525,Q7VVW1
map02020,K13598,bpe:BP0571,Q7VS72
map02020,K13599,bpe:BP0572,Q7VS71
map02020,K14188,bpe:BP2991,Q7VUT3
map02020,K15011,bpe:BP2935,Q7VUY0
map02020,K15012,bpe:BP2934,Q7VUY1
map02020,K19611,bpe:BP2901,Q7VV12
map02020,K21393,bpe:BP0235,Q7W0B3
map02020,K23514,bpe:BP0349,Q79H22
map02020,K23514,bpe:BP1136,Q7VZ10
map02020,K25307,bpe:BP1797,Q7VXH3
map02020,K27079,bpe:BP2001,Q7VX24
map02020,K27080,bpe:BP2003,Q7VX23
map00260,K00003,bpe:BP2784,Q7VVA1
map00260,K00058,bpe:BP0155,Q7W0H7
map00260,K00133,bpe:BP1484,P41399
map00260,K00281,bpe:BP0197,Q7W0E3
map00260,K00382,bpe:BP0618,Q7VS34
map00260,K00382,bpe:BP0995,Q7VZC3
map00260,K00382,bpe:BP1126,Q7VZ16
map00260,K00382,bpe:BP1729,Q7VXM2
map00260,K00600,bpe:BP2952,Q7VUW7
map00260,K00605,bpe:BP0195,Q7W0E5
map00260,K00831,bpe:BP0945,Q7VZG4
map00260,K00865,bpe:BP3332,Q7VU10
map00260,K00928,bpe:BP1913,Q7VX91
map00260,K01079,bpe:BP0863,Q7VZN4
map00260,K01620,bpe:BP2407,Q7VW60
map00260,K01695,bpe:BP3590,Q7VTF0
map00260,K01696,bpe:BP3589,Q7VTF1
map00260,K01733,bpe:BP2783,Q7VVA2
map00260,K01752,bpe:BP1258,Q7VYQ2
map00260,K01754,bpe:BP0139,Q7W0I4
map00260,K01754,bpe:BP0798,Q7VZT8
map00260,K01834,bpe:BP0607,Q7VS43
map00260,K02204,bpe:BP1084,Q7VZ53
map00260,K02437,bpe:BP0196,Q7W0E4
map00260,K06718,bpe:BP2215,Q7VWK0
map00260,K12972,bpe:BP0283,Q7W075
map00260,K12972,bpe:BP2304,Q7VWF3
map00260,K15634,bpe:BP1455,Q7VY96
map00260,K17103,bpe:BP0792,Q7VZU3
map00261,K00133,bpe:BP1484,P41399
map00261,K00215,bpe:BP2509,Q9X6Y9
map00261,K00928,bpe:BP1913,Q7VX91
map00261,K00957,bpe:BP0970A,Q7VZE4
map00261,K01714,bpe:BP0644,Q7VS12
map00261,K01714,bpe:BP1570,Q7VXZ8
map00261,K01714,bpe:BP2654,Q7VVK3
map00261,K01714,bpe:BP3687,Q7VT65
map00270,K00003,bpe:BP2784,Q7VVA1
map00270,K00016,bpe:BP0379,Q7VSM5
map00270,K00024,bpe:BP2365,Q7VW97
map00270,K00058,bpe:BP0155,Q7W0H7
map00270,K00133,bpe:BP1484,P41399
map00270,K00548,bpe:BP3594,Q7VTE8
map00270,K00549,bpe:BP2543,Q7VVU3
map00270,K00640,bpe:BP1972,Q7VX48
map00270,K00641,bpe:BP0047,Q7W0P6
map00270,K00789,bpe:BP3071,Q7VUL5
map00270,K00812,bpe:BP1185,Q7VYW8
map00270,K00826,bpe:BP3398,Q7VTV5
map00270,K00826,bpe:BP3571,Q7VTG9
map00270,K00831,bpe:BP0945,Q7VZG4
map00270,K00832,bpe:BP1795,Q7VXH5
map00270,K00832,bpe:BP2858,Q7VV46
map00270,K00928,bpe:BP1913,Q7VX91
map00270,K01011,bpe:BP2280,Q7VWH3
map00270,K01251,bpe:BP3068,Q7VUL8
map00270,K01740,bpe:BP3528,Q7VTK3
map00270,K01752,bpe:BP1258,Q7VYQ2
map00270,K01760,bpe:BP0112,Q7W0K3
map00270,K01760,bpe:BP0815,Q7VZS5
map00270,K01920,bpe:BP1499,Q7VY62
map00270,K05810,bpe:BP1148,Q7VZ01
map00270,K08968,bpe:BP3686,Q7VT66
map00270,K12339,bpe:BP0958,Q7VZF3
map00300,K00003,bpe:BP2784,Q7VVA1
map00300,K00133,bpe:BP1484,P41399
map00300,K00215,bpe:BP2509,Q9X6Y9
map00300,K00674,bpe:BP1764,P0A4U8
map00300,K00821,bpe:BP0451,Q7VSH3
map00300,K00821,bpe:BP3539,Q7VTJ7
map00300,K00928,bpe:BP1913,Q7VX91
map00300,K01439,bpe:BP1763,Q7VXJ5
map00300,K01586,bpe:BP3653,Q7VT97
map00300,K01714,bpe:BP0644,Q7VS12
map00300,K01714,bpe:BP1570,Q7VXZ8
map00300,K01714,bpe:BP2654,Q7VVK3
map00300,K01714,bpe:BP3687,Q7VT65
map00300,K01778,bpe:BP3074,Q7VUL2
map00300,K05825,bpe:BP0559,Q7VS82
map00300,K05825,bpe:BP3685,Q7VT67
map00300,K15792,bpe:BP3027,Q7VUP9
map01100,K00001,bpe:BP2601,Q7VVP4
map01100,K00003,bpe:BP2784,Q7VVA1
map01100,K00012,bpe:BP3728,Q7VT29
map01100,K00013,bpe:BP3768,Q7VSZ1
map01100,K00014,bpe:BP3004,Q7VUS1
map01100,K00016,bpe:BP0379,Q7VSM5
map01100,K00019,bpe:BP0229,Q7W0B7
map01100,K00019,bpe:BP2454,Q7VW20
map01100,K00020,bpe:BP1447,Q7VYA3
map01100,K00023,bpe:BP1150,Q7VYZ9
map01100,K00024,bpe:BP2365,Q7VW97
map01100,K00029,bpe:BP1064,Q7VZ68
map01100,K00029,bpe:BP1120,Q7VZ22
map01100,K00029,bpe:BP3456,Q7VTQ8
map01100,K00031,bpe:BP2488,Q7VVZ2
map01100,K00038,bpe:BP2853,Q7VV51
map01100,K00052,bpe:BP1483,Q7VY73
map01100,K00053,bpe:BP0791,Q7VZU4
map01100,K00057,bpe:BP0603,Q7VS47
map01100,K00058,bpe:BP0155,Q7W0H7
map01100,K00059,bpe:BP0219,Q7W0C6
map01100,K00059,bpe:BP0466,Q7VSF9
map01100,K00059,bpe:BP0772,Q7VZV9
map01100,K00059,bpe:BP0813,Q7VZS7
map01100,K00059,bpe:BP0859,Q7VZN8
map01100,K00059,bpe:BP1128,Q7VZ14
map01100,K00059,bpe:BP1132,Q7VZ11
map01100,K00059,bpe:BP1222,Q7VYT5
map01100,K00059,bpe:BP1668,Q7VXS0
map01100,K00059,bpe:BP1672,Q7VXR6
map01100,K00059,bpe:BP1785,Q7VXH8
map01100,K00059,bpe:BP2441,Q7VW31
map01100,K00059,bpe:BP2554,Q7VVT3
map01100,K00059,bpe:BP2841,Q7VV55
map01100,K00059,bpe:BP3010,Q7VUR6
map01100,K00067,bpe:BP0108,Q7W0K6
map01100,K00074,bpe:BP0217,Q7W0C8
map01100,K00075,bpe:BP2510,Q9X6Y8
map01100,K00077,bpe:BP1360,Q7VYH8
map01100,K00088,bpe:BP2625,Q7VVM3
map01100,K00097,bpe:BP2789,Q7VV96
map01100,K00099,bpe:BP1425,Q7VYC4
map01100,K00101,bpe:BP0484,Q7VSE6
map01100,K00101,bpe:BP1293,Q7VYM5
map01100,K00102,bpe:BP2906,Q7VV07
map01100,K00104,bpe:BP2905,Q7VV08
map01100,K00111,bpe:BP2644,Q7VVL1
map01100,K00121,bpe:BP3751,Q7VT06
map01100,K00122,bpe:BP1513,Q7VY50
map01100,K00123,bpe:BP1472,Q7VY82
map01100,K00127,bpe:BP1475,Q7VY80
map01100,K00128,bpe:BP0465,Q7VSG0
map01100,K00133,bpe:BP1484,P41399
map01100,K00134,bpe:BP1000,Q7VZB9
map01100,K00135,bpe:BP0757,Q7VZW7
map01100,K00135,bpe:BP0919,Q7VZI8
map01100,K00135,bpe:BP1976,Q7VX44
map01100,K00135,bpe:BP3624,Q7VTC2
map01100,K00138,bpe:BP2157,Q7VWP6
map01100,K00140,bpe:BP1615,Q7VXW1
map01100,K00140,bpe:BP2417,Q7VW52
map01100,K00145,bpe:BP2960,Q7VUW0
map01100,K00147,bpe:BP2041,Q7VWZ0
map01100,K00163,bpe:BP0993,Q7VZC5
map01100,K00163,bpe:BP1121,Q7VZ21
map01100,K00164,bpe:BP1124,Q7VZ18
map01100,K00208,bpe:BP1002,Q7VZB7
map01100,K00208,bpe:BP3215,Q7VUA3
map01100,K00215,bpe:BP2509,Q9X6Y9
map01100,K00228,bpe:BP2310,Q7VWE7
map01100,K00239,bpe:BP2361,Q7VWA1
map01100,K00240,bpe:BP2360,Q7VWA2
map01100,K00241,bpe:BP2363,Q7VW99
map01100,K00242,bpe:BP2362,Q7VWA0
map01100,K00249,bpe:BP0310,Q7W055
map01100,K00249,bpe:BP0625,Q7VS28
map01100,K00252,bpe:BP1537,Q7VY26
map01100,K00254,bpe:BP3442,Q7VTR9
map01100,K00261,bpe:BP1857,Q7VXC5
map01100,K00262,bpe:BP0368,Q7VSN6
map01100,K00265,bpe:BP3753,Q7VT04
map01100,K00266,bpe:BP3754,Q7VT03
map01100,K00275,bpe:BP3251,Q7VU72
map01100,K00281,bpe:BP0197,Q7W0E3
map01100,K00285,bpe:BP1818,Q7VXF6
map01100,K00285,bpe:BP2210,Q7VWK3
map01100,K00285,bpe:BP3009,Q7VUR7
map01100,K00286,bpe:BP1280,Q7VYN6
map01100,K00287,bpe:BP3155,Q7VUE2
map01100,K00294,bpe:BP0429,Q7VSI8
map01100,K00297,bpe:BP3066,Q7VUM0
map01100,K00324,bpe:BP2897,Q7VV14
map01100,K00330,bpe:BP0841,Q7VZQ5
map01100,K00331,bpe:BP0842,Q7VZQ4
map01100,K00332,bpe:BP0843,Q7VZQ3
map01100,K00333,bpe:BP0844,Q7VZQ2
map01100,K00334,bpe:BP0845,Q7VZQ1
map01100,K00335,bpe:BP0846,Q7VZQ0
map01100,K00336,bpe:BP0847,Q7VZP9
map01100,K00337,bpe:BP0848,Q7VZP8
map01100,K00338,bpe:BP0849,Q7VZP7
map01100,K00339,bpe:BP0850,Q7VZP6
map01100,K00340,bpe:BP0851,Q7VZP5
map01100,K00341,bpe:BP0852,Q7VZP4
map01100,K00342,bpe:BP0853,Q7VZP3
map01100,K00343,bpe:BP0854,Q7VZP2
map01100,K00380,bpe:BP1209,Q7VYU8
map01100,K00381,bpe:BP3432,Q7VTS8
map01100,K00382,bpe:BP0618,Q7VS34
map01100,K00382,bpe:BP0995,Q7VZC3
map01100,K00382,bpe:BP1126,Q7VZ16
map01100,K00382,bpe:BP1729,Q7VXM2
map01100,K00383,bpe:BP2120,Q7VWS6
map01100,K00405,bpe:BP2170,Q7VWN7
map01100,K00406,bpe:BP2172,Q7VWN5
map01100,K00407,bpe:BP2171,Q7VWN6
map01100,K00411,bpe:BP0277,Q7W080
map01100,K00412,bpe:BP0276,Q7W081
map01100,K00413,bpe:BP0275,Q7W082
map01100,K00424,bpe:BP0261,Q7W092
map01100,K00425,bpe:BP0259,Q7W094
map01100,K00425,bpe:BP3225,Q7VU95
map01100,K00426,bpe:BP0260,Q7W093
map01100,K00426,bpe:BP3224,Q7VU96
map01100,K00432,bpe:BP1301,Q7VYL7
map01100,K00451,bpe:BP3134,Q7VUG2
map01100,K00453,bpe:BP1233,Q7VYS6
map01100,K00457,bpe:BP3040,Q7VUN9
map01100,K00459,bpe:BP3306,Q7VU29
map01100,K00507,bpe:BP1758,Q7VXJ9
map01100,K00523,bpe:BP0362,Q7VSP1
map01100,K00523,bpe:BP1817,Q7VXF7
map01100,K00525,bpe:BP2983,Q7VUU1
map01100,K00526,bpe:BP2984,Q7VUU0
map01100,K00529,bpe:BP0585,Q7VS62
map01100,K00548,bpe:BP3594,Q7VTE8
map01100,K00549,bpe:BP2543,Q7VVU3
map01100,K00560,bpe:BP3154,Q7VUE3
map01100,K00568,bpe:BP0942,Q7VZG7
map01100,K00600,bpe:BP2952,Q7VUW7
map01100,K00602,bpe:BP3416,Q7VTU1
map01100,K00604,bpe:BP0551,Q7VS89
map01100,K00605,bpe:BP0195,Q7W0E5
map01100,K00606,bpe:BP2850,Q7VV53
map01100,K00609,bpe:BP0321,Q7W044
map01100,K00609,bpe:BP2562,Q7VVS5
map01100,K00611,bpe:BP3538,Q7VTJ8
map01100,K00615,bpe:BP0999,Q7VZC0
map01100,K00616,bpe:BP1451,Q7VY99
map01100,K00620,bpe:BP3807,Q7VSW3
map01100,K00625,bpe:BP1004,Q7VZB5
map01100,K00626,bpe:BP0332,Q7W034
map01100,K00626,bpe:BP0422,Q7VSJ3
map01100,K00626,bpe:BP0447,Q7VSH7
map01100,K00626,bpe:BP2059,Q7VWX5
map01100,K00626,bpe:BP2099,Q7VWU2
map01100,K00627,bpe:BP0994,Q7VZC4
map01100,K00632,bpe:BP0668,Q7VRZ1
map01100,K00640,bpe:BP1972,Q7VX48
map01100,K00641,bpe:BP0047,Q7W0P6
map01100,K00645,bpe:BP2442,Q7VW30
map01100,K00648,bpe:BP2443,Q7VW29
map01100,K00652,bpe:BP2164,Q7VWP1
map01100,K00655,bpe:BP0036,Q7W0Q3
map01100,K00655,bpe:BP0323,Q7W042
map01100,K00658,bpe:BP1125,Q7VZ17
map01100,K00674,bpe:BP1764,P0A4U8
map01100,K00677,bpe:BP1431,Q7VYB8
map01100,K00681,bpe:BP0252,Q7W098
map01100,K00681,bpe:BP2693,Q7VVH2
map01100,K00681,bpe:BP3052,Q7VUN0
map01100,K00681,bpe:BP3107,Q7VUI4
map01100,K00700,bpe:BP1328,Q7VYK0
map01100,K00748,bpe:BP1432,Q7VYB7
map01100,K00759,bpe:BP0264,Q7W089
map01100,K00761,bpe:BP1052,Q7VZ79
map01100,K00762,bpe:BP0370,Q7VSN4
map01100,K00763,bpe:BP3583,Q7VTF7
map01100,K00764,bpe:BP1415,Q7VYD4
map01100,K00765,bpe:BP3767,Q7VSZ2
map01100,K00766,bpe:BP3262,Q7VU66
map01100,K00767,bpe:BP3725,Q7VT31
map01100,K00788,bpe:BP0316,Q7W049
map01100,K00789,bpe:BP3071,Q7VUL5
map01100,K00790,bpe:BP3766,Q7VSZ3
map01100,K00791,bpe:BP0243,Q7U366
map01100,K00793,bpe:BP2874,Q7VV32
map01100,K00794,bpe:BP3485,Q7VTN4
map01100,K00795,bpe:BP2799,Q7VV86
map01100,K00796,bpe:BP1076,Q7VZ58
map01100,K00798,bpe:BP3090,Q7VUJ7
map01100,K00799,bpe:BP0075,Q7W0M7
map01100,K00799,bpe:BP0519,Q7VSB6
map01100,K00799,bpe:BP1006,Q7VZB3
map01100,K00799,bpe:BP1664,Q7VXS4
map01100,K00799,bpe:BP3659,Q7VT91
map01100,K00800,bpe:BP0948,P12421
map01100,K00812,bpe:BP1185,Q7VYW8
map01100,K00817,bpe:BP2194,Q7VWL5
map01100,K00817,bpe:BP3769,Q7VSZ0
map01100,K00819,bpe:BP0539,Q7VSA0
map01100,K00820,bpe:BP0666,Q7VRZ3
map01100,K00821,bpe:BP0451,Q7VSH3
map01100,K00821,bpe:BP3539,Q7VTJ7
map01100,K00822,bpe:BP3157,Q7VUE0
map01100,K00823,bpe:BP1977,Q7VX43
map01100,K00824,bpe:BP0103,Q7W0L1
map01100,K00824,bpe:BP0769,Q7VZW2
map01100,K00826,bpe:BP3398,Q7VTV5
map01100,K00826,bpe:BP3571,Q7VTG9
map01100,K00831,bpe:BP0945,Q7VZG4
map01100,K00832,bpe:BP1795,Q7VXH5
map01100,K00832,bpe:BP2858,Q7VV46
map01100,K00833,bpe:BP2165,Q7VWP0
map01100,K00856,bpe:BP2993,Q7VUT1
map01100,K00858,bpe:BP2505,Q7VVX6
map01100,K00859,bpe:BP3817,Q7VSV5
map01100,K00864,bpe:BP3825,Q7VSU7
map01100,K00865,bpe:BP3332,Q7VU10
map01100,K00868,bpe:BP1321,Q7VYK4
map01100,K00873,bpe:BP3333,Q7VU09
map01100,K00891,bpe:BP3656,Q7VT94
map01100,K00901,bpe:BP3492,Q7VTM7
map01100,K00912,bpe:BP2766,Q7VVB2
map01100,K00919,bpe:BP3126,Q7VUH0
map01100,K00925,bpe:BP1003,Q7VZB6
map01100,K00927,bpe:BP1001,Q7VZB8
map01100,K00928,bpe:BP1913,Q7VX91
map01100,K00930,bpe:BP0383,Q7VSM2
map01100,K00931,bpe:BP0746,Q7VZX7
map01100,K00939,bpe:BP2769,P0DKX8
map01100,K00940,bpe:BP2202,Q7VWK7
map01100,K00941,bpe:BP0317,Q7W048
map01100,K00941,bpe:BP3598,Q7VTE4
map01100,K00942,bpe:BP1578,Q7VXZ3
map01100,K00943,bpe:BP1847,Q7VXD2
map01100,K00945,bpe:BP0949,Q7VZG1
map01100,K00946,bpe:BP3487,Q7VTN2
map01100,K00948,bpe:BP3125,Q7VUH1
map01100,K00950,bpe:BP0238,Q7W0B1
map01100,K00951,bpe:BP3587,Q7VTF3
map01100,K00954,bpe:BP3471,Q7VTP4
map01100,K00957,bpe:BP0970A,Q7VZE4
map01100,K00963,bpe:BP3403,Q7VTV0
map01100,K00969,bpe:BP2311,Q7VWE6
map01100,K00979,bpe:BP2768,Q7VVB0
map01100,K00981,bpe:BP1424,Q7VYC5
map01100,K00991,bpe:BP0865,Q7VZN2
map01100,K00992,bpe:BP3327,Q7VU15
map01100,K00995,bpe:BP2082,Q7VWV6
map01100,K00997,bpe:BP2079,Q7VWV9
map01100,K01000,bpe:BP3026,Q7VUQ0
map01100,K01007,bpe:BP1436,Q7VYB3
map01100,K01011,bpe:BP2280,Q7VWH3
map01100,K01012,bpe:BP2718,Q7VVF1
map01100,K01029,bpe:BP2400,Q7VW66
map01100,K01031,bpe:BP0221,Q7W0C4
map01100,K01031,bpe:BP1788,Q7VXH7
map01100,K01032,bpe:BP0222,Q7W0C3
map01100,K01032,bpe:BP1789,Q7VXH6
map01100,K01041,bpe:BP1779,Q7VXI4
map01100,K01055,bpe:BP0225,Q7W0C0
map01100,K01061,bpe:BP1256,Q7VYQ4
map01100,K01061,bpe:BP2713,Q7VVF6
map01100,K01069,bpe:BP3213,Q7VUA5
map01100,K01070,bpe:BP3750,Q7VT07
map01100,K01075,bpe:BP0312,Q7W053
map01100,K01079,bpe:BP0863,Q7VZN4
map01100,K01081,bpe:BP0294,Q7W066
map01100,K01091,bpe:BP0478,Q7VSF0
map01100,K01091,bpe:BP0549,Q7VS91
map01100,K01091,bpe:BP3265,Q7VU63
map01100,K01092,bpe:BP1902,Q7VXA2
map01100,K01092,bpe:BP2813,Q7VV74
map01100,K01095,bpe:BP3488,Q7VTN1
map01100,K01114,bpe:BP2337,Q7VWC3
map01100,K01129,bpe:BP3658,Q7VT92
map01100,K01130,bpe:BP1635,Q7VXU7
map01100,K01139,bpe:BP1576,Q7U362
map01100,K01207,bpe:BP2080,Q7VWV8
map01100,K01214,bpe:BP1327,Q7VYK1
map01100,K01236,bpe:BP1326,Q7VYK2
map01100,K01241,bpe:BP1583,Q7VXY8
map01100,K01251,bpe:BP3068,Q7VUL8
map01100,K01255,bpe:BP2421,Q7VW48
map01100,K01256,bpe:BP0869,Q7VZM8
map01100,K01259,bpe:BP3691,Q7VT62
map01100,K01426,bpe:BP0487,Q7VSE4
map01100,K01426,bpe:BP0722,Q7VZZ4
map01100,K01426,bpe:BP2039,Q7VWZ2
map01100,K01428,bpe:BP3168,Q7VUD3
map01100,K01429,bpe:BP3169,Q7VUD2
map01100,K01430,bpe:BP3171,Q7VUD0
map01100,K01433,bpe:BP2514,Q7VVX1
map01100,K01433,bpe:BP3254,Q7VU69
map01100,K01438,bpe:BP0655,Q7VS04
map01100,K01438,bpe:BP3588,Q7VTF2
map01100,K01439,bpe:BP1763,Q7VXJ5
map01100,K01455,bpe:BP1516,Q7VY47
map01100,K01458,bpe:BP2725,Q7VVE6
map01100,K01465,bpe:BP0322,Q7W043
map01100,K01465,bpe:BP3035,Q7VUP3
map01100,K01469,bpe:BP1895,Q7VXA8
map01100,K01473,bpe:BP0753,Q7VZX0
map01100,K01473,bpe:BP0822,Q7VZR8
map01100,K01474,bpe:BP0754,Q7VZW9
map01100,K01474,bpe:BP0821,Q7VZR9
map01100,K01476,bpe:BP0538,Q7VSA1
map01100,K01480,bpe:BP1531,Q7VY32
map01100,K01491,bpe:BP0990,Q7VZC8
map01100,K01491,bpe:BP2522,Q7VVW3
map01100,K01494,bpe:BP0185,Q7W0F2
map01100,K01496,bpe:BP3774,Q7VSY5
map01100,K01515,bpe:BP1194,Q7VYV9
map01100,K01519,bpe:BP1593,Q7VXX8
map01100,K01520,bpe:BP2578,Q7VVR1
map01100,K01523,bpe:BP3775,Q7VSY4
map01100,K01524,bpe:BP1073,Q7VZ61
map01100,K01525,bpe:BP0324,Q7W041
map01100,K01555,bpe:BP3135,Q7VUG1
map01100,K01556,bpe:BP0553,Q7VS87
map01100,K01560,bpe:BP2017,Q7VX09
map01100,K01571,bpe:BP0884,Q7VZL7
map01100,K01578,bpe:BP2062,Q7VWX2
map01100,K01579,bpe:BP1816,Q7VXF8
map01100,K01584,bpe:BP0190,Q7W0E8
map01100,K01586,bpe:BP3653,Q7VT97
map01100,K01588,bpe:BP1526,Q7VY37
map01100,K01589,bpe:BP1527,Q7VY36
map01100,K01591,bpe:BP3490,Q7VTM9
map01100,K01595,bpe:BP0215,Q7W0D0
map01100,K01599,bpe:BP3291,Q7VU41
map01100,K01607,bpe:BP0231,Q7W0B6
map01100,K01609,bpe:BP3261,Q7VU67
map01100,K01613,bpe:BP1294,Q7VYM4
map01100,K01620,bpe:BP2407,Q7VW60
map01100,K01624,bpe:BP1519,Q7VY44
map01100,K01626,bpe:BP2908,Q7VV05
map01100,K01627,bpe:BP2388,Q7VW77
map01100,K01628,bpe:BP2662,Q7VVJ5
map01100,K01630,bpe:BP2774,Q7VVA5
map01100,K01633,bpe:BP3274,Q7VU55
map01100,K01637,bpe:BP2085,Q7VWV4
map01100,K01638,bpe:BP3680,Q7VT71
map01100,K01640,bpe:BP0556,Q7VS85
map01100,K01640,bpe:BP3695,Q7VT59
map01100,K01647,bpe:BP1352,Q7VYI5
map01100,K01647,bpe:BP2358,Q7VWA4
map01100,K01649,bpe:BP0131,Q7W0I9
map01100,K01649,bpe:BP0287,Q7W071
map01100,K01652,bpe:BP0467,Q7VSF8
map01100,K01652,bpe:BP0773,Q7VZV8
map01100,K01652,bpe:BP0784,Q7VZU8
map01100,K01652,bpe:BP0789,Q7VZU6
map01100,K01652,bpe:BP0860,Q7VZN7
map01100,K01652,bpe:BP1535,Q7VY28
map01100,K01652,bpe:BP1538,Q7VY25
map01100,K01652,bpe:BP1860,Q7VXC3
map01100,K01652,bpe:BP3453,Q7VTR1
map01100,K01653,bpe:BP0790,Q7VZU5
map01100,K01657,bpe:BP3264,Q7VU64
map01100,K01658,bpe:BP3263,Q7VU65
map01100,K01659,bpe:BP2368,Q7VW96
map01100,K01662,bpe:BP2798,Q7VV87
map01100,K01673,bpe:BP3425,Q7VTT5
map01100,K01679,bpe:BP0248,Q7W0A2
map01100,K01682,bpe:BP2021,Q7VX06
map01100,K01687,bpe:BP0289,Q7W069
map01100,K01687,bpe:BP3043,Q7VUN6
map01100,K01689,bpe:BP2386,Q7VW79
map01100,K01692,bpe:BP3277,Q7VU52
map01100,K01693,bpe:BP3770,Q7VSY9
map01100,K01695,bpe:BP3590,Q7VTF0
map01100,K01696,bpe:BP3589,Q7VTF1
map01100,K01698,bpe:BP3648,Q7VTA2
map01100,K01703,bpe:BP1481,Q7VY75
map01100,K01704,bpe:BP1356,Q7VYI1
map01100,K01704,bpe:BP1482,Q7VY74
map01100,K01710,bpe:BP0109,Q7W0K5
map01100,K01714,bpe:BP0644,Q7VS12
map01100,K01714,bpe:BP1570,Q7VXZ8
map01100,K01714,bpe:BP2654,Q7VVK3
map01100,K01714,bpe:BP3687,Q7VT65
map01100,K01715,bpe:BP0627,Q7VS27
map01100,K01715,bpe:BP0662,Q7VRZ7
map01100,K01715,bpe:BP3706,Q7VT50
map01100,K01719,bpe:BP2536,Q7VVV0
map01100,K01720,bpe:BP2371,Q7VW93
map01100,K01724,bpe:BP3325,Q7VU17
map01100,K01733,bpe:BP2783,Q7VVA2
map01100,K01735,bpe:BP3657,Q7VT93
map01100,K01736,bpe:BP1462,Q7VY92
map01100,K01737,bpe:BP2660,Q7VVJ7
map01100,K01740,bpe:BP3528,Q7VTK3
map01100,K01749,bpe:BP2537,Q7VVU9
map01100,K01752,bpe:BP1258,Q7VYQ2
map01100,K01754,bpe:BP0139,Q7W0I4
map01100,K01754,bpe:BP0798,Q7VZT8
map01100,K01755,bpe:BP2702,Q7VVG6
map01100,K01756,bpe:BP2890,Q7VV20
map01100,K01759,bpe:BP0038,Q7W0Q1
map01100,K01760,bpe:BP0112,Q7W0K3
map01100,K01760,bpe:BP0815,Q7VZS5
map01100,K01770,bpe:BP0866,Q7VZN1
map01100,K01772,bpe:BP2503,Q7VVX8
map01100,K01775,bpe:BP1221,Q7VYT6
map01100,K01775,bpe:BP2228,Q7VWJ0
map01100,K01778,bpe:BP3074,Q7VUL2
map01100,K01779,bpe:BP0053,Q7W0P3
map01100,K01783,bpe:BP3266,Q7VU62
map01100,K01790,bpe:BP0107,Q7W0K7
map01100,K01796,bpe:BP2096,Q7VWU5
map01100,K01796,bpe:BP2941,Q7VUX5
map01100,K01799,bpe:BP0579,Q7TTH1
map01100,K01799,bpe:BP1955,Q7TTH1
map01100,K01799,bpe:BP3498,Q7VTM5
map01100,K01800,bpe:BP1238,Q7VYS1
map01100,K01803,bpe:BP0801,Q7VZT5
map01100,K01807,bpe:BP2339,Q7VWC1
map01100,K01810,bpe:BP1971,Q7VX49
map01100,K01810,bpe:BP3142,Q7VUF4
map01100,K01814,bpe:BP3772,Q7VSY7
map01100,K01817,bpe:BP1490,Q7VY68
map01100,K01821,bpe:BP0544,Q7VS96
map01100,K01834,bpe:BP0607,Q7VS43
map01100,K01845,bpe:BP0315,Q7W050
map01100,K01874,bpe:BP0180,Q7W0F7
map01100,K01885,bpe:BP2978,Q7VUU5
map01100,K01886,bpe:BP3226,Q7VU94
map01100,K01895,bpe:BP2377,Q7VW88
map01100,K01895,bpe:BP2409,Q7VW58
map01100,K01897,bpe:BP1099,Q7VZ40
map01100,K01897,bpe:BP2811,Q7VV75
map01100,K01902,bpe:BP2540,Q7VVU6
map01100,K01903,bpe:BP2541,Q7VVU5
map01100,K01912,bpe:BP2675,Q7VVI7
map01100,K01912,bpe:BP3189,Q7VUB9
map01100,K01915,bpe:BP1596,Q7VXX6
map01100,K01918,bpe:BP3821,Q7VSV1
map01100,K01920,bpe:BP1499,Q7VY62
map01100,K01921,bpe:BP3021,Q7VUQ5
map01100,K01923,bpe:BP1521,Q7VY42
map01100,K01924,bpe:BP3022,Q7VUQ4
map01100,K01925,bpe:BP3025,Q7VUQ1
map01100,K01933,bpe:BP0242,Q7W0A7
map01100,K01934,bpe:BP3061,Q7VUM4
map01100,K01935,bpe:BP2162,Q7VWP3
map01100,K01937,bpe:BP2389,Q7VW76
map01100,K01939,bpe:BP2188,Q7VWM1
map01100,K01940,bpe:BP3537,Q7VTJ9
map01100,K01945,bpe:BP2309,Q7VWE8
map01100,K01950,bpe:BP2700,Q7VVG8
map01100,K01951,bpe:BP1437,Q7VYB2
map01100,K01951,bpe:BP2624,Q7VVM4
map01100,K01952,bpe:BP2668,Q7VVJ1
map01100,K01953,bpe:BP3146,Q7VUF0
map01100,K01955,bpe:BP1453,Q7VY97
map01100,K01956,bpe:BP1452,Q7VY98
map01100,K01961,bpe:BP0889,Q7VZL2
map01100,K01961,bpe:BP2996,Q7VUS9
map01100,K01962,bpe:BP1910,Q7VX94
map01100,K01963,bpe:BP3591,Q7VTE9
map01100,K01968,bpe:BP0449,Q7VSH5
map01100,K01969,bpe:BP0448,Q7VSH6
map01100,K02078,bpe:BP2440,Q7VW32
map01100,K02108,bpe:BP3282,Q7VU50
map01100,K02109,bpe:BP3284,Q7VU48
map01100,K02110,bpe:BP3283,Q7VU49
map01100,K02111,bpe:BP3286,Q7VU46
map01100,K02112,bpe:BP3288,Q7VU44
map01100,K02113,bpe:BP3285,Q7VU47
map01100,K02114,bpe:BP3289,Q7VU43
map01100,K02115,bpe:BP3287,Q7VU45
map01100,K02160,bpe:BP0883,Q7VZL8
map01100,K02160,bpe:BP2997,Q7VUS8
map01100,K02169,bpe:BP0599,Q7VS50
map01100,K02169,bpe:BP2162,Q7VWP3
map01100,K02170,bpe:BP2163,Q7VWP2
map01100,K02204,bpe:BP1084,Q7VZ53
map01100,K02257,bpe:BP3735,Q7VT22
map01100,K02259,bpe:BP3736,Q7VT21
map01100,K02274,bpe:BP3743,Q7VT14
map01100,K02275,bpe:BP3744,Q7VT13
map01100,K02276,bpe:BP3740,Q7VT17
map01100,K02291,bpe:BP1219,Q7VYT8
map01100,K02297,bpe:BP2933,Q7VUY2
map01100,K02298,bpe:BP2730,Q7VVE1
map01100,K02298,bpe:BP2932,Q7VUY3
map01100,K02299,bpe:BP2729,Q7VVE2
map01100,K02299,bpe:BP2931,Q7VUY4
map01100,K02300,bpe:BP2728,Q7VVE3
map01100,K02300,bpe:BP2930,Q7VUY5
map01100,K02302,bpe:BP1055,Q7VZ77
map01100,K02372,bpe:BP1430,Q7VYB9
map01100,K02433,bpe:BP0372,Q7VSN2
map01100,K02433,bpe:BP1874,Q7VXB6
map01100,K02433,bpe:BP3426,Q7VTT4
map01100,K02434,bpe:BP0371,Q7VSN3
map01100,K02435,bpe:BP0373,Q7VSN1
map01100,K02437,bpe:BP0196,Q7W0E4
map01100,K02473,bpe:BP1630,Q7TTK0
map01100,K02473,bpe:BP3149,Q7TTK0
map01100,K02474,bpe:BP1629,Q7VXU9
map01100,K02474,bpe:BP3150,Q7VUE7
map01100,K02492,bpe:BP0677,Q7VRY3
map01100,K02496,bpe:BP2535,Q7VVV1
map01100,K02500,bpe:BP3773,Q7VSY6
map01100,K02501,bpe:BP3771,Q7VSY8
map01100,K02502,bpe:BP2189,Q7VWM0
map01100,K02517,bpe:BP3072,Q7VUL4
map01100,K02517,bpe:BP3073,Q7VUL3
map01100,K02527,bpe:BP0095,Q79H43
map01100,K02535,bpe:BP3017,Q7VUQ9
map01100,K02536,bpe:BP1429,Q7VYC0
map01100,K02563,bpe:BP3023,Q7VUQ3
map01100,K02609,bpe:BP2684,Q7VVI0
map01100,K02610,bpe:BP2683,Q7VVI1
map01100,K02611,bpe:BP2682,Q7VVI2
map01100,K02612,bpe:BP2681,Q7VVI3
map01100,K02614,bpe:BP2676,Q7VVI6
map01100,K02793,bpe:BP1500,Q7VY61
map01100,K02841,bpe:BP0094,Q79H44
map01100,K02843,bpe:BP2322,Q79GN5
map01100,K02847,bpe:BP2486,Q7VVZ4
map01100,K02858,bpe:BP0471,Q7VSF4
map01100,K03147,bpe:BP0206,Q7W0D7
map01100,K03149,bpe:BP3597,Q7VTE5
map01100,K03179,bpe:BP3684,Q7VT68
map01100,K03181,bpe:BP0981,Q7VZD6
map01100,K03182,bpe:BP1060,Q7VZ72
map01100,K03183,bpe:BP0161,Q7W0H1
map01100,K03185,bpe:BP3413,Q7VTU4
map01100,K03186,bpe:BP0681,Q7W020
map01100,K03269,bpe:BP1905,Q7VX99
map01100,K03270,bpe:BP0700,Q7W008
map01100,K03271,bpe:BP0388,Q7VSL8
map01100,K03273,bpe:BP0035,Q7W0Q4
map01100,K03274,bpe:BP0955,Q7VZF5
map01100,K03367,bpe:BP2987,Q7VUT7
map01100,K03426,bpe:BP3711,Q7VT45
map01100,K03431,bpe:BP1075,Q7VZ59
map01100,K03464,bpe:BP0223,Q7W0C2
map01100,K03474,bpe:BP2078,Q7VWW0
map01100,K03524,bpe:BP0098,Q79H42
map01100,K03525,bpe:BP0097,Q45338
map01100,K03526,bpe:BP2199,Q7VWL0
map01100,K03527,bpe:BP1237,Q7VYS2
map01100,K03587,bpe:BP3028,Q7VUP8
map01100,K03621,bpe:BP2444,Q7VW28
map01100,K03635,bpe:BP2709,Q7VVG0
map01100,K03637,bpe:BP2711,Q7VVF8
map01100,K03638,bpe:BP2708,Q7VVG1
map01100,K03639,bpe:BP2706,Q7VVG3
map01100,K03644,bpe:BP0106,Q7W0K8
map01100,K03651,bpe:BP0123,Q7W0J3
map01100,K03651,bpe:BP3747,Q7VT10
map01100,K03743,bpe:BP3489,Q7VTN0
map01100,K03750,bpe:BP1465,Q7VY89
map01100,K03750,bpe:BP2707,Q7VVG2
map01100,K03752,bpe:BP1466,Q7VY88
map01100,K03777,bpe:BP0651,Q7VS08
map01100,K03781,bpe:BP3852,P0A323
map01100,K03786,bpe:BP2998,Q7VUS7
map01100,K03787,bpe:BP1719,Q7VXN2
map01100,K03800,bpe:BP1297,Q7VYM1
map01100,K03801,bpe:BP0105,Q7W0K9
map01100,K03814,bpe:BP0326,Q7W039
map01100,K03821,bpe:BP1149,Q7VZ00
map01100,K03831,bpe:BP1015,Q7VZA7
map01100,K03841,bpe:BP0868,Q7VZM9
map01100,K03851,bpe:BP0721,Q7VZZ5
map01100,K03885,bpe:BP3491,Q7VTM8
map01100,K04042,bpe:BP3730,Q7VT27
map01100,K04102,bpe:BP0683,Q7W018
map01100,K04118,bpe:BP0653,Q7VS06
map01100,K04487,bpe:BP1799,Q7VXH1
map01100,K04517,bpe:BP0947,Q7VZG2
map01100,K04835,bpe:BP0806,Q7VZT1
map01100,K04835,bpe:BP3177,Q7VUC6
map01100,K05306,bpe:BP2275,Q7VWH8
map01100,K05343,bpe:BP1329,Q7VYJ9
map01100,K05366,bpe:BP0905,Q7VZJ7
map01100,K05366,bpe:BP3655,Q7VT95
map01100,K05367,bpe:BP2754,Q7VVC3
map01100,K05515,bpe:BP0377,Q7VSM7
map01100,K05710,bpe:BP0586,Q7VS61
map01100,K05712,bpe:BP3131,Q7VUG5
map01100,K05810,bpe:BP1148,Q7VZ01
map01100,K05825,bpe:BP0559,Q7VS82
map01100,K05825,bpe:BP3685,Q7VT67
map01100,K05898,bpe:BP3500,Q7VTM3
map01100,K05973,bpe:BP3580,Q7VTG0
map01100,K06016,bpe:BP1859,Q7VXC4
map01100,K06016,bpe:BP2301,Q7VWF6
map01100,K06041,bpe:BP0701,Q7W007
map01100,K06044,bpe:BP1323,Q7VYK3
map01100,K06048,bpe:BP0598,Q7VS51
map01100,K06131,bpe:BP0711,Q7VZZ9
map01100,K06131,bpe:BP1339,Q7VYJ5
map01100,K06131,bpe:BP2225,Q7VWJ3
map01100,K06131,bpe:BP3518,Q7VTL1
map01100,K06132,bpe:BP3092,Q7VUJ6
map01100,K06134,bpe:BP3152,Q7VUE5
map01100,K06287,bpe:BP2314,Q7VWE3
map01100,K06446,bpe:BP3308,Q7VU27
map01100,K06718,bpe:BP2215,Q7VWK0
map01100,K06879,bpe:BP2084,Q7VWV5
map01100,K06920,bpe:BP0214,Q7W0D1
map01100,K06949,bpe:BP2689,P67678
map01100,K06989,bpe:BP0567,Q7VS76
map01100,K06989,bpe:BP1922,Q7VX83
map01100,K07102,bpe:BP3328,Q7VU14
map01100,K07130,bpe:BP1234,Q7VYS5
map01100,K07141,bpe:BP0577,Q7VS66
map01100,K07232,bpe:BP3007,Q7VUR9
map01100,K07232,bpe:BP3250,Q7VU73
map01100,K07246,bpe:BP2291,Q7VWG5
map01100,K07250,bpe:BP2298,Q7VWF9
map01100,K07258,bpe:BP0102,Q7W0L2
map01100,K07259,bpe:BP1051,Q7VZ80
map01100,K07516,bpe:BP0669,Q7VRZ0
map01100,K07535,bpe:BP2094,Q7VWU7
map01100,K08281,bpe:BP3506,Q7VTL9
map01100,K08289,bpe:BP0702,Q7W006
map01100,K08351,bpe:BP0675,Q7VRY4
map01100,K08591,bpe:BP1718,Q7VXN3
map01100,K08738,bpe:BP2009,Q7VX17
map01100,K08738,bpe:BP3042,Q7VUN7
map01100,K08968,bpe:BP3686,Q7VT66
map01100,K08973,bpe:BP2372,Q7VW92
map01100,K08973,bpe:BP3826,Q7VSU6
map01100,K09001,bpe:BP2957,Q7VUW3
map01100,K09007,bpe:BP2797,Q7VV88
map01100,K09019,bpe:BP1241,Q7VYR8
map01100,K09020,bpe:BP2971,Q7VUV1
map01100,K09021,bpe:BP1935,Q7VX72
map01100,K09023,bpe:BP1921,Q7VX84
map01100,K09458,bpe:BP2439,Q7VW33
map01100,K09472,bpe:BP2303,Q7VWF4
map01100,K09788,bpe:BP2370,Q7VW94
map01100,K09903,bpe:BP1421,Q7VYC8
map01100,K10026,bpe:BP2659,Q7VVJ8
map01100,K11472,bpe:BP2904,Q7VV09
map01100,K11473,bpe:BP2903,Q7VV10
map01100,K11752,bpe:BP2948,Q7VUX0
map01100,K11753,bpe:BP1754,Q7VXK2
map01100,K11754,bpe:BP1412,Q7VYD7
map01100,K12339,bpe:BP0958,Q7VZF3
map01100,K12972,bpe:BP0283,Q7W075
map01100,K12972,bpe:BP2304,Q7VWF3
map01100,K13017,bpe:BP0091,Q79H47
map01100,K13018,bpe:BP0092,Q79H46
map01100,K13019,bpe:BP0090,Q79H48
map01100,K13020,bpe:BP0093,Q79H45
map01100,K13038,bpe:BP1751,Q7VXK5
map01100,K13051,bpe:BP2398,Q7VW68
map01100,K13609,bpe:BP2521,Q7VVW4
map01100,K13747,bpe:BP0731,Q7VZY7
map01100,K13766,bpe:BP1702,Q7VXP5
map01100,K13821,bpe:BP2749,Q7VVC8
map01100,K13995,bpe:BP0582,Q7TTD2
map01100,K13995,bpe:BP1958,Q7TTD2
map01100,K14170,bpe:BP0946,Q7VZG3
map01100,K14188,bpe:BP2991,Q7VUT3
map01100,K14470,bpe:BP0435,Q7VSI3
map01100,K14652,bpe:BP3484,Q7VTN5
map01100,K14682,bpe:BP2335,Q7VWC5
map01100,K14974,bpe:BP1954,Q7VX55
map01100,K15634,bpe:BP1455,Q7VY96
map01100,K15765,bpe:BP0066,Q7W0N2
map01100,K15777,bpe:BP2013,Q7VX13
map01100,K15778,bpe:BP1970,Q7VX50
map01100,K15778,bpe:BP3141,Q7VUF5
map01100,K15792,bpe:BP3027,Q7VUP9
map01100,K15866,bpe:BP0635,Q7VS21
map01100,K15866,bpe:BP2677,Q7VVI5
map01100,K16165,bpe:BP2532,Q7VVV4
map01100,K16319,bpe:BP0584,Q7VS63
map01100,K16320,bpe:BP0583,Q7VS64
map01100,K16871,bpe:BP2305,Q7VWF2
map01100,K16879,bpe:BP0684A,Q7W017
map01100,K17103,bpe:BP0792,Q7VZU3
map01100,K18028,bpe:BP0581,Q7TTJ1
map01100,K18028,bpe:BP1957,Q7TTJ1
map01100,K18029,bpe:BP1953,Q7VX56
map01100,K18118,bpe:BP2031,Q7VWZ7
map01100,K18290,bpe:BP0436,Q7VSI2
map01100,K18800,bpe:BP3269,Q7VU59
map01100,K18911,bpe:BP3515,Q7VTL3
map01100,K19713,bpe:BP1579,Q7VXZ2
map01100,K19745,bpe:BP0659,Q7VS00
map01100,K19967,bpe:BP0453,Q7VSH1
map01100,K20035,bpe:BP0964,Q7VZE8
map01100,K20455,bpe:BP2369,Q7VW95
map01100,K21344,bpe:BP0954,Q7VZF6
map01100,K21345,bpe:BP3602,Q7VTE2
map01100,K22084,bpe:BP2518,Q7VVW7
map01100,K22085,bpe:BP2517,Q7VVW8
map01100,K22086,bpe:BP2516,Q7VVW9
map01100,K22087,bpe:BP2515,Q7VVX0
map01100,K22187,bpe:BP0207,Q7W0D6
map01100,K22187,bpe:BP0360,Q7VSP3
map01100,K22292,bpe:BP0941,Q7VZG8
map01100,K24012,bpe:BP0672,Q7VRY7
map01100,K24136,bpe:BP1728,Q7VXM3
map01100,K24138,bpe:BP2715,Q7VVF4
map01100,K24300,bpe:BP0082,Q79H51
map01100,K27501,bpe:BP2456,P65199
map01100,K27802,bpe:BP2014,Q7VX12
map01100,K28556,bpe:BP0652,Q7VS07
map01100,K28699,bpe:BP2460,Q7VW15
map01100,K28700,bpe:BP2458,Q7VW17
map01100,K28708,bpe:BP2457,Q7VW18
map01110,K00001,bpe:BP2601,Q7VVP4
map01110,K00003,bpe:BP2784,Q7VVA1
map01110,K00013,bpe:BP3768,Q7VSZ1
map01110,K00014,bpe:BP3004,Q7VUS1
map01110,K00016,bpe:BP0379,Q7VSM5
map01110,K00024,bpe:BP2365,Q7VW97
map01110,K00031,bpe:BP2488,Q7VVZ2
map01110,K00052,bpe:BP1483,Q7VY73
map01110,K00053,bpe:BP0791,Q7VZU4
map01110,K00057,bpe:BP0603,Q7VS47
map01110,K00058,bpe:BP0155,Q7W0H7
map01110,K00059,bpe:BP0219,Q7W0C6
map01110,K00059,bpe:BP0466,Q7VSF9
map01110,K00059,bpe:BP0772,Q7VZV9
map01110,K00059,bpe:BP0813,Q7VZS7
map01110,K00059,bpe:BP0859,Q7VZN8
map01110,K00059,bpe:BP1128,Q7VZ14
map01110,K00059,bpe:BP1132,Q7VZ11
map01110,K00059,bpe:BP1222,Q7VYT5
map01110,K00059,bpe:BP1668,Q7VXS0
map01110,K00059,bpe:BP1672,Q7VXR6
map01110,K00059,bpe:BP1785,Q7VXH8
map01110,K00059,bpe:BP2441,Q7VW31
map01110,K00059,bpe:BP2554,Q7VVT3
map01110,K00059,bpe:BP2841,Q7VV55
map01110,K00059,bpe:BP3010,Q7VUR6
map01110,K00067,bpe:BP0108,Q7W0K6
map01110,K00077,bpe:BP1360,Q7VYH8
map01110,K00088,bpe:BP2625,Q7VVM3
map01110,K00099,bpe:BP1425,Q7VYC4
map01110,K00104,bpe:BP2905,Q7VV08
map01110,K00111,bpe:BP2644,Q7VVL1
map01110,K00121,bpe:BP3751,Q7VT06
map01110,K00128,bpe:BP0465,Q7VSG0
map01110,K00133,bpe:BP1484,P41399
map01110,K00134,bpe:BP1000,Q7VZB9
map01110,K00138,bpe:BP2157,Q7VWP6
map01110,K00145,bpe:BP2960,Q7VUW0
map01110,K00147,bpe:BP2041,Q7VWZ0
map01110,K00163,bpe:BP0993,Q7VZC5
map01110,K00163,bpe:BP1121,Q7VZ21
map01110,K00164,bpe:BP1124,Q7VZ18
map01110,K00208,bpe:BP1002,Q7VZB7
map01110,K00208,bpe:BP3215,Q7VUA3
map01110,K00215,bpe:BP2509,Q9X6Y9
map01110,K00228,bpe:BP2310,Q7VWE7
map01110,K00239,bpe:BP2361,Q7VWA1
map01110,K00240,bpe:BP2360,Q7VWA2
map01110,K00241,bpe:BP2363,Q7VW99
map01110,K00242,bpe:BP2362,Q7VWA0
map01110,K00249,bpe:BP0310,Q7W055
map01110,K00249,bpe:BP0625,Q7VS28
map01110,K00252,bpe:BP1537,Q7VY26
map01110,K00265,bpe:BP3753,Q7VT04
map01110,K00266,bpe:BP3754,Q7VT03
map01110,K00281,bpe:BP0197,Q7W0E3
map01110,K00286,bpe:BP1280,Q7VYN6
map01110,K00382,bpe:BP0618,Q7VS34
map01110,K00382,bpe:BP0995,Q7VZC3
map01110,K00382,bpe:BP1126,Q7VZ16
map01110,K00382,bpe:BP1729,Q7VXM2
map01110,K00548,bpe:BP3594,Q7VTE8
map01110,K00549,bpe:BP2543,Q7VVU3
map01110,K00568,bpe:BP0942,Q7VZG7
map01110,K00600,bpe:BP2952,Q7VUW7
map01110,K00602,bpe:BP3416,Q7VTU1
map01110,K00605,bpe:BP0195,Q7W0E5
map01110,K00606,bpe:BP2850,Q7VV53
map01110,K00611,bpe:BP3538,Q7VTJ8
map01110,K00615,bpe:BP0999,Q7VZC0
map01110,K00616,bpe:BP1451,Q7VY99
map01110,K00620,bpe:BP3807,Q7VSW3
map01110,K00626,bpe:BP0332,Q7W034
map01110,K00626,bpe:BP0422,Q7VSJ3
map01110,K00626,bpe:BP0447,Q7VSH7
map01110,K00626,bpe:BP2059,Q7VWX5
map01110,K00626,bpe:BP2099,Q7VWU2
map01110,K00627,bpe:BP0994,Q7VZC4
map01110,K00632,bpe:BP0668,Q7VRZ1
map01110,K00640,bpe:BP1972,Q7VX48
map01110,K00641,bpe:BP0047,Q7W0P6
map01110,K00645,bpe:BP2442,Q7VW30
map01110,K00655,bpe:BP0036,Q7W0Q3
map01110,K00655,bpe:BP0323,Q7W042
map01110,K00658,bpe:BP1125,Q7VZ17
map01110,K00700,bpe:BP1328,Q7VYK0
map01110,K00764,bpe:BP1415,Q7VYD4
map01110,K00765,bpe:BP3767,Q7VSZ2
map01110,K00766,bpe:BP3262,Q7VU66
map01110,K00789,bpe:BP3071,Q7VUL5
map01110,K00791,bpe:BP0243,Q7U366
map01110,K00793,bpe:BP2874,Q7VV32
map01110,K00794,bpe:BP3485,Q7VTN4
map01110,K00795,bpe:BP2799,Q7VV86
map01110,K00800,bpe:BP0948,P12421
map01110,K00806,bpe:BP1423,Q7VYC6
map01110,K00812,bpe:BP1185,Q7VYW8
map01110,K00817,bpe:BP2194,Q7VWL5
map01110,K00817,bpe:BP3769,Q7VSZ0
map01110,K00819,bpe:BP0539,Q7VSA0
map01110,K00821,bpe:BP0451,Q7VSH3
map01110,K00821,bpe:BP3539,Q7VTJ7
map01110,K00826,bpe:BP3398,Q7VTV5
map01110,K00826,bpe:BP3571,Q7VTG9
map01110,K00831,bpe:BP0945,Q7VZG4
map01110,K00832,bpe:BP1795,Q7VXH5
map01110,K00832,bpe:BP2858,Q7VV46
map01110,K00864,bpe:BP3825,Q7VSU7
map01110,K00865,bpe:BP3332,Q7VU10
map01110,K00873,bpe:BP3333,Q7VU09
map01110,K00891,bpe:BP3656,Q7VT94
map01110,K00901,bpe:BP3492,Q7VTM7
map01110,K00919,bpe:BP3126,Q7VUH0
map01110,K00927,bpe:BP1001,Q7VZB8
map01110,K00928,bpe:BP1913,Q7VX91
map01110,K00930,bpe:BP0383,Q7VSM2
map01110,K00931,bpe:BP0746,Q7VZX7
map01110,K00939,bpe:BP2769,P0DKX8
map01110,K00940,bpe:BP2202,Q7VWK7
map01110,K00948,bpe:BP3125,Q7VUH1
map01110,K00957,bpe:BP0970A,Q7VZE4
map01110,K00963,bpe:BP3403,Q7VTV0
map01110,K00981,bpe:BP1424,Q7VYC5
map01110,K00991,bpe:BP0865,Q7VZN2
map01110,K00997,bpe:BP2079,Q7VWV9
map01110,K01007,bpe:BP1436,Q7VYB3
map01110,K01075,bpe:BP0312,Q7W053
map01110,K01079,bpe:BP0863,Q7VZN4
map01110,K01081,bpe:BP0294,Q7W066
map01110,K01091,bpe:BP0478,Q7VSF0
map01110,K01091,bpe:BP0549,Q7VS91
map01110,K01091,bpe:BP3265,Q7VU63
map01110,K01092,bpe:BP1902,Q7VXA2
map01110,K01092,bpe:BP2813,Q7VV74
map01110,K01114,bpe:BP2337,Q7VWC3
map01110,K01214,bpe:BP1327,Q7VYK1
map01110,K01236,bpe:BP1326,Q7VYK2
map01110,K01438,bpe:BP0655,Q7VS04
map01110,K01438,bpe:BP3588,Q7VTF2
map01110,K01476,bpe:BP0538,Q7VSA1
map01110,K01480,bpe:BP1531,Q7VY32
map01110,K01496,bpe:BP3774,Q7VSY5
map01110,K01523,bpe:BP3775,Q7VSY4
map01110,K01579,bpe:BP1816,Q7VXF8
map01110,K01584,bpe:BP0190,Q7W0E8
map01110,K01586,bpe:BP3653,Q7VT97
map01110,K01588,bpe:BP1526,Q7VY37
map01110,K01589,bpe:BP1527,Q7VY36
map01110,K01599,bpe:BP3291,Q7VU41
map01110,K01609,bpe:BP3261,Q7VU67
map01110,K01613,bpe:BP1294,Q7VYM4
map01110,K01620,bpe:BP2407,Q7VW60
map01110,K01624,bpe:BP1519,Q7VY44
map01110,K01626,bpe:BP2908,Q7VV05
map01110,K01637,bpe:BP2085,Q7VWV4
map01110,K01638,bpe:BP3680,Q7VT71
map01110,K01647,bpe:BP1352,Q7VYI5
map01110,K01647,bpe:BP2358,Q7VWA4
map01110,K01649,bpe:BP0131,Q7W0I9
map01110,K01649,bpe:BP0287,Q7W071
map01110,K01652,bpe:BP0467,Q7VSF8
map01110,K01652,bpe:BP0773,Q7VZV8
map01110,K01652,bpe:BP0784,Q7VZU8
map01110,K01652,bpe:BP0789,Q7VZU6
map01110,K01652,bpe:BP0860,Q7VZN7
map01110,K01652,bpe:BP1535,Q7VY28
map01110,K01652,bpe:BP1538,Q7VY25
map01110,K01652,bpe:BP1860,Q7VXC3
map01110,K01652,bpe:BP3453,Q7VTR1
map01110,K01653,bpe:BP0790,Q7VZU5
map01110,K01657,bpe:BP3264,Q7VU64
map01110,K01658,bpe:BP3263,Q7VU65
map01110,K01659,bpe:BP2368,Q7VW96
map01110,K01662,bpe:BP2798,Q7VV87
map01110,K01679,bpe:BP0248,Q7W0A2
map01110,K01682,bpe:BP2021,Q7VX06
map01110,K01687,bpe:BP0289,Q7W069
map01110,K01687,bpe:BP3043,Q7VUN6
map01110,K01689,bpe:BP2386,Q7VW79
map01110,K01692,bpe:BP3277,Q7VU52
map01110,K01693,bpe:BP3770,Q7VSY9
map01110,K01695,bpe:BP3590,Q7VTF0
map01110,K01696,bpe:BP3589,Q7VTF1
map01110,K01698,bpe:BP3648,Q7VTA2
map01110,K01703,bpe:BP1481,Q7VY75
map01110,K01704,bpe:BP1356,Q7VYI1
map01110,K01704,bpe:BP1482,Q7VY74
map01110,K01710,bpe:BP0109,Q7W0K5
map01110,K01714,bpe:BP0644,Q7VS12
map01110,K01714,bpe:BP1570,Q7VXZ8
map01110,K01714,bpe:BP2654,Q7VVK3
map01110,K01714,bpe:BP3687,Q7VT65
map01110,K01715,bpe:BP0627,Q7VS27
map01110,K01715,bpe:BP0662,Q7VRZ7
map01110,K01715,bpe:BP3706,Q7VT50
map01110,K01719,bpe:BP2536,Q7VVV0
map01110,K01733,bpe:BP2783,Q7VVA2
map01110,K01735,bpe:BP3657,Q7VT93
map01110,K01736,bpe:BP1462,Q7VY92
map01110,K01749,bpe:BP2537,Q7VVU9
map01110,K01752,bpe:BP1258,Q7VYQ2
map01110,K01754,bpe:BP0139,Q7W0I4
map01110,K01754,bpe:BP0798,Q7VZT8
map01110,K01755,bpe:BP2702,Q7VVG6
map01110,K01756,bpe:BP2890,Q7VV20
map01110,K01760,bpe:BP0112,Q7W0K3
map01110,K01760,bpe:BP0815,Q7VZS5
map01110,K01770,bpe:BP0866,Q7VZN1
map01110,K01772,bpe:BP2503,Q7VVX8
map01110,K01778,bpe:BP3074,Q7VUL2
map01110,K01783,bpe:BP3266,Q7VU62
map01110,K01790,bpe:BP0107,Q7W0K7
map01110,K01803,bpe:BP0801,Q7VZT5
map01110,K01807,bpe:BP2339,Q7VWC1
map01110,K01810,bpe:BP1971,Q7VX49
map01110,K01810,bpe:BP3142,Q7VUF4
map01110,K01814,bpe:BP3772,Q7VSY7
map01110,K01817,bpe:BP1490,Q7VY68
map01110,K01834,bpe:BP0607,Q7VS43
map01110,K01845,bpe:BP0315,Q7W050
map01110,K01885,bpe:BP2978,Q7VUU5
map01110,K01895,bpe:BP2377,Q7VW88
map01110,K01895,bpe:BP2409,Q7VW58
map01110,K01902,bpe:BP2540,Q7VVU6
map01110,K01903,bpe:BP2541,Q7VVU5
map01110,K01915,bpe:BP1596,Q7VXX6
map01110,K01918,bpe:BP3821,Q7VSV1
map01110,K01923,bpe:BP1521,Q7VY42
map01110,K01933,bpe:BP0242,Q7W0A7
map01110,K01940,bpe:BP3537,Q7VTJ9
map01110,K01945,bpe:BP2309,Q7VWE8
map01110,K01952,bpe:BP2668,Q7VVJ1
map01110,K01953,bpe:BP3146,Q7VUF0
map01110,K01955,bpe:BP1453,Q7VY97
map01110,K01956,bpe:BP1452,Q7VY98
map01110,K01961,bpe:BP0889,Q7VZL2
map01110,K01961,bpe:BP2996,Q7VUS9
map01110,K01962,bpe:BP1910,Q7VX94
map01110,K01963,bpe:BP3591,Q7VTE9
map01110,K02078,bpe:BP2440,Q7VW32
map01110,K02160,bpe:BP0883,Q7VZL8
map01110,K02160,bpe:BP2997,Q7VUS8
map01110,K02204,bpe:BP1084,Q7VZ53
map01110,K02257,bpe:BP3735,Q7VT22
map01110,K02259,bpe:BP3736,Q7VT21
map01110,K02291,bpe:BP1219,Q7VYT8
map01110,K02302,bpe:BP1055,Q7VZ77
map01110,K02437,bpe:BP0196,Q7W0E4
map01110,K02492,bpe:BP0677,Q7VRY3
map01110,K02496,bpe:BP2535,Q7VVV1
map01110,K02500,bpe:BP3773,Q7VSY6
map01110,K02501,bpe:BP3771,Q7VSY8
map01110,K02502,bpe:BP2189,Q7VWM0
map01110,K02523,bpe:BP0751,Q7VZX2
map01110,K02858,bpe:BP0471,Q7VSF4
map01110,K03179,bpe:BP3684,Q7VT68
map01110,K03181,bpe:BP0981,Q7VZD6
map01110,K03182,bpe:BP1060,Q7VZ72
map01110,K03183,bpe:BP0161,Q7W0H1
map01110,K03185,bpe:BP3413,Q7VTU4
map01110,K03186,bpe:BP0681,Q7W020
map01110,K03526,bpe:BP2199,Q7VWL0
map01110,K03527,bpe:BP1237,Q7VYS2
map01110,K03621,bpe:BP2444,Q7VW28
map01110,K03781,bpe:BP3852,P0A323
map01110,K03786,bpe:BP2998,Q7VUS7
map01110,K03787,bpe:BP1719,Q7VXN2
map01110,K03841,bpe:BP0868,Q7VZM9
map01110,K04517,bpe:BP0947,Q7VZG2
map01110,K05343,bpe:BP1329,Q7VYJ9
map01110,K05825,bpe:BP0559,Q7VS82
map01110,K05825,bpe:BP3685,Q7VT67
map01110,K06013,bpe:BP2688,Q7VVH6
map01110,K06044,bpe:BP1323,Q7VYK3
map01110,K06134,bpe:BP3152,Q7VUE5
map01110,K08289,bpe:BP0702,Q7W006
map01110,K08295,bpe:BP0311,Q7W054
map01110,K08591,bpe:BP1718,Q7VXN3
map01110,K08973,bpe:BP2372,Q7VW92
map01110,K08973,bpe:BP3826,Q7VSU6
map01110,K11472,bpe:BP2904,Q7VV09
map01110,K11473,bpe:BP2903,Q7VV10
map01110,K11752,bpe:BP2948,Q7VUX0
map01110,K11753,bpe:BP1754,Q7VXK2
map01110,K12972,bpe:BP0283,Q7W075
map01110,K12972,bpe:BP2304,Q7VWF3
map01110,K13051,bpe:BP2398,Q7VW68
map01110,K13821,bpe:BP2749,Q7VVC8
map01110,K14170,bpe:BP0946,Q7VZG3
map01110,K14652,bpe:BP3484,Q7VTN5
map01110,K14682,bpe:BP2335,Q7VWC5
map01110,K15634,bpe:BP1455,Q7VY96
map01110,K15777,bpe:BP2013,Q7VX13
map01110,K15778,bpe:BP1970,Q7VX50
map01110,K15778,bpe:BP3141,Q7VUF5
map01110,K17103,bpe:BP0792,Q7VZU3
map01110,K18118,bpe:BP2031,Q7VWZ7
map01110,K18800,bpe:BP3269,Q7VU59
map01110,K27501,bpe:BP2456,P65199
map01110,K27802,bpe:BP2014,Q7VX12
map01110,K28699,bpe:BP2460,Q7VW15
map01110,K28700,bpe:BP2458,Q7VW17
map01110,K28708,bpe:BP2457,Q7VW18
map01120,K00001,bpe:BP2601,Q7VVP4
map01120,K00003,bpe:BP2784,Q7VVA1
map01120,K00012,bpe:BP3728,Q7VT29
map01120,K00016,bpe:BP0379,Q7VSM5
map01120,K00023,bpe:BP1150,Q7VYZ9
map01120,K00024,bpe:BP2365,Q7VW97
map01120,K00029,bpe:BP1064,Q7VZ68
map01120,K00029,bpe:BP1120,Q7VZ22
map01120,K00029,bpe:BP3456,Q7VTQ8
map01120,K00031,bpe:BP2488,Q7VVZ2
map01120,K00058,bpe:BP0155,Q7W0H7
map01120,K00074,bpe:BP0217,Q7W0C8
map01120,K00104,bpe:BP2905,Q7VV08
map01120,K00121,bpe:BP3751,Q7VT06
map01120,K00122,bpe:BP1513,Q7VY50
map01120,K00123,bpe:BP1472,Q7VY82
map01120,K00127,bpe:BP1475,Q7VY80
map01120,K00128,bpe:BP0465,Q7VSG0
map01120,K00133,bpe:BP1484,P41399
map01120,K00134,bpe:BP1000,Q7VZB9
map01120,K00135,bpe:BP0757,Q7VZW7
map01120,K00135,bpe:BP0919,Q7VZI8
map01120,K00135,bpe:BP1976,Q7VX44
map01120,K00135,bpe:BP3624,Q7VTC2
map01120,K00138,bpe:BP2157,Q7VWP6
map01120,K00140,bpe:BP1615,Q7VXW1
map01120,K00140,bpe:BP2417,Q7VW52
map01120,K00163,bpe:BP0993,Q7VZC5
map01120,K00163,bpe:BP1121,Q7VZ21
map01120,K00164,bpe:BP1124,Q7VZ18
map01120,K00215,bpe:BP2509,Q9X6Y9
map01120,K00239,bpe:BP2361,Q7VWA1
map01120,K00240,bpe:BP2360,Q7VWA2
map01120,K00241,bpe:BP2363,Q7VW99
map01120,K00242,bpe:BP2362,Q7VWA0
map01120,K00252,bpe:BP1537,Q7VY26
map01120,K00261,bpe:BP1857,Q7VXC5
map01120,K00262,bpe:BP0368,Q7VSN6
map01120,K00265,bpe:BP3753,Q7VT04
map01120,K00266,bpe:BP3754,Q7VT03
map01120,K00275,bpe:BP3251,Q7VU72
map01120,K00297,bpe:BP3066,Q7VUM0
map01120,K00380,bpe:BP1209,Q7VYU8
map01120,K00381,bpe:BP3432,Q7VTS8
map01120,K00382,bpe:BP0618,Q7VS34
map01120,K00382,bpe:BP0995,Q7VZC3
map01120,K00382,bpe:BP1126,Q7VZ16
map01120,K00382,bpe:BP1729,Q7VXM2
map01120,K00451,bpe:BP3134,Q7VUG2
map01120,K00529,bpe:BP0585,Q7VS62
map01120,K00600,bpe:BP2952,Q7VUW7
map01120,K00615,bpe:BP0999,Q7VZC0
map01120,K00616,bpe:BP1451,Q7VY99
map01120,K00625,bpe:BP1004,Q7VZB5
map01120,K00626,bpe:BP0332,Q7W034
map01120,K00626,bpe:BP0422,Q7VSJ3
map01120,K00626,bpe:BP0447,Q7VSH7
map01120,K00626,bpe:BP2059,Q7VWX5
map01120,K00626,bpe:BP2099,Q7VWU2
map01120,K00627,bpe:BP0994,Q7VZC4
map01120,K00632,bpe:BP0668,Q7VRZ1
map01120,K00640,bpe:BP1972,Q7VX48
map01120,K00641,bpe:BP0047,Q7W0P6
map01120,K00658,bpe:BP1125,Q7VZ17
map01120,K00674,bpe:BP1764,P0A4U8
map01120,K00821,bpe:BP0451,Q7VSH3
map01120,K00821,bpe:BP3539,Q7VTJ7
map01120,K00823,bpe:BP1977,Q7VX43
map01120,K00824,bpe:BP0103,Q7W0L1
map01120,K00824,bpe:BP0769,Q7VZW2
map01120,K00831,bpe:BP0945,Q7VZG4
map01120,K00865,bpe:BP3332,Q7VU10
map01120,K00873,bpe:BP3333,Q7VU09
map01120,K00925,bpe:BP1003,Q7VZB6
map01120,K00927,bpe:BP1001,Q7VZB8
map01120,K00928,bpe:BP1913,Q7VX91
map01120,K00948,bpe:BP3125,Q7VUH1
map01120,K00957,bpe:BP0970A,Q7VZE4
map01120,K00963,bpe:BP3403,Q7VTV0
map01120,K01007,bpe:BP1436,Q7VYB3
map01120,K01011,bpe:BP2280,Q7VWH3
map01120,K01031,bpe:BP0221,Q7W0C4
map01120,K01031,bpe:BP1788,Q7VXH7
map01120,K01032,bpe:BP0222,Q7W0C3
map01120,K01032,bpe:BP1789,Q7VXH6
map01120,K01041,bpe:BP1779,Q7VXI4
map01120,K01055,bpe:BP0225,Q7W0C0
map01120,K01061,bpe:BP1256,Q7VYQ4
map01120,K01061,bpe:BP2713,Q7VVF6
map01120,K01070,bpe:BP3750,Q7VT07
map01120,K01075,bpe:BP0312,Q7W053
map01120,K01079,bpe:BP0863,Q7VZN4
map01120,K01426,bpe:BP0487,Q7VSE4
map01120,K01426,bpe:BP0722,Q7VZZ4
map01120,K01426,bpe:BP2039,Q7VWZ2
map01120,K01428,bpe:BP3168,Q7VUD3
map01120,K01429,bpe:BP3169,Q7VUD2
map01120,K01430,bpe:BP3171,Q7VUD0
map01120,K01439,bpe:BP1763,Q7VXJ5
map01120,K01491,bpe:BP0990,Q7VZC8
map01120,K01491,bpe:BP2522,Q7VVW3
map01120,K01555,bpe:BP3135,Q7VUG1
map01120,K01560,bpe:BP2017,Q7VX09
map01120,K01586,bpe:BP3653,Q7VT97
map01120,K01595,bpe:BP0215,Q7W0D0
map01120,K01607,bpe:BP0231,Q7W0B6
map01120,K01620,bpe:BP2407,Q7VW60
map01120,K01624,bpe:BP1519,Q7VY44
map01120,K01628,bpe:BP2662,Q7VVJ5
map01120,K01637,bpe:BP2085,Q7VWV4
map01120,K01638,bpe:BP3680,Q7VT71
map01120,K01640,bpe:BP0556,Q7VS85
map01120,K01640,bpe:BP3695,Q7VT59
map01120,K01647,bpe:BP1352,Q7VYI5
map01120,K01647,bpe:BP2358,Q7VWA4
map01120,K01659,bpe:BP2368,Q7VW96
map01120,K01679,bpe:BP0248,Q7W0A2
map01120,K01682,bpe:BP2021,Q7VX06
map01120,K01689,bpe:BP2386,Q7VW79
map01120,K01692,bpe:BP3277,Q7VU52
map01120,K01698,bpe:BP3648,Q7VTA2
map01120,K01714,bpe:BP0644,Q7VS12
map01120,K01714,bpe:BP1570,Q7VXZ8
map01120,K01714,bpe:BP2654,Q7VVK3
map01120,K01714,bpe:BP3687,Q7VT65
map01120,K01719,bpe:BP2536,Q7VVV0
map01120,K01720,bpe:BP2371,Q7VW93
map01120,K01733,bpe:BP2783,Q7VVA2
map01120,K01749,bpe:BP2537,Q7VVU9
map01120,K01778,bpe:BP3074,Q7VUL2
map01120,K01783,bpe:BP3266,Q7VU62
map01120,K01796,bpe:BP2096,Q7VWU5
map01120,K01796,bpe:BP2941,Q7VUX5
map01120,K01799,bpe:BP0579,Q7TTH1
map01120,K01799,bpe:BP1955,Q7TTH1
map01120,K01799,bpe:BP3498,Q7VTM5
map01120,K01800,bpe:BP1238,Q7VYS1
map01120,K01803,bpe:BP0801,Q7VZT5
map01120,K01807,bpe:BP2339,Q7VWC1
map01120,K01810,bpe:BP1971,Q7VX49
map01120,K01810,bpe:BP3142,Q7VUF4
map01120,K01821,bpe:BP0544,Q7VS96
map01120,K01834,bpe:BP0607,Q7VS43
map01120,K01845,bpe:BP0315,Q7W050
map01120,K01885,bpe:BP2978,Q7VUU5
map01120,K01895,bpe:BP2377,Q7VW88
map01120,K01895,bpe:BP2409,Q7VW58
map01120,K01902,bpe:BP2540,Q7VVU6
map01120,K01903,bpe:BP2541,Q7VVU5
map01120,K01912,bpe:BP2675,Q7VVI7
map01120,K01912,bpe:BP3189,Q7VUB9
map01120,K01915,bpe:BP1596,Q7VXX6
map01120,K01961,bpe:BP0889,Q7VZL2
map01120,K01961,bpe:BP2996,Q7VUS9
map01120,K01962,bpe:BP1910,Q7VX94
map01120,K01963,bpe:BP3591,Q7VTE9
map01120,K02160,bpe:BP0883,Q7VZL8
map01120,K02160,bpe:BP2997,Q7VUS8
map01120,K02204,bpe:BP1084,Q7VZ53
map01120,K02302,bpe:BP1055,Q7VZ77
map01120,K02492,bpe:BP0677,Q7VRY3
map01120,K02496,bpe:BP2535,Q7VVV1
map01120,K02609,bpe:BP2684,Q7VVI0
map01120,K02610,bpe:BP2683,Q7VVI1
map01120,K02611,bpe:BP2682,Q7VVI2
map01120,K02612,bpe:BP2681,Q7VVI3
map01120,K03186,bpe:BP0681,Q7W020
map01120,K03464,bpe:BP0223,Q7W0C2
map01120,K03777,bpe:BP0651,Q7VS08
map01120,K03841,bpe:BP0868,Q7VZM9
map01120,K04102,bpe:BP0683,Q7W018
map01120,K04118,bpe:BP0653,Q7VS06
map01120,K04755,bpe:BP1804,Q7VXG6
map01120,K04755,bpe:BP2095,Q7VWU6
map01120,K04835,bpe:BP0806,Q7VZT1
map01120,K04835,bpe:BP3177,Q7VUC6
map01120,K05306,bpe:BP2275,Q7VWH8
map01120,K05710,bpe:BP0586,Q7VS61
map01120,K05712,bpe:BP3131,Q7VUG5
map01120,K05898,bpe:BP3500,Q7VTM3
map01120,K05913,bpe:BP3664,Q7VT86
map01120,K06446,bpe:BP3308,Q7VU27
map01120,K06718,bpe:BP2215,Q7VWK0
map01120,K06912,bpe:BP1665,Q7VXS3
map01120,K07250,bpe:BP2298,Q7VWF9
map01120,K07516,bpe:BP0669,Q7VRZ0
map01120,K07535,bpe:BP2094,Q7VWU7
map01120,K07823,bpe:BP2759,Q7VVB8
map01120,K08295,bpe:BP0311,Q7W054
map01120,K09788,bpe:BP2370,Q7VW94
map01120,K10680,bpe:BP1940,Q7VX67
map01120,K11472,bpe:BP2904,Q7VV09
map01120,K11473,bpe:BP2903,Q7VV10
map01120,K11731,bpe:BP0640,Q7VS16
map01120,K12972,bpe:BP0283,Q7W075
map01120,K12972,bpe:BP2304,Q7VWF3
map01120,K13609,bpe:BP2521,Q7VVW4
map01120,K13995,bpe:BP0582,Q7TTD2
map01120,K13995,bpe:BP1958,Q7TTD2
map01120,K14333,bpe:BP0578,Q7VS65
map01120,K14470,bpe:BP0435,Q7VSI3
map01120,K14974,bpe:BP1954,Q7VX55
map01120,K15634,bpe:BP1455,Q7VY96
map01120,K15765,bpe:BP0066,Q7W0N2
map01120,K15778,bpe:BP1970,Q7VX50
map01120,K15778,bpe:BP3141,Q7VUF5
map01120,K15866,bpe:BP0635,Q7VS21
map01120,K15866,bpe:BP2677,Q7VVI5
map01120,K16165,bpe:BP2532,Q7VVV4
map01120,K16319,bpe:BP0584,Q7VS63
map01120,K16320,bpe:BP0583,Q7VS64
map01120,K16871,bpe:BP2305,Q7VWF2
map01120,K16879,bpe:BP0684A,Q7W017
map01120,K18028,bpe:BP0581,Q7TTJ1
map01120,K18028,bpe:BP1957,Q7TTJ1
map01120,K18029,bpe:BP1953,Q7VX56
map01120,K18118,bpe:BP2031,Q7VWZ7
map01120,K19713,bpe:BP1579,Q7VXZ2
map01120,K19745,bpe:BP0659,Q7VS00
map01120,K20035,bpe:BP0964,Q7VZE8
map01120,K20455,bpe:BP2369,Q7VW95
map01120,K22084,bpe:BP2518,Q7VVW7
map01120,K22085,bpe:BP2517,Q7VVW8
map01120,K22086,bpe:BP2516,Q7VVW9
map01120,K22087,bpe:BP2515,Q7VVX0
map01120,K24012,bpe:BP0672,Q7VRY7
map01120,K27802,bpe:BP2014,Q7VX12
map01120,K28232,bpe:BP0145,Q79H39
map01120,K28556,bpe:BP0652,Q7VS07
map01210,K00031,bpe:BP2488,Q7VVZ2
map01210,K00052,bpe:BP1483,Q7VY73
map01210,K00053,bpe:BP0791,Q7VZU4
map01210,K00133,bpe:BP1484,P41399
map01210,K00145,bpe:BP2960,Q7VUW0
map01210,K00163,bpe:BP0993,Q7VZC5
map01210,K00163,bpe:BP1121,Q7VZ21
map01210,K00164,bpe:BP1124,Q7VZ18
map01210,K00382,bpe:BP0618,Q7VS34
map01210,K00382,bpe:BP0995,Q7VZC3
map01210,K00382,bpe:BP1126,Q7VZ16
map01210,K00382,bpe:BP1729,Q7VXM2
map01210,K00620,bpe:BP3807,Q7VSW3
map01210,K00627,bpe:BP0994,Q7VZC4
map01210,K00658,bpe:BP1125,Q7VZ17
map01210,K00812,bpe:BP1185,Q7VYW8
map01210,K00821,bpe:BP0451,Q7VSH3
map01210,K00821,bpe:BP3539,Q7VTJ7
map01210,K00826,bpe:BP3398,Q7VTV5
map01210,K00826,bpe:BP3571,Q7VTG9
map01210,K00928,bpe:BP1913,Q7VX91
map01210,K00930,bpe:BP0383,Q7VSM2
map01210,K01438,bpe:BP0655,Q7VS04
map01210,K01438,bpe:BP3588,Q7VTF2
map01210,K01647,bpe:BP1352,Q7VYI5
map01210,K01647,bpe:BP2358,Q7VWA4
map01210,K01649,bpe:BP0131,Q7W0I9
map01210,K01649,bpe:BP0287,Q7W071
map01210,K01652,bpe:BP0467,Q7VSF8
map01210,K01652,bpe:BP0773,Q7VZV8
map01210,K01652,bpe:BP0784,Q7VZU8
map01210,K01652,bpe:BP0789,Q7VZU6
map01210,K01652,bpe:BP0860,Q7VZN7
map01210,K01652,bpe:BP1535,Q7VY28
map01210,K01652,bpe:BP1538,Q7VY25
map01210,K01652,bpe:BP1860,Q7VXC3
map01210,K01652,bpe:BP3453,Q7VTR1
map01210,K01653,bpe:BP0790,Q7VZU5
map01210,K01659,bpe:BP2368,Q7VW96
map01210,K01682,bpe:BP2021,Q7VX06
map01210,K01687,bpe:BP0289,Q7W069
map01210,K01687,bpe:BP3043,Q7VUN6
map01210,K01703,bpe:BP1481,Q7VY75
map01210,K01704,bpe:BP1356,Q7VYI1
map01210,K01704,bpe:BP1482,Q7VY74
map01210,K05825,bpe:BP0559,Q7VS82
map01210,K05825,bpe:BP3685,Q7VT67
map01210,K14682,bpe:BP2335,Q7VWC5
map01210,K27802,bpe:BP2014,Q7VX12
map01230,K00003,bpe:BP2784,Q7VVA1
map01230,K00013,bpe:BP3768,Q7VSZ1
map01230,K00014,bpe:BP3004,Q7VUS1
map01230,K00031,bpe:BP2488,Q7VVZ2
map01230,K00052,bpe:BP1483,Q7VY73
map01230,K00053,bpe:BP0791,Q7VZU4
map01230,K00058,bpe:BP0155,Q7W0H7
map01230,K00133,bpe:BP1484,P41399
map01230,K00134,bpe:BP1000,Q7VZB9
map01230,K00145,bpe:BP2960,Q7VUW0
map01230,K00147,bpe:BP2041,Q7VWZ0
map01230,K00215,bpe:BP2509,Q9X6Y9
map01230,K00265,bpe:BP3753,Q7VT04
map01230,K00266,bpe:BP3754,Q7VT03
map01230,K00286,bpe:BP1280,Q7VYN6
map01230,K00548,bpe:BP3594,Q7VTE8
map01230,K00549,bpe:BP2543,Q7VVU3
map01230,K00600,bpe:BP2952,Q7VUW7
map01230,K00611,bpe:BP3538,Q7VTJ8
map01230,K00615,bpe:BP0999,Q7VZC0
map01230,K00616,bpe:BP1451,Q7VY99
map01230,K00620,bpe:BP3807,Q7VSW3
map01230,K00640,bpe:BP1972,Q7VX48
map01230,K00641,bpe:BP0047,Q7W0P6
map01230,K00674,bpe:BP1764,P0A4U8
map01230,K00765,bpe:BP3767,Q7VSZ2
map01230,K00766,bpe:BP3262,Q7VU66
map01230,K00789,bpe:BP3071,Q7VUL5
map01230,K00800,bpe:BP0948,P12421
map01230,K00812,bpe:BP1185,Q7VYW8
map01230,K00817,bpe:BP2194,Q7VWL5
map01230,K00817,bpe:BP3769,Q7VSZ0
map01230,K00821,bpe:BP0451,Q7VSH3
map01230,K00821,bpe:BP3539,Q7VTJ7
map01230,K00826,bpe:BP3398,Q7VTV5
map01230,K00826,bpe:BP3571,Q7VTG9
map01230,K00831,bpe:BP0945,Q7VZG4
map01230,K00832,bpe:BP1795,Q7VXH5
map01230,K00832,bpe:BP2858,Q7VV46
map01230,K00873,bpe:BP3333,Q7VU09
map01230,K00891,bpe:BP3656,Q7VT94
map01230,K00927,bpe:BP1001,Q7VZB8
map01230,K00928,bpe:BP1913,Q7VX91
map01230,K00930,bpe:BP0383,Q7VSM2
map01230,K00931,bpe:BP0746,Q7VZX7
map01230,K00948,bpe:BP3125,Q7VUH1
map01230,K01079,bpe:BP0863,Q7VZN4
map01230,K01438,bpe:BP0655,Q7VS04
map01230,K01438,bpe:BP3588,Q7VTF2
map01230,K01439,bpe:BP1763,Q7VXJ5
map01230,K01476,bpe:BP0538,Q7VSA1
map01230,K01496,bpe:BP3774,Q7VSY5
map01230,K01523,bpe:BP3775,Q7VSY4
map01230,K01586,bpe:BP3653,Q7VT97
map01230,K01609,bpe:BP3261,Q7VU67
map01230,K01620,bpe:BP2407,Q7VW60
map01230,K01624,bpe:BP1519,Q7VY44
map01230,K01626,bpe:BP2908,Q7VV05
map01230,K01647,bpe:BP1352,Q7VYI5
map01230,K01647,bpe:BP2358,Q7VWA4
map01230,K01649,bpe:BP0131,Q7W0I9
map01230,K01649,bpe:BP0287,Q7W071
map01230,K01652,bpe:BP0467,Q7VSF8
map01230,K01652,bpe:BP0773,Q7VZV8
map01230,K01652,bpe:BP0784,Q7VZU8
map01230,K01652,bpe:BP0789,Q7VZU6
map01230,K01652,bpe:BP0860,Q7VZN7
map01230,K01652,bpe:BP1535,Q7VY28
map01230,K01652,bpe:BP1538,Q7VY25
map01230,K01652,bpe:BP1860,Q7VXC3
map01230,K01652,bpe:BP3453,Q7VTR1
map01230,K01653,bpe:BP0790,Q7VZU5
map01230,K01657,bpe:BP3264,Q7VU64
map01230,K01658,bpe:BP3263,Q7VU65
map01230,K01659,bpe:BP2368,Q7VW96
map01230,K01682,bpe:BP2021,Q7VX06
map01230,K01687,bpe:BP0289,Q7W069
map01230,K01687,bpe:BP3043,Q7VUN6
map01230,K01689,bpe:BP2386,Q7VW79
map01230,K01693,bpe:BP3770,Q7VSY9
map01230,K01695,bpe:BP3590,Q7VTF0
map01230,K01696,bpe:BP3589,Q7VTF1
map01230,K01703,bpe:BP1481,Q7VY75
map01230,K01704,bpe:BP1356,Q7VYI1
map01230,K01704,bpe:BP1482,Q7VY74
map01230,K01714,bpe:BP0644,Q7VS12
map01230,K01714,bpe:BP1570,Q7VXZ8
map01230,K01714,bpe:BP2654,Q7VVK3
map01230,K01714,bpe:BP3687,Q7VT65
map01230,K01733,bpe:BP2783,Q7VVA2
map01230,K01735,bpe:BP3657,Q7VT93
map01230,K01736,bpe:BP1462,Q7VY92
map01230,K01752,bpe:BP1258,Q7VYQ2
map01230,K01754,bpe:BP0139,Q7W0I4
map01230,K01754,bpe:BP0798,Q7VZT8
map01230,K01755,bpe:BP2702,Q7VVG6
map01230,K01760,bpe:BP0112,Q7W0K3
map01230,K01760,bpe:BP0815,Q7VZS5
map01230,K01778,bpe:BP3074,Q7VUL2
map01230,K01783,bpe:BP3266,Q7VU62
map01230,K01803,bpe:BP0801,Q7VZT5
map01230,K01807,bpe:BP2339,Q7VWC1
map01230,K01814,bpe:BP3772,Q7VSY7
map01230,K01817,bpe:BP1490,Q7VY68
map01230,K01834,bpe:BP0607,Q7VS43
map01230,K01915,bpe:BP1596,Q7VXX6
map01230,K01940,bpe:BP3537,Q7VTJ9
map01230,K01953,bpe:BP3146,Q7VUF0
map01230,K02204,bpe:BP1084,Q7VZ53
map01230,K02500,bpe:BP3773,Q7VSY6
map01230,K02501,bpe:BP3771,Q7VSY8
map01230,K02502,bpe:BP2189,Q7VWM0
map01230,K03786,bpe:BP2998,Q7VUS7
map01230,K04517,bpe:BP0947,Q7VZG2
map01230,K12339,bpe:BP0958,Q7VZF3
map01230,K14170,bpe:BP0946,Q7VZG3
map01230,K14682,bpe:BP2335,Q7VWC5
map01230,K15634,bpe:BP1455,Q7VY96
map01230,K27802,bpe:BP2014,Q7VX12
map00770,K00053,bpe:BP0791,Q7VZU4
map00770,K00077,bpe:BP1360,Q7VYH8
map00770,K00128,bpe:BP0465,Q7VSG0
map00770,K00606,bpe:BP2850,Q7VV53
map00770,K00826,bpe:BP3398,Q7VTV5
map00770,K00826,bpe:BP3571,Q7VTG9
map00770,K00859,bpe:BP3817,Q7VSV5
map00770,K00954,bpe:BP3471,Q7VTP4
map00770,K00997,bpe:BP2079,Q7VWV9
map00770,K01579,bpe:BP1816,Q7VXF8
map00770,K01652,bpe:BP0467,Q7VSF8
map00770,K01652,bpe:BP0773,Q7VZV8
map00770,K01652,bpe:BP0784,Q7VZU8
map00770,K01652,bpe:BP0789,Q7VZU6
map00770,K01652,bpe:BP0860,Q7VZN7
map00770,K01652,bpe:BP1535,Q7VY28
map00770,K01652,bpe:BP1538,Q7VY25
map00770,K01652,bpe:BP1860,Q7VXC3
map00770,K01652,bpe:BP3453,Q7VTR1
map00770,K01653,bpe:BP0790,Q7VZU5
map00770,K01687,bpe:BP0289,Q7W069
map00770,K01687,bpe:BP3043,Q7VUN6
map00770,K01918,bpe:BP3821,Q7VSV1
map00770,K03525,bpe:BP0097,Q45338
map00770,K06016,bpe:BP1859,Q7VXC4
map00770,K06016,bpe:BP2301,Q7VWF6
map00770,K13038,bpe:BP1751,Q7VXK5
map01240,K00012,bpe:BP3728,Q7VT29
map01240,K00059,bpe:BP0219,Q7W0C6
map01240,K00059,bpe:BP0466,Q7VSF9
map01240,K00059,bpe:BP0772,Q7VZV9
map01240,K00059,bpe:BP0813,Q7VZS7
map01240,K00059,bpe:BP0859,Q7VZN8
map01240,K00059,bpe:BP1128,Q7VZ14
map01240,K00059,bpe:BP1132,Q7VZ11
map01240,K00059,bpe:BP1222,Q7VYT5
map01240,K00059,bpe:BP1668,Q7VXS0
map01240,K00059,bpe:BP1672,Q7VXR6
map01240,K00059,bpe:BP1785,Q7VXH8
map01240,K00059,bpe:BP2441,Q7VW31
map01240,K00059,bpe:BP2554,Q7VVT3
map01240,K00059,bpe:BP2841,Q7VV55
map01240,K00059,bpe:BP3010,Q7VUR6
map01240,K00077,bpe:BP1360,Q7VYH8
map01240,K00097,bpe:BP2789,Q7VV96
map01240,K00128,bpe:BP0465,Q7VSG0
map01240,K00208,bpe:BP1002,Q7VZB7
map01240,K00208,bpe:BP3215,Q7VUA3
map01240,K00228,bpe:BP2310,Q7VWE7
map01240,K00254,bpe:BP3442,Q7VTR9
map01240,K00275,bpe:BP3251,Q7VU72
map01240,K00287,bpe:BP3155,Q7VUE2
map01240,K00382,bpe:BP0618,Q7VS34
map01240,K00382,bpe:BP0995,Q7VZC3
map01240,K00382,bpe:BP1126,Q7VZ16
map01240,K00382,bpe:BP1729,Q7VXM2
map01240,K00453,bpe:BP1233,Q7VYS6
map01240,K00457,bpe:BP3040,Q7VUN9
map01240,K00568,bpe:BP0942,Q7VZG7
map01240,K00600,bpe:BP2952,Q7VUW7
map01240,K00606,bpe:BP2850,Q7VV53
map01240,K00609,bpe:BP0321,Q7W044
map01240,K00609,bpe:BP2562,Q7VVS5
map01240,K00652,bpe:BP2164,Q7VWP1
map01240,K00762,bpe:BP0370,Q7VSN4
map01240,K00763,bpe:BP3583,Q7VTF7
map01240,K00767,bpe:BP3725,Q7VT31
map01240,K00788,bpe:BP0316,Q7W049
map01240,K00789,bpe:BP3071,Q7VUL5
map01240,K00793,bpe:BP2874,Q7VV32
map01240,K00794,bpe:BP3485,Q7VTN4
map01240,K00796,bpe:BP1076,Q7VZ58
map01240,K00798,bpe:BP3090,Q7VUJ7
map01240,K00826,bpe:BP3398,Q7VTV5
map01240,K00826,bpe:BP3571,Q7VTG9
map01240,K00831,bpe:BP0945,Q7VZG4
map01240,K00833,bpe:BP2165,Q7VWP0
map01240,K00858,bpe:BP2505,Q7VVX6
map01240,K00859,bpe:BP3817,Q7VSV5
map01240,K00868,bpe:BP1321,Q7VYK4
map01240,K00939,bpe:BP2769,P0DKX8
map01240,K00940,bpe:BP2202,Q7VWK7
map01240,K00941,bpe:BP0317,Q7W048
map01240,K00941,bpe:BP3598,Q7VTE4
map01240,K00946,bpe:BP3487,Q7VTN2
map01240,K00950,bpe:BP0238,Q7W0B1
map01240,K00954,bpe:BP3471,Q7VTP4
map01240,K00963,bpe:BP3403,Q7VTV0
map01240,K00969,bpe:BP2311,Q7VWE6
map01240,K01012,bpe:BP2718,Q7VVF1
map01240,K01465,bpe:BP0322,Q7W043
map01240,K01465,bpe:BP3035,Q7VUP3
map01240,K01491,bpe:BP0990,Q7VZC8
map01240,K01491,bpe:BP2522,Q7VVW3
map01240,K01556,bpe:BP0553,Q7VS87
map01240,K01579,bpe:BP1816,Q7VXF8
map01240,K01591,bpe:BP3490,Q7VTM9
map01240,K01599,bpe:BP3291,Q7VU41
map01240,K01633,bpe:BP3274,Q7VU55
map01240,K01665,bpe:BP3241,Q7VU81
map01240,K01698,bpe:BP3648,Q7VTA2
map01240,K01719,bpe:BP2536,Q7VVV0
map01240,K01737,bpe:BP2660,Q7VVJ7
map01240,K01749,bpe:BP2537,Q7VVU9
map01240,K01756,bpe:BP2890,Q7VV20
map01240,K01772,bpe:BP2503,Q7VVX8
map01240,K01845,bpe:BP0315,Q7W050
map01240,K01885,bpe:BP2978,Q7VUU5
map01240,K01918,bpe:BP3821,Q7VSV1
map01240,K01920,bpe:BP1499,Q7VY62
map01240,K01935,bpe:BP2162,Q7VWP3
map01240,K01937,bpe:BP2389,Q7VW76
map01240,K01939,bpe:BP2188,Q7VWM1
map01240,K01950,bpe:BP2700,Q7VVG8
map01240,K01955,bpe:BP1453,Q7VY97
map01240,K01956,bpe:BP1452,Q7VY98
map01240,K02169,bpe:BP0599,Q7VS50
map01240,K02169,bpe:BP2162,Q7VWP3
map01240,K02170,bpe:BP2163,Q7VWP2
map01240,K02257,bpe:BP3735,Q7VT22
map01240,K02259,bpe:BP3736,Q7VT21
map01240,K02302,bpe:BP1055,Q7VZ77
map01240,K02372,bpe:BP1430,Q7VYB9
map01240,K02492,bpe:BP0677,Q7VRY3
map01240,K02496,bpe:BP2535,Q7VVV1
map01240,K02619,bpe:BP3242,Q7VU80
map01240,K02858,bpe:BP0471,Q7VSF4
map01240,K03147,bpe:BP0206,Q7W0D7
map01240,K03149,bpe:BP3597,Q7VTE5
map01240,K03179,bpe:BP3684,Q7VT68
map01240,K03181,bpe:BP0981,Q7VZD6
map01240,K03182,bpe:BP1060,Q7VZ72
map01240,K03183,bpe:BP0161,Q7W0H1
map01240,K03185,bpe:BP3413,Q7VTU4
map01240,K03186,bpe:BP0681,Q7W020
map01240,K03474,bpe:BP2078,Q7VWW0
map01240,K03525,bpe:BP0097,Q45338
map01240,K03635,bpe:BP2709,Q7VVG0
map01240,K03637,bpe:BP2711,Q7VVF8
map01240,K03638,bpe:BP2708,Q7VVG1
map01240,K03639,bpe:BP2706,Q7VVG3
map01240,K03644,bpe:BP0106,Q7W0K8
map01240,K03750,bpe:BP1465,Q7VY89
map01240,K03750,bpe:BP2707,Q7VVG2
map01240,K03800,bpe:BP1297,Q7VYM1
map01240,K03801,bpe:BP0105,Q7W0K9
map01240,K03831,bpe:BP1015,Q7VZA7
map01240,K04487,bpe:BP1799,Q7VXH1
map01240,K06134,bpe:BP3152,Q7VUE5
map01240,K06989,bpe:BP0567,Q7VS76
map01240,K06989,bpe:BP1922,Q7VX83
map01240,K07130,bpe:BP1234,Q7VYS5
map01240,K08281,bpe:BP3506,Q7VTL9
map01240,K08973,bpe:BP2372,Q7VW92
map01240,K08973,bpe:BP3826,Q7VSU6
map01240,K09007,bpe:BP2797,Q7VV88
map01240,K09458,bpe:BP2439,Q7VW33
map01240,K09903,bpe:BP1421,Q7VYC8
map01240,K11752,bpe:BP2948,Q7VUX0
map01240,K11753,bpe:BP1754,Q7VXK2
map01240,K11754,bpe:BP1412,Q7VYD7
map01240,K13038,bpe:BP1751,Q7VXK5
map01240,K14652,bpe:BP3484,Q7VTN5
map01240,K18800,bpe:BP3269,Q7VU59
map00380,K00128,bpe:BP0465,Q7VSG0
map00380,K00252,bpe:BP1537,Q7VY26
map00380,K00382,bpe:BP0618,Q7VS34
map00380,K00382,bpe:BP0995,Q7VZC3
map00380,K00382,bpe:BP1126,Q7VZ16
map00380,K00382,bpe:BP1729,Q7VXM2
map00380,K00453,bpe:BP1233,Q7VYS6
map00380,K00626,bpe:BP0332,Q7W034
map00380,K00626,bpe:BP0422,Q7VSJ3
map00380,K00626,bpe:BP0447,Q7VSH7
map00380,K00626,bpe:BP2059,Q7VWX5
map00380,K00626,bpe:BP2099,Q7VWU2
map00380,K00658,bpe:BP1125,Q7VZ17
map00380,K01426,bpe:BP0487,Q7VSE4
map00380,K01426,bpe:BP0722,Q7VZZ4
map00380,K01426,bpe:BP2039,Q7VWZ2
map00380,K01556,bpe:BP0553,Q7VS87
map00380,K01692,bpe:BP3277,Q7VU52
map00380,K03781,bpe:BP3852,P0A323
map00380,K07130,bpe:BP1234,Q7VYS5
map03018,K00937,bpe:BP1072,Q7VZ62
map03018,K00962,bpe:BP0795,Q7VZU0
map03018,K00970,bpe:BP0239,Q7W0B0
map03018,K01689,bpe:BP2386,Q7VW79
map03018,K03628,bpe:BP1262,Q7VYP9
map03018,K03654,bpe:BP3422,Q7TTN9
map03018,K03666,bpe:BP2193,Q7VWL6
map03018,K04043,bpe:BP2499,Q7VVY2
map03018,K04077,bpe:BP3495,P48210
map03018,K08300,bpe:BP0475,Q7VSF2
map03018,K08311,bpe:BP3349,Q7VTZ7
map03018,K11927,bpe:BP0170,Q7W0G5
map03018,K11927,bpe:BP3395,Q7VTV8
map03018,K12573,bpe:BP3526,Q7VTK5
map00520,K00012,bpe:BP3728,Q7VT29
map00520,K00075,bpe:BP2510,Q9X6Y8
map00520,K00790,bpe:BP3766,Q7VSZ3
map00520,K00820,bpe:BP0666,Q7VRZ3
map00520,K00963,bpe:BP3403,Q7VTV0
map00520,K00992,bpe:BP3327,Q7VU15
map00520,K01207,bpe:BP2080,Q7VWV8
map00520,K01810,bpe:BP1971,Q7VX49
map00520,K01810,bpe:BP3142,Q7VUF4
map00520,K02473,bpe:BP1630,Q7TTK0
map00520,K02473,bpe:BP3149,Q7TTK0
map00520,K02793,bpe:BP1500,Q7VY61
map00520,K03431,bpe:BP1075,Q7VZ59
map00520,K04042,bpe:BP3730,Q7VT27
map00520,K07102,bpe:BP3328,Q7VU14
map00520,K09001,bpe:BP2957,Q7VUW3
map00520,K15778,bpe:BP1970,Q7VX50
map00520,K15778,bpe:BP3141,Q7VUF5
map00520,K22292,bpe:BP0941,Q7VZG8
map00541,K00012,bpe:BP3728,Q7VT29
map00541,K00067,bpe:BP0108,Q7W0K6
map00541,K00523,bpe:BP0362,Q7VSP1
map00541,K00523,bpe:BP1817,Q7VXF7
map00541,K00963,bpe:BP3403,Q7VTV0
map00541,K00979,bpe:BP2768,Q7VVB0
map00541,K01627,bpe:BP2388,Q7VW77
map00541,K01710,bpe:BP0109,Q7W0K5
map00541,K01790,bpe:BP0107,Q7W0K7
map00541,K02473,bpe:BP1630,Q7TTK0
map00541,K02473,bpe:BP3149,Q7TTK0
map00541,K02474,bpe:BP1629,Q7VXU9
map00541,K02474,bpe:BP3150,Q7VUE7
map00541,K03270,bpe:BP0700,Q7W008
map00541,K03271,bpe:BP0388,Q7VSL8
map00541,K03273,bpe:BP0035,Q7W0Q4
map00541,K03274,bpe:BP0955,Q7VZF5
map00541,K04042,bpe:BP3730,Q7VT27
map00541,K06041,bpe:BP0701,Q7W007
map00541,K13017,bpe:BP0091,Q79H47
map00541,K13018,bpe:BP0092,Q79H46
map00541,K13019,bpe:BP0090,Q79H48
map00541,K13020,bpe:BP0093,Q79H45
map00541,K21344,bpe:BP0954,Q7VZF6
map00541,K21345,bpe:BP3602,Q7VTE2
map00541,K24300,bpe:BP0082,Q79H51
map01250,K00012,bpe:BP3728,Q7VT29
map01250,K00067,bpe:BP0108,Q7W0K6
map01250,K00075,bpe:BP2510,Q9X6Y8
map01250,K00523,bpe:BP0362,Q7VSP1
map01250,K00523,bpe:BP1817,Q7VXF7
map01250,K00790,bpe:BP3766,Q7VSZ3
map01250,K00820,bpe:BP0666,Q7VRZ3
map01250,K00963,bpe:BP3403,Q7VTV0
map01250,K00979,bpe:BP2768,Q7VVB0
map01250,K00992,bpe:BP3327,Q7VU15
map01250,K01627,bpe:BP2388,Q7VW77
map01250,K01710,bpe:BP0109,Q7W0K5
map01250,K01790,bpe:BP0107,Q7W0K7
map01250,K01810,bpe:BP1971,Q7VX49
map01250,K01810,bpe:BP3142,Q7VUF4
map01250,K02473,bpe:BP1630,Q7TTK0
map01250,K02473,bpe:BP3149,Q7TTK0
map01250,K02474,bpe:BP1629,Q7VXU9
map01250,K02474,bpe:BP3150,Q7VUE7
map01250,K03270,bpe:BP0700,Q7W008
map01250,K03271,bpe:BP0388,Q7VSL8
map01250,K03273,bpe:BP0035,Q7W0Q4
map01250,K03274,bpe:BP0955,Q7VZF5
map01250,K03431,bpe:BP1075,Q7VZ59
map01250,K04042,bpe:BP3730,Q7VT27
map01250,K06041,bpe:BP0701,Q7W007
map01250,K07102,bpe:BP3328,Q7VU14
map01250,K09001,bpe:BP2957,Q7VUW3
map01250,K13017,bpe:BP0091,Q79H47
map01250,K13018,bpe:BP0092,Q79H46
map01250,K13019,bpe:BP0090,Q79H48
map01250,K13020,bpe:BP0093,Q79H45
map01250,K15778,bpe:BP1970,Q7VX50
map01250,K15778,bpe:BP3141,Q7VUF5
map01250,K21344,bpe:BP0954,Q7VZF6
map01250,K21345,bpe:BP3602,Q7VTE2
map01250,K22292,bpe:BP0941,Q7VZG8
map01250,K24300,bpe:BP0082,Q79H51
map00030,K00615,bpe:BP0999,Q7VZC0
map00030,K00616,bpe:BP1451,Q7VY99
map00030,K00948,bpe:BP3125,Q7VUH1
map00030,K01624,bpe:BP1519,Q7VY44
map00030,K01783,bpe:BP3266,Q7VU62
map00030,K01807,bpe:BP2339,Q7VWC1
map00030,K01810,bpe:BP1971,Q7VX49
map00030,K01810,bpe:BP3142,Q7VUF4
map00030,K03841,bpe:BP0868,Q7VZM9
map00030,K15778,bpe:BP1970,Q7VX50
map00030,K15778,bpe:BP3141,Q7VUF5
map01200,K00023,bpe:BP1150,Q7VYZ9
map01200,K00024,bpe:BP2365,Q7VW97
map01200,K00029,bpe:BP1064,Q7VZ68
map01200,K00029,bpe:BP1120,Q7VZ22
map01200,K00029,bpe:BP3456,Q7VTQ8
map01200,K00031,bpe:BP2488,Q7VVZ2
map01200,K00058,bpe:BP0155,Q7W0H7
map01200,K00074,bpe:BP0217,Q7W0C8
map01200,K00121,bpe:BP3751,Q7VT06
map01200,K00122,bpe:BP1513,Q7VY50
map01200,K00123,bpe:BP1472,Q7VY82
map01200,K00127,bpe:BP1475,Q7VY80
map01200,K00134,bpe:BP1000,Q7VZB9
map01200,K00140,bpe:BP1615,Q7VXW1
map01200,K00140,bpe:BP2417,Q7VW52
map01200,K00163,bpe:BP0993,Q7VZC5
map01200,K00163,bpe:BP1121,Q7VZ21
map01200,K00164,bpe:BP1124,Q7VZ18
map01200,K00239,bpe:BP2361,Q7VWA1
map01200,K00240,bpe:BP2360,Q7VWA2
map01200,K00241,bpe:BP2363,Q7VW99
map01200,K00242,bpe:BP2362,Q7VWA0
map01200,K00261,bpe:BP1857,Q7VXC5
map01200,K00281,bpe:BP0197,Q7W0E3
map01200,K00297,bpe:BP3066,Q7VUM0
map01200,K00382,bpe:BP0618,Q7VS34
map01200,K00382,bpe:BP0995,Q7VZC3
map01200,K00382,bpe:BP1126,Q7VZ16
map01200,K00382,bpe:BP1729,Q7VXM2
map01200,K00600,bpe:BP2952,Q7VUW7
map01200,K00605,bpe:BP0195,Q7W0E5
map01200,K00615,bpe:BP0999,Q7VZC0
map01200,K00616,bpe:BP1451,Q7VY99
map01200,K00625,bpe:BP1004,Q7VZB5
map01200,K00626,bpe:BP0332,Q7W034
map01200,K00626,bpe:BP0422,Q7VSJ3
map01200,K00626,bpe:BP0447,Q7VSH7
map01200,K00626,bpe:BP2059,Q7VWX5
map01200,K00626,bpe:BP2099,Q7VWU2
map01200,K00627,bpe:BP0994,Q7VZC4
map01200,K00640,bpe:BP1972,Q7VX48
map01200,K00658,bpe:BP1125,Q7VZ17
map01200,K00831,bpe:BP0945,Q7VZG4
map01200,K00873,bpe:BP3333,Q7VU09
map01200,K00925,bpe:BP1003,Q7VZB6
map01200,K00927,bpe:BP1001,Q7VZB8
map01200,K00948,bpe:BP3125,Q7VUH1
map01200,K01007,bpe:BP1436,Q7VYB3
map01200,K01070,bpe:BP3750,Q7VT07
map01200,K01079,bpe:BP0863,Q7VZN4
map01200,K01455,bpe:BP1516,Q7VY47
map01200,K01491,bpe:BP0990,Q7VZC8
map01200,K01491,bpe:BP2522,Q7VVW3
map01200,K01595,bpe:BP0215,Q7W0D0
map01200,K01624,bpe:BP1519,Q7VY44
map01200,K01637,bpe:BP2085,Q7VWV4
map01200,K01638,bpe:BP3680,Q7VT71
map01200,K01647,bpe:BP1352,Q7VYI5
map01200,K01647,bpe:BP2358,Q7VWA4
map01200,K01659,bpe:BP2368,Q7VW96
map01200,K01679,bpe:BP0248,Q7W0A2
map01200,K01682,bpe:BP2021,Q7VX06
map01200,K01689,bpe:BP2386,Q7VW79
map01200,K01715,bpe:BP0627,Q7VS27
map01200,K01715,bpe:BP0662,Q7VRZ7
map01200,K01715,bpe:BP3706,Q7VT50
map01200,K01720,bpe:BP2371,Q7VW93
map01200,K01752,bpe:BP1258,Q7VYQ2
map01200,K01754,bpe:BP0139,Q7W0I4
map01200,K01754,bpe:BP0798,Q7VZT8
map01200,K01783,bpe:BP3266,Q7VU62
map01200,K01803,bpe:BP0801,Q7VZT5
map01200,K01807,bpe:BP2339,Q7VWC1
map01200,K01810,bpe:BP1971,Q7VX49
map01200,K01810,bpe:BP3142,Q7VUF4
map01200,K01834,bpe:BP0607,Q7VS43
map01200,K01895,bpe:BP2377,Q7VW88
map01200,K01895,bpe:BP2409,Q7VW58
map01200,K01902,bpe:BP2540,Q7VVU6
map01200,K01903,bpe:BP2541,Q7VVU5
map01200,K01961,bpe:BP0889,Q7VZL2
map01200,K01961,bpe:BP2996,Q7VUS9
map01200,K01962,bpe:BP1910,Q7VX94
map01200,K01963,bpe:BP3591,Q7VTE9
map01200,K02160,bpe:BP0883,Q7VZL8
map01200,K02160,bpe:BP2997,Q7VUS8
map01200,K02437,bpe:BP0196,Q7W0E4
map01200,K03781,bpe:BP3852,P0A323
map01200,K03841,bpe:BP0868,Q7VZM9
map01200,K04835,bpe:BP0806,Q7VZT1
map01200,K04835,bpe:BP3177,Q7VUC6
map01200,K07516,bpe:BP0669,Q7VRZ0
map01200,K09788,bpe:BP2370,Q7VW94
map01200,K14470,bpe:BP0435,Q7VSI3
map01200,K15634,bpe:BP1455,Q7VY96
map01200,K18118,bpe:BP2031,Q7VWZ7
map01200,K20455,bpe:BP2369,Q7VW95
map01200,K27802,bpe:BP2014,Q7VX12
map00550,K00075,bpe:BP2510,Q9X6Y8
map00550,K00790,bpe:BP3766,Q7VSZ3
map00550,K00806,bpe:BP1423,Q7VYC6
map00550,K01000,bpe:BP3026,Q7VUQ0
map00550,K01921,bpe:BP3021,Q7VUQ5
map00550,K01924,bpe:BP3022,Q7VUQ4
map00550,K01925,bpe:BP3025,Q7VUQ1
map00550,K02563,bpe:BP3023,Q7VUQ3
map00550,K03587,bpe:BP3028,Q7VUP8
map00550,K03588,bpe:BP3024,Q7VUQ2
map00550,K03814,bpe:BP0326,Q7W039
map00550,K05366,bpe:BP0905,Q7VZJ7
map00550,K05366,bpe:BP3655,Q7VT95
map00550,K05367,bpe:BP2754,Q7VVC3
map00550,K05515,bpe:BP0377,Q7VSM7
map00550,K05837,bpe:BP0378,Q7VSM6
map00550,K06153,bpe:BP1904,Q7VXA0
map00550,K07258,bpe:BP0102,Q7W0L2
map00550,K07259,bpe:BP1051,Q7VZ80
map00550,K15792,bpe:BP3027,Q7VUP9
map00240,K00254,bpe:BP3442,Q7VTR9
map00240,K00525,bpe:BP2983,Q7VUU1
map00240,K00526,bpe:BP2984,Q7VUU0
map00240,K00560,bpe:BP3154,Q7VUE3
map00240,K00609,bpe:BP0321,Q7W044
map00240,K00609,bpe:BP2562,Q7VVS5
map00240,K00761,bpe:BP1052,Q7VZ79
map00240,K00762,bpe:BP0370,Q7VSN4
map00240,K00940,bpe:BP2202,Q7VWK7
map00240,K00943,bpe:BP1847,Q7VXD2
map00240,K00945,bpe:BP0949,Q7VZG1
map00240,K01081,bpe:BP0294,Q7W066
map00240,K01465,bpe:BP0322,Q7W043
map00240,K01465,bpe:BP3035,Q7VUP3
map00240,K01494,bpe:BP0185,Q7W0F2
map00240,K01520,bpe:BP2578,Q7VVR1
map00240,K01591,bpe:BP3490,Q7VTM9
map00240,K01937,bpe:BP2389,Q7VW76
map00240,K01955,bpe:BP1453,Q7VY97
map00240,K01956,bpe:BP1452,Q7VY98
map00240,K03787,bpe:BP1719,Q7VXN2
map00240,K06016,bpe:BP1859,Q7VXC4
map00240,K06016,bpe:BP2301,Q7VWF6
map00240,K06287,bpe:BP2314,Q7VWE3
map00240,K09019,bpe:BP1241,Q7VYR8
map00240,K09020,bpe:BP2971,Q7VUV1
map00240,K09021,bpe:BP1935,Q7VX72
map00240,K09023,bpe:BP1921,Q7VX84
map00240,K09903,bpe:BP1421,Q7VYC8
map01232,K00088,bpe:BP2625,Q7VVM3
map01232,K00525,bpe:BP2983,Q7VUU1
map01232,K00526,bpe:BP2984,Q7VUU0
map01232,K00560,bpe:BP3154,Q7VUE3
map01232,K00759,bpe:BP0264,Q7W089
map01232,K00761,bpe:BP1052,Q7VZ79
map01232,K00856,bpe:BP2993,Q7VUT1
map01232,K00939,bpe:BP2769,P0DKX8
map01232,K00940,bpe:BP2202,Q7VWK7
map01232,K00942,bpe:BP1578,Q7VXZ3
map01232,K00943,bpe:BP1847,Q7VXD2
map01232,K00945,bpe:BP0949,Q7VZG1
map01232,K01081,bpe:BP0294,Q7W066
map01232,K01129,bpe:BP3658,Q7VT92
map01232,K01241,bpe:BP1583,Q7VXY8
map01232,K01494,bpe:BP0185,Q7W0F2
map01232,K01519,bpe:BP1593,Q7VXX8
map01232,K01520,bpe:BP2578,Q7VVR1
map01232,K01756,bpe:BP2890,Q7VV20
map01232,K01937,bpe:BP2389,Q7VW76
map01232,K01939,bpe:BP2188,Q7VWM1
map01232,K01951,bpe:BP1437,Q7VYB2
map01232,K01951,bpe:BP2624,Q7VVM4
map01232,K03787,bpe:BP1719,Q7VXN2
map01232,K05810,bpe:BP1148,Q7VZ01
map01232,K06287,bpe:BP2314,Q7VWE3
map01232,K09903,bpe:BP1421,Q7VYC8
map00780,K00059,bpe:BP0219,Q7W0C6
map00780,K00059,bpe:BP0466,Q7VSF9
map00780,K00059,bpe:BP0772,Q7VZV9
map00780,K00059,bpe:BP0813,Q7VZS7
map00780,K00059,bpe:BP0859,Q7VZN8
map00780,K00059,bpe:BP1128,Q7VZ14
map00780,K00059,bpe:BP1132,Q7VZ11
map00780,K00059,bpe:BP1222,Q7VYT5
map00780,K00059,bpe:BP1668,Q7VXS0
map00780,K00059,bpe:BP1672,Q7VXR6
map00780,K00059,bpe:BP1785,Q7VXH8
map00780,K00059,bpe:BP2441,Q7VW31
map00780,K00059,bpe:BP2554,Q7VVT3
map00780,K00059,bpe:BP2841,Q7VV55
map00780,K00059,bpe:BP3010,Q7VUR6
map00780,K00208,bpe:BP1002,Q7VZB7
map00780,K00208,bpe:BP3215,Q7VUA3
map00780,K00652,bpe:BP2164,Q7VWP1
map00780,K00833,bpe:BP2165,Q7VWP0
map00780,K01012,bpe:BP2718,Q7VVF1
map00780,K01935,bpe:BP2162,Q7VWP3
map00780,K02169,bpe:BP0599,Q7VS50
map00780,K02169,bpe:BP2162,Q7VWP3
map00780,K02170,bpe:BP2163,Q7VWP2
map00780,K02372,bpe:BP1430,Q7VYB9
map00780,K03524,bpe:BP0098,Q79H42
map00780,K08351,bpe:BP0675,Q7VRY4
map00780,K09458,bpe:BP2439,Q7VW33
map00220,K00145,bpe:BP2960,Q7VUW0
map00220,K00261,bpe:BP1857,Q7VXC5
map00220,K00262,bpe:BP0368,Q7VSN6
map00220,K00611,bpe:BP3538,Q7VTJ8
map00220,K00620,bpe:BP3807,Q7VSW3
map00220,K00812,bpe:BP1185,Q7VYW8
map00220,K00821,bpe:BP0451,Q7VSH3
map00220,K00821,bpe:BP3539,Q7VTJ7
map00220,K00930,bpe:BP0383,Q7VSM2
map00220,K01428,bpe:BP3168,Q7VUD3
map00220,K01429,bpe:BP3169,Q7VUD2
map00220,K01430,bpe:BP3171,Q7VUD0
map00220,K01438,bpe:BP0655,Q7VS04
map00220,K01438,bpe:BP3588,Q7VTF2
map00220,K01476,bpe:BP0538,Q7VSA1
map00220,K01755,bpe:BP2702,Q7VVG6
map00220,K01915,bpe:BP1596,Q7VXX6
map00220,K01940,bpe:BP3537,Q7VTJ9
map00220,K01955,bpe:BP1453,Q7VY97
map00220,K01956,bpe:BP1452,Q7VY98
map00220,K14682,bpe:BP2335,Q7VWC5
map00250,K00135,bpe:BP0757,Q7VZW7
map00250,K00135,bpe:BP0919,Q7VZI8
map00250,K00135,bpe:BP1976,Q7VX44
map00250,K00135,bpe:BP3624,Q7VTC2
map00250,K00261,bpe:BP1857,Q7VXC5
map00250,K00262,bpe:BP0368,Q7VSN6
map00250,K00265,bpe:BP3753,Q7VT04
map00250,K00266,bpe:BP3754,Q7VT03
map00250,K00294,bpe:BP0429,Q7VSI8
map00250,K00609,bpe:BP0321,Q7W044
map00250,K00609,bpe:BP2562,Q7VVS5
map00250,K00764,bpe:BP1415,Q7VYD4
map00250,K00812,bpe:BP1185,Q7VYW8
map00250,K00820,bpe:BP0666,Q7VRZ3
map00250,K00823,bpe:BP1977,Q7VX43
map00250,K01755,bpe:BP2702,Q7VVG6
map00250,K01756,bpe:BP2890,Q7VV20
map00250,K01779,bpe:BP0053,Q7W0P3
map00250,K01915,bpe:BP1596,Q7VXX6
map00250,K01939,bpe:BP2188,Q7VWM1
map00250,K01940,bpe:BP3537,Q7VTJ9
map00250,K01953,bpe:BP3146,Q7VUF0
map00250,K01955,bpe:BP1453,Q7VY97
map00250,K01956,bpe:BP1452,Q7VY98
map00250,K07250,bpe:BP2298,Q7VWF9
map00250,K13051,bpe:BP2398,Q7VW68
map00250,K13821,bpe:BP2749,Q7VVC8
map00250,K16871,bpe:BP2305,Q7VWF2
map00790,K00287,bpe:BP3155,Q7VUE2
map00790,K00796,bpe:BP1076,Q7VZ58
map00790,K00950,bpe:BP0238,Q7W0B1
map00790,K01633,bpe:BP3274,Q7VU55
map00790,K01665,bpe:BP3241,Q7VU81
map00790,K01724,bpe:BP3325,Q7VU17
map00790,K01737,bpe:BP2660,Q7VVJ7
map00790,K02619,bpe:BP3242,Q7VU80
map00790,K03635,bpe:BP2709,Q7VVG0
map00790,K03637,bpe:BP2711,Q7VVF8
map00790,K03638,bpe:BP2708,Q7VVG1
map00790,K03639,bpe:BP2706,Q7VVG3
map00790,K03750,bpe:BP1465,Q7VY89
map00790,K03750,bpe:BP2707,Q7VVG2
map00790,K03752,bpe:BP1466,Q7VY88
map00790,K03831,bpe:BP1015,Q7VZA7
map00790,K06879,bpe:BP2084,Q7VWV5
map00790,K06920,bpe:BP0214,Q7W0D1
map00790,K07141,bpe:BP0577,Q7VS66
map00790,K09007,bpe:BP2797,Q7VV88
map00790,K10026,bpe:BP2659,Q7VVJ8
map00790,K11754,bpe:BP1412,Q7VYD7
map00790,K14652,bpe:BP3484,Q7VTN5
map00750,K00097,bpe:BP2789,Q7VV96
map00750,K00275,bpe:BP3251,Q7VU72
map00750,K00831,bpe:BP0945,Q7VZG4
map00750,K00868,bpe:BP1321,Q7VYK4
map00750,K01733,bpe:BP2783,Q7VVA2
map00750,K03474,bpe:BP2078,Q7VWW0
map00860,K00228,bpe:BP2310,Q7VWE7
map00860,K00798,bpe:BP3090,Q7VUJ7
map00860,K01599,bpe:BP3291,Q7VU41
map00860,K01698,bpe:BP3648,Q7VTA2
map00860,K01719,bpe:BP2536,Q7VVV0
map00860,K01749,bpe:BP2537,Q7VVU9
map00860,K01772,bpe:BP2503,Q7VVX8
map00860,K01845,bpe:BP0315,Q7W050
map00860,K01885,bpe:BP2978,Q7VUU5
map00860,K02257,bpe:BP3735,Q7VT22
map00860,K02259,bpe:BP3736,Q7VT21
map00860,K02302,bpe:BP1055,Q7VZ77
map00860,K02492,bpe:BP0677,Q7VRY3
map00860,K02496,bpe:BP2535,Q7VVV1
map00860,K03594,bpe:BP0174,Q7W0G1
map00860,K03594,bpe:BP0546,Q7VS94
map00860,K08973,bpe:BP2372,Q7VW92
map00860,K08973,bpe:BP3826,Q7VSU6
map01501,K01207,bpe:BP2080,Q7VWV8
map01501,K03585,bpe:BP2075,Q7VWW2
map01501,K03587,bpe:BP3028,Q7VUP8
map01501,K05366,bpe:BP0905,Q7VZJ7
map01501,K05366,bpe:BP3655,Q7VT95
map01501,K05515,bpe:BP0377,Q7VSM7
map01501,K08218,bpe:BP0050,Q7W0P4
map01501,K12340,bpe:BP0763,P0DKY0
map01501,K18138,bpe:BP0985,Q7VZD3
map01501,K18138,bpe:BP2076,Q7VWW1
map01501,K18139,bpe:BP0986,Q7VZD2
map01501,K18139,bpe:BP3812,Q7VSW0
map00290,K00052,bpe:BP1483,Q7VY73
map00290,K00053,bpe:BP0791,Q7VZU4
map00290,K00826,bpe:BP3398,Q7VTV5
map00290,K00826,bpe:BP3571,Q7VTG9
map00290,K01649,bpe:BP0131,Q7W0I9
map00290,K01649,bpe:BP0287,Q7W071
map00290,K01652,bpe:BP0467,Q7VSF8
map00290,K01652,bpe:BP0773,Q7VZV8
map00290,K01652,bpe:BP0784,Q7VZU8
map00290,K01652,bpe:BP0789,Q7VZU6
map00290,K01652,bpe:BP0860,Q7VZN7
map00290,K01652,bpe:BP1535,Q7VY28
map00290,K01652,bpe:BP1538,Q7VY25
map00290,K01652,bpe:BP1860,Q7VXC3
map00290,K01652,bpe:BP3453,Q7VTR1
map00290,K01653,bpe:BP0790,Q7VZU5
map00290,K01687,bpe:BP0289,Q7W069
map00290,K01687,bpe:BP3043,Q7VUN6
map00290,K01703,bpe:BP1481,Q7VY75
map00290,K01704,bpe:BP1356,Q7VYI1
map00290,K01704,bpe:BP1482,Q7VY74
map00290,K01754,bpe:BP0139,Q7W0I4
map00290,K01754,bpe:BP0798,Q7VZT8
map00630,K00023,bpe:BP1150,Q7VYZ9
map00630,K00024,bpe:BP2365,Q7VW97
map00630,K00104,bpe:BP2905,Q7VV08
map00630,K00122,bpe:BP1513,Q7VY50
map00630,K00123,bpe:BP1472,Q7VY82
map00630,K00127,bpe:BP1475,Q7VY80
map00630,K00281,bpe:BP0197,Q7W0E3
map00630,K00382,bpe:BP0618,Q7VS34
map00630,K00382,bpe:BP0995,Q7VZC3
map00630,K00382,bpe:BP1126,Q7VZ16
map00630,K00382,bpe:BP1729,Q7VXM2
map00630,K00600,bpe:BP2952,Q7VUW7
map00630,K00605,bpe:BP0195,Q7W0E5
map00630,K00626,bpe:BP0332,Q7W034
map00630,K00626,bpe:BP0422,Q7VSJ3
map00630,K00626,bpe:BP0447,Q7VSH7
map00630,K00626,bpe:BP2059,Q7VWX5
map00630,K00626,bpe:BP2099,Q7VWU2
map00630,K00865,bpe:BP3332,Q7VU10
map00630,K01091,bpe:BP0478,Q7VSF0
map00630,K01091,bpe:BP0549,Q7VS91
map00630,K01091,bpe:BP3265,Q7VU63
map00630,K01433,bpe:BP2514,Q7VVX1
map00630,K01433,bpe:BP3254,Q7VU69
map00630,K01455,bpe:BP1516,Q7VY47
map00630,K01458,bpe:BP2725,Q7VVE6
map00630,K01637,bpe:BP2085,Q7VWV4
map00630,K01638,bpe:BP3680,Q7VT71
map00630,K01647,bpe:BP1352,Q7VYI5
map00630,K01647,bpe:BP2358,Q7VWA4
map00630,K01659,bpe:BP2368,Q7VW96
map00630,K01682,bpe:BP2021,Q7VX06
map00630,K01895,bpe:BP2377,Q7VW88
map00630,K01895,bpe:BP2409,Q7VW58
map00630,K01915,bpe:BP1596,Q7VXX6
map00630,K02437,bpe:BP0196,Q7W0E4
map00630,K03781,bpe:BP3852,P0A323
map00630,K04835,bpe:BP0806,Q7VZT1
map00630,K04835,bpe:BP3177,Q7VUC6
map00630,K05825,bpe:BP0559,Q7VS82
map00630,K05825,bpe:BP3685,Q7VT67
map00630,K07130,bpe:BP1234,Q7VYS5
map00630,K07246,bpe:BP2291,Q7VWG5
map00630,K11472,bpe:BP2904,Q7VV09
map00630,K11473,bpe:BP2903,Q7VV10
map00630,K12972,bpe:BP0283,Q7W075
map00630,K12972,bpe:BP2304,Q7VWF3
map00630,K27802,bpe:BP2014,Q7VX12
map04146,K00031,bpe:BP2488,Q7VVZ2
map04146,K00477,bpe:BP3605,Q7VTD9
map04146,K01578,bpe:BP2062,Q7VWX2
map04146,K01640,bpe:BP0556,Q7VS85
map04146,K01640,bpe:BP3695,Q7VT59
map04146,K01796,bpe:BP2096,Q7VWU5
map04146,K01796,bpe:BP2941,Q7VUX5
map04146,K01897,bpe:BP1099,Q7VZ40
map04146,K01897,bpe:BP2811,Q7VV75
map04146,K03426,bpe:BP3711,Q7VT45
map04146,K03781,bpe:BP3852,P0A323
map04146,K04564,bpe:BP0193,P53642
map04146,K04564,bpe:BP2761,P37369
map04146,K04565,bpe:BP2067,Q7VWW9
map03440,K01159,bpe:BP3417,Q7VTU0
map03440,K02335,bpe:BP1254,Q7VYQ6
map03440,K02337,bpe:BP2332,Q7VWC8
map03440,K02338,bpe:BP0490,Q7VSE1
map03440,K02339,bpe:BP2422,Q7VW47
map03440,K02340,bpe:BP2042,Q7VWY9
map03440,K02341,bpe:BP1848,Q7VXD1
map03440,K02342,bpe:BP0406,Q7VSK5
map03440,K02342,bpe:BP2022,Q7VX05
map03440,K02343,bpe:BP1549,Q7VY14
map03440,K02686,bpe:BP2795,P67673
map03440,K03111,bpe:BP3662,P66846
map03440,K03550,bpe:BP3418,Q7VTT9
map03440,K03551,bpe:BP3421,Q7VTT6
map03440,K03553,bpe:BP2546,P0A448
map03440,K03584,bpe:BP2429,Q7VW41
map03440,K03655,bpe:BP1612,Q7VXW4
map03440,K04066,bpe:BP3292,Q7VU40
map03440,K06187,bpe:BP1551,Q7VY12
map03440,K07462,bpe:BP1105,Q7VZ34
map03020,K03040,bpe:BP3642,P0A4E5
map03020,K03043,bpe:BP0015,Q7W0R9
map03020,K03046,bpe:BP0016,Q7W0R8
map03020,K03060,bpe:BP1577,Q7VXZ4
map02010,K01995,bpe:BP0304,Q7W058
map02010,K01995,bpe:BP0620,Q7VS32
map02010,K01995,bpe:BP1094,Q7VZ44
map02010,K01995,bpe:BP1274,Q7VYP1
map02010,K01995,bpe:BP1649,Q7VXT6
map02010,K01995,bpe:BP1950,Q7VX58
map02010,K01995,bpe:BP2744,Q7VVD2
map02010,K01995,bpe:BP3195,Q7VUB3
map02010,K01995,bpe:BP3430,Q7VTT0
map02010,K01995,bpe:BP3570,Q7VTH0
map02010,K01995,bpe:BP3577,Q7VTG3
map02010,K01995,bpe:BP3718,Q7VT38
map02010,K01996,bpe:BP0305,Q7W057
map02010,K01996,bpe:BP0619,Q7VS33
map02010,K01996,bpe:BP1098,Q7VZ41
map02010,K01996,bpe:BP1273,Q7VYP2
map02010,K01996,bpe:BP1650,Q7VXT5
map02010,K01996,bpe:BP1951,Q7VX57
map02010,K01996,bpe:BP2743,Q7VVD3
map02010,K01996,bpe:BP3194,Q7VUB4
map02010,K01996,bpe:BP3431,Q7VTS9
map02010,K01996,bpe:BP3576,Q7VTG4
map02010,K01996,bpe:BP3718,Q7VT38
map02010,K01997,bpe:BP0302,Q7W060
map02010,K01997,bpe:BP0621,Q7VS31
map02010,K01997,bpe:BP1095,Q7VZ43
map02010,K01997,bpe:BP1276,Q7VYN9
map02010,K01997,bpe:BP1949,Q7VX59
map02010,K01997,bpe:BP2089,Q7VWV2
map02010,K01997,bpe:BP2746,Q7VVD0
map02010,K01997,bpe:BP3193,Q7VUB5
map02010,K01997,bpe:BP3429,Q7VTT1
map02010,K01997,bpe:BP3569,Q7VTH1
map02010,K01997,bpe:BP3574,Q7VTG6
map02010,K01997,bpe:BP3720,Q7VT36
map02010,K01998,bpe:BP0303,Q7W059
map02010,K01998,bpe:BP0620,Q7VS32
map02010,K01998,bpe:BP1275,Q7VYP0
map02010,K01998,bpe:BP1949,Q7VX59
map02010,K01998,bpe:BP2745,Q7VVD1
map02010,K01998,bpe:BP3192,Q7VUB6
map02010,K01998,bpe:BP3428,Q7VTT2
map02010,K01998,bpe:BP3570,Q7VTH0
map02010,K01998,bpe:BP3573,Q7VTG7
map02010,K01998,bpe:BP3719,Q7VT37
map02010,K01999,bpe:BP0301,Q7W061
map02010,K01999,bpe:BP0622,Q7VS30
map02010,K01999,bpe:BP1097,Q7VZ42
map02010,K01999,bpe:BP1277,Q7VYN8
map02010,K01999,bpe:BP1285,Q7VYN1
map02010,K01999,bpe:BP1506,Q7VY56
map02010,K01999,bpe:BP1948,Q7VX60
map02010,K01999,bpe:BP2090,Q7VWV1
map02010,K01999,bpe:BP2418,Q7VW51
map02010,K01999,bpe:BP2747,Q7VVC9
map02010,K01999,bpe:BP3196,Q7VUB2
map02010,K01999,bpe:BP3322,Q7VU18
map02010,K01999,bpe:BP3427,Q7VTT3
map02010,K01999,bpe:BP3568,Q7VTH2
map02010,K01999,bpe:BP3575,Q7VTG5
map02010,K01999,bpe:BP3716,Q7VT40
map02010,K02000,bpe:BP2057,Q7VWX7
map02010,K02001,bpe:BP2056,Q7VWX8
map02010,K02002,bpe:BP2055,Q7VWX9
map02010,K02002,bpe:BP3572,Q7VTG8
map02010,K02010,bpe:BP1457,Q7VY94
map02010,K02010,bpe:BP2277,Q7VWH6
map02010,K02010,bpe:BP2551,Q7VVT6
map02010,K02011,bpe:BP1458,Q7VY93
map02010,K02011,bpe:BP1604,Q7VXX0
map02010,K02011,bpe:BP2276,Q7VWH7
map02010,K02011,bpe:BP2552,Q7VVT5
map02010,K02012,bpe:BP1605,Q7VXW9
map02010,K02012,bpe:BP2271,Q7VWI0
map02010,K02012,bpe:BP2274,Q7VWH9
map02010,K02012,bpe:BP2553,Q7VVT4
map02010,K02017,bpe:BP3093,Q7VUJ5
map02010,K02018,bpe:BP3094,Q7VUJ4
map02010,K02020,bpe:BP3095,Q7VUJ3
map02010,K02020,bpe:BP3105,Q7VUI6
map02010,K02036,bpe:BP1068,Q7VZ66
map02010,K02037,bpe:BP1070,Q7VZ64
map02010,K02038,bpe:BP1069,Q7VZ65
map02010,K02040,bpe:BP1071,Q7VZ63
map02010,K02042,bpe:BP3476,Q7VTP1
map02010,K02042,bpe:BP3477,Q7VTP0
map02010,K02044,bpe:BP3481,Q7VTN8
map02010,K02045,bpe:BP0969,Q7VZE5
map02010,K02065,bpe:BP0100,Q7W0L5
map02010,K02065,bpe:BP3757,Q7VT00
map02010,K02066,bpe:BP0099,Q7W0L6
map02010,K02066,bpe:BP3758,Q7VSZ9
map02010,K02067,bpe:BP3759,Q7VSZ8
map02010,K02071,bpe:BP2816,Q7VV72
map02010,K02072,bpe:BP2817,Q7VV71
map02010,K02073,bpe:BP0385,Q7VSM1
map02010,K02073,bpe:BP1292,Q7VYM6
map02010,K02073,bpe:BP2818,Q7VV70
map02010,K02073,bpe:BP3434,Q7VTS6
map02010,K02424,bpe:BP1364,Q7VYH5
map02010,K03523,bpe:BP3567,Q7VTH3
map02010,K05772,bpe:BP1480,Q7VY76
map02010,K05813,bpe:BP0121,Q7W0J5
map02010,K05813,bpe:BP1281,Q7VYN5
map02010,K05814,bpe:BP0120,Q7W0J6
map02010,K05814,bpe:BP1282,Q7VYN4
map02010,K05815,bpe:BP0119,Q7W0J7
map02010,K05815,bpe:BP1283,Q7VYN3
map02010,K05816,bpe:BP0122,Q7W0J4
map02010,K05816,bpe:BP1284,Q7VYN2
map02010,K06857,bpe:BP1479,Q7VY77
map02010,K06861,bpe:BP0697,Q7W011
map02010,K07091,bpe:BP2420,Q7VW49
map02010,K07323,bpe:BP3761,Q7VSZ6
map02010,K09688,bpe:BP1623,Q7VXV5
map02010,K09689,bpe:BP1624,Q7VXV4
map02010,K09694,bpe:BP1215,Q7VYU2
map02010,K09695,bpe:BP1214,Q7VYU3
map02010,K09808,bpe:BP1107,Q7VZ32
map02010,K09810,bpe:BP1108,Q7VZ31
map02010,K09811,bpe:BP3833,Q7VST9
map02010,K09812,bpe:BP3832,Q7VSU0
map02010,K09969,bpe:BP0558,Q7VS83
map02010,K09969,bpe:BP1529,Q7VY34
map02010,K09969,bpe:BP3831,Q7VSU1
map02010,K09970,bpe:BP3830,Q7VSU2
map02010,K09971,bpe:BP3829,Q7VSU3
map02010,K09972,bpe:BP3828,Q7VSU4
map02010,K10001,bpe:BP0057,Q7W0P0
map02010,K10001,bpe:BP0765,Q7VZW5
map02010,K10002,bpe:BP0055,Q7W0P2
map02010,K10002,bpe:BP0767,Q7VZW4
map02010,K10003,bpe:BP0056,Q7W0P1
map02010,K10004,bpe:BP0768,Q7VZW3
map02010,K10009,bpe:BP1363,Q7VYH6
map02010,K10010,bpe:BP1362,Q7VYH7
map02010,K10036,bpe:BP1573,Q7VXZ7
map02010,K10037,bpe:BP1574,Q7VXZ6
map02010,K10038,bpe:BP1575,Q7VXZ5
map02010,K10107,bpe:BP1625,Q7VXV3
map02010,K10112,bpe:BP2832,Q7VV61
map02010,K11004,bpe:BP0761,P0DKX5
map02010,K11073,bpe:BP2348,Q7VWB2
map02010,K11074,bpe:BP2345,Q7VWB5
map02010,K11075,bpe:BP2346,Q7VWB4
map02010,K11076,bpe:BP2347,Q7VWB3
map02010,K11085,bpe:BP2321,Q7VWD8
map02010,K11720,bpe:BP0325,Q7W040
map02010,K13889,bpe:BP2396,Q7VW70
map02010,K13890,bpe:BP2395,Q7VW71
map02010,K13891,bpe:BP2394,Q7VW72
map02010,K13892,bpe:BP2397,Q7VW69
map02010,K15551,bpe:BP3674,Q7VT77
map02010,K15552,bpe:BP3675,Q7VT76
map02010,K15553,bpe:BP0461,Q7VSG4
map02010,K15553,bpe:BP3855,Q7VSS3
map02010,K15554,bpe:BP0463,Q7VSG2
map02010,K15554,bpe:BP3853,Q7VSS5
map02010,K15555,bpe:BP0462,Q7VSG3
map02010,K15555,bpe:BP3854,Q7VSS4
map02010,K16012,bpe:BP0263,Q7W090
map02010,K16013,bpe:BP0262,Q7W091
map02010,K16783,bpe:BP3566,Q7VTH4
map02010,K16784,bpe:BP3565,Q7VTH5
map02010,K17321,bpe:BP2638,Q7VVL6
map02010,K17323,bpe:BP2640,Q7VVL4
map02010,K17325,bpe:BP2642,Q7VVL3
map02010,K23163,bpe:BP0966,Q7VZE6
map02010,K24821,bpe:BP0899,Q7VZK3
map03070,K03070,bpe:BP3014,Q7VUR2
map03070,K03071,bpe:BP0604,Q7VS46
map03070,K03072,bpe:BP1046,Q7VZ84
map03070,K03073,bpe:BP0008,Q7W0S5
map03070,K03074,bpe:BP1045,Q7VZ85
map03070,K03075,bpe:BP0802,Q7VZT4
map03070,K03076,bpe:BP3636,Q7VTB1
map03070,K03106,bpe:BP0079,Q7W0M3
map03070,K03110,bpe:BP3473,Q7VTP2
map03070,K03116,bpe:BP3777,Q7VSY2
map03070,K03117,bpe:BP3778,Q7VSY1
map03070,K03118,bpe:BP3779,Q7VSY0
map03070,K03202,bpe:BP3792,Q7VSX7
map03070,K03210,bpe:BP1047,Q7VZ83
map03070,K03217,bpe:BP0495,P65622
map03070,K03219,bpe:BP2235,Q79GR8
map03070,K03221,bpe:BP2264,Q79GP3
map03070,K03222,bpe:BP2248,Q79GQ6
map03070,K03223,bpe:BP2246,Q79GQ8
map03070,K03224,bpe:BP2245,Q79GQ9
map03070,K03225,bpe:BP2241,Q79GR2
map03070,K03226,bpe:BP2240,Q79GR3
map03070,K03227,bpe:BP2239,Q79GR4
map03070,K03228,bpe:BP2238,Q79GR5
map03070,K03229,bpe:BP2237,Q79GR6
map03070,K03230,bpe:BP2261,Q79GP6
map03070,K04056,bpe:BP2244,Q79GR0
map03070,K04058,bpe:BP2257,Q79GQ0
map03070,K04059,bpe:BP2259,Q79GP8
map03070,K11003,bpe:BP0762,P0DKX9
map03070,K11004,bpe:BP0761,P0DKX5
map03070,K12340,bpe:BP0763,P0DKY0
map00730,K00788,bpe:BP0316,Q7W049
map00730,K00939,bpe:BP2769,P0DKX8
map00730,K00941,bpe:BP0317,Q7W048
map00730,K00941,bpe:BP3598,Q7VTE4
map00730,K00946,bpe:BP3487,Q7VTN2
map00730,K01662,bpe:BP2798,Q7VV87
map00730,K03147,bpe:BP0206,Q7W0D7
map00730,K03149,bpe:BP3597,Q7VTE5
map00730,K04487,bpe:BP1799,Q7VXH1
map00730,K06949,bpe:BP2689,P67678
map00400,K00014,bpe:BP3004,Q7VUS1
map00400,K00766,bpe:BP3262,Q7VU66
map00400,K00800,bpe:BP0948,P12421
map00400,K00812,bpe:BP1185,Q7VYW8
map00400,K00817,bpe:BP2194,Q7VWL5
map00400,K00817,bpe:BP3769,Q7VSZ0
map00400,K00832,bpe:BP1795,Q7VXH5
map00400,K00832,bpe:BP2858,Q7VV46
map00400,K00891,bpe:BP3656,Q7VT94
map00400,K01609,bpe:BP3261,Q7VU67
map00400,K01626,bpe:BP2908,Q7VV05
map00400,K01657,bpe:BP3264,Q7VU64
map00400,K01658,bpe:BP3263,Q7VU65
map00400,K01695,bpe:BP3590,Q7VTF0
map00400,K01696,bpe:BP3589,Q7VTF1
map00400,K01735,bpe:BP3657,Q7VT93
map00400,K01736,bpe:BP1462,Q7VY92
map00400,K01817,bpe:BP1490,Q7VY68
map00400,K03786,bpe:BP2998,Q7VUS7
map00400,K04517,bpe:BP0947,Q7VZG2
map00400,K14170,bpe:BP0946,Q7VZG3
map02024,K01114,bpe:BP2337,Q7VWC3
map02024,K01626,bpe:BP2908,Q7VV05
map02024,K01657,bpe:BP3264,Q7VU64
map02024,K01658,bpe:BP3263,Q7VU65
map02024,K01897,bpe:BP1099,Q7VZ40
map02024,K01897,bpe:BP2811,Q7VV75
map02024,K01995,bpe:BP0304,Q7W058
map02024,K01995,bpe:BP0620,Q7VS32
map02024,K01995,bpe:BP1094,Q7VZ44
map02024,K01995,bpe:BP1274,Q7VYP1
map02024,K01995,bpe:BP1649,Q7VXT6
map02024,K01995,bpe:BP1950,Q7VX58
map02024,K01995,bpe:BP2744,Q7VVD2
map02024,K01995,bpe:BP3195,Q7VUB3
map02024,K01995,bpe:BP3430,Q7VTT0
map02024,K01995,bpe:BP3570,Q7VTH0
map02024,K01995,bpe:BP3577,Q7VTG3
map02024,K01995,bpe:BP3718,Q7VT38
map02024,K01996,bpe:BP0305,Q7W057
map02024,K01996,bpe:BP0619,Q7VS33
map02024,K01996,bpe:BP1098,Q7VZ41
map02024,K01996,bpe:BP1273,Q7VYP2
map02024,K01996,bpe:BP1650,Q7VXT5
map02024,K01996,bpe:BP1951,Q7VX57
map02024,K01996,bpe:BP2743,Q7VVD3
map02024,K01996,bpe:BP3194,Q7VUB4
map02024,K01996,bpe:BP3431,Q7VTS9
map02024,K01996,bpe:BP3576,Q7VTG4
map02024,K01996,bpe:BP3718,Q7VT38
map02024,K01997,bpe:BP0302,Q7W060
map02024,K01997,bpe:BP0621,Q7VS31
map02024,K01997,bpe:BP1095,Q7VZ43
map02024,K01997,bpe:BP1276,Q7VYN9
map02024,K01997,bpe:BP1949,Q7VX59
map02024,K01997,bpe:BP2089,Q7VWV2
map02024,K01997,bpe:BP2746,Q7VVD0
map02024,K01997,bpe:BP3193,Q7VUB5
map02024,K01997,bpe:BP3429,Q7VTT1
map02024,K01997,bpe:BP3569,Q7VTH1
map02024,K01997,bpe:BP3574,Q7VTG6
map02024,K01997,bpe:BP3720,Q7VT36
map02024,K01998,bpe:BP0303,Q7W059
map02024,K01998,bpe:BP0620,Q7VS32
map02024,K01998,bpe:BP1275,Q7VYP0
map02024,K01998,bpe:BP1949,Q7VX59
map02024,K01998,bpe:BP2745,Q7VVD1
map02024,K01998,bpe:BP3192,Q7VUB6
map02024,K01998,bpe:BP3428,Q7VTT2
map02024,K01998,bpe:BP3570,Q7VTH0
map02024,K01998,bpe:BP3573,Q7VTG7
map02024,K01998,bpe:BP3719,Q7VT37
map02024,K01999,bpe:BP0301,Q7W061
map02024,K01999,bpe:BP0622,Q7VS30
map02024,K01999,bpe:BP1097,Q7VZ42
map02024,K01999,bpe:BP1277,Q7VYN8
map02024,K01999,bpe:BP1285,Q7VYN1
map02024,K01999,bpe:BP1506,Q7VY56
map02024,K01999,bpe:BP1948,Q7VX60
map02024,K01999,bpe:BP2090,Q7VWV1
map02024,K01999,bpe:BP2418,Q7VW51
map02024,K01999,bpe:BP2747,Q7VVC9
map02024,K01999,bpe:BP3196,Q7VUB2
map02024,K01999,bpe:BP3322,Q7VU18
map02024,K01999,bpe:BP3427,Q7VTT3
map02024,K01999,bpe:BP3568,Q7VTH2
map02024,K01999,bpe:BP3575,Q7VTG5
map02024,K01999,bpe:BP3716,Q7VT40
map02024,K02031,bpe:BP0723,Q7VZZ3
map02024,K02031,bpe:BP1826,Q7VXE9
map02024,K02031,bpe:BP1986,Q7VX36
map02024,K02031,bpe:BP2296,Q7VWG0
map02024,K02031,bpe:BP2591,Q7VVQ3
map02024,K02031,bpe:BP3460,Q7VTQ4
map02024,K02031,bpe:BP3859,Q7VSR9
map02024,K02032,bpe:BP0723,Q7VZZ3
map02024,K02032,bpe:BP1826,Q7VXE9
map02024,K02032,bpe:BP1986,Q7VX36
map02024,K02032,bpe:BP2296,Q7VWG0
map02024,K02032,bpe:BP2591,Q7VVQ3
map02024,K02032,bpe:BP3460,Q7VTQ4
map02024,K02032,bpe:BP3858,Q7VSS0
map02024,K02033,bpe:BP0725,Q7VZZ1
map02024,K02033,bpe:BP1824,Q7VXF1
map02024,K02033,bpe:BP1984,Q7VX38
map02024,K02033,bpe:BP2294,Q7VWG2
map02024,K02033,bpe:BP2593,Q7VVQ1
map02024,K02033,bpe:BP2691,Q7VVH4
map02024,K02033,bpe:BP3160,Q7VUD8
map02024,K02033,bpe:BP3299,Q7VU35
map02024,K02033,bpe:BP3458,Q7VTQ6
map02024,K02033,bpe:BP3803,Q7VSW6
map02024,K02033,bpe:BP3861,Q7VSR7
map02024,K02034,bpe:BP0724,Q7VZZ2
map02024,K02034,bpe:BP1825,Q7VXF0
map02024,K02034,bpe:BP1985,Q7VX37
map02024,K02034,bpe:BP2295,Q7VWG1
map02024,K02034,bpe:BP2592,Q7VVQ2
map02024,K02034,bpe:BP3161,Q7VUD7
map02024,K02034,bpe:BP3298,Q7VU36
map02024,K02034,bpe:BP3459,Q7VTQ5
map02024,K02034,bpe:BP3804,Q7VSW5
map02024,K02034,bpe:BP3860,Q7VSR8
map02024,K02035,bpe:BP0284,Q7W074
map02024,K02035,bpe:BP0726,Q7VZZ0
map02024,K02035,bpe:BP1823,Q7VXF2
map02024,K02035,bpe:BP1983,Q7VX39
map02024,K02035,bpe:BP2293,Q7VWG3
map02024,K02035,bpe:BP2594,Q7VVQ0
map02024,K02035,bpe:BP2692,Q7VVH3
map02024,K02035,bpe:BP3159,Q7VUD9
map02024,K02035,bpe:BP3237,Q7VU86
map02024,K02035,bpe:BP3802,Q7VSW7
map02024,K02035,bpe:BP3862,Q7VSR6
map02024,K02052,bpe:BP1930,Q7VX76
map02024,K02053,bpe:BP0126,Q7W0J2
map02024,K02053,bpe:BP1929,Q7VX77
map02024,K02054,bpe:BP1928,Q7VX78
map02024,K02055,bpe:BP0128,Q7W0J1
map02024,K02055,bpe:BP1926,Q7VX79
map02024,K02402,bpe:BP1023,Q7VZA0
map02024,K02403,bpe:BP1022,Q7VZA1
map02024,K03070,bpe:BP3014,Q7VUR2
map02024,K03071,bpe:BP0604,Q7VS46
map02024,K03073,bpe:BP0008,Q7W0S5
map02024,K03075,bpe:BP0802,Q7VZT4
map02024,K03076,bpe:BP3636,Q7VTB1
map02024,K03106,bpe:BP0079,Q7W0M3
map02024,K03110,bpe:BP3473,Q7VTP2
map02024,K03210,bpe:BP1047,Q7VZ83
map02024,K03217,bpe:BP0495,P65622
map02024,K03666,bpe:BP2193,Q7VWL6
map02024,K07667,bpe:BP2484,Q7VVZ5
map02024,K09823,bpe:BP3083,Q7VUK3
map02024,K11752,bpe:BP2948,Q7VUX0
map02024,K18139,bpe:BP0986,Q7VZD2
map02024,K18139,bpe:BP3812,Q7VSW0
map02024,K18306,bpe:BP0828,Q7VZR3
map02024,K18307,bpe:BP0827,Q7VZR4
map03060,K03070,bpe:BP3014,Q7VUR2
map03060,K03071,bpe:BP0604,Q7VS46
map03060,K03072,bpe:BP1046,Q7VZ84
map03060,K03073,bpe:BP0008,Q7W0S5
map03060,K03074,bpe:BP1045,Q7VZ85
map03060,K03075,bpe:BP0802,Q7VZT4
map03060,K03076,bpe:BP3636,Q7VTB1
map03060,K03100,bpe:BP2432,Q79GN3
map03060,K03101,bpe:BP1752,Q7VXK4
map03060,K03106,bpe:BP0079,Q7W0M3
map03060,K03110,bpe:BP3473,Q7VTP2
map03060,K03116,bpe:BP3777,Q7VSY2
map03060,K03117,bpe:BP3778,Q7VSY1
map03060,K03118,bpe:BP3779,Q7VSY0
map03060,K03210,bpe:BP1047,Q7VZ83
map03060,K03217,bpe:BP0495,P65622
map00540,K00677,bpe:BP1431,Q7VYB8
map00540,K00748,bpe:BP1432,Q7VYB7
map00540,K00912,bpe:BP2766,Q7VVB2
map00540,K02517,bpe:BP3072,Q7VUL4
map00540,K02517,bpe:BP3073,Q7VUL3
map00540,K02527,bpe:BP0095,Q79H43
map00540,K02535,bpe:BP3017,Q7VUQ9
map00540,K02536,bpe:BP1429,Q7VYC0
map00540,K02841,bpe:BP0094,Q79H44
map00540,K02843,bpe:BP2322,Q79GN5
map00540,K02847,bpe:BP2486,Q7VVZ4
map00540,K03269,bpe:BP1905,Q7VX99
map00540,K11211,bpe:BP2349,Q7VWB1
map00540,K12973,bpe:BP3006,Q7VUS0
map00540,K12979,bpe:BP2333,Q7VWC7
map04122,K00566,bpe:BP2893,Q7U359
map04122,K01011,bpe:BP2280,Q7VWH3
map04122,K03154,bpe:BP3690,Q7VT63
map04122,K03635,bpe:BP2709,Q7VVG0
map04122,K03636,bpe:BP2710,Q7VVF9
map04122,K03637,bpe:BP2711,Q7VVF8
map04122,K03638,bpe:BP2708,Q7VVG1
map04122,K03639,bpe:BP2706,Q7VVG3
map04122,K03831,bpe:BP1015,Q7VZA7
map04122,K04085,bpe:BP1837,Q7VXE0
map04122,K04487,bpe:BP1799,Q7VXH1
map04122,K21029,bpe:BP0610,Q7VS40
map03030,K01972,bpe:BP3560,Q7VRX7
map03030,K02314,bpe:BP2791,Q7VV94
map03030,K02316,bpe:BP2185,Q7VWM4
map03030,K02335,bpe:BP1254,Q7VYQ6
map03030,K02337,bpe:BP2332,Q7VWC8
map03030,K02338,bpe:BP0490,Q7VSE1
map03030,K02339,bpe:BP2422,Q7VW47
map03030,K02340,bpe:BP2042,Q7VWY9
map03030,K02341,bpe:BP1848,Q7VXD1
map03030,K02342,bpe:BP0406,Q7VSK5
map03030,K02342,bpe:BP2022,Q7VX05
map03030,K02343,bpe:BP1549,Q7VY14
map03030,K03111,bpe:BP3662,P66846
map03030,K03469,bpe:BP3211,Q7VRX8
map03030,K03470,bpe:BP1433,Q7VYB6
map03410,K01142,bpe:BP0369,Q7VSN5
map03410,K01142,bpe:BP2110,Q7VWT3
map03410,K01246,bpe:BP2838,Q7VV58
map03410,K01247,bpe:BP1909,Q7VX95
map03410,K01972,bpe:BP3560,Q7VRX7
map03410,K02335,bpe:BP1254,Q7VYQ6
map03410,K03575,bpe:BP3836,Q7VST7
map03410,K03648,bpe:BP3056,Q7VUM8
map03410,K03652,bpe:BP2343,Q7VWB7
map03410,K07462,bpe:BP1105,Q7VZ34
map03410,K10563,bpe:BP3129,Q7VUG7
map03410,K10773,bpe:BP3578,Q7VTG2
map03410,K21929,bpe:BP3556,Q7VTI2
map03420,K01972,bpe:BP3560,Q7VRX7
map03420,K02335,bpe:BP1254,Q7VYQ6
map03420,K03657,bpe:BP1759,Q7VRY2
map03420,K03657,bpe:BP1980,Q7VX41
map03420,K03701,bpe:BP3240,Q7VU82
map03420,K03701,bpe:BP3660,Q7VT90
map03420,K03702,bpe:BP1796,Q7VXH4
map03420,K03703,bpe:BP2081,Q7VWV7
map03420,K03723,bpe:BP0864,Q7VZN3
map03430,K01972,bpe:BP3560,Q7VRX7
map03430,K02337,bpe:BP2332,Q7VWC8
map03430,K02338,bpe:BP0490,Q7VSE1
map03430,K02339,bpe:BP2422,Q7VW47
map03430,K02340,bpe:BP2042,Q7VWY9
map03430,K02341,bpe:BP1848,Q7VXD1
map03430,K02342,bpe:BP0406,Q7VSK5
map03430,K02342,bpe:BP2022,Q7VX05
map03430,K02343,bpe:BP1549,Q7VY14
map03430,K03111,bpe:BP3662,P66846
map03430,K03555,bpe:BP1566,Q7VY01
map03430,K03572,bpe:BP0244,Q7W0A6
map03430,K03601,bpe:BP2762,Q7VVB6
map03430,K03602,bpe:BP2800,Q7VV85
map03430,K03657,bpe:BP1759,Q7VRY2
map03430,K03657,bpe:BP1980,Q7VX41
map03430,K07462,bpe:BP1105,Q7VZ34
map00620,K00001,bpe:BP2601,Q7VVP4
map00620,K00016,bpe:BP0379,Q7VSM5
map00620,K00024,bpe:BP2365,Q7VW97
map00620,K00029,bpe:BP1064,Q7VZ68
map00620,K00029,bpe:BP1120,Q7VZ22
map00620,K00029,bpe:BP3456,Q7VTQ8
map00620,K00101,bpe:BP0484,Q7VSE6
map00620,K00101,bpe:BP1293,Q7VYM5
map00620,K00102,bpe:BP2906,Q7VV07
map00620,K00121,bpe:BP3751,Q7VT06
map00620,K00128,bpe:BP0465,Q7VSG0
map00620,K00138,bpe:BP2157,Q7VWP6
map00620,K00163,bpe:BP0993,Q7VZC5
map00620,K00163,bpe:BP1121,Q7VZ21
map00620,K00382,bpe:BP0618,Q7VS34
map00620,K00382,bpe:BP0995,Q7VZC3
map00620,K00382,bpe:BP1126,Q7VZ16
map00620,K00382,bpe:BP1729,Q7VXM2
map00620,K00625,bpe:BP1004,Q7VZB5
map00620,K00626,bpe:BP0332,Q7W034
map00620,K00626,bpe:BP0422,Q7VSJ3
map00620,K00626,bpe:BP0447,Q7VSH7
map00620,K00626,bpe:BP2059,Q7VWX5
map00620,K00626,bpe:BP2099,Q7VWU2
map00620,K00627,bpe:BP0994,Q7VZC4
map00620,K00873,bpe:BP3333,Q7VU09
map00620,K00925,bpe:BP1003,Q7VZB6
map00620,K01007,bpe:BP1436,Q7VYB3
map00620,K01069,bpe:BP3213,Q7VUA5
map00620,K01571,bpe:BP0884,Q7VZL7
map00620,K01595,bpe:BP0215,Q7W0D0
map00620,K01638,bpe:BP3680,Q7VT71
map00620,K01649,bpe:BP0131,Q7W0I9
map00620,K01649,bpe:BP0287,Q7W071
map00620,K01679,bpe:BP0248,Q7W0A2
map00620,K01759,bpe:BP0038,Q7W0Q1
map00620,K01895,bpe:BP2377,Q7VW88
map00620,K01895,bpe:BP2409,Q7VW58
map00620,K01961,bpe:BP0889,Q7VZL2
map00620,K01961,bpe:BP2996,Q7VUS9
map00620,K01962,bpe:BP1910,Q7VX94
map00620,K01963,bpe:BP3591,Q7VTE9
map00620,K02160,bpe:BP0883,Q7VZL8
map00620,K02160,bpe:BP2997,Q7VUS8
map00620,K03777,bpe:BP0651,Q7VS08
map00620,K12972,bpe:BP0283,Q7W075
map00620,K12972,bpe:BP2304,Q7VWF3
map00620,K18118,bpe:BP2031,Q7VWZ7
map00620,K24012,bpe:BP0672,Q7VRY7
map00010,K00001,bpe:BP2601,Q7VVP4
map00010,K00016,bpe:BP0379,Q7VSM5
map00010,K00121,bpe:BP3751,Q7VT06
map00010,K00128,bpe:BP0465,Q7VSG0
map00010,K00134,bpe:BP1000,Q7VZB9
map00010,K00138,bpe:BP2157,Q7VWP6
map00010,K00163,bpe:BP0993,Q7VZC5
map00010,K00163,bpe:BP1121,Q7VZ21
map00010,K00382,bpe:BP0618,Q7VS34
map00010,K00382,bpe:BP0995,Q7VZC3
map00010,K00382,bpe:BP1126,Q7VZ16
map00010,K00382,bpe:BP1729,Q7VXM2
map00010,K00627,bpe:BP0994,Q7VZC4
map00010,K00873,bpe:BP3333,Q7VU09
map00010,K00927,bpe:BP1001,Q7VZB8
map00010,K01007,bpe:BP1436,Q7VYB3
map00010,K01624,bpe:BP1519,Q7VY44
map00010,K01689,bpe:BP2386,Q7VW79
map00010,K01803,bpe:BP0801,Q7VZT5
map00010,K01810,bpe:BP1971,Q7VX49
map00010,K01810,bpe:BP3142,Q7VUF4
map00010,K01834,bpe:BP0607,Q7VS43
map00010,K01895,bpe:BP2377,Q7VW88
map00010,K01895,bpe:BP2409,Q7VW58
map00010,K03841,bpe:BP0868,Q7VZM9
map00010,K15634,bpe:BP1455,Q7VY96
map00010,K15778,bpe:BP1970,Q7VX50
map00010,K15778,bpe:BP3141,Q7VUF5
map00010,K24012,bpe:BP0672,Q7VRY7
map00680,K00024,bpe:BP2365,Q7VW97
map00680,K00058,bpe:BP0155,Q7W0H7
map00680,K00121,bpe:BP3751,Q7VT06
map00680,K00122,bpe:BP1513,Q7VY50
map00680,K00123,bpe:BP1472,Q7VY82
map00680,K00127,bpe:BP1475,Q7VY80
map00680,K00600,bpe:BP2952,Q7VUW7
map00680,K00625,bpe:BP1004,Q7VZB5
map00680,K00831,bpe:BP0945,Q7VZG4
map00680,K00925,bpe:BP1003,Q7VZB6
map00680,K01007,bpe:BP1436,Q7VYB3
map00680,K01070,bpe:BP3750,Q7VT07
map00680,K01079,bpe:BP0863,Q7VZN4
map00680,K01595,bpe:BP0215,Q7W0D0
map00680,K01624,bpe:BP1519,Q7VY44
map00680,K01689,bpe:BP2386,Q7VW79
map00680,K01834,bpe:BP0607,Q7VS43
map00680,K01895,bpe:BP2377,Q7VW88
map00680,K01895,bpe:BP2409,Q7VW58
map00680,K03841,bpe:BP0868,Q7VZM9
map00680,K15634,bpe:BP1455,Q7VY96
map00680,K22084,bpe:BP2518,Q7VVW7
map00680,K22085,bpe:BP2517,Q7VVW8
map00680,K22086,bpe:BP2516,Q7VVW9
map00680,K22087,bpe:BP2515,Q7VVX0
map00564,K00057,bpe:BP0603,Q7VS47
map00564,K00111,bpe:BP2644,Q7VVL1
map00564,K00655,bpe:BP0036,Q7W0Q3
map00564,K00655,bpe:BP0323,Q7W042
map00564,K00901,bpe:BP3492,Q7VTM7
map00564,K00981,bpe:BP1424,Q7VYC5
map00564,K00995,bpe:BP2082,Q7VWV6
map00564,K01095,bpe:BP3488,Q7VTN1
map00564,K01114,bpe:BP2337,Q7VWC3
map00564,K01126,bpe:BP1731,Q7VXM0
map00564,K01613,bpe:BP1294,Q7VYM4
map00564,K06131,bpe:BP0711,Q7VZZ9
map00564,K06131,bpe:BP1339,Q7VYJ5
map00564,K06131,bpe:BP2225,Q7VWJ3
map00564,K06131,bpe:BP3518,Q7VTL1
map00564,K06132,bpe:BP3092,Q7VUJ6
map00564,K08591,bpe:BP1718,Q7VXN3
map00564,K17103,bpe:BP0792,Q7VZU3
map00760,K00135,bpe:BP0757,Q7VZW7
map00760,K00135,bpe:BP0919,Q7VZI8
map00760,K00135,bpe:BP1976,Q7VX44
map00760,K00135,bpe:BP3624,Q7VTC2
map00760,K00324,bpe:BP2897,Q7VV14
map00760,K00763,bpe:BP3583,Q7VTF7
map00760,K00767,bpe:BP3725,Q7VT31
map00760,K00858,bpe:BP2505,Q7VVX6
map00760,K00969,bpe:BP2311,Q7VWE6
map00760,K01081,bpe:BP0294,Q7W066
map00760,K01799,bpe:BP0579,Q7TTH1
map00760,K01799,bpe:BP1955,Q7TTH1
map00760,K01799,bpe:BP3498,Q7VTM5
map00760,K01950,bpe:BP2700,Q7VVG8
map00760,K03426,bpe:BP3711,Q7VT45
map00760,K03743,bpe:BP3489,Q7VTN0
map00760,K03787,bpe:BP1719,Q7VXN2
map00760,K06989,bpe:BP0567,Q7VS76
map00760,K06989,bpe:BP1922,Q7VX83
map00760,K08281,bpe:BP3506,Q7VTL9
map00760,K13995,bpe:BP0582,Q7TTD2
map00760,K13995,bpe:BP1958,Q7TTD2
map00760,K14974,bpe:BP1954,Q7VX55
map00760,K18028,bpe:BP0581,Q7TTJ1
map00760,K18028,bpe:BP1957,Q7TTJ1
map00760,K18029,bpe:BP1953,Q7VX56
map00330,K00128,bpe:BP0465,Q7VSG0
map00330,K00147,bpe:BP2041,Q7VWZ0
map00330,K00286,bpe:BP1280,Q7VYN6
map00330,K00294,bpe:BP0429,Q7VSI8
map00330,K00812,bpe:BP1185,Q7VYW8
map00330,K00819,bpe:BP0539,Q7VSA0
map00330,K00824,bpe:BP0103,Q7W0L1
map00330,K00824,bpe:BP0769,Q7VZW2
map00330,K00931,bpe:BP0746,Q7VZX7
map00330,K01259,bpe:BP3691,Q7VT62
map00330,K01426,bpe:BP0487,Q7VSE4
map00330,K01426,bpe:BP0722,Q7VZZ4
map00330,K01426,bpe:BP2039,Q7VWZ2
map00330,K01473,bpe:BP0753,Q7VZX0
map00330,K01473,bpe:BP0822,Q7VZR8
map00330,K01474,bpe:BP0754,Q7VZW9
map00330,K01474,bpe:BP0821,Q7VZR9
map00330,K01476,bpe:BP0538,Q7VSA1
map00330,K01480,bpe:BP1531,Q7VY32
map00330,K01584,bpe:BP0190,Q7W0E8
map00330,K09472,bpe:BP2303,Q7VWF4
map00330,K13747,bpe:BP0731,Q7VZY7
map00330,K13821,bpe:BP2749,Q7VVC8
map00740,K00793,bpe:BP2874,Q7VV32
map00740,K00794,bpe:BP3485,Q7VTN4
map00740,K01515,bpe:BP1194,Q7VYV9
map00740,K02858,bpe:BP0471,Q7VSF4
map00740,K03186,bpe:BP0681,Q7W020
map00740,K11752,bpe:BP2948,Q7VUX0
map00740,K11753,bpe:BP1754,Q7VXK2
map00740,K14652,bpe:BP3484,Q7VTN5
map00561,K00128,bpe:BP0465,Q7VSG0
map00561,K00655,bpe:BP0036,Q7W0Q3
map00561,K00655,bpe:BP0323,Q7W042
map00561,K00864,bpe:BP3825,Q7VSU7
map00561,K00865,bpe:BP3332,Q7VU10
map00561,K00901,bpe:BP3492,Q7VTM7
map00561,K03621,bpe:BP2444,Q7VW28
map00561,K08591,bpe:BP1718,Q7VXN3
map00561,K27597,bpe:BP3069,Q7VUL7
map00410,K00128,bpe:BP0465,Q7VSG0
map00410,K00140,bpe:BP1615,Q7VXW1
map00410,K00140,bpe:BP2417,Q7VW52
map00410,K00822,bpe:BP3157,Q7VUE0
map00410,K00823,bpe:BP1977,Q7VX43
map00410,K01578,bpe:BP2062,Q7VWX2
map00410,K01579,bpe:BP1816,Q7VXF8
map00410,K01692,bpe:BP3277,Q7VU52
map00410,K01918,bpe:BP3821,Q7VSV1
map00410,K06016,bpe:BP1859,Q7VXC4
map00410,K06016,bpe:BP2301,Q7VWF6
map00410,K07250,bpe:BP2298,Q7VWF9
map00340,K00013,bpe:BP3768,Q7VSZ1
map00340,K00128,bpe:BP0465,Q7VSG0
map00340,K00765,bpe:BP3767,Q7VSZ2
map00340,K00817,bpe:BP2194,Q7VWL5
map00340,K00817,bpe:BP3769,Q7VSZ0
map00340,K01458,bpe:BP2725,Q7VVE6
map00340,K01496,bpe:BP3774,Q7VSY5
map00340,K01523,bpe:BP3775,Q7VSY4
map00340,K01693,bpe:BP3770,Q7VSY9
map00340,K01814,bpe:BP3772,Q7VSY7
map00340,K02500,bpe:BP3773,Q7VSY6
map00340,K02501,bpe:BP3771,Q7VSY8
map00340,K02502,bpe:BP2189,Q7VWM0
map00340,K18911,bpe:BP3515,Q7VTL3
map00071,K00001,bpe:BP2601,Q7VVP4
map00071,K00121,bpe:BP3751,Q7VT06
map00071,K00128,bpe:BP0465,Q7VSG0
map00071,K00249,bpe:BP0310,Q7W055
map00071,K00249,bpe:BP0625,Q7VS28
map00071,K00252,bpe:BP1537,Q7VY26
map00071,K00529,bpe:BP0585,Q7VS62
map00071,K00626,bpe:BP0332,Q7W034
map00071,K00626,bpe:BP0422,Q7VSJ3
map00071,K00626,bpe:BP0447,Q7VSH7
map00071,K00626,bpe:BP2059,Q7VWX5
map00071,K00626,bpe:BP2099,Q7VWU2
map00071,K00632,bpe:BP0668,Q7VRZ1
map00071,K01692,bpe:BP3277,Q7VU52
map00071,K01897,bpe:BP1099,Q7VZ40
map00071,K01897,bpe:BP2811,Q7VV75
map00071,K07516,bpe:BP0669,Q7VRZ0
map00350,K00001,bpe:BP2601,Q7VVP4
map00350,K00121,bpe:BP3751,Q7VT06
map00350,K00135,bpe:BP0757,Q7VZW7
map00350,K00135,bpe:BP0919,Q7VZI8
map00350,K00135,bpe:BP1976,Q7VX44
map00350,K00135,bpe:BP3624,Q7VTC2
map00350,K00451,bpe:BP3134,Q7VUG2
map00350,K00457,bpe:BP3040,Q7VUN9
map00350,K00812,bpe:BP1185,Q7VYW8
map00350,K00817,bpe:BP2194,Q7VWL5
map00350,K00817,bpe:BP3769,Q7VSZ0
map00350,K00832,bpe:BP1795,Q7VXH5
map00350,K00832,bpe:BP2858,Q7VV46
map00350,K01555,bpe:BP3135,Q7VUG1
map00350,K01800,bpe:BP1238,Q7VYS1
map00350,K16165,bpe:BP2532,Q7VVV4
map00625,K00001,bpe:BP2601,Q7VVP4
map00625,K00121,bpe:BP3751,Q7VT06
map00625,K00128,bpe:BP0465,Q7VSG0
map00625,K01560,bpe:BP2017,Q7VX09
map00626,K00001,bpe:BP2601,Q7VVP4
map00626,K00121,bpe:BP3751,Q7VT06
map01220,K00001,bpe:BP2601,Q7VVP4
map01220,K00121,bpe:BP3751,Q7VT06
map01220,K00529,bpe:BP0585,Q7VS62
map01220,K01055,bpe:BP0225,Q7W0C0
map01220,K01607,bpe:BP0231,Q7W0B6
map01220,K01821,bpe:BP0544,Q7VS96
map01220,K03186,bpe:BP0681,Q7W020
map01220,K03464,bpe:BP0223,Q7W0C2
map01220,K05710,bpe:BP0586,Q7VS61
map01220,K05712,bpe:BP3131,Q7VUG5
map01220,K06912,bpe:BP1665,Q7VXS3
map01220,K07535,bpe:BP2094,Q7VWU7
map01220,K15765,bpe:BP0066,Q7W0N2
map00190,K00239,bpe:BP2361,Q7VWA1
map00190,K00240,bpe:BP2360,Q7VWA2
map00190,K00241,bpe:BP2363,Q7VW99
map00190,K00242,bpe:BP2362,Q7VWA0
map00190,K00330,bpe:BP0841,Q7VZQ5
map00190,K00331,bpe:BP0842,Q7VZQ4
map00190,K00332,bpe:BP0843,Q7VZQ3
map00190,K00333,bpe:BP0844,Q7VZQ2
map00190,K00334,bpe:BP0845,Q7VZQ1
map00190,K00335,bpe:BP0846,Q7VZQ0
map00190,K00336,bpe:BP0847,Q7VZP9
map00190,K00337,bpe:BP0848,Q7VZP8
map00190,K00338,bpe:BP0849,Q7VZP7
map00190,K00339,bpe:BP0850,Q7VZP6
map00190,K00340,bpe:BP0851,Q7VZP5
map00190,K00341,bpe:BP0852,Q7VZP4
map00190,K00342,bpe:BP0853,Q7VZP3
map00190,K00343,bpe:BP0854,Q7VZP2
map00190,K00405,bpe:BP2170,Q7VWN7
map00190,K00406,bpe:BP2172,Q7VWN5
map00190,K00407,bpe:BP2171,Q7VWN6
map00190,K00411,bpe:BP0277,Q7W080
map00190,K00412,bpe:BP0276,Q7W081
map00190,K00413,bpe:BP0275,Q7W082
map00190,K00424,bpe:BP0261,Q7W092
map00190,K00425,bpe:BP0259,Q7W094
map00190,K00425,bpe:BP3225,Q7VU95
map00190,K00426,bpe:BP0260,Q7W093
map00190,K00426,bpe:BP3224,Q7VU96
map00190,K00937,bpe:BP1072,Q7VZ62
map00190,K01507,bpe:BP2533,Q7VVV3
map00190,K02108,bpe:BP3282,Q7VU50
map00190,K02109,bpe:BP3284,Q7VU48
map00190,K02110,bpe:BP3283,Q7VU49
map00190,K02111,bpe:BP3286,Q7VU46
map00190,K02112,bpe:BP3288,Q7VU44
map00190,K02113,bpe:BP3285,Q7VU47
map00190,K02114,bpe:BP3289,Q7VU43
map00190,K02115,bpe:BP3287,Q7VU45
map00190,K02257,bpe:BP3735,Q7VT22
map00190,K02259,bpe:BP3736,Q7VT21
map00190,K02274,bpe:BP3743,Q7VT14
map00190,K02275,bpe:BP3744,Q7VT13
map00190,K02276,bpe:BP3740,Q7VT17
map00190,K02297,bpe:BP2933,Q7VUY2
map00190,K02298,bpe:BP2730,Q7VVE1
map00190,K02298,bpe:BP2932,Q7VUY3
map00190,K02299,bpe:BP2729,Q7VVE2
map00190,K02299,bpe:BP2931,Q7VUY4
map00190,K02300,bpe:BP2728,Q7VVE3
map00190,K02300,bpe:BP2930,Q7VUY5
map00190,K03885,bpe:BP3491,Q7VTM8
map00190,K08738,bpe:BP2009,Q7VX17
map00190,K08738,bpe:BP3042,Q7VUN7
map00470,K00285,bpe:BP1818,Q7VXF6
map00470,K00285,bpe:BP2210,Q7VWK3
map00470,K00285,bpe:BP3009,Q7VUR7
map00470,K00824,bpe:BP0103,Q7W0L1
map00470,K00824,bpe:BP0769,Q7VZW2
map00470,K01586,bpe:BP3653,Q7VT97
map00470,K01775,bpe:BP1221,Q7VYT6
map00470,K01775,bpe:BP2228,Q7VWJ0
map00470,K01778,bpe:BP3074,Q7VUL2
map00470,K01779,bpe:BP0053,Q7W0P3
map00470,K01921,bpe:BP3021,Q7VUQ5
map00470,K01925,bpe:BP3025,Q7VUQ1
map00470,K03367,bpe:BP2987,Q7VUT7
map00470,K14188,bpe:BP2991,Q7VUT3
map00470,K19967,bpe:BP0453,Q7VSH1
map00450,K00384,bpe:BP2474,Q7VW04
map00450,K00548,bpe:BP3594,Q7VTE8
map00450,K00549,bpe:BP2543,Q7VVU3
map00450,K00957,bpe:BP0970A,Q7VZE4
map00450,K01760,bpe:BP0112,Q7W0K3
map00450,K01760,bpe:BP0815,Q7VZS5
map00450,K01874,bpe:BP0180,Q7W0F7
map00670,K00281,bpe:BP0197,Q7W0E3
map00670,K00287,bpe:BP3155,Q7VUE2
map00670,K00297,bpe:BP3066,Q7VUM0
map00670,K00382,bpe:BP0618,Q7VS34
map00670,K00382,bpe:BP0995,Q7VZC3
map00670,K00382,bpe:BP1126,Q7VZ16
map00670,K00382,bpe:BP1729,Q7VXM2
map00670,K00548,bpe:BP3594,Q7VTE8
map00670,K00560,bpe:BP3154,Q7VUE3
map00670,K00600,bpe:BP2952,Q7VUW7
map00670,K00602,bpe:BP3416,Q7VTU1
map00670,K00605,bpe:BP0195,Q7W0E5
map00670,K00789,bpe:BP3071,Q7VUL5
map00670,K01251,bpe:BP3068,Q7VUL8
map00670,K01433,bpe:BP2514,Q7VVX1
map00670,K01433,bpe:BP3254,Q7VU69
map00670,K01491,bpe:BP0990,Q7VZC8
map00670,K01491,bpe:BP2522,Q7VVW3
map00670,K01934,bpe:BP3061,Q7VUM4
map00670,K02437,bpe:BP0196,Q7W0E4
map04980,K00548,bpe:BP3594,Q7VTE8
map04980,K00798,bpe:BP3090,Q7VUJ7
map04981,K00287,bpe:BP3155,Q7VUE2
map04981,K00548,bpe:BP3594,Q7VTE8
map04981,K00560,bpe:BP3154,Q7VUE3
map04981,K00600,bpe:BP2952,Q7VUW7
map04981,K01934,bpe:BP3061,Q7VUM4
map00061,K00059,bpe:BP0219,Q7W0C6
map00061,K00059,bpe:BP0466,Q7VSF9
map00061,K00059,bpe:BP0772,Q7VZV9
map00061,K00059,bpe:BP0813,Q7VZS7
map00061,K00059,bpe:BP0859,Q7VZN8
map00061,K00059,bpe:BP1128,Q7VZ14
map00061,K00059,bpe:BP1132,Q7VZ11
map00061,K00059,bpe:BP1222,Q7VYT5
map00061,K00059,bpe:BP1668,Q7VXS0
map00061,K00059,bpe:BP1672,Q7VXR6
map00061,K00059,bpe:BP1785,Q7VXH8
map00061,K00059,bpe:BP2441,Q7VW31
map00061,K00059,bpe:BP2554,Q7VVT3
map00061,K00059,bpe:BP2841,Q7VV55
map00061,K00059,bpe:BP3010,Q7VUR6
map00061,K00208,bpe:BP1002,Q7VZB7
map00061,K00208,bpe:BP3215,Q7VUA3
map00061,K00645,bpe:BP2442,Q7VW30
map00061,K00648,bpe:BP2443,Q7VW29
map00061,K01897,bpe:BP1099,Q7VZ40
map00061,K01897,bpe:BP2811,Q7VV75
map00061,K01961,bpe:BP0889,Q7VZL2
map00061,K01961,bpe:BP2996,Q7VUS9
map00061,K01962,bpe:BP1910,Q7VX94
map00061,K01963,bpe:BP3591,Q7VTE9
map00061,K02160,bpe:BP0883,Q7VZL8
map00061,K02160,bpe:BP2997,Q7VUS8
map00061,K02372,bpe:BP1430,Q7VYB9
map00061,K09458,bpe:BP2439,Q7VW33
map00640,K00016,bpe:BP0379,Q7VSM5
map00640,K00140,bpe:BP1615,Q7VXW1
map00640,K00140,bpe:BP2417,Q7VW52
map00640,K00382,bpe:BP0618,Q7VS34
map00640,K00382,bpe:BP0995,Q7VZC3
map00640,K00382,bpe:BP1126,Q7VZ16
map00640,K00382,bpe:BP1729,Q7VXM2
map00640,K00625,bpe:BP1004,Q7VZB5
map00640,K00822,bpe:BP3157,Q7VUE0
map00640,K00823,bpe:BP1977,Q7VX43
map00640,K00925,bpe:BP1003,Q7VZB6
map00640,K01578,bpe:BP2062,Q7VWX2
map00640,K01637,bpe:BP2085,Q7VWV4
map00640,K01659,bpe:BP2368,Q7VW96
map00640,K01682,bpe:BP2021,Q7VX06
map00640,K01692,bpe:BP3277,Q7VU52
map00640,K01720,bpe:BP2371,Q7VW93
map00640,K01895,bpe:BP2377,Q7VW88
map00640,K01895,bpe:BP2409,Q7VW58
map00640,K01902,bpe:BP2540,Q7VVU6
map00640,K01903,bpe:BP2541,Q7VVU5
map00640,K01961,bpe:BP0889,Q7VZL2
map00640,K01961,bpe:BP2996,Q7VUS9
map00640,K01962,bpe:BP1910,Q7VX94
map00640,K01963,bpe:BP3591,Q7VTE9
map00640,K02160,bpe:BP0883,Q7VZL8
map00640,K02160,bpe:BP2997,Q7VUS8
map00640,K07250,bpe:BP2298,Q7VWF9
map00640,K09788,bpe:BP2370,Q7VW94
map00640,K19745,bpe:BP0659,Q7VS00
map00640,K20455,bpe:BP2369,Q7VW95
map00640,K24012,bpe:BP0672,Q7VRY7
map00640,K27802,bpe:BP2014,Q7VX12
map00720,K00024,bpe:BP2365,Q7VW97
map00720,K00031,bpe:BP2488,Q7VVZ2
map00720,K00239,bpe:BP2361,Q7VWA1
map00720,K00240,bpe:BP2360,Q7VWA2
map00720,K00241,bpe:BP2363,Q7VW99
map00720,K00242,bpe:BP2362,Q7VWA0
map00720,K00297,bpe:BP3066,Q7VUM0
map00720,K00625,bpe:BP1004,Q7VZB5
map00720,K00626,bpe:BP0332,Q7W034
map00720,K00626,bpe:BP0422,Q7VSJ3
map00720,K00626,bpe:BP0447,Q7VSH7
map00720,K00626,bpe:BP2059,Q7VWX5
map00720,K00626,bpe:BP2099,Q7VWU2
map00720,K00925,bpe:BP1003,Q7VZB6
map00720,K01007,bpe:BP1436,Q7VYB3
map00720,K01491,bpe:BP0990,Q7VZC8
map00720,K01491,bpe:BP2522,Q7VVW3
map00720,K01595,bpe:BP0215,Q7W0D0
map00720,K01679,bpe:BP0248,Q7W0A2
map00720,K01682,bpe:BP2021,Q7VX06
map00720,K01895,bpe:BP2377,Q7VW88
map00720,K01895,bpe:BP2409,Q7VW58
map00720,K01902,bpe:BP2540,Q7VVU6
map00720,K01903,bpe:BP2541,Q7VVU5
map00720,K01961,bpe:BP0889,Q7VZL2
map00720,K01961,bpe:BP2996,Q7VUS9
map00720,K01962,bpe:BP1910,Q7VX94
map00720,K01963,bpe:BP3591,Q7VTE9
map00720,K02160,bpe:BP0883,Q7VZL8
map00720,K02160,bpe:BP2997,Q7VUS8
map00720,K14470,bpe:BP0435,Q7VSI3
map00720,K27802,bpe:BP2014,Q7VX12
map01212,K00059,bpe:BP0219,Q7W0C6
map01212,K00059,bpe:BP0466,Q7VSF9
map01212,K00059,bpe:BP0772,Q7VZV9
map01212,K00059,bpe:BP0813,Q7VZS7
map01212,K00059,bpe:BP0859,Q7VZN8
map01212,K00059,bpe:BP1128,Q7VZ14
map01212,K00059,bpe:BP1132,Q7VZ11
map01212,K00059,bpe:BP1222,Q7VYT5
map01212,K00059,bpe:BP1668,Q7VXS0
map01212,K00059,bpe:BP1672,Q7VXR6
map01212,K00059,bpe:BP1785,Q7VXH8
map01212,K00059,bpe:BP2441,Q7VW31
map01212,K00059,bpe:BP2554,Q7VVT3
map01212,K00059,bpe:BP2841,Q7VV55
map01212,K00059,bpe:BP3010,Q7VUR6
map01212,K00208,bpe:BP1002,Q7VZB7
map01212,K00208,bpe:BP3215,Q7VUA3
map01212,K00249,bpe:BP0310,Q7W055
map01212,K00249,bpe:BP0625,Q7VS28
map01212,K00507,bpe:BP1758,Q7VXJ9
map01212,K00626,bpe:BP0332,Q7W034
map01212,K00626,bpe:BP0422,Q7VSJ3
map01212,K00626,bpe:BP0447,Q7VSH7
map01212,K00626,bpe:BP2059,Q7VWX5
map01212,K00626,bpe:BP2099,Q7VWU2
map01212,K00632,bpe:BP0668,Q7VRZ1
map01212,K00645,bpe:BP2442,Q7VW30
map01212,K00648,bpe:BP2443,Q7VW29
map01212,K01692,bpe:BP3277,Q7VU52
map01212,K01897,bpe:BP1099,Q7VZ40
map01212,K01897,bpe:BP2811,Q7VV75
map01212,K01961,bpe:BP0889,Q7VZL2
map01212,K01961,bpe:BP2996,Q7VUS9
map01212,K01962,bpe:BP1910,Q7VX94
map01212,K01963,bpe:BP3591,Q7VTE9
map01212,K02160,bpe:BP0883,Q7VZL8
map01212,K02160,bpe:BP2997,Q7VUS8
map01212,K02372,bpe:BP1430,Q7VYB9
map01212,K07516,bpe:BP0669,Q7VRZ0
map01212,K09458,bpe:BP2439,Q7VW33
map00280,K00020,bpe:BP1447,Q7VYA3
map00280,K00128,bpe:BP0465,Q7VSG0
map00280,K00140,bpe:BP1615,Q7VXW1
map00280,K00140,bpe:BP2417,Q7VW52
map00280,K00249,bpe:BP0310,Q7W055
map00280,K00249,bpe:BP0625,Q7VS28
map00280,K00382,bpe:BP0618,Q7VS34
map00280,K00382,bpe:BP0995,Q7VZC3
map00280,K00382,bpe:BP1126,Q7VZ16
map00280,K00382,bpe:BP1729,Q7VXM2
map00280,K00626,bpe:BP0332,Q7W034
map00280,K00626,bpe:BP0422,Q7VSJ3
map00280,K00626,bpe:BP0447,Q7VSH7
map00280,K00626,bpe:BP2059,Q7VWX5
map00280,K00626,bpe:BP2099,Q7VWU2
map00280,K00632,bpe:BP0668,Q7VRZ1
map00280,K00822,bpe:BP3157,Q7VUE0
map00280,K00826,bpe:BP3398,Q7VTV5
map00280,K00826,bpe:BP3571,Q7VTG9
map00280,K01029,bpe:BP2400,Q7VW66
map00280,K01640,bpe:BP0556,Q7VS85
map00280,K01640,bpe:BP3695,Q7VT59
map00280,K01692,bpe:BP3277,Q7VU52
map00280,K01968,bpe:BP0449,Q7VSH5
map00280,K01969,bpe:BP0448,Q7VSH6
map00280,K07250,bpe:BP2298,Q7VWF9
map00280,K13766,bpe:BP1702,Q7VXP5
map00040,K00012,bpe:BP3728,Q7VT29
map00040,K00963,bpe:BP3403,Q7VTV0
map00040,K01628,bpe:BP2662,Q7VVJ5
map00040,K01783,bpe:BP3266,Q7VU62
map00040,K22187,bpe:BP0207,Q7W0D6
map00040,K22187,bpe:BP0360,Q7VSP3
map00710,K00024,bpe:BP2365,Q7VW97
map00710,K00029,bpe:BP1064,Q7VZ68
map00710,K00029,bpe:BP1120,Q7VZ22
map00710,K00029,bpe:BP3456,Q7VTQ8
map00710,K00134,bpe:BP1000,Q7VZB9
map00710,K00615,bpe:BP0999,Q7VZC0
map00710,K00616,bpe:BP1451,Q7VY99
map00710,K00927,bpe:BP1001,Q7VZB8
map00710,K01595,bpe:BP0215,Q7W0D0
map00710,K01624,bpe:BP1519,Q7VY44
map00710,K01783,bpe:BP3266,Q7VU62
map00710,K01803,bpe:BP0801,Q7VZT5
map00710,K01807,bpe:BP2339,Q7VWC1
map00710,K03841,bpe:BP0868,Q7VZM9
map00130,K00457,bpe:BP3040,Q7VUN9
map00130,K00568,bpe:BP0942,Q7VZG7
map00130,K01075,bpe:BP0312,Q7W053
map00130,K03179,bpe:BP3684,Q7VT68
map00130,K03181,bpe:BP0981,Q7VZD6
map00130,K03182,bpe:BP1060,Q7VZ72
map00130,K03183,bpe:BP0161,Q7W0H1
map00130,K03185,bpe:BP3413,Q7VTU4
map00130,K03186,bpe:BP0681,Q7W020
map00130,K06134,bpe:BP3152,Q7VUE5
map00130,K18800,bpe:BP3269,Q7VU59
map00500,K00700,bpe:BP1328,Q7VYK0
map00500,K00963,bpe:BP3403,Q7VTV0
map00500,K01214,bpe:BP1327,Q7VYK1
map00500,K01236,bpe:BP1326,Q7VYK2
map00500,K01810,bpe:BP1971,Q7VX49
map00500,K01810,bpe:BP3142,Q7VUF4
map00500,K05343,bpe:BP1329,Q7VYJ9
map00500,K06044,bpe:BP1323,Q7VYK3
map00500,K15778,bpe:BP1970,Q7VX50
map00500,K15778,bpe:BP3141,Q7VUF5
map00643,K00451,bpe:BP3134,Q7VUG2
map00643,K01426,bpe:BP0487,Q7VSE4
map00643,K01426,bpe:BP0722,Q7VZZ4
map00643,K01426,bpe:BP2039,Q7VWZ2
map00643,K01555,bpe:BP3135,Q7VUG1
map00643,K01800,bpe:BP1238,Q7VYS1
map00900,K00099,bpe:BP1425,Q7VYC4
map00900,K00626,bpe:BP0332,Q7W034
map00900,K00626,bpe:BP0422,Q7VSJ3
map00900,K00626,bpe:BP0447,Q7VSH7
map00900,K00626,bpe:BP2059,Q7VWX5
map00900,K00626,bpe:BP2099,Q7VWU2
map00900,K00795,bpe:BP2799,Q7VV86
map00900,K00806,bpe:BP1423,Q7VYC6
map00900,K00919,bpe:BP3126,Q7VUH0
map00900,K00991,bpe:BP0865,Q7VZN2
map00900,K01662,bpe:BP2798,Q7VV87
map00900,K01770,bpe:BP0866,Q7VZN1
map00900,K02523,bpe:BP0751,Q7VZX2
map00900,K03186,bpe:BP0681,Q7W020
map00900,K03526,bpe:BP2199,Q7VWL0
map00900,K03527,bpe:BP1237,Q7VYS2
map00900,K06013,bpe:BP2688,Q7VVH6
map00999,K00014,bpe:BP3004,Q7VUS1
map00999,K00789,bpe:BP3071,Q7VUL5
map01502,K01000,bpe:BP3026,Q7VUQ0
map01502,K01775,bpe:BP1221,Q7VYT6
map01502,K01775,bpe:BP2228,Q7VWJ0
map01502,K01921,bpe:BP3021,Q7VUQ5
map01502,K02563,bpe:BP3023,Q7VUQ3
map01503,K00677,bpe:BP1431,Q7VYB8
map01503,K01448,bpe:BP0246,Q7W0A4
map01503,K03367,bpe:BP2987,Q7VUT7
map01503,K03585,bpe:BP2075,Q7VWW2
map01503,K03673,bpe:BP0113,Q7W0K2
map01503,K03739,bpe:BP2988,Q7VUT6
map01503,K03740,bpe:BP2990,Q7VUT4
map01503,K04771,bpe:BP2434,Q7VW38
map01503,K12340,bpe:BP0763,P0DKY0
map01503,K12973,bpe:BP3006,Q7VUS0
map01503,K14188,bpe:BP2991,Q7VUT3
map01503,K18138,bpe:BP0985,Q7VZD3
map01503,K18138,bpe:BP2076,Q7VWW1
map00970,K00604,bpe:BP0551,Q7VS89
map00970,K01866,bpe:BP2954,Q7VUW5
map00970,K01867,bpe:BP1143,Q7VZ05
map00970,K01868,bpe:BP1497,Q7VY64
map00970,K01869,bpe:BP2044,Q7VWY7
map00970,K01870,bpe:BP1753,Q7VXK3
map00970,K01872,bpe:BP1836,Q7VXE1
map00970,K01873,bpe:BP2203,Q7VWK6
map00970,K01874,bpe:BP0180,Q7W0F7
map00970,K01875,bpe:BP2470,Q7VW08
map00970,K01876,bpe:BP0709,Q7W001
map00970,K01878,bpe:BP0033,Q7W0Q6
map00970,K01879,bpe:BP0034,Q7W0Q5
map00970,K01881,bpe:BP3348,Q7VTZ8
map00970,K01883,bpe:BP1908,Q7VX96
map00970,K01885,bpe:BP2978,Q7VUU5
map00970,K01886,bpe:BP3226,Q7VU94
map00970,K01887,bpe:BP0115,Q7W0K0
map00970,K01889,bpe:BP2574,Q7VVR4
map00970,K01890,bpe:BP2573,Q7VVR5
map00970,K01892,bpe:BP2198,Q7VWL1
map00970,K02433,bpe:BP0372,Q7VSN2
map00970,K02433,bpe:BP1874,Q7VXB6
map00970,K02433,bpe:BP3426,Q7VTT4
map00970,K02434,bpe:BP0371,Q7VSN3
map00970,K02435,bpe:BP0373,Q7VSN1
map00970,K04567,bpe:BP1102,Q7VZ37
map00460,K00600,bpe:BP2952,Q7VUW7
map00460,K00681,bpe:BP0252,Q7W098
map00460,K00681,bpe:BP2693,Q7VVH2
map00460,K00681,bpe:BP3052,Q7VUN0
map00460,K00681,bpe:BP3107,Q7VUI4
map00460,K01455,bpe:BP1516,Q7VY47
map00460,K13051,bpe:BP2398,Q7VW68
map00430,K00625,bpe:BP1004,Q7VZB5
map00430,K00681,bpe:BP0252,Q7W098
map00430,K00681,bpe:BP2693,Q7VVH2
map00430,K00681,bpe:BP3052,Q7VUN0
map00430,K00681,bpe:BP3107,Q7VUI4
map00430,K00925,bpe:BP1003,Q7VZB6
map00430,K03851,bpe:BP0721,Q7VZZ5
map00480,K00031,bpe:BP2488,Q7VVZ2
map00480,K00383,bpe:BP2120,Q7VWS6
map00480,K00432,bpe:BP1301,Q7VYL7
map00480,K00681,bpe:BP0252,Q7W098
map00480,K00681,bpe:BP2693,Q7VVH2
map00480,K00681,bpe:BP3052,Q7VUN0
map00480,K00681,bpe:BP3107,Q7VUI4
map00480,K00799,bpe:BP0075,Q7W0M7
map00480,K00799,bpe:BP0519,Q7VSB6
map00480,K00799,bpe:BP1006,Q7VZB3
map00480,K00799,bpe:BP1664,Q7VXS4
map00480,K00799,bpe:BP3659,Q7VT91
map00480,K01255,bpe:BP2421,Q7VW48
map00480,K01256,bpe:BP0869,Q7VZM8
map00480,K01469,bpe:BP1895,Q7VXA8
map00480,K01920,bpe:BP1499,Q7VY62
map00480,K06048,bpe:BP0598,Q7VS51
map00480,K07232,bpe:BP3007,Q7VUR9
map00480,K07232,bpe:BP3250,Q7VU73
map00480,K24136,bpe:BP1728,Q7VXM3
map00480,K24138,bpe:BP2715,Q7VVF4
map00020,K00024,bpe:BP2365,Q7VW97
map00020,K00031,bpe:BP2488,Q7VVZ2
map00020,K00163,bpe:BP0993,Q7VZC5
map00020,K00163,bpe:BP1121,Q7VZ21
map00020,K00164,bpe:BP1124,Q7VZ18
map00020,K00239,bpe:BP2361,Q7VWA1
map00020,K00240,bpe:BP2360,Q7VWA2
map00020,K00241,bpe:BP2363,Q7VW99
map00020,K00242,bpe:BP2362,Q7VWA0
map00020,K00382,bpe:BP0618,Q7VS34
map00020,K00382,bpe:BP0995,Q7VZC3
map00020,K00382,bpe:BP1126,Q7VZ16
map00020,K00382,bpe:BP1729,Q7VXM2
map00020,K00627,bpe:BP0994,Q7VZC4
map00020,K00658,bpe:BP1125,Q7VZ17
map00020,K01647,bpe:BP1352,Q7VYI5
map00020,K01647,bpe:BP2358,Q7VWA4
map00020,K01659,bpe:BP2368,Q7VW96
map00020,K01679,bpe:BP0248,Q7W0A2
map00020,K01682,bpe:BP2021,Q7VX06
map00020,K01902,bpe:BP2540,Q7VVU6
map00020,K01903,bpe:BP2541,Q7VVU5
map00020,K18118,bpe:BP2031,Q7VWZ7
map00020,K27802,bpe:BP2014,Q7VX12
map00660,K00052,bpe:BP1483,Q7VY73
map00660,K01652,bpe:BP0467,Q7VSF8
map00660,K01652,bpe:BP0773,Q7VZV8
map00660,K01652,bpe:BP0784,Q7VZU8
map00660,K01652,bpe:BP0789,Q7VZU6
map00660,K01652,bpe:BP0860,Q7VZN7
map00660,K01652,bpe:BP1535,Q7VY28
map00660,K01652,bpe:BP1538,Q7VY25
map00660,K01652,bpe:BP1860,Q7VXC3
map00660,K01652,bpe:BP3453,Q7VTR1
map00660,K01653,bpe:BP0790,Q7VZU5
map00660,K01703,bpe:BP1481,Q7VY75
map00660,K01704,bpe:BP1356,Q7VYI1
map00660,K01704,bpe:BP1482,Q7VY74
map00660,K01902,bpe:BP2540,Q7VVU6
map00660,K01903,bpe:BP2541,Q7VVU5
map00660,K04835,bpe:BP0806,Q7VZT1
map00660,K04835,bpe:BP3177,Q7VUC6
map00660,K18290,bpe:BP0436,Q7VSI2
map03008,K03685,bpe:BP2431,Q7VW39
map03008,K13288,bpe:BP2687,Q7VVH7
map00650,K00019,bpe:BP0229,Q7W0B7
map00650,K00019,bpe:BP2454,Q7VW20
map00650,K00023,bpe:BP1150,Q7VYZ9
map00650,K00074,bpe:BP0217,Q7W0C8
map00650,K00135,bpe:BP0757,Q7VZW7
map00650,K00135,bpe:BP0919,Q7VZI8
map00650,K00135,bpe:BP1976,Q7VX44
map00650,K00135,bpe:BP3624,Q7VTC2
map00650,K00239,bpe:BP2361,Q7VWA1
map00650,K00240,bpe:BP2360,Q7VWA2
map00650,K00241,bpe:BP2363,Q7VW99
map00650,K00242,bpe:BP2362,Q7VWA0
map00650,K00626,bpe:BP0332,Q7W034
map00650,K00626,bpe:BP0422,Q7VSJ3
map00650,K00626,bpe:BP0447,Q7VSH7
map00650,K00626,bpe:BP2059,Q7VWX5
map00650,K00626,bpe:BP2099,Q7VWU2
map00650,K00823,bpe:BP1977,Q7VX43
map00650,K01029,bpe:BP2400,Q7VW66
map00650,K01640,bpe:BP0556,Q7VS85
map00650,K01640,bpe:BP3695,Q7VT59
map00650,K01652,bpe:BP0467,Q7VSF8
map00650,K01652,bpe:BP0773,Q7VZV8
map00650,K01652,bpe:BP0784,Q7VZU8
map00650,K01652,bpe:BP0789,Q7VZU6
map00650,K01652,bpe:BP0860,Q7VZN7
map00650,K01652,bpe:BP1535,Q7VY28
map00650,K01652,bpe:BP1538,Q7VY25
map00650,K01652,bpe:BP1860,Q7VXC3
map00650,K01652,bpe:BP3453,Q7VTR1
map00650,K01653,bpe:BP0790,Q7VZU5
map00650,K01692,bpe:BP3277,Q7VU52
map00650,K01715,bpe:BP0627,Q7VS27
map00650,K01715,bpe:BP0662,Q7VRZ7
map00650,K01715,bpe:BP3706,Q7VT50
map00650,K01799,bpe:BP0579,Q7TTH1
map00650,K01799,bpe:BP1955,Q7TTH1
map00650,K01799,bpe:BP3498,Q7VTM5
map00650,K03821,bpe:BP1149,Q7VZ00
map00650,K05973,bpe:BP3580,Q7VTG0
map00650,K07246,bpe:BP2291,Q7VWG5
map00650,K07250,bpe:BP2298,Q7VWF9
map00650,K07516,bpe:BP0669,Q7VRZ0
map00650,K16871,bpe:BP2305,Q7VWF2
map00650,K18118,bpe:BP2031,Q7VWZ7
map02040,K02386,bpe:BP1372,Q7VYH0
map02040,K02387,bpe:BP1373,Q7VYG9
map02040,K02388,bpe:BP1374,Q7VYG8
map02040,K02389,bpe:BP1375,Q7VYG7
map02040,K02390,bpe:BP1376,Q7VYG6
map02040,K02391,bpe:BP1377,Q7VYG5
map02040,K02392,bpe:BP1378,Q7VYG4
map02040,K02393,bpe:BP1379,Q7VYG3
map02040,K02394,bpe:BP1380,Q7VYG2
map02040,K02395,bpe:BP1381,Q7VYG1
map02040,K02396,bpe:BP1382,Q7VYG0
map02040,K02397,bpe:BP1383,Q7VYF9
map02040,K02398,bpe:BP1371,Q7VYH1
map02040,K02399,bpe:BP1370,Q7VYH2
map02040,K02401,bpe:BP1366,Q7VYH3
map02040,K02402,bpe:BP1023,Q7VZA0
map02040,K02403,bpe:BP1022,Q7VZA1
map02040,K02405,bpe:BP1021,Q7VZA2
map02040,K02406,bpe:BP0996,Q7VZC2
map02040,K02407,bpe:BP1410,Q7VYD9
map02040,K02408,bpe:BP1404,Q7VYE4
map02040,K02409,bpe:BP1403,Q7VYE5
map02040,K02410,bpe:BP1402,Q7VYE6
map02040,K02411,bpe:BP1401,Q7VYE7
map02040,K02412,bpe:BP1400,Q7VYE8
map02040,K02413,bpe:BP1399,Q7VYE9
map02040,K02415,bpe:BP1395,Q7VYF0
map02040,K02416,bpe:BP1394,Q7VYF1
map02040,K02417,bpe:BP1393,Q7VYF2
map02040,K02418,bpe:BP1392,Q7VYF3
map02040,K02419,bpe:BP1391,Q7VYF4
map02040,K02420,bpe:BP1390,Q7VYF5
map02040,K02421,bpe:BP1389,Q7VYF6
map02040,K02422,bpe:BP1409,Q7VYE0
map02040,K02423,bpe:BP1408,Q7VYE1
map02040,K02424,bpe:BP1364,Q7VYH5
map02040,K02556,bpe:BP1024,Q7VZ99
map02040,K02557,bpe:BP1025,Q7VZ98
map02040,K03086,bpe:BP2184,Q7VWM5
map02040,K03092,bpe:BP0133,Q7W0I7
map00552,K03367,bpe:BP2987,Q7VUT7
map00552,K03739,bpe:BP2988,Q7VUT6
map00552,K03740,bpe:BP2990,Q7VUT4
map00552,K06153,bpe:BP1904,Q7VXA0
map00552,K14188,bpe:BP2991,Q7VUT3
map00552,K24300,bpe:BP0082,Q79H51
map00910,K00261,bpe:BP1857,Q7VXC5
map00910,K00262,bpe:BP0368,Q7VSN6
map00910,K00265,bpe:BP3753,Q7VT04
map00910,K00266,bpe:BP3754,Q7VT03
map00910,K00459,bpe:BP3306,Q7VU29
map00910,K01455,bpe:BP1516,Q7VY47
map00910,K01673,bpe:BP3425,Q7VTT5
map00910,K01915,bpe:BP1596,Q7VXX6
map00051,K01624,bpe:BP1519,Q7VY44
map00051,K01628,bpe:BP2662,Q7VVJ5
map00051,K01803,bpe:BP0801,Q7VZT5
map00051,K02793,bpe:BP1500,Q7VY61
map00051,K03841,bpe:BP0868,Q7VZM9
map00051,K15778,bpe:BP1970,Q7VX50
map00051,K15778,bpe:BP3141,Q7VUF5
map02060,K02784,bpe:BP1501,Q7VY60
map02060,K02793,bpe:BP1500,Q7VY61
map02060,K02806,bpe:BP0694,Q7W012
map02060,K08483,bpe:BP1502,Q7VY59
map00310,K00128,bpe:BP0465,Q7VSG0
map00310,K00135,bpe:BP0757,Q7VZW7
map00310,K00135,bpe:BP0919,Q7VZI8
map00310,K00135,bpe:BP1976,Q7VX44
map00310,K00135,bpe:BP3624,Q7VTC2
map00310,K00252,bpe:BP1537,Q7VY26
map00310,K00382,bpe:BP0618,Q7VS34
map00310,K00382,bpe:BP0995,Q7VZC3
map00310,K00382,bpe:BP1126,Q7VZ16
map00310,K00382,bpe:BP1729,Q7VXM2
map00310,K00626,bpe:BP0332,Q7W034
map00310,K00626,bpe:BP0422,Q7VSJ3
map00310,K00626,bpe:BP0447,Q7VSH7
map00310,K00626,bpe:BP2059,Q7VWX5
map00310,K00626,bpe:BP2099,Q7VWU2
map00310,K00658,bpe:BP1125,Q7VZ17
map00310,K00824,bpe:BP0103,Q7W0L1
map00310,K00824,bpe:BP0769,Q7VZW2
map00310,K01041,bpe:BP1779,Q7VXI4
map00310,K01692,bpe:BP3277,Q7VU52
map00310,K07250,bpe:BP2298,Q7VWF9
map00310,K13609,bpe:BP2521,Q7VVW4
map00785,K00163,bpe:BP0993,Q7VZC5
map00785,K00163,bpe:BP1121,Q7VZ21
map00785,K00164,bpe:BP1124,Q7VZ18
map00785,K00281,bpe:BP0197,Q7W0E3
map00785,K00382,bpe:BP0618,Q7VS34
map00785,K00382,bpe:BP0995,Q7VZC3
map00785,K00382,bpe:BP1126,Q7VZ16
map00785,K00382,bpe:BP1729,Q7VXM2
map00785,K00605,bpe:BP0195,Q7W0E5
map00785,K00627,bpe:BP0994,Q7VZC4
map00785,K00658,bpe:BP1125,Q7VZ17
map00785,K02437,bpe:BP0196,Q7W0E4
map00785,K03644,bpe:BP0106,Q7W0K8
map00785,K03800,bpe:BP1297,Q7VYM1
map00785,K03801,bpe:BP0105,Q7W0K9
map02030,K02410,bpe:BP1402,Q7VYE6
map02030,K02416,bpe:BP1394,Q7VYF1
map02030,K02417,bpe:BP1393,Q7VYF2
map02030,K02556,bpe:BP1024,Q7VZ99
map02030,K02557,bpe:BP1025,Q7VZ98
map02030,K03406,bpe:BP1591,Q7VXY0
map02030,K03407,bpe:BP1028,Q7VZ97
map02030,K03408,bpe:BP1029,Q7VZ96
map02030,K03411,bpe:BP3834,Q7VST8
map02030,K03412,bpe:BP1032,Q7VZ94
map02030,K03413,bpe:BP1033,Q7VZ93
map02030,K03414,bpe:BP1034,Q7VZ92
map02030,K05874,bpe:BP1030,Q7VZ95
map02030,K05874,bpe:BP1384,Q7VYF8
map02030,K05874,bpe:BP1385,Q7VYF7
map02030,K05874,bpe:BP2268,Q7VWI1
map00920,K00380,bpe:BP1209,Q7VYU8
map00920,K00381,bpe:BP3432,Q7VTS8
map00920,K00640,bpe:BP1972,Q7VX48
map00920,K00641,bpe:BP0047,Q7W0P6
map00920,K00957,bpe:BP0970A,Q7VZE4
map00920,K01011,bpe:BP2280,Q7VWH3
map00920,K02045,bpe:BP0969,Q7VZE5
map00920,K15551,bpe:BP3674,Q7VT77
map00920,K15552,bpe:BP3675,Q7VT76
map00920,K15553,bpe:BP0461,Q7VSG4
map00920,K15553,bpe:BP3855,Q7VSS3
map00920,K15554,bpe:BP0463,Q7VSG2
map00920,K15554,bpe:BP3853,Q7VSS5
map00920,K15555,bpe:BP0462,Q7VSG3
map00920,K15555,bpe:BP3854,Q7VSS4
map00920,K15765,bpe:BP0066,Q7W0N2
map00920,K19713,bpe:BP1579,Q7VXZ2
map00920,K20035,bpe:BP0964,Q7VZE8
map00920,K23163,bpe:BP0966,Q7VZE6
map00562,K00140,bpe:BP1615,Q7VXW1
map00562,K00140,bpe:BP2417,Q7VW52
map00562,K01092,bpe:BP1902,Q7VXA2
map00562,K01092,bpe:BP2813,Q7VV74
map00562,K01114,bpe:BP2337,Q7VWC3
map00562,K01803,bpe:BP0801,Q7VZT5
map00360,K00074,bpe:BP0217,Q7W0C8
map00360,K00285,bpe:BP1818,Q7VXF6
map00360,K00285,bpe:BP2210,Q7VWK3
map00360,K00285,bpe:BP3009,Q7VUR7
map00360,K00457,bpe:BP3040,Q7VUN9
map00360,K00529,bpe:BP0585,Q7VS62
map00360,K00812,bpe:BP1185,Q7VYW8
map00360,K00817,bpe:BP2194,Q7VWL5
map00360,K00817,bpe:BP3769,Q7VSZ0
map00360,K00824,bpe:BP0103,Q7W0L1
map00360,K00824,bpe:BP0769,Q7VZW2
map00360,K00832,bpe:BP1795,Q7VXH5
map00360,K00832,bpe:BP2858,Q7VV46
map00360,K01426,bpe:BP0487,Q7VSE4
map00360,K01426,bpe:BP0722,Q7VZZ4
map00360,K01426,bpe:BP2039,Q7VWZ2
map00360,K01692,bpe:BP3277,Q7VU52
map00360,K01912,bpe:BP2675,Q7VVI7
map00360,K01912,bpe:BP3189,Q7VUB9
map00360,K02609,bpe:BP2684,Q7VVI0
map00360,K02610,bpe:BP2683,Q7VVI1
map00360,K02611,bpe:BP2682,Q7VVI2
map00360,K02612,bpe:BP2681,Q7VVI3
map00360,K02614,bpe:BP2676,Q7VVI6
map00360,K05710,bpe:BP0586,Q7VS61
map00360,K05712,bpe:BP3131,Q7VUG5
map00360,K15866,bpe:BP0635,Q7VS21
map00360,K15866,bpe:BP2677,Q7VVI5
map00332,K00147,bpe:BP2041,Q7VWZ0
map00332,K00931,bpe:BP0746,Q7VZX7
map00521,K00067,bpe:BP0108,Q7W0K6
map00521,K01092,bpe:BP1902,Q7VXA2
map00521,K01092,bpe:BP2813,Q7VV74
map00521,K01710,bpe:BP0109,Q7W0K5
map00521,K01790,bpe:BP0107,Q7W0K7
map00521,K15778,bpe:BP1970,Q7VX50
map00521,K15778,bpe:BP3141,Q7VUF5
map00523,K00067,bpe:BP0108,Q7W0K6
map00523,K01710,bpe:BP0109,Q7W0K5
map00523,K01790,bpe:BP0107,Q7W0K7
map03010,K02863,bpe:BP0011,Q7W0S2
map03010,K02864,bpe:BP0013,Q7W0S1
map03010,K02867,bpe:BP0010,Q7W0S3
map03010,K02871,bpe:BP2962,Q7VUV8
map03010,K02874,bpe:BP3626,Q7VTC1
map03010,K02876,bpe:BP3635,Q7VTB2
map03010,K02878,bpe:BP3620,Q7VTC6
map03010,K02879,bpe:BP3643,Q7VTA6
map03010,K02881,bpe:BP3632,Q7VTB5
map03010,K02884,bpe:BP0975,Q7VZE0
map03010,K02886,bpe:BP3616,Q7VTD0
map03010,K02887,bpe:BP2575,Q7VVR3
map03010,K02888,bpe:BP0749,Q7VZX4
map03010,K02890,bpe:BP3618,Q7VTC8
map03010,K02892,bpe:BP3615,Q7VTD1
map03010,K02895,bpe:BP3627,Q7VTC0
map03010,K02897,bpe:BP3124,Q7VUH2
map03010,K02899,bpe:BP0748,Q7VZX5
map03010,K02902,bpe:BP2051,Q7VWY1
map03010,K02904,bpe:BP3621,Q7VTC5
map03010,K02906,bpe:BP3613,Q7VTD3
map03010,K02907,bpe:BP3634,Q7VTB3
map03010,K02909,bpe:BP1232,Q7VYS7
map03010,K02911,bpe:BP2445,Q7VW27
map03010,K02913,bpe:BP2050,Q7VWY2
map03010,K02914,bpe:BP0492,Q7VSD9
map03010,K02916,bpe:BP2576,Q7VVR2
map03010,K02919,bpe:BP3638,Q7VTA9
map03010,K02926,bpe:BP3614,Q7VTD2
map03010,K02931,bpe:BP3628,Q7VTB9
map03010,K02933,bpe:BP3631,Q7VTB6
map03010,K02935,bpe:BP0014,Q7W0S0
map03010,K02939,bpe:BP2793,Q7VV92
map03010,K02945,bpe:BP0950,Q7VZG0
map03010,K02946,bpe:BP3612,Q7VTD4
map03010,K02948,bpe:BP3640,Q7VTA7
map03010,K02950,bpe:BP3608,Q7VTD7
map03010,K02952,bpe:BP3639,Q7VTA8
map03010,K02954,bpe:BP3629,Q7VTB8
map03010,K02956,bpe:BP0794,Q7VZU1
map03010,K02959,bpe:BP1839,Q7VXD8
map03010,K02961,bpe:BP3622,Q7VTC4
map03010,K02963,bpe:BP2794,Q7VV91
map03010,K02965,bpe:BP3617,Q7VTC9
map03010,K02967,bpe:BP1419,Q7VYD0
map03010,K02968,bpe:BP2773,Q7VVA6
map03010,K02970,bpe:BP2186,Q7VWM3
map03010,K02982,bpe:BP3619,Q7VTC7
map03010,K02986,bpe:BP3641,P0A4C5
map03010,K02988,bpe:BP3633,Q7VTB4
map03010,K02990,bpe:BP2796,Q7VV89
map03010,K02992,bpe:BP3609,Q7VTD6
map03010,K02994,bpe:BP3630,Q7VTB7
map03010,K02996,bpe:BP2961,Q7VUV9
map00975,K27501,bpe:BP2456,P65199
map00975,K28699,bpe:BP2460,Q7VW15
map00975,K28700,bpe:BP2458,Q7VW17
map00975,K28708,bpe:BP2457,Q7VW18
map00362,K00074,bpe:BP0217,Q7W0C8
map00362,K00252,bpe:BP1537,Q7VY26
map00362,K00529,bpe:BP0585,Q7VS62
map00362,K00626,bpe:BP0332,Q7W034
map00362,K00626,bpe:BP0422,Q7VSJ3
map00362,K00626,bpe:BP0447,Q7VSH7
map00362,K00626,bpe:BP2059,Q7VWX5
map00362,K00626,bpe:BP2099,Q7VWU2
map00362,K00632,bpe:BP0668,Q7VRZ1
map00362,K01031,bpe:BP0221,Q7W0C4
map00362,K01031,bpe:BP1788,Q7VXH7
map00362,K01032,bpe:BP0222,Q7W0C3
map00362,K01032,bpe:BP1789,Q7VXH6
map00362,K01055,bpe:BP0225,Q7W0C0
map00362,K01075,bpe:BP0312,Q7W053
map00362,K01607,bpe:BP0231,Q7W0B6
map00362,K01692,bpe:BP3277,Q7VU52
map00362,K01821,bpe:BP0544,Q7VS96
map00362,K03464,bpe:BP0223,Q7W0C2
map00362,K04118,bpe:BP0653,Q7VS06
map00362,K04755,bpe:BP1804,Q7VXG6
map00362,K04755,bpe:BP2095,Q7VWU6
map00362,K07516,bpe:BP0669,Q7VRZ0
map00362,K07535,bpe:BP2094,Q7VWU7
map00362,K07823,bpe:BP2759,Q7VVB8
map00362,K14333,bpe:BP0578,Q7VS65
map00362,K28556,bpe:BP0652,Q7VS07
map00907,K00632,bpe:BP0668,Q7VRZ1
map00907,K01640,bpe:BP0556,Q7VS85
map00907,K01640,bpe:BP3695,Q7VT59
map00907,K01692,bpe:BP3277,Q7VU52
map00907,K11731,bpe:BP0640,Q7VS16
map04148,K00411,bpe:BP0277,Q7W080
map04148,K01476,bpe:BP0538,Q7VSA1
map00400,K00014,sty:STY4396,Q8Z1W5
map00400,K00014,stt:t4103,Q8Z1W5
map00400,K00800,sty:STY0978,P19786
map00400,K00800,stt:t1956,P19786
map00400,K00813,sty:STY1000,Q56114
map00400,K00813,stt:t1936,Q56114
map00400,K00817,sty:STY2282,Q8Z5J9
map00400,K00817,stt:t0800,Q8Z5J9
map00400,K00891,sty:STY0421,P63604
map00400,K00891,sty:STY4309,P63602
map00400,K00891,stt:t2476,P63604
map00400,K00891,stt:t4019,P63602
map00400,K01626,sty:STY1763,Q8Z6I9
map00400,K01626,sty:STY2857,P0A1B6
map00400,K01626,stt:t1228,Q8Z6I9
map00400,K01626,stt:t2625,P0A1B6
map00400,K01695,sty:STY1324,Q8Z7E0
map00400,K01695,stt:t1639,Q8Z7E0
map00400,K01696,sty:STY1325,P0A2K2
map00400,K01696,stt:t1638,P0A2K2
map00400,K01735,sty:STY4310,Q8Z205
map00400,K01735,stt:t4020,Q8Z205
map00400,K01736,sty:STY2616,P16280
map00400,K01736,stt:t0480,P16280
map00400,K03785,sty:STY1760,P24670
map00400,K03785,stt:t1231,P24670
map00400,K13498,sty:STY1326,Q8Z7D9
map00400,K13498,stt:t1637,Q8Z7D9
map01100,K00009,sty:STY4110,Q8Z2E0
map01100,K00009,stt:t3833,Q8Z2E0
map01100,K00013,sty:STY2281,Q8Z5K0
map01100,K00013,stt:t0801,Q8Z5K0
map01100,K00014,sty:STY4396,Q8Z1W5
map01100,K00014,stt:t4103,Q8Z1W5
map01100,K00024,sty:STY3539,Q8Z3E0
map01100,K00024,stt:t3274,Q8Z3E0
map01100,K00052,sty:STY0131,Q8Z9I1
map01100,K00052,stt:t0116,Q8Z9I1
map01100,K00053,sty:STY3648,Q8Z381
map01100,K00053,stt:t3389,Q8Z381
map01100,K00057,sty:STY4095,P0A1P3
map01100,K00057,stt:t3819,P0A1P3
map01100,K00059,sty:STY1234,P0A2D0
map01100,K00059,stt:t1725,P0A2D0
map01100,K00060,sty:STY4087,Q8Z2F4
map01100,K00060,stt:t3811,Q8Z2F4
map01100,K00075,sty:STY3742,Q8Z316
map01100,K00075,stt:t3489,Q8Z316
map01100,K00077,sty:STY0473,Q8Z8W3
map01100,K00077,stt:t2430,Q8Z8W3
map01100,K00090,sty:STY4156,Q8Z2A8
map01100,K00090,stt:t3873,Q8Z2A8
map01100,K00097,sty:STY0106,P58715
map01100,K00097,stt:t0094,P58715
map01100,K00099,sty:STY0243,Q8Z9A6
map01100,K00099,stt:t0221,Q8Z9A6
map01100,K00101,sty:STY4102,Q8Z2E5
map01100,K00101,stt:t3825,Q8Z2E5
map01100,K00112,sty:STY2514,Q8Z553
map01100,K00112,stt:t0579,Q8Z553
map01100,K00133,sty:STY4271,P0A1F9
map01100,K00133,stt:t3981,P0A1F9
map01100,K00134,sty:STY1825,P0A1P1
map01100,K00134,stt:t1169,P0A1P1
map01100,K00137,sty:STY1467,Q8Z747
map01100,K00137,stt:t1506,Q8Z747
map01100,K00145,sty:STY3752,Q8Z309
map01100,K00145,stt:t3503,Q8Z309
map01100,K00147,sty:STY0367,Q8Z932
map01100,K00147,stt:t2528,Q8Z932
map01100,K00215,sty:STY0073,Q8Z9L9
map01100,K00215,stt:t0066,Q8Z9L9
map01100,K00228,sty:STY2688,Q8Z4U8
map01100,K00228,stt:t0407,Q8Z4U8
map01100,K00241,sty:STY0775,P63726
map01100,K00241,stt:t2144,P63726
map01100,K00246,sty:STY4701,P67639
map01100,K00246,stt:t4393,P67639
map01100,K00247,sty:STY4700,P67646
map01100,K00247,stt:t4392,P67646
map01100,K00254,sty:STY1079,Q8Z7S9
map01100,K00254,stt:t1862,Q8Z7S9
map01100,K00262,sty:STY1815,Q8Z6F6
map01100,K00262,stt:t1178,Q8Z6F6
map01100,K00275,sty:STY1674,Q8Z6Q2
map01100,K00275,stt:t1316,Q8Z6Q2
map01100,K00278,sty:STY2834,Q8Z4K0
map01100,K00278,stt:t0269,Q8Z4K0
map01100,K00281,sty:STY3209,Q8Z3X0
map01100,K00281,stt:t2971,Q8Z3X0
map01100,K00285,sty:STY1931,Q8Z687
map01100,K00285,stt:t1074,Q8Z687
map01100,K00322,sty:STY3748,P66009
map01100,K00322,stt:t3499,P66009
map01100,K00330,sty:STY2558,Q8XFY2
map01100,K00330,stt:t0536,Q8XFY2
map01100,K00331,sty:STY2557,Q8XGN7
map01100,K00331,stt:t0537,Q8XGN7
map01100,K00334,sty:STY2555,P0A1Y9
map01100,K00334,stt:t0539,P0A1Y9
map01100,K00336,sty:STY2553,P0A1Y5
map01100,K00336,stt:t0541,P0A1Y5
map01100,K00337,sty:STY2552,Q8Z527
map01100,K00337,stt:t0542,Q8Z527
map01100,K00338,sty:STY2551,Q8XFD5
map01100,K00338,stt:t0543,Q8XFD5
map01100,K00340,sty:STY2549,Q8XFA3
map01100,K00340,stt:t0545,Q8XFA3
map01100,K00343,sty:STY2546,Q8Z530
map01100,K00343,stt:t0548,Q8Z530
map01100,K00363,sty:STY4321,P0A230
map01100,K00363,stt:t4030,P0A230
map01100,K00364,sty:STY0163,Q8Z9F9
map01100,K00364,stt:t0147,Q8Z9F9
map01100,K00380,sty:STY3076,Q8Z458
map01100,K00380,stt:t2849,Q8Z458
map01100,K00381,sty:STY3075,Q8Z459
map01100,K00381,stt:t2848,Q8Z459
map01100,K00385,sty:STY2796,P0A1Y3
map01100,K00385,stt:t0306,P0A1Y3
map01100,K00390,sty:STY3074,Q8Z460
map01100,K00390,stt:t2847,Q8Z460
map01100,K00484,sty:STY1130,Q8Z7Q5
map01100,K00484,stt:t1821,Q8Z7Q5
map01100,K00549,sty:STY3594,Q8Z3B6
map01100,K00549,stt:t3332,Q8Z3B6
map01100,K00560,sty:STY3142,Q8Z412
map01100,K00560,stt:t2910,Q8Z412
map01100,K00568,sty:STY2505,Q8Z560
map01100,K00568,stt:t0588,Q8Z560
map01100,K00600,sty:STY2802,P0A2E2
map01100,K00600,sty:STY3764,Q8Z2Z9
map01100,K00600,stt:t0301,P0A2E2
map01100,K00600,stt:t3514,Q8Z2Z9
map01100,K00602,sty:STY3709,Q8Z335
map01100,K00602,stt:t3455,Q8Z335
map01100,K00604,sty:STY4390,Q8Z1X0
map01100,K00604,stt:t4097,Q8Z1X0
map01100,K00605,sty:STY3211,P64223
map01100,K00605,stt:t2973,P64223
map01100,K00606,sty:STY0200,Q8Z9D2
map01100,K00606,stt:t0183,Q8Z9D2
map01100,K00609,sty:STY4800,P0A1Z5
map01100,K00609,stt:t4495,P0A1Z5
map01100,K00610,sty:STY4799,Q8Z130
map01100,K00610,stt:t4494,Q8Z130
map01100,K00611,sty:STY4803,Q8Z127
map01100,K00611,sty:STY4807,Q8Z123
map01100,K00611,stt:t4499,Q8Z127
map01100,K00611,stt:t4503,Q8Z123
map01100,K00616,sty:STY0007,P66956
map01100,K00616,sty:STY2710,Q8Z4T0
map01100,K00616,stt:t0007,P66956
map01100,K00616,stt:t0386,Q8Z4T0
map01100,K00631,sty:STY4431,Q8Z1T6
map01100,K00631,stt:t4141,Q8Z1T6
map01100,K00632,sty:STY2621,Q8Z4Y9
map01100,K00632,sty:STY3578,P0A2H8
map01100,K00632,stt:t0475,Q8Z4Y9
map01100,K00632,stt:t3316,P0A2H8
map01100,K00648,sty:STY1232,Q8Z7J6
map01100,K00648,stt:t1727,Q8Z7J6
map01100,K00651,sty:STY4400,Q8Z1W1
map01100,K00651,stt:t4110,Q8Z1W1
map01100,K00652,sty:STY0828,Q8Z892
map01100,K00652,stt:t2092,Q8Z892
map01100,K00655,sty:STY3350,P0A258
map01100,K00655,stt:t3094,P0A258
map01100,K00673,sty:STY1810,Q8Z6G0
map01100,K00674,sty:STY0236,Q8Z9A8
map01100,K00674,stt:t0214,Q8Z9A8
map01100,K00677,sty:STY0251,Q8Z9A2
map01100,K00677,stt:t0229,Q8Z9A2
map01100,K00694,sty:STY4181,Q8Z291
map01100,K00694,stt:t3898,Q8Z291
map01100,K00697,sty:STY2137,P0A1Q1
map01100,K00697,stt:t0949,P0A1Q1
map01100,K00700,sty:STY4272,Q8Z235
map01100,K00700,stt:t3982,Q8Z235
map01100,K00703,sty:STY4275,Q8Z232
map01100,K00703,stt:t3985,Q8Z232
map01100,K00748,sty:STY0252,Q8Z9A1
map01100,K00748,stt:t0230,Q8Z9A1
map01100,K00757,sty:STY3591,P0A1F7
map01100,K00757,stt:t3329,P0A1F7
map01100,K00758,sty:STY4919,Q8XF46
map01100,K00758,stt:t4611,Q8XF46
map01100,K00759,sty:STY0527,Q8Z8T4
map01100,K00759,stt:t2377,Q8Z8T4
map01100,K00761,sty:STY2739,P0A2M6
map01100,K00761,stt:t0359,P0A2M6
map01100,K00762,sty:STY4061,Q8Z2H5
map01100,K00762,stt:t3785,Q8Z2H5
map01100,K00763,sty:STY1010,Q8Z7Y9
map01100,K00763,stt:t1930,Q8Z7Y9
map01100,K00765,sty:STY2280,Q8Z5K1
map01100,K00765,stt:t0802,Q8Z5K1
map01100,K00768,sty:STY2219,Q8Z5N9
map01100,K00768,stt:t0858,Q8Z5N9
map01100,K00769,sty:STY0362,P0A278
map01100,K00769,stt:t2533,P0A278
map01100,K00788,sty:STY3722,Q8Z325
map01100,K00788,stt:t3468,Q8Z325
map01100,K00789,sty:STY3243,P66765
map01100,K00789,stt:t3002,P66765
map01100,K00790,sty:STY3486,P65455
map01100,K00790,stt:t3224,P65455
map01100,K00791,sty:STY4717,Q8Z186
map01100,K00791,stt:t4411,Q8Z186
map01100,K00794,sty:STY0456,P66039
map01100,K00794,stt:t2446,P66039
map01100,K00797,sty:STY0188,Q8Z9E2
map01100,K00797,stt:t0171,Q8Z9E2
map01100,K00800,sty:STY0978,P19786
map01100,K00800,stt:t1956,P19786
map01100,K00813,sty:STY1000,Q56114
map01100,K00813,stt:t1936,Q56114
map01100,K00817,sty:STY2282,Q8Z5J9
map01100,K00817,stt:t0800,Q8Z5J9
map01100,K00820,sty:STY3917,Q8Z2Q2
map01100,K00820,stt:t3658,Q8Z2Q2
map01100,K00821,sty:STY4328,Q8Z1Z3
map01100,K00821,stt:t4037,Q8Z1Z3
map01100,K00826,sty:STY3654,P0A1A6
map01100,K00826,stt:t3395,P0A1A6
map01100,K00831,sty:STY0977,P62677
map01100,K00831,stt:t1957,P62677
map01100,K00840,sty:STY1811,Q8Z6F9
map01100,K00840,stt:t1182,Q8Z6F9
map01100,K00845,sty:STY2644,P58618
map01100,K00845,stt:t0454,P58618
map01100,K00848,sty:STY3826,Q8Z2V4
map01100,K00848,stt:t3572,Q8Z2V4
map01100,K00849,sty:STY0807,Q8Z8B0
map01100,K00849,stt:t2113,Q8Z8B0
map01100,K00850,sty:STY3809,P65693
map01100,K00850,stt:t3557,P65693
map01100,K00853,sty:STY0120,P58542
map01100,K00853,stt:t0107,P58542
map01100,K00857,sty:STY1301,Q8XFQ8
map01100,K00857,stt:t1661,Q8XFQ8
map01100,K00858,sty:STY2869,P65775
map01100,K00858,stt:t2637,P65775
map01100,K00859,sty:STY0162,P63829
map01100,K00859,stt:t0146,P63829
map01100,K00860,sty:STY3058,P63890
map01100,K00860,stt:t2834,P63890
map01100,K00864,sty:STY3784,Q8Z2Y6
map01100,K00864,stt:t3532,Q8Z2Y6
map01100,K00867,sty:STY3740,Q8Z318
map01100,K00867,stt:t3487,Q8Z318
map01100,K00868,sty:STY1672,Q8Z6Q3
map01100,K00868,sty:STY2672,Q8Z4W1
map01100,K00868,stt:t0423,Q8Z4W1
map01100,K00868,stt:t1318,Q8Z6Q3
map01100,K00872,sty:STY0003,P65227
map01100,K00872,stt:t0003,P65227
map01100,K00873,sty:STY1744,Q8Z6K2
map01100,K00873,stt:t1246,Q8Z6K2
map01100,K00876,sty:STY2335,P67409
map01100,K00876,stt:t0750,P67409
map01100,K00878,sty:STY2376,Q8Z5C8
map01100,K00878,stt:t0709,Q8Z5C8
map01100,K00879,sty:STY3117,Q8Z428
map01100,K00879,stt:t2885,Q8Z428
map01100,K00885,sty:STY3516,Q8Z3F1
map01100,K00885,stt:t3253,Q8Z3F1
map01100,K00891,sty:STY0421,P63604
map01100,K00891,sty:STY4309,P63602
map01100,K00891,stt:t2476,P63604
map01100,K00891,stt:t4019,P63602
map01100,K00912,sty:STY0986,Q8Z801
map01100,K00912,stt:t1949,Q8Z801
map01100,K00919,sty:STY1905,Q8Z699
map01100,K00919,stt:t1097,Q8Z699
map01100,K00925,sty:STY2567,P63412
map01100,K00925,stt:t0527,P63412
map01100,K00927,sty:STY3227,P65703
map01100,K00927,stt:t2988,P65703
map01100,K00930,sty:STY3751,P63558
map01100,K00930,stt:t3502,P63558
map01100,K00931,sty:STY0366,P65793
map01100,K00931,stt:t2529,P65793
map01100,K00932,sty:STY3424,Q8Z3K5
map01100,K00932,stt:t3162,Q8Z3K5
map01100,K00939,sty:STY0532,P0A1V5
map01100,K00939,stt:t2372,P0A1V5
map01100,K00940,sty:STY2771,P65535
map01100,K00940,stt:t0330,P65535
map01100,K00942,sty:STY4052,Q8Z2H9
map01100,K00942,stt:t3778,Q8Z2H9
map01100,K00943,sty:STY1239,P65247
map01100,K00943,stt:t1720,P65247
map01100,K00945,sty:STY0980,Q8Z803
map01100,K00945,stt:t1954,Q8Z803
map01100,K00948,sty:STY1906,P0A1V7
map01100,K00948,stt:t1096,P0A1V7
map01100,K00954,sty:STY4069,Q8Z2H1
map01100,K00954,stt:t3793,Q8Z2H1
map01100,K00956,sty:STY3059,Q8Z470
map01100,K00956,stt:t2835,Q8Z470
map01100,K00957,sty:STY3060,P65673
map01100,K00957,stt:t2836,P65673
map01100,K00963,sty:STY2308,P0A2K8
map01100,K00963,stt:t0774,P0A2K8
map01100,K00969,sty:STY0696,Q8Z8H7
map01100,K00969,stt:t2222,Q8Z8H7
map01100,K00975,sty:STY4274,Q8Z233
map01100,K00975,stt:t3984,Q8Z233
map01100,K00978,sty:STY2302,Q8Z5I4
map01100,K00978,stt:t0780,Q8Z5I4
map01100,K00979,sty:STY0990,Q8Z800
map01100,K00979,stt:t1946,Q8Z800
map01100,K00991,sty:STY3055,Q8Z471
map01100,K00991,stt:t2831,Q8Z471
map01100,K00995,sty:STY2153,Q8XFD0
map01100,K00995,stt:t0931,Q8XFD0
map01100,K00997,sty:STY2823,P63467
map01100,K00997,stt:t0280,P63467
map01100,K01000,sty:STY0145,Q8Z9H1
map01100,K01000,stt:t0129,Q8Z9H1
map01100,K01008,sty:STY1817,Q8Z6F4
map01100,K01008,stt:t1176,Q8Z6F4
map01100,K01012,sty:STY0827,Q8Z893
map01100,K01012,stt:t2093,Q8Z893
map01100,K01042,sty:STY4113,Q8Z2D8
map01100,K01042,stt:t3836,Q8Z2D8
map01100,K01058,sty:STY3602,P0A232
map01100,K01058,stt:t3340,P0A232
map01100,K01061,sty:STY3592,Q8Z3B8
map01100,K01061,stt:t3330,Q8Z3B8
map01100,K01069,sty:STY0282,Q8Z983
map01100,K01069,stt:t2604,Q8Z983
map01100,K01082,sty:STY4762,Q8Z153
map01100,K01082,stt:t4457,Q8Z153
map01100,K01089,sty:STY2283,Q8Z5J8
map01100,K01089,stt:t0799,Q8Z5J8
map01100,K01091,sty:STY4314,Q8Z202
map01100,K01091,stt:t4025,Q8Z202
map01100,K01129,sty:STY0230,Q8Z9B1
map01100,K01129,stt:t0209,Q8Z9B1
map01100,K01194,sty:STY4200,Q8Z277
map01100,K01194,stt:t3914,Q8Z277
map01100,K01207,sty:STY1249,Q8Z7I6
map01100,K01207,stt:t1711,Q8Z7I6
map01100,K01243,sty:STY0229,P60216
map01100,K01243,stt:t0208,P60216
map01100,K01250,sty:STY0706,Q8Z8H0
map01100,K01250,stt:t2212,Q8Z8H0
map01100,K01255,sty:STY4816,Q8Z116
map01100,K01255,stt:t4512,Q8Z116
map01100,K01438,sty:STY3753,Q8Z308
map01100,K01438,stt:t3504,Q8Z308
map01100,K01439,sty:STY2721,Q8Z4S2
map01100,K01439,stt:t0376,Q8Z4S2
map01100,K01465,sty:STY1201,Q8Z7L2
map01100,K01465,stt:t1757,Q8Z7L2
map01100,K01466,sty:STY0571,Q8XGS6
map01100,K01466,stt:t2338,Q8XGS6
map01100,K01468,sty:STY0820,Q8Z8A0
map01100,K01468,stt:t2100,Q8Z8A0
map01100,K01478,sty:STY4805,Q8Z125
map01100,K01478,stt:t4501,Q8Z125
map01100,K01479,sty:STY0821,Q8Z899
map01100,K01479,stt:t2099,Q8Z899
map01100,K01480,sty:STY3238,P60655
map01100,K01480,stt:t2998,P60655
map01100,K01484,sty:STY1808,Q8Z6G2
map01100,K01484,stt:t1185,Q8Z6G2
map01100,K01488,sty:STY1658,Q8Z6R2
map01100,K01488,stt:t1331,Q8Z6R2
map01100,K01489,sty:STY2413,Q8Z5A8
map01100,K01489,stt:t0672,Q8Z5A8
map01100,K01491,sty:STY0588,Q60006
map01100,K01491,stt:t2321,Q60006
map01100,K01494,sty:STY2334,P63906
map01100,K01494,stt:t0751,P63906
map01100,K01495,sty:STY2427,P64210
map01100,K01495,stt:t0662,P64210
map01100,K01497,sty:STY1340,P66031
map01100,K01497,stt:t1624,P66031
map01100,K01512,sty:STY1110,Q8XGT4
map01100,K01512,stt:t1836,Q8XGT4
map01100,K01519,sty:STY3256,Q8Z3U6
map01100,K01519,stt:t3015,Q8Z3U6
map01100,K01520,sty:STY4063,P64009
map01100,K01520,stt:t3787,P64009
map01100,K01524,sty:STY2743,P0A270
map01100,K01524,sty:STY3641,P0A268
map01100,K01524,stt:t0355,P0A270
map01100,K01524,stt:t3383,P0A268
map01100,K01525,sty:STY0103,P0A1B2
map01100,K01525,stt:t0091,P0A1B2
map01100,K01571,sty:STY0064,Q8XGX8
map01100,K01571,sty:STY3532,Q8XGX8
map01100,K01571,stt:t0057,Q8XGX8
map01100,K01571,stt:t3267,Q8XGX8
map01100,K01573,sty:STY0065,Q8Z9M5
map01100,K01573,sty:STY3533,Q8Z3E4
map01100,K01573,stt:t0058,Q8Z9M5
map01100,K01573,stt:t3268,Q8Z3E4
map01100,K01579,sty:STY0198,P65663
map01100,K01579,stt:t0181,P65663
map01100,K01582,sty:STY2806,P0A1Z1
map01100,K01582,stt:t0297,P0A1Z1
map01100,K01585,sty:STY3240,P60658
map01100,K01585,stt:t2999,P60658
map01100,K01591,sty:STY1344,P58643
map01100,K01591,stt:t1620,P58643
map01100,K01595,sty:STY3754,Q8Z307
map01100,K01595,stt:t3505,Q8Z307
map01100,K01599,sty:STY3718,Q8Z329
map01100,K01599,stt:t3464,Q8Z329
map01100,K01610,sty:STY4296,Q8Z216
map01100,K01610,stt:t4006,Q8Z216
map01100,K01611,sty:STY0187,Q8Z9E3
map01100,K01611,stt:t0170,Q8Z9E3
map01100,K01613,sty:STY4708,Q8Z194
map01100,K01613,stt:t4400,Q8Z194
map01100,K01619,sty:STY4918,Q8Z0U3
map01100,K01619,stt:t4610,Q8Z0U3
map01100,K01626,sty:STY1763,Q8Z6I9
map01100,K01626,sty:STY2857,P0A1B6
map01100,K01626,stt:t1228,Q8Z6I9
map01100,K01626,stt:t2625,P0A1B6
map01100,K01627,sty:STY1897,P65216
map01100,K01627,stt:t1104,P65216
map01100,K01630,sty:STY3431,Q8XGF9
map01100,K01630,stt:t3169,Q8XGF9
map01100,K01639,sty:STY3520,Q8Z3F0
map01100,K01639,stt:t3256,Q8Z3F0
map01100,K01649,sty:STY0132,Q8Z9I0
map01100,K01649,stt:t0117,Q8Z9I0
map01100,K01662,sty:STY0461,Q8Z8X3
map01100,K01662,stt:t2441,Q8Z8X3
map01100,K01671,sty:STY3856,Q8Z2T5
map01100,K01671,stt:t3599,Q8Z2T5
map01100,K01675,sty:STY1732,P0A1T5
map01100,K01675,stt:t1256,P0A1T5
map01100,K01679,sty:STY1653,Q8Z6R6
map01100,K01679,stt:t1337,Q8Z6R6
map01100,K01686,sty:STY3306,P0A2M8
map01100,K01686,stt:t3056,P0A2M8
map01100,K01687,sty:STY3653,Q8Z377
map01100,K01687,stt:t3394,Q8Z377
map01100,K01689,sty:STY3081,P64077
map01100,K01689,stt:t2853,P64077
map01100,K01695,sty:STY1324,Q8Z7E0
map01100,K01695,stt:t1639,Q8Z7E0
map01100,K01696,sty:STY1325,P0A2K2
map01100,K01696,stt:t1638,P0A2K2
map01100,K01703,sty:STY0130,Q8Z9I2
map01100,K01703,stt:t0115,Q8Z9I2
map01100,K01704,sty:STY0129,Q8Z9I3
map01100,K01704,stt:t0114,Q8Z9I3
map01100,K01712,sty:STY0823,Q8Z897
map01100,K01712,stt:t2097,Q8Z897
map01100,K01714,sty:STY2727,Q8Z4R8
map01100,K01714,stt:t0370,Q8Z4R8
map01100,K01716,sty:STY1088,P64106
map01100,K01716,stt:t1853,P64106
map01100,K01720,sty:STY0402,Q8Z903
map01100,K01720,stt:t2494,Q8Z903
map01100,K01734,sty:STY1098,P65351
map01100,K01734,stt:t1844,P65351
map01100,K01735,sty:STY4310,Q8Z205
map01100,K01735,stt:t4020,Q8Z205
map01100,K01736,sty:STY2616,P16280
map01100,K01736,stt:t0480,P16280
map01100,K01738,sty:STY2666,P0A1E4
map01100,K01738,stt:t0427,P0A1E4
map01100,K01745,sty:STY0824,Q8Z896
map01100,K01745,stt:t2096,Q8Z896
map01100,K01749,sty:STY3621,P0A1Q9
map01100,K01749,stt:t3359,P0A1Q9
map01100,K01753,sty:STY3977,Q8Z2L4
map01100,K01753,stt:t3715,Q8Z2L4
map01100,K01755,sty:STY3750,Q8Z311
map01100,K01755,stt:t3501,Q8Z311
map01100,K01759,sty:STY1687,P0A1Q3
map01100,K01759,stt:t1303,P0A1Q3
map01100,K01770,sty:STY3054,Q8Z472
map01100,K01770,stt:t2830,Q8Z472
map01100,K01772,sty:STY0533,Q8Z8T2
map01100,K01772,stt:t2371,Q8Z8T2
map01100,K01775,sty:STY1930,Q8Z688
map01100,K01775,sty:STY3763,Q8Z300
map01100,K01775,sty:STY4443,P0A1A4
map01100,K01775,stt:t1075,Q8Z688
map01100,K01775,stt:t3513,Q8Z300
map01100,K01775,stt:t4153,P0A1A4
map01100,K01776,sty:STY3743,Q8Z315
map01100,K01776,stt:t3494,Q8Z315
map01100,K01778,sty:STY3612,P0A1F3
map01100,K01778,stt:t3350,P0A1F3
map01100,K01782,sty:STY2620,Q8Z4Z0
map01100,K01782,stt:t0476,Q8Z4Z0
map01100,K01783,sty:STY3790,Q8Z2Y1
map01100,K01783,stt:t3538,Q8Z2Y1
map01100,K01784,sty:STY0809,Q56093
map01100,K01784,stt:t2111,Q56093
map01100,K01788,sty:STY1166,P60668
map01100,K01788,stt:t1791,P60668
map01100,K01791,sty:STY3635,Q8Z388
map01100,K01791,stt:t3377,Q8Z388
map01100,K01803,sty:STY3789,Q8Z2Y2
map01100,K01803,stt:t3537,Q8Z2Y2
map01100,K01804,sty:STY0119,P58539
map01100,K01804,stt:t0106,P58539
map01100,K01805,sty:STY4137,Q7C637
map01100,K01805,stt:t3858,Q7C637
map01100,K01807,sty:STY3219,P66693
map01100,K01807,stt:t2981,P66693
map01100,K01810,sty:STY4417,Q8Z1U7
map01100,K01810,stt:t4127,Q8Z1U7
map01100,K01812,sty:STY3308,Q8Z3R7
map01100,K01812,stt:t3058,Q8Z3R7
map01100,K01813,sty:STY3827,Q8Z2V3
map01100,K01813,stt:t3573,Q8Z2V3
map01100,K01814,sty:STY2285,Q8Z5J7
map01100,K01814,stt:t0797,Q8Z5J7
map01100,K01815,sty:STY3163,Q8Z3Z9
map01100,K01815,stt:t2928,Q8Z3Z9
map01100,K01818,sty:STY3116,Q8Z429
map01100,K01818,stt:t2884,Q8Z429
map01100,K01823,sty:STY3195,Q8Z3X9
map01100,K01823,stt:t2957,Q8Z3X9
map01100,K01825,sty:STY3577,Q8Z3C6
map01100,K01825,stt:t3315,Q8Z3C6
map01100,K01834,sty:STY0804,Q8Z8B2
map01100,K01834,stt:t2115,Q8Z8B2
map01100,K01839,sty:STY4920,P63924
map01100,K01839,stt:t4612,P63924
map01100,K01845,sty:STY0223,Q8Z9B4
map01100,K01845,stt:t0203,Q8Z9B4
map01100,K01874,sty:STY2384,Q8Z5C3
map01100,K01874,stt:t0701,Q8Z5C3
map01100,K01885,sty:STY2654,P0A2K4
map01100,K01885,stt:t0442,P0A2K4
map01100,K01886,sty:STY0724,Q8Z8F8
map01100,K01886,stt:t2189,Q8Z8F8
map01100,K01895,sty:STY4473,Q8Z1R0
map01100,K01895,stt:t4181,Q8Z1R0
map01100,K01897,sty:STY1948,P63522
map01100,K01897,stt:t1059,P63522
map01100,K01903,sty:STY0781,P66870
map01100,K01903,stt:t2138,P66870
map01100,K01914,sty:STY3901,Q8Z2Q9
map01100,K01914,stt:t3642,Q8Z2Q9
map01100,K01915,sty:STY3874,P0A1P7
map01100,K01915,stt:t3614,P0A1P7
map01100,K01916,sty:STY1803,Q8Z6G6
map01100,K01916,stt:t1189,Q8Z6G6
map01100,K01918,sty:STY0199,Q8Z9D3
map01100,K01918,stt:t0182,Q8Z9D3
map01100,K01919,sty:STY2944,Q8Z4D6
map01100,K01919,stt:t2715,Q8Z4D6
map01100,K01920,sty:STY3248,P58581
map01100,K01920,stt:t3007,P58581
map01100,K01921,sty:STY0150,Q8Z9G7
map01100,K01921,sty:STY0412,P0A1F1
map01100,K01921,stt:t0134,Q8Z9G7
map01100,K01921,stt:t2484,P0A1F1
map01100,K01923,sty:STY2725,P65890
map01100,K01923,stt:t0372,P65890
map01100,K01924,sty:STY0149,Q8Z9G8
map01100,K01924,stt:t0133,Q8Z9G8
map01100,K01925,sty:STY0146,Q8Z9H0
map01100,K01925,stt:t0130,Q8Z9H0
map01100,K01928,sty:STY0143,Q8Z9H3
map01100,K01928,stt:t0127,Q8Z9H3
map01100,K01933,sty:STY2740,Q8Z4R2
map01100,K01933,stt:t0358,Q8Z4R2
map01100,K01935,sty:STY0830,Q8Z890
map01100,K01935,sty:STY1575,Q8Z6X9
map01100,K01935,stt:t1410,Q8Z6X9
map01100,K01935,stt:t2090,Q8Z890
map01100,K01937,sty:STY3082,P65922
map01100,K01937,stt:t2854,P65922
map01100,K01939,sty:STY4723,P65883
map01100,K01939,stt:t4417,P65883
map01100,K01940,sty:STY3470,Q8Z3H5
map01100,K01940,stt:t3208,Q8Z3H5
map01100,K01945,sty:STY3710,Q8Z334
map01100,K01945,stt:t3456,Q8Z334
map01100,K01951,sty:STY2751,Q8Z4Q3
map01100,K01951,stt:t0347,Q8Z4Q3
map01100,K01952,sty:STY2812,Q8Z4L6
map01100,K01952,stt:t0291,Q8Z4L6
map01100,K01955,sty:STY0077,Q8Z9L7
map01100,K01955,stt:t0068,Q8Z9L7
map01100,K01956,sty:STY0076,Q8Z9L8
map01100,K01956,stt:t0067,Q8Z9L8
map01100,K01962,sty:STY0255,P0A1C4
map01100,K01962,stt:t0233,P0A1C4
map01100,K01963,sty:STY2597,Q8XFJ5
map01100,K01963,stt:t0498,Q8XFJ5
map01100,K02078,sty:STY1235,P0A6B2
map01100,K02078,sty:STY3004,Q8Z495
map01100,K02078,stt:t1724,P0A6B2
map01100,K02078,stt:t2783,Q8Z495
map01100,K02108,sty:STY3907,Q8XGC2
map01100,K02108,stt:t3648,Q8XGC2
map01100,K02109,sty:STY3909,Q8XGD7
map01100,K02109,stt:t3650,Q8XGD7
map01100,K02110,sty:STY3908,P68703
map01100,K02110,stt:t3649,P68703
map01100,K02111,sty:STY3911,Q8XG95
map01100,K02111,stt:t3652,Q8XG95
map01100,K02112,sty:STY3913,Q8XGX4
map01100,K02112,stt:t3654,Q8XGX4
map01100,K02113,sty:STY3910,Q8XFM9
map01100,K02113,stt:t3651,Q8XFM9
map01100,K02114,sty:STY3914,P0A1B8
map01100,K02114,stt:t3655,P0A1B8
map01100,K02115,sty:STY3912,Q8Z2Q5
map01100,K02115,stt:t3653,Q8Z2Q5
map01100,K02170,sty:STY4287,Q8Z221
map01100,K02170,stt:t3997,Q8Z221
map01100,K02188,sty:STY2237,Q8Z5M8
map01100,K02188,stt:t0842,Q8Z5M8
map01100,K02191,sty:STY2235,Q8Z5M9
map01100,K02191,stt:t0844,Q8Z5M9
map01100,K02226,sty:STY0694,P58652
map01100,K02226,stt:t2224,P58652
map01100,K02227,sty:STY2239,Q8Z5M7
map01100,K02227,stt:t0839,Q8Z5M7
map01100,K02232,sty:STY2222,Q8Z5N6
map01100,K02232,stt:t0855,Q8Z5N6
map01100,K02233,sty:STY2220,Q8Z5N8
map01100,K02233,stt:t0857,Q8Z5N8
map01100,K02257,sty:STY0481,Q8Z8V5
map01100,K02257,stt:t2421,Q8Z8V5
map01100,K02302,sty:STY4319,Q8Z201
map01100,K02302,stt:t4028,Q8Z201
map01100,K02362,sty:STY0627,Q8Z8L9
map01100,K02362,stt:t2284,Q8Z8L9
map01100,K02372,sty:STY0250,P0A1I0
map01100,K02372,stt:t0228,P0A1I0
map01100,K02437,sty:STY3210,P0A6U1
map01100,K02437,stt:t2972,P0A6U1
map01100,K02438,sty:STY4273,Q8Z234
map01100,K02438,stt:t3983,Q8Z234
map01100,K02439,sty:STY4278,P64252
map01100,K02439,stt:t3988,P64252
map01100,K02472,sty:STY3634,Q8Z389
map01100,K02472,stt:t3376,Q8Z389
map01100,K02492,sty:STY1902,P0A1Q7
map01100,K02492,stt:t1099,P0A1Q7
map01100,K02495,sty:STY3877,P0A1E2
map01100,K02495,stt:t3617,P0A1E2
map01100,K02500,sty:STY2286,P0A1R3
map01100,K02500,stt:t0796,P0A1R3
map01100,K02501,sty:STY2284,P0A1R5
map01100,K02501,stt:t0798,P0A1R5
map01100,K02510,sty:STY1140,Q8Z7P9
map01100,K02510,stt:t1813,Q8Z7P9
map01100,K02535,sty:STY0154,Q8Z9G5
map01100,K02535,stt:t0138,Q8Z9G5
map01100,K02536,sty:STY0249,P0A1X5
map01100,K02536,stt:t0227,P0A1X5
map01100,K02549,sty:STY2536,P58485
map01100,K02549,stt:t0557,P58485
map01100,K02551,sty:STY2540,Q8Z533
map01100,K02551,stt:t0554,Q8Z533
map01100,K02563,sty:STY0148,Q8Z9G9
map01100,K02563,stt:t0132,Q8Z9G9
map01100,K02564,sty:STY0722,Q8Z8G0
map01100,K02564,stt:t2191,Q8Z8G0
map01100,K02567,sty:STY2485,Q8Z570
map01100,K02567,stt:t0605,Q8Z570
map01100,K02777,sty:STY2670,P0A284
map01100,K02777,stt:t0424,P0A284
map01100,K02821,sty:STY4741,Q8Z170
map01100,K02821,stt:t4436,Q8Z170
map01100,K02822,sty:STY4740,Q8Z171
map01100,K02822,stt:t4435,Q8Z171
map01100,K02851,sty:STY3637,Q8Z386
map01100,K02851,stt:t3379,Q8Z386
map01100,K02858,sty:STY3373,P66033
map01100,K02858,stt:t3115,P66033
map01100,K03077,sty:STY4744,Q8Z167
map01100,K03077,stt:t4439,Q8Z167
map01100,K03078,sty:STY4742,Q8Z169
map01100,K03078,stt:t4437,Q8Z169
map01100,K03079,sty:STY4743,Q8Z168
map01100,K03079,stt:t4438,Q8Z168
map01100,K03147,sty:STY3721,Q8Z326
map01100,K03147,stt:t3467,Q8Z326
map01100,K03149,sty:STY3725,Q8Z322
map01100,K03149,stt:t3471,Q8Z322
map01100,K03151,sty:STY0464,Q8Z8X1
map01100,K03151,stt:t2438,Q8Z8X1
map01100,K03179,sty:STY4430,Q8XGZ7
map01100,K03179,stt:t4140,Q8XGZ7
map01100,K03181,sty:STY4429,Q8Z1T7
map01100,K03181,stt:t4139,Q8Z1T7
map01100,K03182,sty:STY3581,Q8Z3C3
map01100,K03182,stt:t3319,Q8Z3C3
map01100,K03183,sty:STY3589,P0A2K6
map01100,K03183,stt:t3327,P0A2K6
map01100,K03186,sty:STY2586,P0A246
map01100,K03186,stt:t0508,P0A246
map01100,K03269,sty:STY0583,Q8Z8P7
map01100,K03269,stt:t2326,Q8Z8P7
map01100,K03270,sty:STY3495,Q8Z3G5
map01100,K03270,stt:t3233,Q8Z3G5
map01100,K03271,sty:STY0355,P63222
map01100,K03271,stt:t2540,P63222
map01100,K03272,sty:STY3379,Q8XEW9
map01100,K03272,stt:t3120,Q8XEW9
map01100,K03273,sty:STY0275,Q8Z989
map01100,K03273,stt:t0251,Q8Z989
map01100,K03274,sty:STY4085,P67913
map01100,K03274,stt:t3809,P67913
map01100,K03385,sty:STY4475,Q8Z1Q9
map01100,K03385,stt:t4183,Q8Z1Q9
map01100,K03399,sty:STY2236,P0A2H2
map01100,K03399,stt:t0843,P0A2H2
map01100,K03426,sty:STY3719,Q8Z328
map01100,K03426,stt:t3465,Q8Z328
map01100,K03430,sty:STY0470,Q8Z8W6
map01100,K03430,stt:t2432,Q8Z8W6
map01100,K03431,sty:STY3472,Q8XF81
map01100,K03431,stt:t3211,Q8XF81
map01100,K03472,sty:STY3228,Q8XGA4
map01100,K03472,stt:t2989,Q8XGA4
map01100,K03473,sty:STY2601,P60801
map01100,K03473,stt:t0494,P60801
map01100,K03474,sty:STY2824,Q8Z4K6
map01100,K03474,stt:t0279,Q8Z4K6
map01100,K03475,sty:STY4739,Q8Z172
map01100,K03475,stt:t4434,Q8Z172
map01100,K03476,sty:STY4738,Q8XG87
map01100,K03476,stt:t4433,Q8XG87
map01100,K03517,sty:STY0797,Q8Z8B8
map01100,K03517,stt:t2122,Q8Z8B8
map01100,K03526,sty:STY2768,P58670
map01100,K03526,stt:t0333,P58670
map01100,K03527,sty:STY0058,P58678
map01100,K03527,stt:t0051,P58678
map01100,K03533,sty:STY3957,Q8Z2M3
map01100,K03533,stt:t3697,Q8Z2M3
map01100,K03621,sty:STY1231,P0A260
map01100,K03621,stt:t1728,P0A260
map01100,K03635,sty:STY0840,P65399
map01100,K03635,stt:t2081,P65399
map01100,K03637,sty:STY0838,Q8Z887
map01100,K03637,stt:t2083,Q8Z887
map01100,K03639,sty:STY0836,P65387
map01100,K03639,stt:t2085,P65387
map01100,K03644,sty:STY0683,Q8Z8I3
map01100,K03644,stt:t2234,Q8Z8I3
map01100,K03736,sty:STY2694,Q8Z4U3
map01100,K03736,stt:t0401,Q8Z4U3
map01100,K03752,sty:STY3886,Q8Z2R9
map01100,K03752,stt:t3626,Q8Z2R9
map01100,K03782,sty:STY3760,Q8Z303
map01100,K03782,stt:t3510,Q8Z303
map01100,K03784,sty:STY4921,Q8Z0U2
map01100,K03784,stt:t4613,Q8Z0U2
map01100,K03785,sty:STY1760,P24670
map01100,K03785,stt:t1231,P24670
map01100,K03787,sty:STY3052,P66882
map01100,K03787,stt:t2828,P66882
map01100,K03788,sty:STY4445,O08430
map01100,K03788,stt:t4155,O08430
map01100,K03800,sty:STY4923,Q8Z0U0
map01100,K03800,stt:t4615,Q8Z0U0
map01100,K03801,sty:STY0686,Q8Z8I2
map01100,K03801,stt:t2232,Q8Z8I2
map01100,K03809,sty:STY1155,Q8Z7N9
map01100,K03809,stt:t1801,Q8Z7N9
map01100,K03814,sty:STY3505,Q8Z3G0
map01100,K03814,stt:t3243,Q8Z3G0
map01100,K03841,sty:STY4774,Q8Z146
map01100,K03841,stt:t4469,Q8Z146
map01100,K04042,sty:STY3916,Q8Z2Q3
map01100,K04042,stt:t3657,Q8Z2Q3
map01100,K04487,sty:STY2789,Q8Z4N0
map01100,K04487,stt:t0313,Q8Z4N0
map01100,K04720,sty:STY0695,Q8Z8H8
map01100,K04720,stt:t2223,Q8Z8H8
map01100,K05306,sty:STY0471,Q8Z8W5
map01100,K05306,stt:t2431,Q8Z8W5
map01100,K05396,sty:STY2161,Q8Z5S9
map01100,K05396,stt:t0923,Q8Z5S9
map01100,K05526,sty:STY1807,Q8Z6G3
map01100,K05526,stt:t1186,Q8Z6G3
map01100,K05601,sty:STY0933,Q8Z829
map01100,K05601,stt:t1996,Q8Z829
map01100,K05851,sty:STY3620,P0A1A8
map01100,K05851,stt:t3358,P0A1A8
map01100,K05936,sty:STY2234,P0A2H0
map01100,K05936,stt:t0845,P0A2H0
map01100,K06041,sty:STY3494,Q8Z3G6
map01100,K06041,stt:t3232,Q8Z3G6
map01100,K06048,sty:STY0626,Q8Z8M0
map01100,K06048,stt:t2285,Q8Z8M0
map01100,K06131,sty:STY0847,Q8Z883
map01100,K06131,sty:STY1312,P63799
map01100,K06131,stt:t1651,P63799
map01100,K06131,stt:t2076,Q8Z883
map01100,K06133,sty:STY4228,Q8Z259
map01100,K06133,stt:t3939,Q8Z259
map01100,K06287,sty:STY3551,P58631
map01100,K06287,stt:t3286,P58631
map01100,K06445,sty:STY0354,Q8Z937
map01100,K06445,stt:t2541,Q8Z937
map01100,K06447,sty:STY1809,Q8Z6G1
map01100,K06447,stt:t1184,Q8Z6G1
map01100,K06879,sty:STY3107,Q8Z437
map01100,K06879,stt:t2876,Q8Z437
map01100,K06920,sty:STY0497,Q8XEU3
map01100,K06920,stt:t2405,Q8XEU3
map01100,K06949,sty:STY4709,Q8Z193
map01100,K06949,stt:t4401,Q8Z193
map01100,K07026,sty:STY2193,P65418
map01100,K07026,stt:t0892,P65418
map01100,K07106,sty:STY2817,Q8Z4L2
map01100,K07106,stt:t0286,Q8Z4L2
map01100,K07127,sty:STY1129,Q8Z7Q6
map01100,K07127,stt:t1822,Q8Z7Q6
map01100,K07160,sty:STY0754,Q8Z8D9
map01100,K07160,stt:t2162,Q8Z8D9
map01100,K07173,sty:STY2943,Q8Z4D7
map01100,K07173,stt:t2714,Q8Z4D7
map01100,K07251,sty:STY1248,Q8Z7I7
map01100,K07251,stt:t1712,Q8Z7I7
map01100,K07404,sty:STY0818,Q8Z8A2
map01100,K07404,stt:t2102,Q8Z8A2
map01100,K07751,sty:STY2782,Q8Z4N3
map01100,K07751,stt:t0320,Q8Z4N3
map01100,K07806,sty:STY2527,Q8Z542
map01100,K07806,stt:t0566,Q8Z542
map01100,K07811,sty:STY3956,Q8Z2M4
map01100,K07811,stt:t3696,Q8Z2M4
map01100,K08092,sty:STY4130,Q8Z2C5
map01100,K08092,stt:t3851,Q8Z2C5
map01100,K08289,sty:STY2089,Q8Z5X3
map01100,K08289,stt:t0994,Q8Z5X3
map01100,K08302,sty:STY3435,Q8XGZ9
map01100,K08302,stt:t3173,Q8XGZ9
map01100,K08353,sty:STY2270,P0A1I2
map01100,K08353,stt:t0810,P0A1I2
map01100,K08591,sty:STY3386,P67162
map01100,K08591,stt:t3127,P67162
map01100,K08680,sty:STY2538,Q8Z534
map01100,K08680,stt:t0555,Q8Z534
map01100,K08682,sty:STY0441,Q8XEZ8
map01100,K08682,stt:t2460,Q8XEZ8
map01100,K08722,sty:STY2562,Q8Z524
map01100,K08722,stt:t0532,Q8Z524
map01100,K09001,sty:STY1676,Q8Z6Q0
map01100,K09001,stt:t1314,Q8Z6Q0
map01100,K09251,sty:STY3396,Q8Z3L9
map01100,K09251,stt:t3138,Q8Z3L9
map01100,K09474,sty:STY4519,Q934J6
map01100,K09474,stt:t4225,Q934J6
map01100,K09903,sty:STY0241,P65934
map01100,K09903,stt:t0219,P65934
map01100,K09913,sty:STY0424,Q8Z8Y9
map01100,K09913,stt:t2473,Q8Z8Y9
map01100,K10011,sty:STY2529,Q8Z540
map01100,K10011,stt:t0564,Q8Z540
map01100,K10012,sty:STY2528,Q8Z541
map01100,K10012,stt:t0565,Q8Z541
map01100,K11717,sty:STY1750,Q8XF77
map01100,K11717,stt:t1241,Q8XF77
map01100,K11755,sty:STY2287,Q8Z5J6
map01100,K11755,stt:t0795,Q8Z5J6
map01100,K12410,sty:STY1261,P0A2F3
map01100,K12410,stt:t1699,P0A2F3
map01100,K12453,sty:STY2299,P14168
map01100,K12453,stt:t0783,P14168
map01100,K12454,sty:STY2298,P14169
map01100,K12454,stt:t0784,P14169
map01100,K12660,sty:STY2519,Q8Z549
map01100,K12660,stt:t0574,Q8Z549
map01100,K12661,sty:STY2521,Q8Z548
map01100,K12661,stt:t0572,Q8Z548
map01100,K12700,sty:STY0060,Q8Z9M9
map01100,K12700,stt:t0053,Q8Z9M9
map01100,K12972,sty:STY1172,Q8Z7M6
map01100,K12972,stt:t1785,Q8Z7M6
map01100,K13014,sty:STY2530,Q8Z539
map01100,K13014,stt:t0563,Q8Z539
map01100,K13378,sty:STY2556,P0A1Y7
map01100,K13378,stt:t0538,P0A1Y7
map01100,K13498,sty:STY1326,Q8Z7D9
map01100,K13498,stt:t1637,Q8Z7D9
map01100,K14682,sty:STY3130,Q8Z421
map01100,K14682,stt:t2900,Q8Z421
map01100,K15633,sty:STY4091,Q8Z2F0
map01100,K15633,stt:t3815,Q8Z2F0
map01100,K15634,sty:STY4932,Q8Z0T4
map01100,K15634,stt:t4624,Q8Z0T4
map01100,K15737,sty:STY2909,Q8Z4G0
map01100,K15737,stt:t2684,Q8Z4G0
map01100,K16066,sty:STY1550,P69935
map01100,K16066,stt:t1432,P69935
map01100,K17722,sty:STY2416,Q8Z5A6
map01100,K17722,stt:t0669,Q8Z5A6
map01100,K20509,sty:STY0063,Q8Z9M6
map01100,K20509,sty:STY3531,Q8Z3E5
map01100,K20509,stt:t0056,Q8Z9M6
map01100,K20509,stt:t3266,Q8Z3E5
map01100,K21469,sty:STY2716,Q8Z4S7
map01100,K21469,stt:t0381,Q8Z4S7
map01100,K22925,sty:STY4660,Q04973
map01100,K22925,stt:t4351,Q04973
map01100,K22926,sty:STY4661,Q04972
map01100,K22926,stt:t4352,Q04972
map01100,K28207,sty:STY1260,Q8Z7H9
map01100,K28207,stt:t1700,Q8Z7H9
map01100,K28747,stt:t3725,P0DX97
map01110,K00013,sty:STY2281,Q8Z5K0
map01110,K00013,stt:t0801,Q8Z5K0
map01110,K00014,sty:STY4396,Q8Z1W5
map01110,K00014,stt:t4103,Q8Z1W5
map01110,K00024,sty:STY3539,Q8Z3E0
map01110,K00024,stt:t3274,Q8Z3E0
map01110,K00052,sty:STY0131,Q8Z9I1
map01110,K00052,stt:t0116,Q8Z9I1
map01110,K00053,sty:STY3648,Q8Z381
map01110,K00053,stt:t3389,Q8Z381
map01110,K00057,sty:STY4095,P0A1P3
map01110,K00057,stt:t3819,P0A1P3
map01110,K00059,sty:STY1234,P0A2D0
map01110,K00059,stt:t1725,P0A2D0
map01110,K00077,sty:STY0473,Q8Z8W3
map01110,K00077,stt:t2430,Q8Z8W3
map01110,K00090,sty:STY4156,Q8Z2A8
map01110,K00090,stt:t3873,Q8Z2A8
map01110,K00099,sty:STY0243,Q8Z9A6
map01110,K00099,stt:t0221,Q8Z9A6
map01110,K00112,sty:STY2514,Q8Z553
map01110,K00112,stt:t0579,Q8Z553
map01110,K00133,sty:STY4271,P0A1F9
map01110,K00133,stt:t3981,P0A1F9
map01110,K00134,sty:STY1825,P0A1P1
map01110,K00134,stt:t1169,P0A1P1
map01110,K00145,sty:STY3752,Q8Z309
map01110,K00145,stt:t3503,Q8Z309
map01110,K00147,sty:STY0367,Q8Z932
map01110,K00147,stt:t2528,Q8Z932
map01110,K00215,sty:STY0073,Q8Z9L9
map01110,K00215,stt:t0066,Q8Z9L9
map01110,K00228,sty:STY2688,Q8Z4U8
map01110,K00228,stt:t0407,Q8Z4U8
map01110,K00241,sty:STY0775,P63726
map01110,K00241,stt:t2144,P63726
map01110,K00246,sty:STY4701,P67639
map01110,K00246,stt:t4393,P67639
map01110,K00247,sty:STY4700,P67646
map01110,K00247,stt:t4392,P67646
map01110,K00281,sty:STY3209,Q8Z3X0
map01110,K00281,stt:t2971,Q8Z3X0
map01110,K00549,sty:STY3594,Q8Z3B6
map01110,K00549,stt:t3332,Q8Z3B6
map01110,K00568,sty:STY2505,Q8Z560
map01110,K00568,stt:t0588,Q8Z560
map01110,K00600,sty:STY2802,P0A2E2
map01110,K00600,sty:STY3764,Q8Z2Z9
map01110,K00600,stt:t0301,P0A2E2
map01110,K00600,stt:t3514,Q8Z2Z9
map01110,K00602,sty:STY3709,Q8Z335
map01110,K00602,stt:t3455,Q8Z335
map01110,K00605,sty:STY3211,P64223
map01110,K00605,stt:t2973,P64223
map01110,K00606,sty:STY0200,Q8Z9D2
map01110,K00606,stt:t0183,Q8Z9D2
map01110,K00611,sty:STY4803,Q8Z127
map01110,K00611,sty:STY4807,Q8Z123
map01110,K00611,stt:t4499,Q8Z127
map01110,K00611,stt:t4503,Q8Z123
map01110,K00616,sty:STY0007,P66956
map01110,K00616,sty:STY2710,Q8Z4T0
map01110,K00616,stt:t0007,P66956
map01110,K00616,stt:t0386,Q8Z4T0
map01110,K00631,sty:STY4431,Q8Z1T6
map01110,K00631,stt:t4141,Q8Z1T6
map01110,K00632,sty:STY2621,Q8Z4Y9
map01110,K00632,sty:STY3578,P0A2H8
map01110,K00632,stt:t0475,Q8Z4Y9
map01110,K00632,stt:t3316,P0A2H8
map01110,K00651,sty:STY4400,Q8Z1W1
map01110,K00651,stt:t4110,Q8Z1W1
map01110,K00655,sty:STY3350,P0A258
map01110,K00655,stt:t3094,P0A258
map01110,K00697,sty:STY2137,P0A1Q1
map01110,K00697,stt:t0949,P0A1Q1
map01110,K00700,sty:STY4272,Q8Z235
map01110,K00700,stt:t3982,Q8Z235
map01110,K00703,sty:STY4275,Q8Z232
map01110,K00703,stt:t3985,Q8Z232
map01110,K00765,sty:STY2280,Q8Z5K1
map01110,K00765,stt:t0802,Q8Z5K1
map01110,K00769,sty:STY0362,P0A278
map01110,K00769,stt:t2533,P0A278
map01110,K00789,sty:STY3243,P66765
map01110,K00789,stt:t3002,P66765
map01110,K00791,sty:STY4717,Q8Z186
map01110,K00791,stt:t4411,Q8Z186
map01110,K00794,sty:STY0456,P66039
map01110,K00794,stt:t2446,P66039
map01110,K00797,sty:STY0188,Q8Z9E2
map01110,K00797,stt:t0171,Q8Z9E2
map01110,K00800,sty:STY0978,P19786
map01110,K00800,stt:t1956,P19786
map01110,K00806,sty:STY0244,Q8Z9A5
map01110,K00806,stt:t0222,Q8Z9A5
map01110,K00813,sty:STY1000,Q56114
map01110,K00813,stt:t1936,Q56114
map01110,K00817,sty:STY2282,Q8Z5J9
map01110,K00817,stt:t0800,Q8Z5J9
map01110,K00821,sty:STY4328,Q8Z1Z3
map01110,K00821,stt:t4037,Q8Z1Z3
map01110,K00826,sty:STY3654,P0A1A6
map01110,K00826,stt:t3395,P0A1A6
map01110,K00831,sty:STY0977,P62677
map01110,K00831,stt:t1957,P62677
map01110,K00845,sty:STY2644,P58618
map01110,K00845,stt:t0454,P58618
map01110,K00850,sty:STY3809,P65693
map01110,K00850,stt:t3557,P65693
map01110,K00864,sty:STY3784,Q8Z2Y6
map01110,K00864,stt:t3532,Q8Z2Y6
map01110,K00872,sty:STY0003,P65227
map01110,K00872,stt:t0003,P65227
map01110,K00873,sty:STY1744,Q8Z6K2
map01110,K00873,stt:t1246,Q8Z6K2
map01110,K00891,sty:STY0421,P63604
map01110,K00891,sty:STY4309,P63602
map01110,K00891,stt:t2476,P63604
map01110,K00891,stt:t4019,P63602
map01110,K00919,sty:STY1905,Q8Z699
map01110,K00919,stt:t1097,Q8Z699
map01110,K00927,sty:STY3227,P65703
map01110,K00927,stt:t2988,P65703
map01110,K00930,sty:STY3751,P63558
map01110,K00930,stt:t3502,P63558
map01110,K00931,sty:STY0366,P65793
map01110,K00931,stt:t2529,P65793
map01110,K00939,sty:STY0532,P0A1V5
map01110,K00939,stt:t2372,P0A1V5
map01110,K00940,sty:STY2771,P65535
map01110,K00940,stt:t0330,P65535
map01110,K00948,sty:STY1906,P0A1V7
map01110,K00948,stt:t1096,P0A1V7
map01110,K00956,sty:STY3059,Q8Z470
map01110,K00956,stt:t2835,Q8Z470
map01110,K00957,sty:STY3060,P65673
map01110,K00957,stt:t2836,P65673
map01110,K00963,sty:STY2308,P0A2K8
map01110,K00963,stt:t0774,P0A2K8
map01110,K00975,sty:STY4274,Q8Z233
map01110,K00975,stt:t3984,Q8Z233
map01110,K00991,sty:STY3055,Q8Z471
map01110,K00991,stt:t2831,Q8Z471
map01110,K00997,sty:STY2823,P63467
map01110,K00997,stt:t0280,P63467
map01110,K01058,sty:STY3602,P0A232
map01110,K01058,stt:t3340,P0A232
map01110,K01089,sty:STY2283,Q8Z5J8
map01110,K01089,stt:t0799,Q8Z5J8
map01110,K01091,sty:STY4314,Q8Z202
map01110,K01091,stt:t4025,Q8Z202
map01110,K01194,sty:STY4200,Q8Z277
map01110,K01194,stt:t3914,Q8Z277
map01110,K01438,sty:STY3753,Q8Z308
map01110,K01438,stt:t3504,Q8Z308
map01110,K01478,sty:STY4805,Q8Z125
map01110,K01478,stt:t4501,Q8Z125
map01110,K01480,sty:STY3238,P60655
map01110,K01480,stt:t2998,P60655
map01110,K01497,sty:STY1340,P66031
map01110,K01497,stt:t1624,P66031
map01110,K01521,sty:STY3807,Q8Z2W6
map01110,K01521,stt:t3555,Q8Z2W6
map01110,K01579,sty:STY0198,P65663
map01110,K01579,stt:t0181,P65663
map01110,K01582,sty:STY2806,P0A1Z1
map01110,K01582,stt:t0297,P0A1Z1
map01110,K01585,sty:STY3240,P60658
map01110,K01585,stt:t2999,P60658
map01110,K01599,sty:STY3718,Q8Z329
map01110,K01599,stt:t3464,Q8Z329
map01110,K01610,sty:STY4296,Q8Z216
map01110,K01610,stt:t4006,Q8Z216
map01110,K01611,sty:STY0187,Q8Z9E3
map01110,K01611,stt:t0170,Q8Z9E3
map01110,K01613,sty:STY4708,Q8Z194
map01110,K01613,stt:t4400,Q8Z194
map01110,K01626,sty:STY1763,Q8Z6I9
map01110,K01626,sty:STY2857,P0A1B6
map01110,K01626,stt:t1228,Q8Z6I9
map01110,K01626,stt:t2625,P0A1B6
map01110,K01649,sty:STY0132,Q8Z9I0
map01110,K01649,stt:t0117,Q8Z9I0
map01110,K01662,sty:STY0461,Q8Z8X3
map01110,K01662,stt:t2441,Q8Z8X3
map01110,K01675,sty:STY1732,P0A1T5
map01110,K01675,stt:t1256,P0A1T5
map01110,K01679,sty:STY1653,Q8Z6R6
map01110,K01679,stt:t1337,Q8Z6R6
map01110,K01687,sty:STY3653,Q8Z377
map01110,K01687,stt:t3394,Q8Z377
map01110,K01689,sty:STY3081,P64077
map01110,K01689,stt:t2853,P64077
map01110,K01695,sty:STY1324,Q8Z7E0
map01110,K01695,stt:t1639,Q8Z7E0
map01110,K01696,sty:STY1325,P0A2K2
map01110,K01696,stt:t1638,P0A2K2
map01110,K01703,sty:STY0130,Q8Z9I2
map01110,K01703,stt:t0115,Q8Z9I2
map01110,K01704,sty:STY0129,Q8Z9I3
map01110,K01704,stt:t0114,Q8Z9I3
map01110,K01714,sty:STY2727,Q8Z4R8
map01110,K01714,stt:t0370,Q8Z4R8
map01110,K01735,sty:STY4310,Q8Z205
map01110,K01735,stt:t4020,Q8Z205
map01110,K01736,sty:STY2616,P16280
map01110,K01736,stt:t0480,P16280
map01110,K01738,sty:STY2666,P0A1E4
map01110,K01738,stt:t0427,P0A1E4
map01110,K01749,sty:STY3621,P0A1Q9
map01110,K01749,stt:t3359,P0A1Q9
map01110,K01755,sty:STY3750,Q8Z311
map01110,K01755,stt:t3501,Q8Z311
map01110,K01770,sty:STY3054,Q8Z472
map01110,K01770,stt:t2830,Q8Z472
map01110,K01772,sty:STY0533,Q8Z8T2
map01110,K01772,stt:t2371,Q8Z8T2
map01110,K01778,sty:STY3612,P0A1F3
map01110,K01778,stt:t3350,P0A1F3
map01110,K01782,sty:STY2620,Q8Z4Z0
map01110,K01782,stt:t0476,Q8Z4Z0
map01110,K01783,sty:STY3790,Q8Z2Y1
map01110,K01783,stt:t3538,Q8Z2Y1
map01110,K01803,sty:STY3789,Q8Z2Y2
map01110,K01803,stt:t3537,Q8Z2Y2
map01110,K01807,sty:STY3219,P66693
map01110,K01807,stt:t2981,P66693
map01110,K01810,sty:STY4417,Q8Z1U7
map01110,K01810,stt:t4127,Q8Z1U7
map01110,K01814,sty:STY2285,Q8Z5J7
map01110,K01814,stt:t0797,Q8Z5J7
map01110,K01823,sty:STY3195,Q8Z3X9
map01110,K01823,stt:t2957,Q8Z3X9
map01110,K01825,sty:STY3577,Q8Z3C6
map01110,K01825,stt:t3315,Q8Z3C6
map01110,K01834,sty:STY0804,Q8Z8B2
map01110,K01834,stt:t2115,Q8Z8B2
map01110,K01845,sty:STY0223,Q8Z9B4
map01110,K01845,stt:t0203,Q8Z9B4
map01110,K01885,sty:STY2654,P0A2K4
map01110,K01885,stt:t0442,P0A2K4
map01110,K01895,sty:STY4473,Q8Z1R0
map01110,K01895,stt:t4181,Q8Z1R0
map01110,K01903,sty:STY0781,P66870
map01110,K01903,stt:t2138,P66870
map01110,K01914,sty:STY3901,Q8Z2Q9
map01110,K01914,stt:t3642,Q8Z2Q9
map01110,K01915,sty:STY3874,P0A1P7
map01110,K01915,stt:t3614,P0A1P7
map01110,K01918,sty:STY0199,Q8Z9D3
map01110,K01918,stt:t0182,Q8Z9D3
map01110,K01923,sty:STY2725,P65890
map01110,K01923,stt:t0372,P65890
map01110,K01933,sty:STY2740,Q8Z4R2
map01110,K01933,stt:t0358,Q8Z4R2
map01110,K01940,sty:STY3470,Q8Z3H5
map01110,K01940,stt:t3208,Q8Z3H5
map01110,K01945,sty:STY3710,Q8Z334
map01110,K01945,stt:t3456,Q8Z334
map01110,K01952,sty:STY2812,Q8Z4L6
map01110,K01952,stt:t0291,Q8Z4L6
map01110,K01955,sty:STY0077,Q8Z9L7
map01110,K01955,stt:t0068,Q8Z9L7
map01110,K01956,sty:STY0076,Q8Z9L8
map01110,K01956,stt:t0067,Q8Z9L8
map01110,K01962,sty:STY0255,P0A1C4
map01110,K01962,stt:t0233,P0A1C4
map01110,K01963,sty:STY2597,Q8XFJ5
map01110,K01963,stt:t0498,Q8XFJ5
map01110,K02078,sty:STY1235,P0A6B2
map01110,K02078,sty:STY3004,Q8Z495
map01110,K02078,stt:t1724,P0A6B2
map01110,K02078,stt:t2783,Q8Z495
map01110,K02257,sty:STY0481,Q8Z8V5
map01110,K02257,stt:t2421,Q8Z8V5
map01110,K02302,sty:STY4319,Q8Z201
map01110,K02302,stt:t4028,Q8Z201
map01110,K02362,sty:STY0627,Q8Z8L9
map01110,K02362,stt:t2284,Q8Z8L9
map01110,K02437,sty:STY3210,P0A6U1
map01110,K02437,stt:t2972,P0A6U1
map01110,K02439,sty:STY4278,P64252
map01110,K02439,stt:t3988,P64252
map01110,K02492,sty:STY1902,P0A1Q7
map01110,K02492,stt:t1099,P0A1Q7
map01110,K02495,sty:STY3877,P0A1E2
map01110,K02495,stt:t3617,P0A1E2
map01110,K02500,sty:STY2286,P0A1R3
map01110,K02500,stt:t0796,P0A1R3
map01110,K02501,sty:STY2284,P0A1R5
map01110,K02501,stt:t0798,P0A1R5
map01110,K02549,sty:STY2536,P58485
map01110,K02549,stt:t0557,P58485
map01110,K02551,sty:STY2540,Q8Z533
map01110,K02551,stt:t0554,Q8Z533
map01110,K02858,sty:STY3373,P66033
map01110,K02858,stt:t3115,P66033
map01110,K03179,sty:STY4430,Q8XGZ7
map01110,K03179,stt:t4140,Q8XGZ7
map01110,K03181,sty:STY4429,Q8Z1T7
map01110,K03181,stt:t4139,Q8Z1T7
map01110,K03182,sty:STY3581,Q8Z3C3
map01110,K03182,stt:t3319,Q8Z3C3
map01110,K03183,sty:STY3589,P0A2K6
map01110,K03183,stt:t3327,P0A2K6
map01110,K03186,sty:STY2586,P0A246
map01110,K03186,stt:t0508,P0A246
map01110,K03526,sty:STY2768,P58670
map01110,K03526,stt:t0333,P58670
map01110,K03527,sty:STY0058,P58678
map01110,K03527,stt:t0051,P58678
map01110,K03621,sty:STY1231,P0A260
map01110,K03621,stt:t1728,P0A260
map01110,K03782,sty:STY3760,Q8Z303
map01110,K03782,stt:t3510,Q8Z303
map01110,K03784,sty:STY4921,Q8Z0U2
map01110,K03784,stt:t4613,Q8Z0U2
map01110,K03785,sty:STY1760,P24670
map01110,K03785,stt:t1231,P24670
map01110,K03787,sty:STY3052,P66882
map01110,K03787,stt:t2828,P66882
map01110,K03809,sty:STY1155,Q8Z7N9
map01110,K03809,stt:t1801,Q8Z7N9
map01110,K03841,sty:STY4774,Q8Z146
map01110,K03841,stt:t4469,Q8Z146
map01110,K07404,sty:STY0818,Q8Z8A2
map01110,K07404,stt:t2102,Q8Z8A2
map01110,K08289,sty:STY2089,Q8Z5X3
map01110,K08289,stt:t0994,Q8Z5X3
map01110,K08591,sty:STY3386,P67162
map01110,K08591,stt:t3127,P67162
map01110,K08680,sty:STY2538,Q8Z534
map01110,K08680,stt:t0555,Q8Z534
map01110,K09913,sty:STY0424,Q8Z8Y9
map01110,K09913,stt:t2473,Q8Z8Y9
map01110,K11755,sty:STY2287,Q8Z5J6
map01110,K11755,stt:t0795,Q8Z5J6
map01110,K12972,sty:STY1172,Q8Z7M6
map01110,K12972,stt:t1785,Q8Z7M6
map01110,K13498,sty:STY1326,Q8Z7D9
map01110,K13498,stt:t1637,Q8Z7D9
map01110,K14682,sty:STY3130,Q8Z421
map01110,K14682,stt:t2900,Q8Z421
map01110,K15633,sty:STY4091,Q8Z2F0
map01110,K15633,stt:t3815,Q8Z2F0
map01110,K15634,sty:STY4932,Q8Z0T4
map01110,K15634,stt:t4624,Q8Z0T4
map01230,K00013,sty:STY2281,Q8Z5K0
map01230,K00013,stt:t0801,Q8Z5K0
map01230,K00014,sty:STY4396,Q8Z1W5
map01230,K00014,stt:t4103,Q8Z1W5
map01230,K00052,sty:STY0131,Q8Z9I1
map01230,K00052,stt:t0116,Q8Z9I1
map01230,K00053,sty:STY3648,Q8Z381
map01230,K00053,stt:t3389,Q8Z381
map01230,K00133,sty:STY4271,P0A1F9
map01230,K00133,stt:t3981,P0A1F9
map01230,K00134,sty:STY1825,P0A1P1
map01230,K00134,stt:t1169,P0A1P1
map01230,K00145,sty:STY3752,Q8Z309
map01230,K00145,stt:t3503,Q8Z309
map01230,K00147,sty:STY0367,Q8Z932
map01230,K00147,stt:t2528,Q8Z932
map01230,K00215,sty:STY0073,Q8Z9L9
map01230,K00215,stt:t0066,Q8Z9L9
map01230,K00549,sty:STY3594,Q8Z3B6
map01230,K00549,stt:t3332,Q8Z3B6
map01230,K00600,sty:STY2802,P0A2E2
map01230,K00600,sty:STY3764,Q8Z2Z9
map01230,K00600,stt:t0301,P0A2E2
map01230,K00600,stt:t3514,Q8Z2Z9
map01230,K00611,sty:STY4803,Q8Z127
map01230,K00611,sty:STY4807,Q8Z123
map01230,K00611,stt:t4499,Q8Z127
map01230,K00611,stt:t4503,Q8Z123
map01230,K00616,sty:STY0007,P66956
map01230,K00616,sty:STY2710,Q8Z4T0
map01230,K00616,stt:t0007,P66956
map01230,K00616,stt:t0386,Q8Z4T0
map01230,K00651,sty:STY4400,Q8Z1W1
map01230,K00651,stt:t4110,Q8Z1W1
map01230,K00674,sty:STY0236,Q8Z9A8
map01230,K00674,stt:t0214,Q8Z9A8
map01230,K00765,sty:STY2280,Q8Z5K1
map01230,K00765,stt:t0802,Q8Z5K1
map01230,K00789,sty:STY3243,P66765
map01230,K00789,stt:t3002,P66765
map01230,K00800,sty:STY0978,P19786
map01230,K00800,stt:t1956,P19786
map01230,K00813,sty:STY1000,Q56114
map01230,K00813,stt:t1936,Q56114
map01230,K00817,sty:STY2282,Q8Z5J9
map01230,K00817,stt:t0800,Q8Z5J9
map01230,K00821,sty:STY4328,Q8Z1Z3
map01230,K00821,stt:t4037,Q8Z1Z3
map01230,K00826,sty:STY3654,P0A1A6
map01230,K00826,stt:t3395,P0A1A6
map01230,K00831,sty:STY0977,P62677
map01230,K00831,stt:t1957,P62677
map01230,K00850,sty:STY3809,P65693
map01230,K00850,stt:t3557,P65693
map01230,K00872,sty:STY0003,P65227
map01230,K00872,stt:t0003,P65227
map01230,K00873,sty:STY1744,Q8Z6K2
map01230,K00873,stt:t1246,Q8Z6K2
map01230,K00891,sty:STY0421,P63604
map01230,K00891,sty:STY4309,P63602
map01230,K00891,stt:t2476,P63604
map01230,K00891,stt:t4019,P63602
map01230,K00927,sty:STY3227,P65703
map01230,K00927,stt:t2988,P65703
map01230,K00930,sty:STY3751,P63558
map01230,K00930,stt:t3502,P63558
map01230,K00931,sty:STY0366,P65793
map01230,K00931,stt:t2529,P65793
map01230,K00948,sty:STY1906,P0A1V7
map01230,K00948,stt:t1096,P0A1V7
map01230,K01089,sty:STY2283,Q8Z5J8
map01230,K01089,stt:t0799,Q8Z5J8
map01230,K01243,sty:STY0229,P60216
map01230,K01243,stt:t0208,P60216
map01230,K01438,sty:STY3753,Q8Z308
map01230,K01438,stt:t3504,Q8Z308
map01230,K01439,sty:STY2721,Q8Z4S2
map01230,K01439,stt:t0376,Q8Z4S2
map01230,K01626,sty:STY1763,Q8Z6I9
map01230,K01626,sty:STY2857,P0A1B6
map01230,K01626,stt:t1228,Q8Z6I9
map01230,K01626,stt:t2625,P0A1B6
map01230,K01649,sty:STY0132,Q8Z9I0
map01230,K01649,stt:t0117,Q8Z9I0
map01230,K01687,sty:STY3653,Q8Z377
map01230,K01687,stt:t3394,Q8Z377
map01230,K01689,sty:STY3081,P64077
map01230,K01689,stt:t2853,P64077
map01230,K01695,sty:STY1324,Q8Z7E0
map01230,K01695,stt:t1639,Q8Z7E0
map01230,K01696,sty:STY1325,P0A2K2
map01230,K01696,stt:t1638,P0A2K2
map01230,K01703,sty:STY0130,Q8Z9I2
map01230,K01703,stt:t0115,Q8Z9I2
map01230,K01704,sty:STY0129,Q8Z9I3
map01230,K01704,stt:t0114,Q8Z9I3
map01230,K01714,sty:STY2727,Q8Z4R8
map01230,K01714,stt:t0370,Q8Z4R8
map01230,K01735,sty:STY4310,Q8Z205
map01230,K01735,stt:t4020,Q8Z205
map01230,K01736,sty:STY2616,P16280
map01230,K01736,stt:t0480,P16280
map01230,K01738,sty:STY2666,P0A1E4
map01230,K01738,stt:t0427,P0A1E4
map01230,K01755,sty:STY3750,Q8Z311
map01230,K01755,stt:t3501,Q8Z311
map01230,K01778,sty:STY3612,P0A1F3
map01230,K01778,stt:t3350,P0A1F3
map01230,K01783,sty:STY3790,Q8Z2Y1
map01230,K01783,stt:t3538,Q8Z2Y1
map01230,K01803,sty:STY3789,Q8Z2Y2
map01230,K01803,stt:t3537,Q8Z2Y2
map01230,K01807,sty:STY3219,P66693
map01230,K01807,stt:t2981,P66693
map01230,K01814,sty:STY2285,Q8Z5J7
map01230,K01814,stt:t0797,Q8Z5J7
map01230,K01834,sty:STY0804,Q8Z8B2
map01230,K01834,stt:t2115,Q8Z8B2
map01230,K01914,sty:STY3901,Q8Z2Q9
map01230,K01914,stt:t3642,Q8Z2Q9
map01230,K01915,sty:STY3874,P0A1P7
map01230,K01915,stt:t3614,P0A1P7
map01230,K01940,sty:STY3470,Q8Z3H5
map01230,K01940,stt:t3208,Q8Z3H5
map01230,K02500,sty:STY2286,P0A1R3
map01230,K02500,stt:t0796,P0A1R3
map01230,K02501,sty:STY2284,P0A1R5
map01230,K02501,stt:t0798,P0A1R5
map01230,K03785,sty:STY1760,P24670
map01230,K03785,stt:t1231,P24670
map01230,K07173,sty:STY2943,Q8Z4D7
map01230,K07173,stt:t2714,Q8Z4D7
map01230,K11755,sty:STY2287,Q8Z5J6
map01230,K11755,stt:t0795,Q8Z5J6
map01230,K13498,sty:STY1326,Q8Z7D9
map01230,K13498,stt:t1637,Q8Z7D9
map01230,K14682,sty:STY3130,Q8Z421
map01230,K14682,stt:t2900,Q8Z421
map01230,K15633,sty:STY4091,Q8Z2F0
map01230,K15633,stt:t3815,Q8Z2F0
map01230,K15634,sty:STY4932,Q8Z0T4
map01230,K15634,stt:t4624,Q8Z0T4
map00541,K00885,sty:STY3516,Q8Z3F1
map00541,K00885,stt:t3253,Q8Z3F1
map00541,K00963,sty:STY2308,P0A2K8
map00541,K00963,stt:t0774,P0A2K8
map00541,K00978,sty:STY2302,Q8Z5I4
map00541,K00978,stt:t0780,Q8Z5I4
map00541,K00979,sty:STY0990,Q8Z800
map00541,K00979,stt:t1946,Q8Z800
map00541,K01627,sty:STY1897,P65216
map00541,K01627,stt:t1104,P65216
map00541,K01639,sty:STY3520,Q8Z3F0
map00541,K01639,stt:t3256,Q8Z3F0
map00541,K01791,sty:STY3635,Q8Z388
map00541,K01791,stt:t3377,Q8Z388
map00541,K02472,sty:STY3634,Q8Z389
map00541,K02472,stt:t3376,Q8Z389
map00541,K03270,sty:STY3495,Q8Z3G5
map00541,K03270,stt:t3233,Q8Z3G5
map00541,K03271,sty:STY0355,P63222
map00541,K03271,stt:t2540,P63222
map00541,K03272,sty:STY3379,Q8XEW9
map00541,K03272,stt:t3120,Q8XEW9
map00541,K03273,sty:STY0275,Q8Z989
map00541,K03273,stt:t0251,Q8Z989
map00541,K03274,sty:STY4085,P67913
map00541,K03274,stt:t3809,P67913
map00541,K04042,sty:STY3916,Q8Z2Q3
map00541,K04042,stt:t3657,Q8Z2Q3
map00541,K06041,sty:STY3494,Q8Z3G6
map00541,K06041,stt:t3232,Q8Z3G6
map00541,K07806,sty:STY2527,Q8Z542
map00541,K07806,stt:t0566,Q8Z542
map00541,K10011,sty:STY2529,Q8Z540
map00541,K10011,stt:t0564,Q8Z540
map00541,K10012,sty:STY2528,Q8Z541
map00541,K10012,stt:t0565,Q8Z541
map00541,K12453,sty:STY2299,P14168
map00541,K12453,stt:t0783,P14168
map00541,K12454,sty:STY2298,P14169
map00541,K12454,stt:t0784,P14169
map00541,K13014,sty:STY2530,Q8Z539
map00541,K13014,stt:t0563,Q8Z539
map00541,K22925,sty:STY4660,Q04973
map00541,K22925,stt:t4351,Q04973
map00541,K22926,sty:STY4661,Q04972
map00541,K22926,stt:t4352,Q04972
map01250,K00075,sty:STY3742,Q8Z316
map01250,K00075,stt:t3489,Q8Z316
map01250,K00790,sty:STY3486,P65455
map01250,K00790,stt:t3224,P65455
map01250,K00820,sty:STY3917,Q8Z2Q2
map01250,K00820,stt:t3658,Q8Z2Q2
map01250,K00845,sty:STY2644,P58618
map01250,K00845,stt:t0454,P58618
map01250,K00849,sty:STY0807,Q8Z8B0
map01250,K00849,stt:t2113,Q8Z8B0
map01250,K00963,sty:STY2308,P0A2K8
map01250,K00963,stt:t0774,P0A2K8
map01250,K00975,sty:STY4274,Q8Z233
map01250,K00975,stt:t3984,Q8Z233
map01250,K00978,sty:STY2302,Q8Z5I4
map01250,K00978,stt:t0780,Q8Z5I4
map01250,K00979,sty:STY0990,Q8Z800
map01250,K00979,stt:t1946,Q8Z800
map01250,K01627,sty:STY1897,P65216
map01250,K01627,stt:t1104,P65216
map01250,K01784,sty:STY0809,Q56093
map01250,K01784,stt:t2111,Q56093
map01250,K01791,sty:STY3635,Q8Z388
map01250,K01791,stt:t3377,Q8Z388
map01250,K01810,sty:STY4417,Q8Z1U7
map01250,K01810,stt:t4127,Q8Z1U7
map01250,K02472,sty:STY3634,Q8Z389
map01250,K02472,stt:t3376,Q8Z389
map01250,K03270,sty:STY3495,Q8Z3G5
map01250,K03270,stt:t3233,Q8Z3G5
map01250,K03271,sty:STY0355,P63222
map01250,K03271,stt:t2540,P63222
map01250,K03272,sty:STY3379,Q8XEW9
map01250,K03272,stt:t3120,Q8XEW9
map01250,K03273,sty:STY0275,Q8Z989
map01250,K03273,stt:t0251,Q8Z989
map01250,K03274,sty:STY4085,P67913
map01250,K03274,stt:t3809,P67913
map01250,K03431,sty:STY3472,Q8XF81
map01250,K03431,stt:t3211,Q8XF81
map01250,K04042,sty:STY3916,Q8Z2Q3
map01250,K04042,stt:t3657,Q8Z2Q3
map01250,K06041,sty:STY3494,Q8Z3G6
map01250,K06041,stt:t3232,Q8Z3G6
map01250,K07806,sty:STY2527,Q8Z542
map01250,K07806,stt:t0566,Q8Z542
map01250,K09001,sty:STY1676,Q8Z6Q0
map01250,K09001,stt:t1314,Q8Z6Q0
map01250,K10011,sty:STY2529,Q8Z540
map01250,K10011,stt:t0564,Q8Z540
map01250,K12453,sty:STY2299,P14168
map01250,K12453,stt:t0783,P14168
map01250,K12454,sty:STY2298,P14169
map01250,K12454,stt:t0784,P14169
map01250,K22925,sty:STY4660,Q04973
map01250,K22925,stt:t4351,Q04973
map01250,K22926,sty:STY4661,Q04972
map01250,K22926,stt:t4352,Q04972
map00071,K00632,sty:STY2621,Q8Z4Y9
map00071,K00632,sty:STY3578,P0A2H8
map00071,K00632,stt:t0475,Q8Z4Y9
map00071,K00632,stt:t3316,P0A2H8
map00071,K01782,sty:STY2620,Q8Z4Z0
map00071,K01782,stt:t0476,Q8Z4Z0
map00071,K01825,sty:STY3577,Q8Z3C6
map00071,K01825,stt:t3315,Q8Z3C6
map00071,K01897,sty:STY1948,P63522
map00071,K01897,stt:t1059,P63522
map00071,K05939,sty:STY3153,Q8Z406
map00071,K05939,stt:t2919,Q8Z406
map00071,K06445,sty:STY0354,Q8Z937
map00071,K06445,stt:t2541,Q8Z937
map00280,K00632,sty:STY2621,Q8Z4Y9
map00280,K00632,sty:STY3578,P0A2H8
map00280,K00632,stt:t0475,Q8Z4Y9
map00280,K00632,stt:t3316,P0A2H8
map00280,K00826,sty:STY3654,P0A1A6
map00280,K00826,stt:t3395,P0A1A6
map00280,K01782,sty:STY2620,Q8Z4Z0
map00280,K01782,stt:t0476,Q8Z4Z0
map00280,K01825,sty:STY3577,Q8Z3C6
map00280,K01825,stt:t3315,Q8Z3C6
map00310,K00137,sty:STY1467,Q8Z747
map00310,K00137,stt:t1506,Q8Z747
map00310,K01582,sty:STY2806,P0A1Z1
map00310,K01582,stt:t0297,P0A1Z1
map00310,K01782,sty:STY2620,Q8Z4Z0
map00310,K01782,stt:t0476,Q8Z4Z0
map00310,K01825,sty:STY3577,Q8Z3C6
map00310,K01825,stt:t3315,Q8Z3C6
map00310,K09251,sty:STY3396,Q8Z3L9
map00310,K09251,stt:t3138,Q8Z3L9
map00310,K15737,sty:STY2909,Q8Z4G0
map00310,K15737,stt:t2684,Q8Z4G0
map00362,K00632,sty:STY2621,Q8Z4Y9
map00362,K00632,sty:STY3578,P0A2H8
map00362,K00632,stt:t0475,Q8Z4Y9
map00362,K00632,stt:t3316,P0A2H8
map00362,K01782,sty:STY2620,Q8Z4Z0
map00362,K01782,stt:t0476,Q8Z4Z0
map00362,K01825,sty:STY3577,Q8Z3C6
map00362,K01825,stt:t3315,Q8Z3C6
map00362,K20509,sty:STY0063,Q8Z9M6
map00362,K20509,sty:STY3531,Q8Z3E5
map00362,K20509,stt:t0056,Q8Z9M6
map00362,K20509,stt:t3266,Q8Z3E5
map00380,K01782,sty:STY2620,Q8Z4Z0
map00380,K01782,stt:t0476,Q8Z4Z0
map00380,K01825,sty:STY3577,Q8Z3C6
map00380,K01825,stt:t3315,Q8Z3C6
map00380,K03782,sty:STY3760,Q8Z303
map00380,K03782,stt:t3510,Q8Z303
map00410,K00137,sty:STY1467,Q8Z747
map00410,K00137,stt:t1506,Q8Z747
map00410,K01579,sty:STY0198,P65663
map00410,K01579,stt:t0181,P65663
map00410,K01782,sty:STY2620,Q8Z4Z0
map00410,K01782,stt:t0476,Q8Z4Z0
map00410,K01825,sty:STY3577,Q8Z3C6
map00410,K01825,stt:t3315,Q8Z3C6
map00410,K01918,sty:STY0199,Q8Z9D3
map00410,K01918,stt:t0182,Q8Z9D3
map00410,K17722,sty:STY2416,Q8Z5A6
map00410,K17722,stt:t0669,Q8Z5A6
map00640,K00925,sty:STY2567,P63412
map00640,K00925,stt:t0527,P63412
map00640,K00932,sty:STY3424,Q8Z3K5
map00640,K00932,stt:t3162,Q8Z3K5
map00640,K01720,sty:STY0402,Q8Z903
map00640,K01720,stt:t2494,Q8Z903
map00640,K01734,sty:STY1098,P65351
map00640,K01734,stt:t1844,P65351
map00640,K01782,sty:STY2620,Q8Z4Z0
map00640,K01782,stt:t0476,Q8Z4Z0
map00640,K01825,sty:STY3577,Q8Z3C6
map00640,K01825,stt:t3315,Q8Z3C6
map00640,K01895,sty:STY4473,Q8Z1R0
map00640,K01895,stt:t4181,Q8Z1R0
map00640,K01903,sty:STY0781,P66870
map00640,K01903,stt:t2138,P66870
map00640,K01962,sty:STY0255,P0A1C4
map00640,K01962,stt:t0233,P0A1C4
map00640,K01963,sty:STY2597,Q8XFJ5
map00640,K01963,stt:t0498,Q8XFJ5
map00650,K00241,sty:STY0775,P63726
map00650,K00241,stt:t2144,P63726
map00650,K00246,sty:STY4701,P67639
map00650,K00246,stt:t4393,P67639
map00650,K00247,sty:STY4700,P67646
map00650,K00247,stt:t4392,P67646
map00650,K01782,sty:STY2620,Q8Z4Z0
map00650,K01782,stt:t0476,Q8Z4Z0
map00650,K01825,sty:STY3577,Q8Z3C6
map00650,K01825,stt:t3315,Q8Z3C6
map00650,K20509,sty:STY0063,Q8Z9M6
map00650,K20509,sty:STY3531,Q8Z3E5
map00650,K20509,stt:t0056,Q8Z9M6
map00650,K20509,stt:t3266,Q8Z3E5
map00907,K00632,sty:STY2621,Q8Z4Y9
map00907,K00632,sty:STY3578,P0A2H8
map00907,K00632,stt:t0475,Q8Z4Y9
map00907,K00632,stt:t3316,P0A2H8
map00907,K01782,sty:STY2620,Q8Z4Z0
map00907,K01782,stt:t0476,Q8Z4Z0
map00907,K01825,sty:STY3577,Q8Z3C6
map00907,K01825,stt:t3315,Q8Z3C6
map00930,K01782,sty:STY2620,Q8Z4Z0
map00930,K01782,stt:t0476,Q8Z4Z0
map00930,K01825,sty:STY3577,Q8Z3C6
map00930,K01825,stt:t3315,Q8Z3C6
map01120,K00024,sty:STY3539,Q8Z3E0
map01120,K00024,stt:t3274,Q8Z3E0
map01120,K00090,sty:STY4156,Q8Z2A8
map01120,K00090,stt:t3873,Q8Z2A8
map01120,K00133,sty:STY4271,P0A1F9
map01120,K00133,stt:t3981,P0A1F9
map01120,K00134,sty:STY1825,P0A1P1
map01120,K00134,stt:t1169,P0A1P1
map01120,K00137,sty:STY1467,Q8Z747
map01120,K00137,stt:t1506,Q8Z747
map01120,K00215,sty:STY0073,Q8Z9L9
map01120,K00215,stt:t0066,Q8Z9L9
map01120,K00241,sty:STY0775,P63726
map01120,K00241,stt:t2144,P63726
map01120,K00246,sty:STY4701,P67639
map01120,K00246,stt:t4393,P67639
map01120,K00247,sty:STY4700,P67646
map01120,K00247,stt:t4392,P67646
map01120,K00262,sty:STY1815,Q8Z6F6
map01120,K00262,stt:t1178,Q8Z6F6
map01120,K00275,sty:STY1674,Q8Z6Q2
map01120,K00275,stt:t1316,Q8Z6Q2
map01120,K00363,sty:STY4321,P0A230
map01120,K00363,stt:t4030,P0A230
map01120,K00380,sty:STY3076,Q8Z458
map01120,K00380,stt:t2849,Q8Z458
map01120,K00381,sty:STY3075,Q8Z459
map01120,K00381,stt:t2848,Q8Z459
map01120,K00385,sty:STY2796,P0A1Y3
map01120,K00385,stt:t0306,P0A1Y3
map01120,K00390,sty:STY3074,Q8Z460
map01120,K00390,stt:t2847,Q8Z460
map01120,K00484,sty:STY1130,Q8Z7Q5
map01120,K00484,stt:t1821,Q8Z7Q5
map01120,K00600,sty:STY2802,P0A2E2
map01120,K00600,sty:STY3764,Q8Z2Z9
map01120,K00600,stt:t0301,P0A2E2
map01120,K00600,stt:t3514,Q8Z2Z9
map01120,K00616,sty:STY0007,P66956
map01120,K00616,sty:STY2710,Q8Z4T0
map01120,K00616,stt:t0007,P66956
map01120,K00616,stt:t0386,Q8Z4T0
map01120,K00632,sty:STY2621,Q8Z4Y9
map01120,K00632,sty:STY3578,P0A2H8
map01120,K00632,stt:t0475,Q8Z4Y9
map01120,K00632,stt:t3316,P0A2H8
map01120,K00651,sty:STY4400,Q8Z1W1
map01120,K00651,stt:t4110,Q8Z1W1
map01120,K00674,sty:STY0236,Q8Z9A8
map01120,K00674,stt:t0214,Q8Z9A8
map01120,K00821,sty:STY4328,Q8Z1Z3
map01120,K00821,stt:t4037,Q8Z1Z3
map01120,K00831,sty:STY0977,P62677
map01120,K00831,stt:t1957,P62677
map01120,K00845,sty:STY2644,P58618
map01120,K00845,stt:t0454,P58618
map01120,K00848,sty:STY3826,Q8Z2V4
map01120,K00848,stt:t3572,Q8Z2V4
map01120,K00850,sty:STY3809,P65693
map01120,K00850,stt:t3557,P65693
map01120,K00860,sty:STY3058,P63890
map01120,K00860,stt:t2834,P63890
map01120,K00872,sty:STY0003,P65227
map01120,K00872,stt:t0003,P65227
map01120,K00873,sty:STY1744,Q8Z6K2
map01120,K00873,stt:t1246,Q8Z6K2
map01120,K00879,sty:STY3117,Q8Z428
map01120,K00879,stt:t2885,Q8Z428
map01120,K00925,sty:STY2567,P63412
map01120,K00925,stt:t0527,P63412
map01120,K00927,sty:STY3227,P65703
map01120,K00927,stt:t2988,P65703
map01120,K00948,sty:STY1906,P0A1V7
map01120,K00948,stt:t1096,P0A1V7
map01120,K00956,sty:STY3059,Q8Z470
map01120,K00956,stt:t2835,Q8Z470
map01120,K00957,sty:STY3060,P65673
map01120,K00957,stt:t2836,P65673
map01120,K00963,sty:STY2308,P0A2K8
map01120,K00963,stt:t0774,P0A2K8
map01120,K01061,sty:STY3592,Q8Z3B8
map01120,K01061,stt:t3330,Q8Z3B8
map01120,K01082,sty:STY4762,Q8Z153
map01120,K01082,stt:t4457,Q8Z153
map01120,K01439,sty:STY2721,Q8Z4S2
map01120,K01439,stt:t0376,Q8Z4S2
map01120,K01466,sty:STY0571,Q8XGS6
map01120,K01466,stt:t2338,Q8XGS6
map01120,K01491,sty:STY0588,Q60006
map01120,K01491,stt:t2321,Q60006
map01120,K01512,sty:STY1110,Q8XGT4
map01120,K01512,stt:t1836,Q8XGT4
map01120,K01582,sty:STY2806,P0A1Z1
map01120,K01582,stt:t0297,P0A1Z1
map01120,K01595,sty:STY3754,Q8Z307
map01120,K01595,stt:t3505,Q8Z307
map01120,K01610,sty:STY4296,Q8Z216
map01120,K01610,stt:t4006,Q8Z216
map01120,K01675,sty:STY1732,P0A1T5
map01120,K01675,stt:t1256,P0A1T5
map01120,K01679,sty:STY1653,Q8Z6R6
map01120,K01679,stt:t1337,Q8Z6R6
map01120,K01686,sty:STY3306,P0A2M8
map01120,K01686,stt:t3056,P0A2M8
map01120,K01689,sty:STY3081,P64077
map01120,K01689,stt:t2853,P64077
map01120,K01714,sty:STY2727,Q8Z4R8
map01120,K01714,stt:t0370,Q8Z4R8
map01120,K01720,sty:STY0402,Q8Z903
map01120,K01720,stt:t2494,Q8Z903
map01120,K01734,sty:STY1098,P65351
map01120,K01734,stt:t1844,P65351
map01120,K01738,sty:STY2666,P0A1E4
map01120,K01738,stt:t0427,P0A1E4
map01120,K01749,sty:STY3621,P0A1Q9
map01120,K01749,stt:t3359,P0A1Q9
map01120,K01778,sty:STY3612,P0A1F3
map01120,K01778,stt:t3350,P0A1F3
map01120,K01782,sty:STY2620,Q8Z4Z0
map01120,K01782,stt:t0476,Q8Z4Z0
map01120,K01783,sty:STY3790,Q8Z2Y1
map01120,K01783,stt:t3538,Q8Z2Y1
map01120,K01803,sty:STY3789,Q8Z2Y2
map01120,K01803,stt:t3537,Q8Z2Y2
map01120,K01807,sty:STY3219,P66693
map01120,K01807,stt:t2981,P66693
map01120,K01810,sty:STY4417,Q8Z1U7
map01120,K01810,stt:t4127,Q8Z1U7
map01120,K01812,sty:STY3308,Q8Z3R7
map01120,K01812,stt:t3058,Q8Z3R7
map01120,K01813,sty:STY3827,Q8Z2V3
map01120,K01813,stt:t3573,Q8Z2V3
map01120,K01815,sty:STY3163,Q8Z3Z9
map01120,K01815,stt:t2928,Q8Z3Z9
map01120,K01818,sty:STY3116,Q8Z429
map01120,K01818,stt:t2884,Q8Z429
map01120,K01825,sty:STY3577,Q8Z3C6
map01120,K01825,stt:t3315,Q8Z3C6
map01120,K01834,sty:STY0804,Q8Z8B2
map01120,K01834,stt:t2115,Q8Z8B2
map01120,K01845,sty:STY0223,Q8Z9B4
map01120,K01845,stt:t0203,Q8Z9B4
map01120,K01885,sty:STY2654,P0A2K4
map01120,K01885,stt:t0442,P0A2K4
map01120,K01895,sty:STY4473,Q8Z1R0
map01120,K01895,stt:t4181,Q8Z1R0
map01120,K01903,sty:STY0781,P66870
map01120,K01903,stt:t2138,P66870
map01120,K01915,sty:STY3874,P0A1P7
map01120,K01915,stt:t3614,P0A1P7
map01120,K01962,sty:STY0255,P0A1C4
map01120,K01962,stt:t0233,P0A1C4
map01120,K01963,sty:STY2597,Q8XFJ5
map01120,K01963,stt:t0498,Q8XFJ5
map01120,K02302,sty:STY4319,Q8Z201
map01120,K02302,stt:t4028,Q8Z201
map01120,K02439,sty:STY4278,P64252
map01120,K02439,stt:t3988,P64252
map01120,K02492,sty:STY1902,P0A1Q7
map01120,K02492,stt:t1099,P0A1Q7
map01120,K02510,sty:STY1140,Q8Z7P9
map01120,K02510,stt:t1813,Q8Z7P9
map01120,K02567,sty:STY2485,Q8Z570
map01120,K02567,stt:t0605,Q8Z570
map01120,K02821,sty:STY4741,Q8Z170
map01120,K02821,stt:t4436,Q8Z170
map01120,K02822,sty:STY4740,Q8Z171
map01120,K02822,stt:t4435,Q8Z171
map01120,K03077,sty:STY4744,Q8Z167
map01120,K03077,stt:t4439,Q8Z167
map01120,K03078,sty:STY4742,Q8Z169
map01120,K03078,stt:t4437,Q8Z169
map01120,K03079,sty:STY4743,Q8Z168
map01120,K03079,stt:t4438,Q8Z168
map01120,K03186,sty:STY2586,P0A246
map01120,K03186,stt:t0508,P0A246
map01120,K03385,sty:STY4475,Q8Z1Q9
map01120,K03385,stt:t4183,Q8Z1Q9
map01120,K03430,sty:STY0470,Q8Z8W6
map01120,K03430,stt:t2432,Q8Z8W6
map01120,K03475,sty:STY4739,Q8Z172
map01120,K03475,stt:t4434,Q8Z172
map01120,K03476,sty:STY4738,Q8XG87
map01120,K03476,stt:t4433,Q8XG87
map01120,K03533,sty:STY3957,Q8Z2M3
map01120,K03533,stt:t3697,Q8Z2M3
map01120,K03841,sty:STY4774,Q8Z146
map01120,K03841,stt:t4469,Q8Z146
map01120,K05306,sty:STY0471,Q8Z8W5
map01120,K05306,stt:t2431,Q8Z8W5
map01120,K07127,sty:STY1129,Q8Z7Q6
map01120,K07127,stt:t1822,Q8Z7Q6
map01120,K07404,sty:STY0818,Q8Z8A2
map01120,K07404,stt:t2102,Q8Z8A2
map01120,K07811,sty:STY3956,Q8Z2M4
map01120,K07811,stt:t3696,Q8Z2M4
map01120,K08353,sty:STY2270,P0A1I2
map01120,K08353,stt:t0810,P0A1I2
map01120,K09251,sty:STY3396,Q8Z3L9
map01120,K09251,stt:t3138,Q8Z3L9
map01120,K12660,sty:STY2519,Q8Z549
map01120,K12660,stt:t0574,Q8Z549
map01120,K12661,sty:STY2521,Q8Z548
map01120,K12661,stt:t0572,Q8Z548
map01120,K12972,sty:STY1172,Q8Z7M6
map01120,K12972,stt:t1785,Q8Z7M6
map01120,K15633,sty:STY4091,Q8Z2F0
map01120,K15633,stt:t3815,Q8Z2F0
map01120,K15634,sty:STY4932,Q8Z0T4
map01120,K15634,stt:t4624,Q8Z0T4
map01120,K15737,sty:STY2909,Q8Z4G0
map01120,K15737,stt:t2684,Q8Z4G0
map01120,K20509,sty:STY0063,Q8Z9M6
map01120,K20509,sty:STY3531,Q8Z3E5
map01120,K20509,stt:t0056,Q8Z9M6
map01120,K20509,stt:t3266,Q8Z3E5
map01200,K00024,sty:STY3539,Q8Z3E0
map01200,K00024,stt:t3274,Q8Z3E0
map01200,K00027,sty:STY1494,Q8Z728
map01200,K00027,stt:t1481,Q8Z728
map01200,K00134,sty:STY1825,P0A1P1
map01200,K00134,stt:t1169,P0A1P1
map01200,K00241,sty:STY0775,P63726
map01200,K00241,stt:t2144,P63726
map01200,K00246,sty:STY4701,P67639
map01200,K00246,stt:t4393,P67639
map01200,K00247,sty:STY4700,P67646
map01200,K00247,stt:t4392,P67646
map01200,K00281,sty:STY3209,Q8Z3X0
map01200,K00281,stt:t2971,Q8Z3X0
map01200,K00600,sty:STY2802,P0A2E2
map01200,K00600,sty:STY3764,Q8Z2Z9
map01200,K00600,stt:t0301,P0A2E2
map01200,K00600,stt:t3514,Q8Z2Z9
map01200,K00605,sty:STY3211,P64223
map01200,K00605,stt:t2973,P64223
map01200,K00616,sty:STY0007,P66956
map01200,K00616,sty:STY2710,Q8Z4T0
map01200,K00616,stt:t0007,P66956
map01200,K00616,stt:t0386,Q8Z4T0
map01200,K00831,sty:STY0977,P62677
map01200,K00831,stt:t1957,P62677
map01200,K00845,sty:STY2644,P58618
map01200,K00845,stt:t0454,P58618
map01200,K00850,sty:STY3809,P65693
map01200,K00850,stt:t3557,P65693
map01200,K00873,sty:STY1744,Q8Z6K2
map01200,K00873,stt:t1246,Q8Z6K2
map01200,K00925,sty:STY2567,P63412
map01200,K00925,stt:t0527,P63412
map01200,K00927,sty:STY3227,P65703
map01200,K00927,stt:t2988,P65703
map01200,K00948,sty:STY1906,P0A1V7
map01200,K00948,stt:t1096,P0A1V7
map01200,K01491,sty:STY0588,Q60006
map01200,K01491,stt:t2321,Q60006
map01200,K01595,sty:STY3754,Q8Z307
map01200,K01595,stt:t3505,Q8Z307
map01200,K01610,sty:STY4296,Q8Z216
map01200,K01610,stt:t4006,Q8Z216
map01200,K01679,sty:STY1653,Q8Z6R6
map01200,K01679,stt:t1337,Q8Z6R6
map01200,K01689,sty:STY3081,P64077
map01200,K01689,stt:t2853,P64077
map01200,K01720,sty:STY0402,Q8Z903
map01200,K01720,stt:t2494,Q8Z903
map01200,K01738,sty:STY2666,P0A1E4
map01200,K01738,stt:t0427,P0A1E4
map01200,K01782,sty:STY2620,Q8Z4Z0
map01200,K01782,stt:t0476,Q8Z4Z0
map01200,K01783,sty:STY3790,Q8Z2Y1
map01200,K01783,stt:t3538,Q8Z2Y1
map01200,K01803,sty:STY3789,Q8Z2Y2
map01200,K01803,stt:t3537,Q8Z2Y2
map01200,K01807,sty:STY3219,P66693
map01200,K01807,stt:t2981,P66693
map01200,K01810,sty:STY4417,Q8Z1U7
map01200,K01810,stt:t4127,Q8Z1U7
map01200,K01825,sty:STY3577,Q8Z3C6
map01200,K01825,stt:t3315,Q8Z3C6
map01200,K01834,sty:STY0804,Q8Z8B2
map01200,K01834,stt:t2115,Q8Z8B2
map01200,K01895,sty:STY4473,Q8Z1R0
map01200,K01895,stt:t4181,Q8Z1R0
map01200,K01903,sty:STY0781,P66870
map01200,K01903,stt:t2138,P66870
map01200,K01962,sty:STY0255,P0A1C4
map01200,K01962,stt:t0233,P0A1C4
map01200,K01963,sty:STY2597,Q8XFJ5
map01200,K01963,stt:t0498,Q8XFJ5
map01200,K02437,sty:STY3210,P0A6U1
map01200,K02437,stt:t2972,P0A6U1
map01200,K03841,sty:STY4774,Q8Z146
map01200,K03841,stt:t4469,Q8Z146
map01200,K07404,sty:STY0818,Q8Z8A2
map01200,K07404,stt:t2102,Q8Z8A2
map01200,K15633,sty:STY4091,Q8Z2F0
map01200,K15633,stt:t3815,Q8Z2F0
map01200,K15634,sty:STY4932,Q8Z0T4
map01200,K15634,stt:t4624,Q8Z0T4
map01212,K00059,sty:STY1234,P0A2D0
map01212,K00059,stt:t1725,P0A2D0
map01212,K00632,sty:STY2621,Q8Z4Y9
map01212,K00632,sty:STY3578,P0A2H8
map01212,K00632,stt:t0475,Q8Z4Y9
map01212,K00632,stt:t3316,P0A2H8
map01212,K00648,sty:STY1232,Q8Z7J6
map01212,K00648,stt:t1727,Q8Z7J6
map01212,K01716,sty:STY1088,P64106
map01212,K01716,stt:t1853,P64106
map01212,K01782,sty:STY2620,Q8Z4Z0
map01212,K01782,stt:t0476,Q8Z4Z0
map01212,K01825,sty:STY3577,Q8Z3C6
map01212,K01825,stt:t3315,Q8Z3C6
map01212,K01897,sty:STY1948,P63522
map01212,K01897,stt:t1059,P63522
map01212,K01962,sty:STY0255,P0A1C4
map01212,K01962,stt:t0233,P0A1C4
map01212,K01963,sty:STY2597,Q8XFJ5
map01212,K01963,stt:t0498,Q8XFJ5
map01212,K02372,sty:STY0250,P0A1I0
map01212,K02372,stt:t0228,P0A1I0
map01212,K06445,sty:STY0354,Q8Z937
map01212,K06445,stt:t2541,Q8Z937
map00500,K00694,sty:STY4181,Q8Z291
map00500,K00694,stt:t3898,Q8Z291
map00500,K00697,sty:STY2137,P0A1Q1
map00500,K00697,stt:t0949,P0A1Q1
map00500,K00700,sty:STY4272,Q8Z235
map00500,K00700,stt:t3982,Q8Z235
map00500,K00703,sty:STY4275,Q8Z232
map00500,K00703,stt:t3985,Q8Z232
map00500,K00845,sty:STY2644,P58618
map00500,K00845,stt:t0454,P58618
map00500,K00963,sty:STY2308,P0A2K8
map00500,K00963,stt:t0774,P0A2K8
map00500,K00975,sty:STY4274,Q8Z233
map00500,K00975,stt:t3984,Q8Z233
map00500,K00978,sty:STY2302,Q8Z5I4
map00500,K00978,stt:t0780,Q8Z5I4
map00500,K01194,sty:STY4200,Q8Z277
map00500,K01194,stt:t3914,Q8Z277
map00500,K01810,sty:STY4417,Q8Z1U7
map00500,K01810,stt:t4127,Q8Z1U7
map00500,K02438,sty:STY4273,Q8Z234
map00500,K02438,stt:t3983,Q8Z234
map00500,K02777,sty:STY2670,P0A284
map00500,K02777,stt:t0424,P0A284
map00520,K00075,sty:STY3742,Q8Z316
map00520,K00075,stt:t3489,Q8Z316
map00520,K00790,sty:STY3486,P65455
map00520,K00790,stt:t3224,P65455
map00520,K00820,sty:STY3917,Q8Z2Q2
map00520,K00820,stt:t3658,Q8Z2Q2
map00520,K00845,sty:STY2644,P58618
map00520,K00845,stt:t0454,P58618
map00520,K00849,sty:STY0807,Q8Z8B0
map00520,K00849,stt:t2113,Q8Z8B0
map00520,K00885,sty:STY3516,Q8Z3F1
map00520,K00885,stt:t3253,Q8Z3F1
map00520,K00963,sty:STY2308,P0A2K8
map00520,K00963,stt:t0774,P0A2K8
map00520,K00975,sty:STY4274,Q8Z233
map00520,K00975,stt:t3984,Q8Z233
map00520,K00978,sty:STY2302,Q8Z5I4
map00520,K00978,stt:t0780,Q8Z5I4
map00520,K01207,sty:STY1249,Q8Z7I6
map00520,K01207,stt:t1711,Q8Z7I6
map00520,K01784,sty:STY0809,Q56093
map00520,K01784,stt:t2111,Q56093
map00520,K01788,sty:STY1166,P60668
map00520,K01788,stt:t1791,P60668
map00520,K01791,sty:STY3635,Q8Z388
map00520,K01791,stt:t3377,Q8Z388
map00520,K01810,sty:STY4417,Q8Z1U7
map00520,K01810,stt:t4127,Q8Z1U7
map00520,K02564,sty:STY0722,Q8Z8G0
map00520,K02564,stt:t2191,Q8Z8G0
map00520,K02777,sty:STY2670,P0A284
map00520,K02777,stt:t0424,P0A284
map00520,K03431,sty:STY3472,Q8XF81
map00520,K03431,stt:t3211,Q8XF81
map00520,K04042,sty:STY3916,Q8Z2Q3
map00520,K04042,stt:t3657,Q8Z2Q3
map00520,K07106,sty:STY2817,Q8Z4L2
map00520,K07106,stt:t0286,Q8Z4L2
map00520,K09001,sty:STY1676,Q8Z6Q0
map00520,K09001,stt:t1314,Q8Z6Q0
map00520,K28207,sty:STY1260,Q8Z7H9
map00520,K28207,stt:t1700,Q8Z7H9
map00270,K00024,sty:STY3539,Q8Z3E0
map00270,K00024,stt:t3274,Q8Z3E0
map00270,K00133,sty:STY4271,P0A1F9
map00270,K00133,stt:t3981,P0A1F9
map00270,K00549,sty:STY3594,Q8Z3B6
map00270,K00549,stt:t3332,Q8Z3B6
map00270,K00651,sty:STY4400,Q8Z1W1
map00270,K00651,stt:t4110,Q8Z1W1
map00270,K00789,sty:STY3243,P66765
map00270,K00789,stt:t3002,P66765
map00270,K00797,sty:STY0188,Q8Z9E2
map00270,K00797,stt:t0171,Q8Z9E2
map00270,K00813,sty:STY1000,Q56114
map00270,K00813,stt:t1936,Q56114
map00270,K00826,sty:STY3654,P0A1A6
map00270,K00826,stt:t3395,P0A1A6
map00270,K00831,sty:STY0977,P62677
map00270,K00831,stt:t1957,P62677
map00270,K00872,sty:STY0003,P65227
map00270,K00872,stt:t0003,P65227
map00270,K01243,sty:STY0229,P60216
map00270,K01243,stt:t0208,P60216
map00270,K01611,sty:STY0187,Q8Z9E3
map00270,K01611,stt:t0170,Q8Z9E3
map00270,K01738,sty:STY2666,P0A1E4
map00270,K01738,stt:t0427,P0A1E4
map00270,K01919,sty:STY2944,Q8Z4D6
map00270,K01919,stt:t2715,Q8Z4D6
map00270,K01920,sty:STY3248,P58581
map00270,K01920,stt:t3007,P58581
map00270,K05396,sty:STY2161,Q8Z5S9
map00270,K05396,stt:t0923,Q8Z5S9
map00270,K07173,sty:STY2943,Q8Z4D7
map00270,K07173,stt:t2714,Q8Z4D7
map00290,K00052,sty:STY0131,Q8Z9I1
map00290,K00052,stt:t0116,Q8Z9I1
map00290,K00053,sty:STY3648,Q8Z381
map00290,K00053,stt:t3389,Q8Z381
map00290,K00826,sty:STY3654,P0A1A6
map00290,K00826,stt:t3395,P0A1A6
map00290,K01649,sty:STY0132,Q8Z9I0
map00290,K01649,stt:t0117,Q8Z9I0
map00290,K01687,sty:STY3653,Q8Z377
map00290,K01687,stt:t3394,Q8Z377
map00290,K01703,sty:STY0130,Q8Z9I2
map00290,K01703,stt:t0115,Q8Z9I2
map00290,K01704,sty:STY0129,Q8Z9I3
map00290,K01704,stt:t0114,Q8Z9I3
map00770,K00053,sty:STY3648,Q8Z381
map00770,K00053,stt:t3389,Q8Z381
map00770,K00077,sty:STY0473,Q8Z8W3
map00770,K00077,stt:t2430,Q8Z8W3
map00770,K00606,sty:STY0200,Q8Z9D2
map00770,K00606,stt:t0183,Q8Z9D2
map00770,K00826,sty:STY3654,P0A1A6
map00770,K00826,stt:t3395,P0A1A6
map00770,K00859,sty:STY0162,P63829
map00770,K00859,stt:t0146,P63829
map00770,K00867,sty:STY3740,Q8Z318
map00770,K00867,stt:t3487,Q8Z318
map00770,K00954,sty:STY4069,Q8Z2H1
map00770,K00954,stt:t3793,Q8Z2H1
map00770,K00997,sty:STY2823,P63467
map00770,K00997,stt:t0280,P63467
map00770,K01579,sty:STY0198,P65663
map00770,K01579,stt:t0181,P65663
map00770,K01687,sty:STY3653,Q8Z377
map00770,K01687,stt:t3394,Q8Z377
map00770,K01918,sty:STY0199,Q8Z9D3
map00770,K01918,stt:t0182,Q8Z9D3
map00770,K06133,sty:STY4228,Q8Z259
map00770,K06133,stt:t3939,Q8Z259
map00770,K08682,sty:STY0441,Q8XEZ8
map00770,K08682,stt:t2460,Q8XEZ8
map00770,K17722,sty:STY2416,Q8Z5A6
map00770,K17722,stt:t0669,Q8Z5A6
map01210,K00052,sty:STY0131,Q8Z9I1
map01210,K00052,stt:t0116,Q8Z9I1
map01210,K00053,sty:STY3648,Q8Z381
map01210,K00053,stt:t3389,Q8Z381
map01210,K00133,sty:STY4271,P0A1F9
map01210,K00133,stt:t3981,P0A1F9
map01210,K00145,sty:STY3752,Q8Z309
map01210,K00145,stt:t3503,Q8Z309
map01210,K00813,sty:STY1000,Q56114
map01210,K00813,stt:t1936,Q56114
map01210,K00821,sty:STY4328,Q8Z1Z3
map01210,K00821,stt:t4037,Q8Z1Z3
map01210,K00826,sty:STY3654,P0A1A6
map01210,K00826,stt:t3395,P0A1A6
map01210,K00930,sty:STY3751,P63558
map01210,K00930,stt:t3502,P63558
map01210,K01438,sty:STY3753,Q8Z308
map01210,K01438,stt:t3504,Q8Z308
map01210,K01649,sty:STY0132,Q8Z9I0
map01210,K01649,stt:t0117,Q8Z9I0
map01210,K01687,sty:STY3653,Q8Z377
map01210,K01687,stt:t3394,Q8Z377
map01210,K01703,sty:STY0130,Q8Z9I2
map01210,K01703,stt:t0115,Q8Z9I2
map01210,K01704,sty:STY0129,Q8Z9I3
map01210,K01704,stt:t0114,Q8Z9I3
map01210,K14682,sty:STY3130,Q8Z421
map01210,K14682,stt:t2900,Q8Z421
map01240,K00059,sty:STY1234,P0A2D0
map01240,K00059,stt:t1725,P0A2D0
map01240,K00077,sty:STY0473,Q8Z8W3
map01240,K00077,stt:t2430,Q8Z8W3
map01240,K00097,sty:STY0106,P58715
map01240,K00097,stt:t0094,P58715
map01240,K00228,sty:STY2688,Q8Z4U8
map01240,K00228,stt:t0407,Q8Z4U8
map01240,K00254,sty:STY1079,Q8Z7S9
map01240,K00254,stt:t1862,Q8Z7S9
map01240,K00275,sty:STY1674,Q8Z6Q2
map01240,K00275,stt:t1316,Q8Z6Q2
map01240,K00278,sty:STY2834,Q8Z4K0
map01240,K00278,stt:t0269,Q8Z4K0
map01240,K00568,sty:STY2505,Q8Z560
map01240,K00568,stt:t0588,Q8Z560
map01240,K00600,sty:STY2802,P0A2E2
map01240,K00600,sty:STY3764,Q8Z2Z9
map01240,K00600,stt:t0301,P0A2E2
map01240,K00600,stt:t3514,Q8Z2Z9
map01240,K00606,sty:STY0200,Q8Z9D2
map01240,K00606,stt:t0183,Q8Z9D2
map01240,K00609,sty:STY4800,P0A1Z5
map01240,K00609,stt:t4495,P0A1Z5
map01240,K00610,sty:STY4799,Q8Z130
map01240,K00610,stt:t4494,Q8Z130
map01240,K00652,sty:STY0828,Q8Z892
map01240,K00652,stt:t2092,Q8Z892
map01240,K00762,sty:STY4061,Q8Z2H5
map01240,K00762,stt:t3785,Q8Z2H5
map01240,K00763,sty:STY1010,Q8Z7Y9
map01240,K00763,stt:t1930,Q8Z7Y9
map01240,K00768,sty:STY2219,Q8Z5N9
map01240,K00768,stt:t0858,Q8Z5N9
map01240,K00788,sty:STY3722,Q8Z325
map01240,K00788,stt:t3468,Q8Z325
map01240,K00789,sty:STY3243,P66765
map01240,K00789,stt:t3002,P66765
map01240,K00794,sty:STY0456,P66039
map01240,K00794,stt:t2446,P66039
map01240,K00826,sty:STY3654,P0A1A6
map01240,K00826,stt:t3395,P0A1A6
map01240,K00831,sty:STY0977,P62677
map01240,K00831,stt:t1957,P62677
map01240,K00858,sty:STY2869,P65775
map01240,K00858,stt:t2637,P65775
map01240,K00859,sty:STY0162,P63829
map01240,K00859,stt:t0146,P63829
map01240,K00867,sty:STY3740,Q8Z318
map01240,K00867,stt:t3487,Q8Z318
map01240,K00868,sty:STY1672,Q8Z6Q3
map01240,K00868,sty:STY2672,Q8Z4W1
map01240,K00868,stt:t0423,Q8Z4W1
map01240,K00868,stt:t1318,Q8Z6Q3
map01240,K00878,sty:STY2376,Q8Z5C8
map01240,K00878,stt:t0709,Q8Z5C8
map01240,K00939,sty:STY0532,P0A1V5
map01240,K00939,stt:t2372,P0A1V5
map01240,K00940,sty:STY2771,P65535
map01240,K00940,stt:t0330,P65535
map01240,K00954,sty:STY4069,Q8Z2H1
map01240,K00954,stt:t3793,Q8Z2H1
map01240,K00963,sty:STY2308,P0A2K8
map01240,K00963,stt:t0774,P0A2K8
map01240,K00969,sty:STY0696,Q8Z8H7
map01240,K00969,stt:t2222,Q8Z8H7
map01240,K01012,sty:STY0827,Q8Z893
map01240,K01012,stt:t2093,Q8Z893
map01240,K01465,sty:STY1201,Q8Z7L2
map01240,K01465,stt:t1757,Q8Z7L2
map01240,K01491,sty:STY0588,Q60006
map01240,K01491,stt:t2321,Q60006
map01240,K01495,sty:STY2427,P64210
map01240,K01495,stt:t0662,P64210
map01240,K01497,sty:STY1340,P66031
map01240,K01497,stt:t1624,P66031
map01240,K01579,sty:STY0198,P65663
map01240,K01579,stt:t0181,P65663
map01240,K01591,sty:STY1344,P58643
map01240,K01591,stt:t1620,P58643
map01240,K01599,sty:STY3718,Q8Z329
map01240,K01599,stt:t3464,Q8Z329
map01240,K01749,sty:STY3621,P0A1Q9
map01240,K01749,stt:t3359,P0A1Q9
map01240,K01772,sty:STY0533,Q8Z8T2
map01240,K01772,stt:t2371,Q8Z8T2
map01240,K01845,sty:STY0223,Q8Z9B4
map01240,K01845,stt:t0203,Q8Z9B4
map01240,K01885,sty:STY2654,P0A2K4
map01240,K01885,stt:t0442,P0A2K4
map01240,K01916,sty:STY1803,Q8Z6G6
map01240,K01916,stt:t1189,Q8Z6G6
map01240,K01918,sty:STY0199,Q8Z9D3
map01240,K01918,stt:t0182,Q8Z9D3
map01240,K01919,sty:STY2944,Q8Z4D6
map01240,K01919,stt:t2715,Q8Z4D6
map01240,K01920,sty:STY3248,P58581
map01240,K01920,stt:t3007,P58581
map01240,K01935,sty:STY0830,Q8Z890
map01240,K01935,sty:STY1575,Q8Z6X9
map01240,K01935,stt:t1410,Q8Z6X9
map01240,K01935,stt:t2090,Q8Z890
map01240,K01937,sty:STY3082,P65922
map01240,K01937,stt:t2854,P65922
map01240,K01939,sty:STY4723,P65883
map01240,K01939,stt:t4417,P65883
map01240,K01955,sty:STY0077,Q8Z9L7
map01240,K01955,stt:t0068,Q8Z9L7
map01240,K01956,sty:STY0076,Q8Z9L8
map01240,K01956,stt:t0067,Q8Z9L8
map01240,K02170,sty:STY4287,Q8Z221
map01240,K02170,stt:t3997,Q8Z221
map01240,K02188,sty:STY2237,Q8Z5M8
map01240,K02188,stt:t0842,Q8Z5M8
map01240,K02191,sty:STY2235,Q8Z5M9
map01240,K02191,stt:t0844,Q8Z5M9
map01240,K02226,sty:STY0694,P58652
map01240,K02226,stt:t2224,P58652
map01240,K02227,sty:STY2239,Q8Z5M7
map01240,K02227,stt:t0839,Q8Z5M7
map01240,K02232,sty:STY2222,Q8Z5N6
map01240,K02232,stt:t0855,Q8Z5N6
map01240,K02233,sty:STY2220,Q8Z5N8
map01240,K02233,stt:t0857,Q8Z5N8
map01240,K02257,sty:STY0481,Q8Z8V5
map01240,K02257,stt:t2421,Q8Z8V5
map01240,K02302,sty:STY4319,Q8Z201
map01240,K02302,stt:t4028,Q8Z201
map01240,K02372,sty:STY0250,P0A1I0
map01240,K02372,stt:t0228,P0A1I0
map01240,K02492,sty:STY1902,P0A1Q7
map01240,K02492,stt:t1099,P0A1Q7
map01240,K02495,sty:STY3877,P0A1E2
map01240,K02495,stt:t3617,P0A1E2
map01240,K02549,sty:STY2536,P58485
map01240,K02549,stt:t0557,P58485
map01240,K02551,sty:STY2540,Q8Z533
map01240,K02551,stt:t0554,Q8Z533
map01240,K02858,sty:STY3373,P66033
map01240,K02858,stt:t3115,P66033
map01240,K03147,sty:STY3721,Q8Z326
map01240,K03147,stt:t3467,Q8Z326
map01240,K03149,sty:STY3725,Q8Z322
map01240,K03149,stt:t3471,Q8Z322
map01240,K03151,sty:STY0464,Q8Z8X1
map01240,K03151,stt:t2438,Q8Z8X1
map01240,K03179,sty:STY4430,Q8XGZ7
map01240,K03179,stt:t4140,Q8XGZ7
map01240,K03181,sty:STY4429,Q8Z1T7
map01240,K03181,stt:t4139,Q8Z1T7
map01240,K03182,sty:STY3581,Q8Z3C3
map01240,K03182,stt:t3319,Q8Z3C3
map01240,K03183,sty:STY3589,P0A2K6
map01240,K03183,stt:t3327,P0A2K6
map01240,K03186,sty:STY2586,P0A246
map01240,K03186,stt:t0508,P0A246
map01240,K03399,sty:STY2236,P0A2H2
map01240,K03399,stt:t0843,P0A2H2
map01240,K03472,sty:STY3228,Q8XGA4
map01240,K03472,stt:t2989,Q8XGA4
map01240,K03473,sty:STY2601,P60801
map01240,K03473,stt:t0494,P60801
map01240,K03474,sty:STY2824,Q8Z4K6
map01240,K03474,stt:t0279,Q8Z4K6
map01240,K03517,sty:STY0797,Q8Z8B8
map01240,K03517,stt:t2122,Q8Z8B8
map01240,K03635,sty:STY0840,P65399
map01240,K03635,stt:t2081,P65399
map01240,K03637,sty:STY0838,Q8Z887
map01240,K03637,stt:t2083,Q8Z887
map01240,K03639,sty:STY0836,P65387
map01240,K03639,stt:t2085,P65387
map01240,K03644,sty:STY0683,Q8Z8I3
map01240,K03644,stt:t2234,Q8Z8I3
map01240,K03800,sty:STY4923,Q8Z0U0
map01240,K03800,stt:t4615,Q8Z0U0
map01240,K03801,sty:STY0686,Q8Z8I2
map01240,K03801,stt:t2232,Q8Z8I2
map01240,K03809,sty:STY1155,Q8Z7N9
map01240,K03809,stt:t1801,Q8Z7N9
map01240,K04487,sty:STY2789,Q8Z4N0
map01240,K04487,stt:t0313,Q8Z4N0
map01240,K05936,sty:STY2234,P0A2H0
map01240,K05936,stt:t0845,P0A2H0
map01240,K08680,sty:STY2538,Q8Z534
map01240,K08680,stt:t0555,Q8Z534
map01240,K09903,sty:STY0241,P65934
map01240,K09903,stt:t0219,P65934
map00260,K00060,sty:STY4087,Q8Z2F4
map00260,K00060,stt:t3811,Q8Z2F4
map00260,K00090,sty:STY4156,Q8Z2A8
map00260,K00090,stt:t3873,Q8Z2A8
map00260,K00133,sty:STY4271,P0A1F9
map00260,K00133,stt:t3981,P0A1F9
map00260,K00281,sty:STY3209,Q8Z3X0
map00260,K00281,stt:t2971,Q8Z3X0
map00260,K00600,sty:STY2802,P0A2E2
map00260,K00600,sty:STY3764,Q8Z2Z9
map00260,K00600,stt:t0301,P0A2E2
map00260,K00600,stt:t3514,Q8Z2Z9
map00260,K00605,sty:STY3211,P64223
map00260,K00605,stt:t2973,P64223
map00260,K00831,sty:STY0977,P62677
map00260,K00831,stt:t1957,P62677
map00260,K00872,sty:STY0003,P65227
map00260,K00872,stt:t0003,P65227
map00260,K01695,sty:STY1324,Q8Z7E0
map00260,K01695,stt:t1639,Q8Z7E0
map00260,K01696,sty:STY1325,P0A2K2
map00260,K01696,stt:t1638,P0A2K2
map00260,K01753,sty:STY3977,Q8Z2L4
map00260,K01753,stt:t3715,Q8Z2L4
map00260,K01834,sty:STY0804,Q8Z8B2
map00260,K01834,stt:t2115,Q8Z8B2
map00260,K02437,sty:STY3210,P0A6U1
map00260,K02437,stt:t2972,P0A6U1
map00260,K12972,sty:STY1172,Q8Z7M6
map00260,K12972,stt:t1785,Q8Z7M6
map00260,K15633,sty:STY4091,Q8Z2F0
map00260,K15633,stt:t3815,Q8Z2F0
map00260,K15634,sty:STY4932,Q8Z0T4
map00260,K15634,stt:t4624,Q8Z0T4
map00260,K16066,sty:STY1550,P69935
map00260,K16066,stt:t1432,P69935
map00261,K00133,sty:STY4271,P0A1F9
map00261,K00133,stt:t3981,P0A1F9
map00261,K00215,sty:STY0073,Q8Z9L9
map00261,K00215,stt:t0066,Q8Z9L9
map00261,K00956,sty:STY3059,Q8Z470
map00261,K00956,stt:t2835,Q8Z470
map00261,K00957,sty:STY3060,P65673
map00261,K00957,stt:t2836,P65673
map00261,K01714,sty:STY2727,Q8Z4R8
map00261,K01714,stt:t0370,Q8Z4R8
map00300,K00133,sty:STY4271,P0A1F9
map00300,K00133,stt:t3981,P0A1F9
map00300,K00215,sty:STY0073,Q8Z9L9
map00300,K00215,stt:t0066,Q8Z9L9
map00300,K00674,sty:STY0236,Q8Z9A8
map00300,K00674,stt:t0214,Q8Z9A8
map00300,K00821,sty:STY4328,Q8Z1Z3
map00300,K00821,stt:t4037,Q8Z1Z3
map00300,K01439,sty:STY2721,Q8Z4S2
map00300,K01439,stt:t0376,Q8Z4S2
map00300,K01714,sty:STY2727,Q8Z4R8
map00300,K01714,stt:t0370,Q8Z4R8
map00300,K01778,sty:STY3612,P0A1F3
map00300,K01778,stt:t3350,P0A1F3
map00300,K01928,sty:STY0143,Q8Z9H3
map00300,K01928,stt:t0127,Q8Z9H3
map00220,K00145,sty:STY3752,Q8Z309
map00220,K00145,stt:t3503,Q8Z309
map00220,K00262,sty:STY1815,Q8Z6F6
map00220,K00262,stt:t1178,Q8Z6F6
map00220,K00611,sty:STY4803,Q8Z127
map00220,K00611,sty:STY4807,Q8Z123
map00220,K00611,stt:t4499,Q8Z127
map00220,K00611,stt:t4503,Q8Z123
map00220,K00813,sty:STY1000,Q56114
map00220,K00813,stt:t1936,Q56114
map00220,K00821,sty:STY4328,Q8Z1Z3
map00220,K00821,stt:t4037,Q8Z1Z3
map00220,K00930,sty:STY3751,P63558
map00220,K00930,stt:t3502,P63558
map00220,K01438,sty:STY3753,Q8Z308
map00220,K01438,stt:t3504,Q8Z308
map00220,K01478,sty:STY4805,Q8Z125
map00220,K01478,stt:t4501,Q8Z125
map00220,K01755,sty:STY3750,Q8Z311
map00220,K01755,stt:t3501,Q8Z311
map00220,K01915,sty:STY3874,P0A1P7
map00220,K01915,stt:t3614,P0A1P7
map00220,K01940,sty:STY3470,Q8Z3H5
map00220,K01940,stt:t3208,Q8Z3H5
map00220,K01955,sty:STY0077,Q8Z9L7
map00220,K01955,stt:t0068,Q8Z9L7
map00220,K01956,sty:STY0076,Q8Z9L8
map00220,K01956,stt:t0067,Q8Z9L8
map00220,K14682,sty:STY3130,Q8Z421
map00220,K14682,stt:t2900,Q8Z421
map00250,K00262,sty:STY1815,Q8Z6F6
map00250,K00262,stt:t1178,Q8Z6F6
map00250,K00278,sty:STY2834,Q8Z4K0
map00250,K00278,stt:t0269,Q8Z4K0
map00250,K00609,sty:STY4800,P0A1Z5
map00250,K00609,stt:t4495,P0A1Z5
map00250,K00610,sty:STY4799,Q8Z130
map00250,K00610,stt:t4494,Q8Z130
map00250,K00813,sty:STY1000,Q56114
map00250,K00813,stt:t1936,Q56114
map00250,K00820,sty:STY3917,Q8Z2Q2
map00250,K00820,stt:t3658,Q8Z2Q2
map00250,K01755,sty:STY3750,Q8Z311
map00250,K01755,stt:t3501,Q8Z311
map00250,K01914,sty:STY3901,Q8Z2Q9
map00250,K01914,stt:t3642,Q8Z2Q9
map00250,K01915,sty:STY3874,P0A1P7
map00250,K01915,stt:t3614,P0A1P7
map00250,K01939,sty:STY4723,P65883
map00250,K01939,stt:t4417,P65883
map00250,K01940,sty:STY3470,Q8Z3H5
map00250,K01940,stt:t3208,Q8Z3H5
map00250,K01955,sty:STY0077,Q8Z9L7
map00250,K01955,stt:t0068,Q8Z9L7
map00250,K01956,sty:STY0076,Q8Z9L8
map00250,K01956,stt:t0067,Q8Z9L8
map00630,K00024,sty:STY3539,Q8Z3E0
map00630,K00024,stt:t3274,Q8Z3E0
map00630,K00090,sty:STY4156,Q8Z2A8
map00630,K00090,stt:t3873,Q8Z2A8
map00630,K00281,sty:STY3209,Q8Z3X0
map00630,K00281,stt:t2971,Q8Z3X0
map00630,K00600,sty:STY2802,P0A2E2
map00630,K00600,sty:STY3764,Q8Z2Z9
map00630,K00600,stt:t0301,P0A2E2
map00630,K00600,stt:t3514,Q8Z2Z9
map00630,K00605,sty:STY3211,P64223
map00630,K00605,stt:t2973,P64223
map00630,K01091,sty:STY4314,Q8Z202
map00630,K01091,stt:t4025,Q8Z202
map00630,K01895,sty:STY4473,Q8Z1R0
map00630,K01895,stt:t4181,Q8Z1R0
map00630,K01915,sty:STY3874,P0A1P7
map00630,K01915,stt:t3614,P0A1P7
map00630,K02437,sty:STY3210,P0A6U1
map00630,K02437,stt:t2972,P0A6U1
map00630,K12972,sty:STY1172,Q8Z7M6
map00630,K12972,stt:t1785,Q8Z7M6
map00910,K00262,sty:STY1815,Q8Z6F6
map00910,K00262,stt:t1178,Q8Z6F6
map00910,K00363,sty:STY4321,P0A230
map00910,K00363,stt:t4030,P0A230
map00910,K01915,sty:STY3874,P0A1P7
map00910,K01915,stt:t3614,P0A1P7
map00910,K02567,sty:STY2485,Q8Z570
map00910,K02567,stt:t0605,Q8Z570
map00910,K03385,sty:STY4475,Q8Z1Q9
map00910,K03385,stt:t4183,Q8Z1Q9
map00910,K05601,sty:STY0933,Q8Z829
map00910,K05601,stt:t1996,Q8Z829
map02020,K00027,sty:STY1494,Q8Z728
map02020,K00027,stt:t1481,Q8Z728
map02020,K00246,sty:STY4701,P67639
map02020,K00246,stt:t4393,P67639
map02020,K00247,sty:STY4700,P67646
map02020,K00247,stt:t4392,P67646
map02020,K00990,sty:STY0237,Q8Z9A7
map02020,K00990,stt:t0215,Q8Z9A7
map02020,K01546,sty:STY0747,Q8Z8E4
map02020,K01546,stt:t2169,Q8Z8E4
map02020,K01547,sty:STY0746,Q8Z8E5
map02020,K01547,stt:t2170,Q8Z8E5
map02020,K01548,sty:STY0745,Q8Z8E6
map02020,K01548,stt:t2171,Q8Z8E6
map02020,K01646,sty:STY0068,Q8XFF4
map02020,K01646,sty:STY0672,Q8XGN1
map02020,K01646,stt:t0061,Q8XFF4
map02020,K01646,stt:t2244,Q8XGN1
map02020,K01791,sty:STY3635,Q8Z388
map02020,K01791,stt:t3377,Q8Z388
map02020,K01915,sty:STY3874,P0A1P7
map02020,K01915,stt:t3614,P0A1P7
map02020,K01991,sty:STY2331,Q8Z5G4
map02020,K01991,stt:t0754,Q8Z5G4
map02020,K02313,sty:STY3940,Q8Z2N6
map02020,K02313,stt:t3681,Q8Z2N6
map02020,K02403,sty:STY2134,P0A2R3
map02020,K02403,stt:t0952,P0A2R3
map02020,K02405,sty:STY2164,P0A2E9
map02020,K02405,stt:t0920,P0A2E9
map02020,K02472,sty:STY3634,Q8Z389
map02020,K02472,stt:t3376,Q8Z389
map02020,K03412,sty:STY2126,Q8Z5V2
map02020,K03412,stt:t0960,Q8Z5V2
map02020,K03413,sty:STY2125,P0A2D6
map02020,K03413,stt:t0961,P0A2D6
map02020,K03533,sty:STY3957,Q8Z2M3
map02020,K03533,stt:t3697,Q8Z2M3
map02020,K03563,sty:STY2947,P69916
map02020,K03563,stt:t2727,P69916
map02020,K04751,sty:STY2808,P0A9Z5
map02020,K04751,stt:t0295,P0A9Z5
map02020,K05966,sty:STY0072,Q8Z9M0
map02020,K05966,sty:STY0668,Q8Z8J2
map02020,K05966,stt:t0065,Q8Z9M0
map02020,K05966,stt:t2248,Q8Z8J2
map02020,K07637,sty:STY1270,Q8Z7H3
map02020,K07637,stt:t1690,Q8Z7H3
map02020,K07638,sty:STY4295,P41406
map02020,K07638,stt:t4005,P41406
map02020,K07645,sty:STY3355,Q8Z3P2
map02020,K07645,stt:t3099,Q8Z3P2
map02020,K07659,sty:STY4294,P0AA20
map02020,K07659,stt:t4004,P0AA20
map02020,K07660,sty:STY1271,Q8Z7H2
map02020,K07660,stt:t1689,Q8Z7H2
map02020,K07666,sty:STY3354,P66796
map02020,K07666,stt:t3098,P66796
map02020,K07677,sty:STY2496,Q56128
map02020,K07677,stt:t0594,Q56128
map02020,K07687,sty:STY2495,Q56127
map02020,K07687,stt:t0595,Q56127
map02020,K07708,sty:STY3875,P0A2E0
map02020,K07708,stt:t3615,P0A2E0
map02020,K07709,sty:STY3712,Q8Z332
map02020,K07709,stt:t3458,Q8Z332
map02020,K07713,sty:STY3711,Q8Z333
map02020,K07713,stt:t3457,Q8Z333
map02020,K07781,sty:STY2190,Q56083
map02020,K07781,stt:t0895,Q56083
map02020,K07788,sty:STY2340,Q8Z5F7
map02020,K07788,stt:t0745,Q8Z5F7
map02020,K07789,sty:STY2341,Q8Z5F6
map02020,K07789,stt:t0744,Q8Z5F6
map02020,K07799,sty:STY2339,Q8Z5F8
map02020,K07799,stt:t0746,Q8Z5F8
map02020,K07803,sty:STY3713,Q8Z331
map02020,K07803,stt:t3459,Q8Z331
map02020,K07806,sty:STY2527,Q8Z542
map02020,K07806,stt:t0566,Q8Z542
map02020,K07811,sty:STY3956,Q8Z2M4
map02020,K07811,stt:t3696,Q8Z2M4
map02020,K08478,sty:STY2635,P0A234
map02020,K08478,stt:t0460,P0A234
map02020,K09474,sty:STY4519,Q934J6
map02020,K09474,stt:t4225,Q934J6
map02020,K09475,sty:STY2493,P0A264
map02020,K09475,stt:t0597,P0A264
map02020,K09476,sty:STY1002,Q56113
map02020,K09476,stt:t1935,Q56113
map02020,K11103,sty:STY4189,Q8Z287
map02020,K11103,stt:t3903,Q8Z287
map02020,K16692,sty:STY2329,Q8Z5G6
map02020,K16692,stt:t0756,Q8Z5G6
map02020,K18326,sty:STY2342,Q8Z5F5
map02020,K18326,stt:t0743,Q8Z5F5
map02020,K25307,sty:STY2330,Q8Z5G5
map02020,K25307,stt:t0755,Q8Z5G5
map02020,K27883,sty:STY2388,Q8Z5C1
map02020,K27883,stt:t0697,Q8Z5C1
map00030,K00090,sty:STY4156,Q8Z2A8
map00030,K00090,stt:t3873,Q8Z2A8
map00030,K00616,sty:STY0007,P66956
map00030,K00616,sty:STY2710,Q8Z4T0
map00030,K00616,stt:t0007,P66956
map00030,K00616,stt:t0386,Q8Z4T0
map00030,K00850,sty:STY3809,P65693
map00030,K00850,stt:t3557,P65693
map00030,K00948,sty:STY1906,P0A1V7
map00030,K00948,stt:t1096,P0A1V7
map00030,K01619,sty:STY4918,Q8Z0U3
map00030,K01619,stt:t4610,Q8Z0U3
map00030,K01783,sty:STY3790,Q8Z2Y1
map00030,K01783,stt:t3538,Q8Z2Y1
map00030,K01807,sty:STY3219,P66693
map00030,K01807,stt:t2981,P66693
map00030,K01810,sty:STY4417,Q8Z1U7
map00030,K01810,stt:t4127,Q8Z1U7
map00030,K01839,sty:STY4920,P63924
map00030,K01839,stt:t4612,P63924
map00030,K03841,sty:STY4774,Q8Z146
map00030,K03841,stt:t4469,Q8Z146
map00030,K07404,sty:STY0818,Q8Z8A2
map00030,K07404,stt:t2102,Q8Z8A2
map00030,K28747,stt:t3725,P0DX97
map00230,K00364,sty:STY0163,Q8Z9F9
map00230,K00364,stt:t0147,Q8Z9F9
map00230,K00602,sty:STY3709,Q8Z335
map00230,K00602,stt:t3455,Q8Z335
map00230,K00759,sty:STY0527,Q8Z8T4
map00230,K00759,stt:t2377,Q8Z8T4
map00230,K00769,sty:STY0362,P0A278
map00230,K00769,stt:t2533,P0A278
map00230,K00860,sty:STY3058,P63890
map00230,K00860,stt:t2834,P63890
map00230,K00939,sty:STY0532,P0A1V5
map00230,K00939,stt:t2372,P0A1V5
map00230,K00940,sty:STY2771,P65535
map00230,K00940,stt:t0330,P65535
map00230,K00942,sty:STY4052,Q8Z2H9
map00230,K00942,stt:t3778,Q8Z2H9
map00230,K00948,sty:STY1906,P0A1V7
map00230,K00948,stt:t1096,P0A1V7
map00230,K00956,sty:STY3059,Q8Z470
map00230,K00956,stt:t2835,Q8Z470
map00230,K00957,sty:STY3060,P65673
map00230,K00957,stt:t2836,P65673
map00230,K01129,sty:STY0230,Q8Z9B1
map00230,K01129,stt:t0209,Q8Z9B1
map00230,K01466,sty:STY0571,Q8XGS6
map00230,K01466,stt:t2338,Q8XGS6
map00230,K01488,sty:STY1658,Q8Z6R2
map00230,K01488,stt:t1331,Q8Z6R2
map00230,K01519,sty:STY3256,Q8Z3U6
map00230,K01519,stt:t3015,Q8Z3U6
map00230,K01524,sty:STY2743,P0A270
map00230,K01524,sty:STY3641,P0A268
map00230,K01524,stt:t0355,P0A270
map00230,K01524,stt:t3383,P0A268
map00230,K01525,sty:STY0103,P0A1B2
map00230,K01525,stt:t0091,P0A1B2
map00230,K01839,sty:STY4920,P63924
map00230,K01839,stt:t4612,P63924
map00230,K01923,sty:STY2725,P65890
map00230,K01923,stt:t0372,P65890
map00230,K01933,sty:STY2740,Q8Z4R2
map00230,K01933,stt:t0358,Q8Z4R2
map00230,K01939,sty:STY4723,P65883
map00230,K01939,stt:t4417,P65883
map00230,K01945,sty:STY3710,Q8Z334
map00230,K01945,stt:t3456,Q8Z334
map00230,K01951,sty:STY2751,Q8Z4Q3
map00230,K01951,stt:t0347,Q8Z4Q3
map00230,K01952,sty:STY2812,Q8Z4L6
map00230,K01952,stt:t0291,Q8Z4L6
map00230,K03784,sty:STY4921,Q8Z0U2
map00230,K03784,stt:t4613,Q8Z0U2
map00230,K03787,sty:STY3052,P66882
map00230,K03787,stt:t2828,P66882
map00230,K05851,sty:STY3620,P0A1A8
map00230,K05851,stt:t3358,P0A1A8
map00230,K07127,sty:STY1129,Q8Z7Q6
map00230,K07127,stt:t1822,Q8Z7Q6
map00230,K08289,sty:STY2089,Q8Z5X3
map00230,K08289,stt:t0994,Q8Z5X3
map00230,K08722,sty:STY2562,Q8Z524
map00230,K08722,stt:t0532,Q8Z524
map00230,K09913,sty:STY0424,Q8Z8Y9
map00230,K09913,stt:t2473,Q8Z8Y9
map00190,K00241,sty:STY0775,P63726
map00190,K00241,stt:t2144,P63726
map00190,K00246,sty:STY4701,P67639
map00190,K00246,stt:t4393,P67639
map00190,K00247,sty:STY4700,P67646
map00190,K00247,stt:t4392,P67646
map00190,K00330,sty:STY2558,Q8XFY2
map00190,K00330,stt:t0536,Q8XFY2
map00190,K00331,sty:STY2557,Q8XGN7
map00190,K00331,stt:t0537,Q8XGN7
map00190,K00334,sty:STY2555,P0A1Y9
map00190,K00334,stt:t0539,P0A1Y9
map00190,K00336,sty:STY2553,P0A1Y5
map00190,K00336,stt:t0541,P0A1Y5
map00190,K00337,sty:STY2552,Q8Z527
map00190,K00337,stt:t0542,Q8Z527
map00190,K00338,sty:STY2551,Q8XFD5
map00190,K00338,stt:t0543,Q8XFD5
map00190,K00340,sty:STY2549,Q8XFA3
map00190,K00340,stt:t0545,Q8XFA3
map00190,K00343,sty:STY2546,Q8Z530
map00190,K00343,stt:t0548,Q8Z530
map00190,K00937,sty:STY2742,Q8Z4R0
map00190,K00937,stt:t0356,Q8Z4R0
map00190,K01507,sty:STY4773,P65749
map00190,K01507,stt:t4468,P65749
map00190,K02108,sty:STY3907,Q8XGC2
map00190,K02108,stt:t3648,Q8XGC2
map00190,K02109,sty:STY3909,Q8XGD7
map00190,K02109,stt:t3650,Q8XGD7
map00190,K02110,sty:STY3908,P68703
map00190,K02110,stt:t3649,P68703
map00190,K02111,sty:STY3911,Q8XG95
map00190,K02111,stt:t3652,Q8XG95
map00190,K02112,sty:STY3913,Q8XGX4
map00190,K02112,stt:t3654,Q8XGX4
map00190,K02113,sty:STY3910,Q8XFM9
map00190,K02113,stt:t3651,Q8XFM9
map00190,K02114,sty:STY3914,P0A1B8
map00190,K02114,stt:t3655,P0A1B8
map00190,K02115,sty:STY3912,Q8Z2Q5
map00190,K02115,stt:t3653,Q8Z2Q5
map00190,K02257,sty:STY0481,Q8Z8V5
map00190,K02257,stt:t2421,Q8Z8V5
map00190,K13378,sty:STY2556,P0A1Y7
map00190,K13378,stt:t0538,P0A1Y7
map00564,K00057,sty:STY4095,P0A1P3
map00564,K00057,stt:t3819,P0A1P3
map00564,K00112,sty:STY2514,Q8Z553
map00564,K00112,stt:t0579,Q8Z553
map00564,K00631,sty:STY4431,Q8Z1T6
map00564,K00631,stt:t4141,Q8Z1T6
map00564,K00655,sty:STY3350,P0A258
map00564,K00655,stt:t3094,P0A258
map00564,K00995,sty:STY2153,Q8XFD0
map00564,K00995,stt:t0931,Q8XFD0
map00564,K01058,sty:STY3602,P0A232
map00564,K01058,stt:t3340,P0A232
map00564,K01521,sty:STY3807,Q8Z2W6
map00564,K01521,stt:t3555,Q8Z2W6
map00564,K01613,sty:STY4708,Q8Z194
map00564,K01613,stt:t4400,Q8Z194
map00564,K03736,sty:STY2694,Q8Z4U3
map00564,K03736,stt:t0401,Q8Z4U3
map00564,K05939,sty:STY3153,Q8Z406
map00564,K05939,stt:t2919,Q8Z406
map00564,K06131,sty:STY0847,Q8Z883
map00564,K06131,sty:STY1312,P63799
map00564,K06131,stt:t1651,P63799
map00564,K06131,stt:t2076,Q8Z883
map00564,K08591,sty:STY3386,P67162
map00564,K08591,stt:t3127,P67162
map00565,K01058,sty:STY3602,P0A232
map00565,K01058,stt:t3340,P0A232
map00592,K00632,sty:STY2621,Q8Z4Y9
map00592,K00632,sty:STY3578,P0A2H8
map00592,K00632,stt:t0475,Q8Z4Y9
map00592,K00632,stt:t3316,P0A2H8
map00592,K01058,sty:STY3602,P0A232
map00592,K01058,stt:t3340,P0A232
map01232,K00364,sty:STY0163,Q8Z9F9
map01232,K00364,stt:t0147,Q8Z9F9
map01232,K00560,sty:STY3142,Q8Z412
map01232,K00560,stt:t2910,Q8Z412
map01232,K00757,sty:STY3591,P0A1F7
map01232,K00757,stt:t3329,P0A1F7
map01232,K00758,sty:STY4919,Q8XF46
map01232,K00758,stt:t4611,Q8XF46
map01232,K00759,sty:STY0527,Q8Z8T4
map01232,K00759,stt:t2377,Q8Z8T4
map01232,K00761,sty:STY2739,P0A2M6
map01232,K00761,stt:t0359,P0A2M6
map01232,K00769,sty:STY0362,P0A278
map01232,K00769,stt:t2533,P0A278
map01232,K00857,sty:STY1301,Q8XFQ8
map01232,K00857,stt:t1661,Q8XFQ8
map01232,K00876,sty:STY2335,P67409
map01232,K00876,stt:t0750,P67409
map01232,K00939,sty:STY0532,P0A1V5
map01232,K00939,stt:t2372,P0A1V5
map01232,K00940,sty:STY2771,P65535
map01232,K00940,stt:t0330,P65535
map01232,K00942,sty:STY4052,Q8Z2H9
map01232,K00942,stt:t3778,Q8Z2H9
map01232,K00943,sty:STY1239,P65247
map01232,K00943,stt:t1720,P65247
map01232,K00945,sty:STY0980,Q8Z803
map01232,K00945,stt:t1954,Q8Z803
map01232,K01129,sty:STY0230,Q8Z9B1
map01232,K01129,stt:t0209,Q8Z9B1
map01232,K01250,sty:STY0706,Q8Z8H0
map01232,K01250,stt:t2212,Q8Z8H0
map01232,K01488,sty:STY1658,Q8Z6R2
map01232,K01488,stt:t1331,Q8Z6R2
map01232,K01489,sty:STY2413,Q8Z5A8
map01232,K01489,stt:t0672,Q8Z5A8
map01232,K01494,sty:STY2334,P63906
map01232,K01494,stt:t0751,P63906
map01232,K01519,sty:STY3256,Q8Z3U6
map01232,K01519,stt:t3015,Q8Z3U6
map01232,K01520,sty:STY4063,P64009
map01232,K01520,stt:t3787,P64009
map01232,K01937,sty:STY3082,P65922
map01232,K01937,stt:t2854,P65922
map01232,K01939,sty:STY4723,P65883
map01232,K01939,stt:t4417,P65883
map01232,K01951,sty:STY2751,Q8Z4Q3
map01232,K01951,stt:t0347,Q8Z4Q3
map01232,K03784,sty:STY4921,Q8Z0U2
map01232,K03784,stt:t4613,Q8Z0U2
map01232,K03787,sty:STY3052,P66882
map01232,K03787,stt:t2828,P66882
map01232,K06287,sty:STY3551,P58631
map01232,K06287,stt:t3286,P58631
map01232,K08722,sty:STY2562,Q8Z524
map01232,K08722,stt:t0532,Q8Z524
map01232,K09903,sty:STY0241,P65934
map01232,K09903,stt:t0219,P65934
map01232,K09913,sty:STY0424,Q8Z8Y9
map01232,K09913,stt:t2473,Q8Z8Y9
map01232,K12700,sty:STY0060,Q8Z9M9
map01232,K12700,stt:t0053,Q8Z9M9
map00760,K00278,sty:STY2834,Q8Z4K0
map00760,K00278,stt:t0269,Q8Z4K0
map00760,K00322,sty:STY3748,P66009
map00760,K00322,stt:t3499,P66009
map00760,K00763,sty:STY1010,Q8Z7Y9
map00760,K00763,stt:t1930,Q8Z7Y9
map00760,K00858,sty:STY2869,P65775
map00760,K00858,stt:t2637,P65775
map00760,K00969,sty:STY0696,Q8Z8H7
map00760,K00969,stt:t2222,Q8Z8H7
map00760,K01916,sty:STY1803,Q8Z6G6
map00760,K01916,stt:t1189,Q8Z6G6
map00760,K03426,sty:STY3719,Q8Z328
map00760,K03426,stt:t3465,Q8Z328
map00760,K03517,sty:STY0797,Q8Z8B8
map00760,K03517,stt:t2122,Q8Z8B8
map00760,K03784,sty:STY4921,Q8Z0U2
map00760,K03784,stt:t4613,Q8Z0U2
map00760,K03787,sty:STY3052,P66882
map00760,K03787,stt:t2828,P66882
map00760,K12410,sty:STY1261,P0A2F3
map00760,K12410,stt:t1699,P0A2F3
map00010,K00134,sty:STY1825,P0A1P1
map00010,K00134,stt:t1169,P0A1P1
map00010,K00845,sty:STY2644,P58618
map00010,K00845,stt:t0454,P58618
map00010,K00850,sty:STY3809,P65693
map00010,K00850,stt:t3557,P65693
map00010,K00873,sty:STY1744,Q8Z6K2
map00010,K00873,stt:t1246,Q8Z6K2
map00010,K00927,sty:STY3227,P65703
map00010,K00927,stt:t2988,P65703
map00010,K01610,sty:STY4296,Q8Z216
map00010,K01610,stt:t4006,Q8Z216
map00010,K01689,sty:STY3081,P64077
map00010,K01689,stt:t2853,P64077
map00010,K01803,sty:STY3789,Q8Z2Y2
map00010,K01803,stt:t3537,Q8Z2Y2
map00010,K01810,sty:STY4417,Q8Z1U7
map00010,K01810,stt:t4127,Q8Z1U7
map00010,K01834,sty:STY0804,Q8Z8B2
map00010,K01834,stt:t2115,Q8Z8B2
map00010,K01895,sty:STY4473,Q8Z1R0
map00010,K01895,stt:t4181,Q8Z1R0
map00010,K02777,sty:STY2670,P0A284
map00010,K02777,stt:t0424,P0A284
map00010,K03841,sty:STY4774,Q8Z146
map00010,K03841,stt:t4469,Q8Z146
map00010,K15633,sty:STY4091,Q8Z2F0
map00010,K15633,stt:t3815,Q8Z2F0
map00010,K15634,sty:STY4932,Q8Z0T4
map00010,K15634,stt:t4624,Q8Z0T4
map00051,K00009,sty:STY4110,Q8Z2E0
map00051,K00009,stt:t3833,Q8Z2E0
map00051,K00848,sty:STY3826,Q8Z2V4
map00051,K00848,stt:t3572,Q8Z2V4
map00051,K00850,sty:STY3809,P65693
map00051,K00850,stt:t3557,P65693
map00051,K00879,sty:STY3117,Q8Z428
map00051,K00879,stt:t2885,Q8Z428
map00051,K01803,sty:STY3789,Q8Z2Y2
map00051,K01803,stt:t3537,Q8Z2Y2
map00051,K01805,sty:STY4137,Q7C637
map00051,K01805,stt:t3858,Q7C637
map00051,K01813,sty:STY3827,Q8Z2V3
map00051,K01813,stt:t3573,Q8Z2V3
map00051,K01818,sty:STY3116,Q8Z429
map00051,K01818,stt:t2884,Q8Z429
map00051,K03841,sty:STY4774,Q8Z146
map00051,K03841,stt:t4469,Q8Z146
map00051,K07026,sty:STY2193,P65418
map00051,K07026,stt:t0892,P65418
map00051,K12660,sty:STY2519,Q8Z549
map00051,K12660,stt:t0574,Q8Z549
map00051,K12661,sty:STY2521,Q8Z548
map00051,K12661,stt:t0572,Q8Z548
map00052,K00845,sty:STY2644,P58618
map00052,K00845,stt:t0454,P58618
map00052,K00849,sty:STY0807,Q8Z8B0
map00052,K00849,stt:t2113,Q8Z8B0
map00052,K00850,sty:STY3809,P65693
map00052,K00850,stt:t3557,P65693
map00052,K00963,sty:STY2308,P0A2K8
map00052,K00963,stt:t0774,P0A2K8
map00052,K01784,sty:STY0809,Q56093
map00052,K01784,stt:t2111,Q56093
map00052,K01804,sty:STY0119,P58539
map00052,K01804,stt:t0106,P58539
map00052,K08302,sty:STY3435,Q8XGZ9
map00052,K08302,stt:t3173,Q8XGZ9
map00680,K00024,sty:STY3539,Q8Z3E0
map00680,K00024,stt:t3274,Q8Z3E0
map00680,K00600,sty:STY2802,P0A2E2
map00680,K00600,sty:STY3764,Q8Z2Z9
map00680,K00600,stt:t0301,P0A2E2
map00680,K00600,stt:t3514,Q8Z2Z9
map00680,K00831,sty:STY0977,P62677
map00680,K00831,stt:t1957,P62677
map00680,K00850,sty:STY3809,P65693
map00680,K00850,stt:t3557,P65693
map00680,K00925,sty:STY2567,P63412
map00680,K00925,stt:t0527,P63412
map00680,K01595,sty:STY3754,Q8Z307
map00680,K01595,stt:t3505,Q8Z307
map00680,K01689,sty:STY3081,P64077
map00680,K01689,stt:t2853,P64077
map00680,K01834,sty:STY0804,Q8Z8B2
map00680,K01834,stt:t2115,Q8Z8B2
map00680,K01895,sty:STY4473,Q8Z1R0
map00680,K01895,stt:t4181,Q8Z1R0
map00680,K03533,sty:STY3957,Q8Z2M3
map00680,K03533,stt:t3697,Q8Z2M3
map00680,K03841,sty:STY4774,Q8Z146
map00680,K03841,stt:t4469,Q8Z146
map00680,K07811,sty:STY3956,Q8Z2M4
map00680,K07811,stt:t3696,Q8Z2M4
map00680,K15633,sty:STY4091,Q8Z2F0
map00680,K15633,stt:t3815,Q8Z2F0
map00680,K15634,sty:STY4932,Q8Z0T4
map00680,K15634,stt:t4624,Q8Z0T4
map03018,K00850,sty:STY3809,P65693
map03018,K00850,stt:t3557,P65693
map03018,K00937,sty:STY2742,Q8Z4R0
map03018,K00937,stt:t0356,Q8Z4R0
map03018,K00962,sty:STY3463,Q8Z3I0
map03018,K00962,stt:t3200,Q8Z3I0
map03018,K00970,sty:STY0209,Q8Z9C3
map03018,K00970,stt:t0192,Q8Z9C3
map03018,K01689,sty:STY3081,P64077
map03018,K01689,stt:t2853,P64077
map03018,K03628,sty:STY3638,P0A296
map03018,K03628,stt:t3380,P0A296
map03018,K03666,sty:STY4718,P0A1R1
map03018,K03666,stt:t4412,P0A1R1
map03018,K03732,sty:STY3640,P0A2P1
map03018,K03732,stt:t3382,P0A2P1
map03018,K04043,sty:STY0012,Q8Z9R1
map03018,K04043,stt:t0012,Q8Z9R1
map03018,K04077,sty:STY4690,P0A1D4
map03018,K04077,stt:t4382,P0A1D4
map03018,K08311,sty:STY3145,P65555
map03018,K08311,stt:t2913,P65555
map00240,K00254,sty:STY1079,Q8Z7S9
map00240,K00254,stt:t1862,Q8Z7S9
map00240,K00560,sty:STY3142,Q8Z412
map00240,K00560,stt:t2910,Q8Z412
map00240,K00609,sty:STY4800,P0A1Z5
map00240,K00609,stt:t4495,P0A1Z5
map00240,K00610,sty:STY4799,Q8Z130
map00240,K00610,stt:t4494,Q8Z130
map00240,K00757,sty:STY3591,P0A1F7
map00240,K00757,stt:t3329,P0A1F7
map00240,K00758,sty:STY4919,Q8XF46
map00240,K00758,stt:t4611,Q8XF46
map00240,K00761,sty:STY2739,P0A2M6
map00240,K00761,stt:t0359,P0A2M6
map00240,K00762,sty:STY4061,Q8Z2H5
map00240,K00762,stt:t3785,Q8Z2H5
map00240,K00857,sty:STY1301,Q8XFQ8
map00240,K00857,stt:t1661,Q8XFQ8
map00240,K00876,sty:STY2335,P67409
map00240,K00876,stt:t0750,P67409
map00240,K00940,sty:STY2771,P65535
map00240,K00940,stt:t0330,P65535
map00240,K00943,sty:STY1239,P65247
map00240,K00943,stt:t1720,P65247
map00240,K00945,sty:STY0980,Q8Z803
map00240,K00945,stt:t1954,Q8Z803
map00240,K01250,sty:STY0706,Q8Z8H0
map00240,K01250,stt:t2212,Q8Z8H0
map00240,K01465,sty:STY1201,Q8Z7L2
map00240,K01465,stt:t1757,Q8Z7L2
map00240,K01489,sty:STY2413,Q8Z5A8
map00240,K01489,stt:t0672,Q8Z5A8
map00240,K01494,sty:STY2334,P63906
map00240,K01494,stt:t0751,P63906
map00240,K01520,sty:STY4063,P64009
map00240,K01520,stt:t3787,P64009
map00240,K01591,sty:STY1344,P58643
map00240,K01591,stt:t1620,P58643
map00240,K01937,sty:STY3082,P65922
map00240,K01937,stt:t2854,P65922
map00240,K01955,sty:STY0077,Q8Z9L7
map00240,K01955,stt:t0068,Q8Z9L7
map00240,K01956,sty:STY0076,Q8Z9L8
map00240,K01956,stt:t0067,Q8Z9L8
map00240,K03787,sty:STY3052,P66882
map00240,K03787,stt:t2828,P66882
map00240,K06287,sty:STY3551,P58631
map00240,K06287,stt:t3286,P58631
map00240,K08722,sty:STY2562,Q8Z524
map00240,K08722,stt:t0532,Q8Z524
map00240,K09903,sty:STY0241,P65934
map00240,K09903,stt:t0219,P65934
map00240,K09913,sty:STY0424,Q8Z8Y9
map00240,K09913,stt:t2473,Q8Z8Y9
map00240,K12700,sty:STY0060,Q8Z9M9
map00240,K12700,stt:t0053,Q8Z9M9
map00240,K16066,sty:STY1550,P69935
map00240,K16066,stt:t1432,P69935
map00240,K17722,sty:STY2416,Q8Z5A6
map00240,K17722,stt:t0669,Q8Z5A6
map00620,K00024,sty:STY3539,Q8Z3E0
map00620,K00024,stt:t3274,Q8Z3E0
map00620,K00027,sty:STY1494,Q8Z728
map00620,K00027,stt:t1481,Q8Z728
map00620,K00090,sty:STY4156,Q8Z2A8
map00620,K00090,stt:t3873,Q8Z2A8
map00620,K00101,sty:STY4102,Q8Z2E5
map00620,K00101,stt:t3825,Q8Z2E5
map00620,K00246,sty:STY4701,P67639
map00620,K00246,stt:t4393,P67639
map00620,K00247,sty:STY4700,P67646
map00620,K00247,stt:t4392,P67646
map00620,K00873,sty:STY1744,Q8Z6K2
map00620,K00873,stt:t1246,Q8Z6K2
map00620,K00925,sty:STY2567,P63412
map00620,K00925,stt:t0527,P63412
map00620,K01069,sty:STY0282,Q8Z983
map00620,K01069,stt:t2604,Q8Z983
map00620,K01512,sty:STY1110,Q8XGT4
map00620,K01512,stt:t1836,Q8XGT4
map00620,K01571,sty:STY0064,Q8XGX8
map00620,K01571,sty:STY3532,Q8XGX8
map00620,K01571,stt:t0057,Q8XGX8
map00620,K01571,stt:t3267,Q8XGX8
map00620,K01573,sty:STY0065,Q8Z9M5
map00620,K01573,sty:STY3533,Q8Z3E4
map00620,K01573,stt:t0058,Q8Z9M5
map00620,K01573,stt:t3268,Q8Z3E4
map00620,K01595,sty:STY3754,Q8Z307
map00620,K01595,stt:t3505,Q8Z307
map00620,K01610,sty:STY4296,Q8Z216
map00620,K01610,stt:t4006,Q8Z216
map00620,K01649,sty:STY0132,Q8Z9I0
map00620,K01649,stt:t0117,Q8Z9I0
map00620,K01675,sty:STY1732,P0A1T5
map00620,K01675,stt:t1256,P0A1T5
map00620,K01679,sty:STY1653,Q8Z6R6
map00620,K01679,stt:t1337,Q8Z6R6
map00620,K01759,sty:STY1687,P0A1Q3
map00620,K01759,stt:t1303,P0A1Q3
map00620,K01895,sty:STY4473,Q8Z1R0
map00620,K01895,stt:t4181,Q8Z1R0
map00620,K01962,sty:STY0255,P0A1C4
map00620,K01962,stt:t0233,P0A1C4
map00620,K01963,sty:STY2597,Q8XFJ5
map00620,K01963,stt:t0498,Q8XFJ5
map00620,K12972,sty:STY1172,Q8Z7M6
map00620,K12972,stt:t1785,Q8Z7M6
map00620,K20509,sty:STY0063,Q8Z9M6
map00620,K20509,sty:STY3531,Q8Z3E5
map00620,K20509,stt:t0056,Q8Z9M6
map00620,K20509,stt:t3266,Q8Z3E5
map00860,K00228,sty:STY2688,Q8Z4U8
map00860,K00228,stt:t0407,Q8Z4U8
map00860,K00768,sty:STY2219,Q8Z5N9
map00860,K00768,stt:t0858,Q8Z5N9
map00860,K01599,sty:STY3718,Q8Z329
map00860,K01599,stt:t3464,Q8Z329
map00860,K01749,sty:STY3621,P0A1Q9
map00860,K01749,stt:t3359,P0A1Q9
map00860,K01772,sty:STY0533,Q8Z8T2
map00860,K01772,stt:t2371,Q8Z8T2
map00860,K01845,sty:STY0223,Q8Z9B4
map00860,K01845,stt:t0203,Q8Z9B4
map00860,K01885,sty:STY2654,P0A2K4
map00860,K01885,stt:t0442,P0A2K4
map00860,K02188,sty:STY2237,Q8Z5M8
map00860,K02188,stt:t0842,Q8Z5M8
map00860,K02191,sty:STY2235,Q8Z5M9
map00860,K02191,stt:t0844,Q8Z5M9
map00860,K02226,sty:STY0694,P58652
map00860,K02226,stt:t2224,P58652
map00860,K02227,sty:STY2239,Q8Z5M7
map00860,K02227,stt:t0839,Q8Z5M7
map00860,K02232,sty:STY2222,Q8Z5N6
map00860,K02232,stt:t0855,Q8Z5N6
map00860,K02233,sty:STY2220,Q8Z5N8
map00860,K02233,stt:t0857,Q8Z5N8
map00860,K02257,sty:STY0481,Q8Z8V5
map00860,K02257,stt:t2421,Q8Z8V5
map00860,K02302,sty:STY4319,Q8Z201
map00860,K02302,stt:t4028,Q8Z201
map00860,K02492,sty:STY1902,P0A1Q7
map00860,K02492,stt:t1099,P0A1Q7
map00860,K02495,sty:STY3877,P0A1E2
map00860,K02495,stt:t3617,P0A1E2
map00860,K03399,sty:STY2236,P0A2H2
map00860,K03399,stt:t0843,P0A2H2
map00860,K04720,sty:STY0695,Q8Z8H8
map00860,K04720,stt:t2223,Q8Z8H8
map00860,K05936,sty:STY2234,P0A2H0
map00860,K05936,stt:t0845,P0A2H0
map04146,K01897,sty:STY1948,P63522
map04146,K01897,stt:t1059,P63522
map04146,K03426,sty:STY3719,Q8Z328
map04146,K03426,stt:t3465,Q8Z328
map04146,K04564,sty:STY1691,P0A2F5
map04146,K04564,sty:STY3816,Q8Z2V9
map04146,K04564,stt:t1299,P0A2F5
map04146,K04564,stt:t3564,Q8Z2V9
map00542,K02851,sty:STY3637,Q8Z386
map00542,K02851,stt:t3379,Q8Z386
map00543,K02851,sty:STY3637,Q8Z386
map00543,K02851,stt:t3379,Q8Z386
map00543,K02852,sty:STY3626,Q8Z397
map00543,K02852,stt:t3368,Q8Z397
map00543,K12582,sty:STY3628,Q8Z395
map00543,K12582,stt:t3370,Q8Z395
map00552,K02851,sty:STY3637,Q8Z386
map00552,K02851,stt:t3379,Q8Z386
map00552,K06153,sty:STY3384,P67389
map00552,K06153,stt:t3125,P67389
map00330,K00137,sty:STY1467,Q8Z747
map00330,K00137,stt:t1506,Q8Z747
map00330,K00147,sty:STY0367,Q8Z932
map00330,K00147,stt:t2528,Q8Z932
map00330,K00673,sty:STY1810,Q8Z6G0
map00330,K00797,sty:STY0188,Q8Z9E2
map00330,K00797,stt:t0171,Q8Z9E2
map00330,K00813,sty:STY1000,Q56114
map00330,K00813,stt:t1936,Q56114
map00330,K00840,sty:STY1811,Q8Z6F9
map00330,K00840,stt:t1182,Q8Z6F9
map00330,K00931,sty:STY0366,P65793
map00330,K00931,stt:t2529,P65793
map00330,K01480,sty:STY3238,P60655
map00330,K01480,stt:t2998,P60655
map00330,K01484,sty:STY1808,Q8Z6G2
map00330,K01484,stt:t1185,Q8Z6G2
map00330,K01585,sty:STY3240,P60658
map00330,K01585,stt:t2999,P60658
map00330,K01611,sty:STY0187,Q8Z9E3
map00330,K01611,stt:t0170,Q8Z9E3
map00330,K05526,sty:STY1807,Q8Z6G3
map00330,K05526,stt:t1186,Q8Z6G3
map00330,K06447,sty:STY1809,Q8Z6G1
map00330,K06447,stt:t1184,Q8Z6G1
map00330,K09251,sty:STY3396,Q8Z3L9
map00330,K09251,stt:t3138,Q8Z3L9
map00750,K00097,sty:STY0106,P58715
map00750,K00097,stt:t0094,P58715
map00750,K00275,sty:STY1674,Q8Z6Q2
map00750,K00275,stt:t1316,Q8Z6Q2
map00750,K00831,sty:STY0977,P62677
map00750,K00831,stt:t1957,P62677
map00750,K00868,sty:STY1672,Q8Z6Q3
map00750,K00868,sty:STY2672,Q8Z4W1
map00750,K00868,stt:t0423,Q8Z4W1
map00750,K00868,stt:t1318,Q8Z6Q3
map00750,K03472,sty:STY3228,Q8XGA4
map00750,K03472,stt:t2989,Q8XGA4
map00750,K03473,sty:STY2601,P60801
map00750,K03473,stt:t0494,P60801
map00750,K03474,sty:STY2824,Q8Z4K6
map00750,K03474,stt:t0279,Q8Z4K6
map00540,K00677,sty:STY0251,Q8Z9A2
map00540,K00677,stt:t0229,Q8Z9A2
map00540,K00748,sty:STY0252,Q8Z9A1
map00540,K00748,stt:t0230,Q8Z9A1
map00540,K00912,sty:STY0986,Q8Z801
map00540,K00912,stt:t1949,Q8Z801
map00540,K02535,sty:STY0154,Q8Z9G5
map00540,K02535,stt:t0138,Q8Z9G5
map00540,K02536,sty:STY0249,P0A1X5
map00540,K02536,stt:t0227,P0A1X5
map00540,K03269,sty:STY0583,Q8Z8P7
map00540,K03269,stt:t2326,Q8Z8P7
map00540,K07264,sty:STY2531,Q8Z538
map00540,K07264,stt:t0562,Q8Z538
map00540,K12973,sty:STY0677,Q8Z8I4
map00540,K12973,stt:t2239,Q8Z8I4
map01503,K00677,sty:STY0251,Q8Z9A2
map01503,K00677,stt:t0229,Q8Z9A2
map01503,K03673,sty:STY3883,Q9X6N0
map01503,K03673,stt:t3623,Q9X6N0
map01503,K07264,sty:STY2531,Q8Z538
map01503,K07264,stt:t0562,Q8Z538
map01503,K07637,sty:STY1270,Q8Z7H3
map01503,K07637,stt:t1690,Q8Z7H3
map01503,K07660,sty:STY1271,Q8Z7H2
map01503,K07660,stt:t1689,Q8Z7H2
map01503,K07806,sty:STY2527,Q8Z542
map01503,K07806,stt:t0566,Q8Z542
map01503,K10011,sty:STY2529,Q8Z540
map01503,K10011,stt:t0564,Q8Z540
map01503,K10012,sty:STY2528,Q8Z541
map01503,K10012,stt:t0565,Q8Z541
map01503,K12962,sty:STY2532,P81891
map01503,K12962,stt:t0561,P81891
map01503,K12963,sty:STY2533,Q8Z537
map01503,K12963,stt:t0560,Q8Z537
map01503,K12973,sty:STY0677,Q8Z8I4
map01503,K12973,stt:t2239,Q8Z8I4
map01503,K13014,sty:STY2530,Q8Z539
map01503,K13014,stt:t0563,Q8Z539
map01503,K13632,sty:STY1541,P0A2S5
map01503,K13632,stt:t1440,P0A2S5
map01503,K19227,sty:STY1368,P0A2J4
map01503,K19227,stt:t1598,P0A2J4
map01503,K19228,sty:STY1357,P0A2J6
map01503,K19228,stt:t1608,P0A2J6
map01310,K00363,sty:STY4321,P0A230
map01310,K00363,stt:t4030,P0A230
map01310,K02567,sty:STY2485,Q8Z570
map01310,K02567,stt:t0605,Q8Z570
map01310,K03385,sty:STY4475,Q8Z1Q9
map01310,K03385,stt:t4183,Q8Z1Q9
map00730,K00788,sty:STY3722,Q8Z325
map00730,K00788,stt:t3468,Q8Z325
map00730,K00878,sty:STY2376,Q8Z5C8
map00730,K00878,stt:t0709,Q8Z5C8
map00730,K00939,sty:STY0532,P0A1V5
map00730,K00939,stt:t2372,P0A1V5
map00730,K01662,sty:STY0461,Q8Z8X3
map00730,K01662,stt:t2441,Q8Z8X3
map00730,K03147,sty:STY3721,Q8Z326
map00730,K03147,stt:t3467,Q8Z326
map00730,K03149,sty:STY3725,Q8Z322
map00730,K03149,stt:t3471,Q8Z322
map00730,K03151,sty:STY0464,Q8Z8X1
map00730,K03151,stt:t2438,Q8Z8X1
map00730,K04487,sty:STY2789,Q8Z4N0
map00730,K04487,stt:t0313,Q8Z4N0
map00730,K06949,sty:STY4709,Q8Z193
map00730,K06949,stt:t4401,Q8Z193
map00730,K07251,sty:STY1248,Q8Z7I7
map00730,K07251,stt:t1712,Q8Z7I7
map04122,K00566,sty:STY1274,Q8Z7G9
map04122,K00566,stt:t1686,Q8Z7G9
map04122,K03151,sty:STY0464,Q8Z8X1
map04122,K03151,stt:t2438,Q8Z8X1
map04122,K03635,sty:STY0840,P65399
map04122,K03635,stt:t2081,P65399
map04122,K03637,sty:STY0838,Q8Z887
map04122,K03637,stt:t2083,Q8Z887
map04122,K03639,sty:STY0836,P65387
map04122,K03639,stt:t2085,P65387
map04122,K04085,sty:STY4233,P67101
map04122,K04085,stt:t3944,P67101
map04122,K04487,sty:STY2789,Q8Z4N0
map04122,K04487,stt:t0313,Q8Z4N0
map04122,K07235,sty:STY4347,Q8Z1Y3
map04122,K07235,stt:t4054,Q8Z1Y3
map04122,K07236,sty:STY4348,Q8Z1Y2
map04122,K07236,stt:t4055,Q8Z1Y2
map04122,K07237,sty:STY4349,Q8Z1Y1
map04122,K07237,stt:t4056,Q8Z1Y1
map04122,K11179,sty:STY1111,Q8XEZ7
map04122,K11179,stt:t1835,Q8XEZ7
map00550,K00075,sty:STY3742,Q8Z316
map00550,K00075,stt:t3489,Q8Z316
map00550,K00790,sty:STY3486,P65455
map00550,K00790,stt:t3224,P65455
map00550,K00806,sty:STY0244,Q8Z9A5
map00550,K00806,stt:t0222,Q8Z9A5
map00550,K01000,sty:STY0145,Q8Z9H1
map00550,K01000,stt:t0129,Q8Z9H1
map00550,K01921,sty:STY0150,Q8Z9G7
map00550,K01921,sty:STY0412,P0A1F1
map00550,K01921,stt:t0134,Q8Z9G7
map00550,K01921,stt:t2484,P0A1F1
map00550,K01924,sty:STY0149,Q8Z9G8
map00550,K01924,stt:t0133,Q8Z9G8
map00550,K01925,sty:STY0146,Q8Z9H0
map00550,K01925,stt:t0130,Q8Z9H0
map00550,K01928,sty:STY0143,Q8Z9H3
map00550,K01928,stt:t0127,Q8Z9H3
map00550,K02563,sty:STY0148,Q8Z9G9
map00550,K02563,stt:t0132,Q8Z9G9
map00550,K03814,sty:STY3505,Q8Z3G0
map00550,K03814,stt:t3243,Q8Z3G0
map00550,K06153,sty:STY3384,P67389
map00550,K06153,stt:t3125,P67389
map00550,K21469,sty:STY2716,Q8Z4S7
map00550,K21469,stt:t0381,Q8Z4S7
map00740,K00484,sty:STY1130,Q8Z7Q5
map00740,K00484,stt:t1821,Q8Z7Q5
map00740,K00794,sty:STY0456,P66039
map00740,K00794,stt:t2446,P66039
map00740,K00878,sty:STY2376,Q8Z5C8
map00740,K00878,stt:t0709,Q8Z5C8
map00740,K01497,sty:STY1340,P66031
map00740,K01497,stt:t1624,P66031
map00740,K02858,sty:STY3373,P66033
map00740,K02858,stt:t3115,P66033
map00740,K03186,sty:STY2586,P0A246
map00740,K03186,stt:t0508,P0A246
map00740,K03788,sty:STY4445,O08430
map00740,K03788,stt:t4155,O08430
map00740,K09474,sty:STY4519,Q934J6
map00740,K09474,stt:t4225,Q934J6
map02010,K01995,sty:STY4251,P0A194
map02010,K01995,stt:t3961,P0A194
map02010,K01996,sty:STY4252,P0A192
map02010,K01996,stt:t3962,P0A192
map02010,K01997,sty:STY4249,P0A2J2
map02010,K01997,stt:t3959,P0A2J2
map02010,K01999,sty:STY4248,P0A1W7
map02010,K01999,stt:t3958,P0A1W7
map02010,K02006,sty:STY2223,Q8Z5N5
map02010,K02006,stt:t0854,Q8Z5N5
map02010,K02009,sty:STY2225,Q8Z5N3
map02010,K02009,stt:t0852,Q8Z5N3
map02010,K02017,sty:STY0816,Q8Z8A4
map02010,K02017,stt:t2104,Q8Z8A4
map02010,K02036,sty:STY3929,P63366
map02010,K02036,stt:t3669,P63366
map02010,K02045,sty:STY2678,Q8Z4V6
map02010,K02045,stt:t0417,Q8Z4V6
map02010,K02062,sty:STY0123,Q8Z9I6
map02010,K02062,stt:t0110,Q8Z9I6
map02010,K02071,sty:STY0274,Q8Z990
map02010,K02071,sty:STY0559,Q8Z8R5
map02010,K02071,stt:t0250,Q8Z990
map02010,K02071,stt:t2349,Q8Z8R5
map02010,K02072,sty:STY0273,Q8Z991
map02010,K02072,stt:t0249,Q8Z991
map02010,K02073,sty:STY0272,Q8Z992
map02010,K02073,stt:t0248,Q8Z992
map02010,K02193,sty:STY2480,P61377
map02010,K02193,sty:STY3959,P61377
map02010,K02193,stt:t0610,P61377
map02010,K02193,stt:t3699,P61377
map02010,K05685,sty:STY0938,Q8Z824
map02010,K05685,stt:t1991,Q8Z824
map02010,K05813,sty:STY4254,Q8XG55
map02010,K05813,stt:t3964,Q8XG55
map02010,K05814,sty:STY4255,Q8Z247
map02010,K05814,stt:t3965,Q8Z247
map02010,K05815,sty:STY4256,Q8Z246
map02010,K05815,stt:t3966,Q8Z246
map02010,K05816,sty:STY4257,Q8Z245
map02010,K05816,stt:t3967,Q8Z245
map02010,K06073,sty:STY1770,Q8Z6I5
map02010,K06073,stt:t1221,Q8Z6I5
map02010,K06074,sty:STY1768,P63352
map02010,K06074,stt:t1223,P63352
map02010,K06726,sty:STY3897,Q8Z2R3
map02010,K06726,stt:t3638,Q8Z2R3
map02010,K06858,sty:STY0228,Q8Z9B2
map02010,K06858,stt:t0207,Q8Z9B2
map02010,K09810,sty:STY1258,P61481
map02010,K09810,stt:t1702,P61481
map02010,K09817,sty:STY2100,Q8Z5W6
map02010,K09817,stt:t0985,Q8Z5W6
map02010,K10015,sty:STY2582,P0A2I8
map02010,K10015,stt:t0512,P0A2I8
map02010,K10016,sty:STY2583,P0A2J0
map02010,K10016,stt:t0511,P0A2J0
map02010,K10109,sty:STY4424,Q8Z1U2
map02010,K10109,stt:t4134,Q8Z1U2
map02010,K10110,sty:STY4423,Q8Z1U3
map02010,K10110,stt:t4133,Q8Z1U3
map02010,K10111,sty:STY4426,Q8Z1U0
map02010,K10111,stt:t4136,Q8Z1U0
map02010,K10439,sty:STY3894,P0A2C6
map02010,K10439,stt:t3635,P0A2C6
map02010,K10441,sty:STY3896,Q8Z2R4
map02010,K10441,stt:t3637,Q8Z2R4
map02010,K10555,sty:STY3793,Q8Z2X8
map02010,K10555,stt:t3541,Q8Z2X8
map02010,K10556,sty:STY3795,Q8Z2X6
map02010,K10556,stt:t3543,Q8Z2X6
map02010,K10557,sty:STY3794,Q8Z2X7
map02010,K10557,stt:t3542,Q8Z2X7
map02010,K10558,sty:STY3796,Q8Z2X5
map02010,K10558,stt:t3544,Q8Z2X5
map02010,K11069,sty:STY1262,P0A2C8
map02010,K11069,stt:t1698,P0A2C8
map02010,K11071,sty:STY1265,P0A2J8
map02010,K11071,stt:t1695,P0A2J8
map02010,K11072,sty:STY1266,Q8Z7H7
map02010,K11072,stt:t1694,Q8Z7H7
map02010,K11081,sty:STY0468,Q8Z8W7
map02010,K11081,stt:t2434,Q8Z8W7
map02010,K11082,sty:STY0465,Q8Z8X0
map02010,K11082,stt:t2437,Q8Z8X0
map02010,K11083,sty:STY0466,Q8Z8W9
map02010,K11083,stt:t2436,Q8Z8W9
map02010,K11084,sty:STY0467,Q8Z8W8
map02010,K11084,stt:t2435,Q8Z8W8
map02010,K11085,sty:STY0985,P63360
map02010,K11085,stt:t1950,P63360
map02010,K13889,sty:STY0888,Q8Z863
map02010,K13889,stt:t2040,Q8Z863
map02010,K13890,sty:STY0889,Q8Z862
map02010,K13890,stt:t2039,Q8Z862
map02010,K13891,sty:STY0890,Q8XF88
map02010,K13891,stt:t2038,Q8XF88
map02010,K13892,sty:STY0887,Q8Z864
map02010,K13892,stt:t2041,Q8Z864
map02010,K19227,sty:STY1368,P0A2J4
map02010,K19227,stt:t1598,P0A2J4
map02010,K19228,sty:STY1357,P0A2J6
map02010,K19228,stt:t1608,P0A2J6
map02010,K22921,sty:STY4654,P43109
map02010,K22921,stt:t4347,P43109
map02010,K22922,sty:STY4652,P43111
map02010,K22922,stt:t4345,P43111
map02010,K22923,sty:STY4653,P43110
map02010,K22923,stt:t4346,P43110
map02024,K01497,sty:STY1340,P66031
map02024,K01497,stt:t1624,P66031
map02024,K01626,sty:STY1763,Q8Z6I9
map02024,K01626,sty:STY2857,P0A1B6
map02024,K01626,stt:t1228,Q8Z6I9
map02024,K01626,stt:t2625,P0A1B6
map02024,K01897,sty:STY1948,P63522
map02024,K01897,stt:t1059,P63522
map02024,K01995,sty:STY4251,P0A194
map02024,K01995,stt:t3961,P0A194
map02024,K01996,sty:STY4252,P0A192
map02024,K01996,stt:t3962,P0A192
map02024,K01997,sty:STY4249,P0A2J2
map02024,K01997,stt:t3959,P0A2J2
map02024,K01999,sty:STY4248,P0A1W7
map02024,K01999,stt:t3958,P0A1W7
map02024,K02403,sty:STY2134,P0A2R3
map02024,K02403,stt:t0952,P0A2R3
map02024,K03070,sty:STY0156,Q8Z9G3
map02024,K03070,stt:t0140,Q8Z9G3
map02024,K03071,sty:STY4094,Q8XGG5
map02024,K03071,stt:t3818,Q8XGG5
map02024,K03073,sty:STY3738,P0A2D4
map02024,K03073,stt:t3480,P0A2D4
map02024,K03217,sty:STY3938,Q8Z2N7
map02024,K03217,stt:t3678,Q8Z2N7
map02024,K03666,sty:STY4718,P0A1R1
map02024,K03666,stt:t4412,P0A1R1
map02024,K07173,sty:STY2943,Q8Z4D7
map02024,K07173,stt:t2714,Q8Z4D7
map02024,K07645,sty:STY3355,Q8Z3P2
map02024,K07645,stt:t3099,Q8Z3P2
map02024,K07666,sty:STY3354,P66796
map02024,K07666,stt:t3098,P66796
map02024,K07781,sty:STY2190,Q56083
map02024,K07781,stt:t0895,Q56083
map02024,K08321,sty:STY3792,Q8Z2X9
map02024,K08321,stt:t3540,Q8Z2X9
map02024,K10555,sty:STY3793,Q8Z2X8
map02024,K10555,stt:t3541,Q8Z2X8
map02024,K10556,sty:STY3795,Q8Z2X6
map02024,K10556,stt:t3543,Q8Z2X6
map02024,K10557,sty:STY3794,Q8Z2X7
map02024,K10557,stt:t3542,Q8Z2X7
map02024,K10558,sty:STY3796,Q8Z2X5
map02024,K10558,stt:t3544,Q8Z2X5
map02024,K11216,sty:STY3798,Q8Z2X3
map02024,K11216,stt:t3546,Q8Z2X3
map02024,K11530,sty:STY3791,Q8Z2Y0
map02024,K11530,stt:t3539,Q8Z2Y0
map02024,K11531,sty:STY3797,Q8Z2X4
map02024,K11531,stt:t3545,Q8Z2X4
map03420,K01972,sty:STY2663,Q8Z4W4
map03420,K01972,stt:t0431,Q8Z4W4
map03420,K03701,sty:STY4450,P0A196
map03420,K03701,stt:t4160,P0A196
map03420,K03702,sty:STY0831,Q8Z889
map03420,K03702,stt:t2089,Q8Z889
map03420,K03703,sty:STY2154,Q8Z5T3
map03420,K03703,stt:t0930,Q8Z5T3
map00470,K00285,sty:STY1931,Q8Z687
map00470,K00285,stt:t1074,Q8Z687
map00470,K01753,sty:STY3977,Q8Z2L4
map00470,K01753,stt:t3715,Q8Z2L4
map00470,K01775,sty:STY1930,Q8Z688
map00470,K01775,sty:STY3763,Q8Z300
map00470,K01775,sty:STY4443,P0A1A4
map00470,K01775,stt:t1075,Q8Z688
map00470,K01775,stt:t3513,Q8Z300
map00470,K01775,stt:t4153,P0A1A4
map00470,K01776,sty:STY3743,Q8Z315
map00470,K01776,stt:t3494,Q8Z315
map00470,K01778,sty:STY3612,P0A1F3
map00470,K01778,stt:t3350,P0A1F3
map00470,K01921,sty:STY0150,Q8Z9G7
map00470,K01921,sty:STY0412,P0A1F1
map00470,K01921,stt:t0134,Q8Z9G7
map00470,K01921,stt:t2484,P0A1F1
map00470,K01925,sty:STY0146,Q8Z9H0
map00470,K01925,stt:t0130,Q8Z9H0
map00470,K05396,sty:STY2161,Q8Z5S9
map00470,K05396,stt:t0923,Q8Z5S9
map01502,K01000,sty:STY0145,Q8Z9H1
map01502,K01000,stt:t0129,Q8Z9H1
map01502,K01775,sty:STY1930,Q8Z688
map01502,K01775,sty:STY3763,Q8Z300
map01502,K01775,sty:STY4443,P0A1A4
map01502,K01775,stt:t1075,Q8Z688
map01502,K01775,stt:t3513,Q8Z300
map01502,K01775,stt:t4153,P0A1A4
map01502,K01921,sty:STY0150,Q8Z9G7
map01502,K01921,sty:STY0412,P0A1F1
map01502,K01921,stt:t0134,Q8Z9G7
map01502,K01921,stt:t2484,P0A1F1
map01502,K02563,sty:STY0148,Q8Z9G9
map01502,K02563,stt:t0132,Q8Z9G9
map03410,K01142,sty:STY1812,P0A1B0
map03410,K01142,stt:t1181,P0A1B0
map03410,K01151,sty:STY2438,Q8Z593
map03410,K01151,stt:t0652,Q8Z593
map03410,K01972,sty:STY2663,Q8Z4W4
map03410,K01972,stt:t0431,Q8Z4W4
map03410,K03648,sty:STY2840,P67074
map03410,K03648,stt:t0263,P67074
map03410,K03649,sty:STY3391,Q8XFG2
map03410,K03649,stt:t3132,Q8XFG2
map03410,K05522,sty:STY0771,Q8Z8D2
map03410,K05522,stt:t2148,Q8Z8D2
map03410,K10563,sty:STY4068,Q8Z2H2
map03410,K10563,stt:t3792,Q8Z2H2
map00061,K00059,sty:STY1234,P0A2D0
map00061,K00059,stt:t1725,P0A2D0
map00061,K00648,sty:STY1232,Q8Z7J6
map00061,K00648,stt:t1727,Q8Z7J6
map00061,K01716,sty:STY1088,P64106
map00061,K01716,stt:t1853,P64106
map00061,K01897,sty:STY1948,P63522
map00061,K01897,stt:t1059,P63522
map00061,K01962,sty:STY0255,P0A1C4
map00061,K01962,stt:t0233,P0A1C4
map00061,K01963,sty:STY2597,Q8XFJ5
map00061,K01963,stt:t0498,Q8XFJ5
map00061,K02372,sty:STY0250,P0A1I0
map00061,K02372,stt:t0228,P0A1I0
map00720,K00024,sty:STY3539,Q8Z3E0
map00720,K00024,stt:t3274,Q8Z3E0
map00720,K00241,sty:STY0775,P63726
map00720,K00241,stt:t2144,P63726
map00720,K00246,sty:STY4701,P67639
map00720,K00246,stt:t4393,P67639
map00720,K00247,sty:STY4700,P67646
map00720,K00247,stt:t4392,P67646
map00720,K00925,sty:STY2567,P63412
map00720,K00925,stt:t0527,P63412
map00720,K01491,sty:STY0588,Q60006
map00720,K01491,stt:t2321,Q60006
map00720,K01595,sty:STY3754,Q8Z307
map00720,K01595,stt:t3505,Q8Z307
map00720,K01675,sty:STY1732,P0A1T5
map00720,K01675,stt:t1256,P0A1T5
map00720,K01679,sty:STY1653,Q8Z6R6
map00720,K01679,stt:t1337,Q8Z6R6
map00720,K01895,sty:STY4473,Q8Z1R0
map00720,K01895,stt:t4181,Q8Z1R0
map00720,K01903,sty:STY0781,P66870
map00720,K01903,stt:t2138,P66870
map00720,K01962,sty:STY0255,P0A1C4
map00720,K01962,stt:t0233,P0A1C4
map00720,K01963,sty:STY2597,Q8XFJ5
map00720,K01963,stt:t0498,Q8XFJ5
map00920,K00380,sty:STY3076,Q8Z458
map00920,K00380,stt:t2849,Q8Z458
map00920,K00381,sty:STY3075,Q8Z459
map00920,K00381,stt:t2848,Q8Z459
map00920,K00385,sty:STY2796,P0A1Y3
map00920,K00385,stt:t0306,P0A1Y3
map00920,K00390,sty:STY3074,Q8Z460
map00920,K00390,stt:t2847,Q8Z460
map00920,K00651,sty:STY4400,Q8Z1W1
map00920,K00651,stt:t4110,Q8Z1W1
map00920,K00860,sty:STY3058,P63890
map00920,K00860,stt:t2834,P63890
map00920,K00956,sty:STY3059,Q8Z470
map00920,K00956,stt:t2835,Q8Z470
map00920,K00957,sty:STY3060,P65673
map00920,K00957,stt:t2836,P65673
map00920,K01082,sty:STY4762,Q8Z153
map00920,K01082,stt:t4457,Q8Z153
map00920,K01738,sty:STY2666,P0A1E4
map00920,K01738,stt:t0427,P0A1E4
map00920,K02045,sty:STY2678,Q8Z4V6
map00920,K02045,stt:t0417,Q8Z4V6
map00920,K02439,sty:STY4278,P64252
map00920,K02439,stt:t3988,P64252
map00920,K08353,sty:STY2270,P0A1I2
map00920,K08353,stt:t0810,P0A1I2
map01320,K00380,sty:STY3076,Q8Z458
map01320,K00380,stt:t2849,Q8Z458
map01320,K00381,sty:STY3075,Q8Z459
map01320,K00381,stt:t2848,Q8Z459
map01320,K00390,sty:STY3074,Q8Z460
map01320,K00390,stt:t2847,Q8Z460
map01320,K00860,sty:STY3058,P63890
map01320,K00860,stt:t2834,P63890
map01320,K00956,sty:STY3059,Q8Z470
map01320,K00956,stt:t2835,Q8Z470
map01320,K00957,sty:STY3060,P65673
map01320,K00957,stt:t2836,P65673
map01320,K01738,sty:STY2666,P0A1E4
map01320,K01738,stt:t0427,P0A1E4
map03030,K01972,sty:STY2663,Q8Z4W4
map03030,K01972,stt:t0431,Q8Z4W4
map03030,K02314,sty:STY4442,P0A1Q5
map03030,K02314,stt:t4152,P0A1Q5
map03030,K02342,sty:STY0285,P0A1H0
map03030,K02342,stt:t2601,P0A1H0
map03030,K03111,sty:STY4451,P0A2F7
map03030,K03111,sty:STY4536,Q9RHF4
map03030,K03111,stt:t4161,P0A2F7
map03030,K03111,stt:t4237,Q9RHF4
map03030,K03469,sty:STY0284,P0A2C0
map03030,K03469,stt:t2602,P0A2C0
map03030,K03470,sty:STY0253,P0A2C2
map03030,K03470,stt:t0231,P0A2C2
map03430,K01972,sty:STY2663,Q8Z4W4
map03430,K01972,stt:t0431,Q8Z4W4
map03430,K02342,sty:STY0285,P0A1H0
map03430,K02342,stt:t2601,P0A1H0
map03430,K03111,sty:STY4451,P0A2F7
map03430,K03111,sty:STY4536,Q9RHF4
map03430,K03111,stt:t4161,P0A2F7
map03430,K03111,stt:t4237,Q9RHF4
map03430,K03555,sty:STY3033,P0A1Y1
map03430,K03555,stt:t2810,P0A1Y1
map03430,K03572,sty:STY4716,Q8Z187
map03430,K03572,stt:t4410,Q8Z187
map03430,K03573,sty:STY3148,Q8Z410
map03430,K03573,stt:t2914,Q8Z410
map03430,K03601,sty:STY2753,Q8Z4Q1
map03430,K03601,stt:t0345,Q8Z4Q1
map03430,K03602,sty:STY0463,P67459
map03430,K03602,stt:t2439,P67459
map03430,K06223,sty:STY4312,P0A292
map03430,K06223,stt:t4022,P0A292
map03440,K01159,sty:STY2106,P66763
map03440,K01159,stt:t0979,P66763
map03440,K02317,sty:STY4897,P67525
map03440,K02317,stt:t4587,P67525
map03440,K02342,sty:STY0285,P0A1H0
map03440,K02342,stt:t2601,P0A1H0
map03440,K02686,sty:STY4748,Q8Z164
map03440,K02686,stt:t4443,Q8Z164
map03440,K03111,sty:STY4451,P0A2F7
map03440,K03111,sty:STY4536,Q9RHF4
map03440,K03111,stt:t4161,P0A2F7
map03440,K03111,stt:t4237,Q9RHF4
map03440,K03550,sty:STY2103,P66747
map03440,K03550,stt:t0982,P66747
map03440,K03551,sty:STY2102,P66756
map03440,K03551,stt:t0983,P66756
map03440,K03553,sty:STY2950,P65978
map03440,K03553,stt:t2730,P65978
map03440,K03584,sty:STY2825,P0A286
map03440,K03584,stt:t0278,P0A286
map03440,K03629,sty:STY3942,Q8Z2N4
map03440,K03629,stt:t3683,Q8Z2N4
map03440,K06187,sty:STY0530,P65993
map03440,K06187,stt:t2374,P65993
map00780,K00059,sty:STY1234,P0A2D0
map00780,K00059,stt:t1725,P0A2D0
map00780,K00652,sty:STY0828,Q8Z892
map00780,K00652,stt:t2092,Q8Z892
map00780,K01012,sty:STY0827,Q8Z893
map00780,K01012,stt:t2093,Q8Z893
map00780,K01935,sty:STY0830,Q8Z890
map00780,K01935,sty:STY1575,Q8Z6X9
map00780,K01935,stt:t1410,Q8Z6X9
map00780,K01935,stt:t2090,Q8Z890
map00780,K02170,sty:STY4287,Q8Z221
map00780,K02170,stt:t3997,Q8Z221
map00780,K02372,sty:STY0250,P0A1I0
map00780,K02372,stt:t0228,P0A1I0
map02030,K02410,sty:STY2178,P0A1K0
map02030,K02410,stt:t0907,P0A1K0
map02030,K03412,sty:STY2126,Q8Z5V2
map02030,K03412,stt:t0960,Q8Z5V2
map02030,K03413,sty:STY2125,P0A2D6
map02030,K03413,stt:t0961,P0A2D6
map02030,K03414,sty:STY2124,Q8Z5V3
map02030,K03414,stt:t0962,Q8Z5V3
map02030,K10439,sty:STY3894,P0A2C6
map02030,K10439,stt:t3635,P0A2C6
map02040,K02388,sty:STY1214,P0A1I8
map02040,K02388,stt:t1745,P0A1I8
map02040,K02389,sty:STY1215,P0A1J0
map02040,K02389,stt:t1744,P0A1J0
map02040,K02390,sty:STY1216,P0A1J2
map02040,K02390,stt:t1743,P0A1J2
map02040,K02392,sty:STY1218,P0A1J4
map02040,K02392,stt:t1741,P0A1J4
map02040,K02393,sty:STY1219,P0A1N9
map02040,K02393,stt:t1740,P0A1N9
map02040,K02394,sty:STY1220,Q8Z7K2
map02040,K02394,stt:t1739,Q8Z7K2
map02040,K02396,sty:STY1222,P0A1J6
map02040,K02396,stt:t1737,P0A1J6
map02040,K02399,sty:STY1210,P0A1J8
map02040,K02399,stt:t1749,P0A1J8
map02040,K02403,sty:STY2134,P0A2R3
map02040,K02403,stt:t0952,P0A2R3
map02040,K02405,sty:STY2164,P0A2E9
map02040,K02405,stt:t0920,P0A2E9
map02040,K02408,sty:STY2176,Q8Z5S1
map02040,K02408,stt:t0909,Q8Z5S1
map02040,K02410,sty:STY2178,P0A1K0
map02040,K02410,stt:t0907,P0A1K0
map02040,K02413,sty:STY2181,P0A1K2
map02040,K02413,stt:t0904,P0A1K2
map02040,K02418,sty:STY2186,P0A1L2
map02040,K02418,stt:t0899,P0A1L2
map02040,K02420,sty:STY2188,P0A1L6
map02040,K02420,stt:t0897,P0A1L6
map02040,K02423,sty:STY2170,P0A1N3
map02040,K02423,stt:t0915,P0A1N3
map02040,K02425,sty:STY2163,P0A211
map02040,K02425,stt:t0921,P0A211
map02040,K03086,sty:STY3390,P0A2E4
map02040,K03086,stt:t3131,P0A2E4
map02040,K03516,sty:STY2121,P0A1N5
map02040,K03516,stt:t0965,P0A1N5
map00710,K00024,sty:STY3539,Q8Z3E0
map00710,K00024,stt:t3274,Q8Z3E0
map00710,K00134,sty:STY1825,P0A1P1
map00710,K00134,stt:t1169,P0A1P1
map00710,K00616,sty:STY0007,P66956
map00710,K00616,sty:STY2710,Q8Z4T0
map00710,K00616,stt:t0007,P66956
map00710,K00616,stt:t0386,Q8Z4T0
map00710,K00927,sty:STY3227,P65703
map00710,K00927,stt:t2988,P65703
map00710,K01595,sty:STY3754,Q8Z307
map00710,K01595,stt:t3505,Q8Z307
map00710,K01610,sty:STY4296,Q8Z216
map00710,K01610,stt:t4006,Q8Z216
map00710,K01783,sty:STY3790,Q8Z2Y1
map00710,K01783,stt:t3538,Q8Z2Y1
map00710,K01803,sty:STY3789,Q8Z2Y2
map00710,K01803,stt:t3537,Q8Z2Y2
map00710,K01807,sty:STY3219,P66693
map00710,K01807,stt:t2981,P66693
map00710,K03841,sty:STY4774,Q8Z146
map00710,K03841,stt:t4469,Q8Z146
map05132,K00134,sty:STY1825,P0A1P1
map05132,K00134,stt:t1169,P0A1P1
map05132,K03671,sty:STY3639,P0AA29
map05132,K03671,stt:t3381,P0AA29
map05132,K04079,sty:STY0531,P58479
map05132,K04079,stt:t2373,P58479
map05132,K11014,sty:STY1886,Q8Z6A7
map05132,K11014,stt:t1111,Q8Z6A7
map05132,K13085,sty:STY1121,Q8Z7R1
map05132,K13085,stt:t1828,Q8Z7R1
map05132,K13284,sty:STY3005,P74849
map05132,K13284,stt:t2784,P74849
map05132,K13285,sty:STY3008,Q56134
map05132,K13285,stt:t2787,Q56134
map05132,K13286,sty:STY3007,Q56135
map05132,K13286,stt:t2786,Q56135
map05132,K13740,sty:STY3001,P74851
map05132,K13740,stt:t2780,P74851
map05132,K13741,sty:STY4609,Q9RPM6
map05132,K13741,stt:t4303,Q9RPM6
map05132,K15352,sty:STY2897,Q8Z4G9
map05132,K15352,stt:t2674,Q8Z4G9
map05132,K18015,sty:STY2517,Q8Z550
map05132,K18015,stt:t0576,Q8Z550
map00340,K00013,sty:STY2281,Q8Z5K0
map00340,K00013,stt:t0801,Q8Z5K0
map00340,K00765,sty:STY2280,Q8Z5K1
map00340,K00765,stt:t0802,Q8Z5K1
map00340,K00817,sty:STY2282,Q8Z5J9
map00340,K00817,stt:t0800,Q8Z5J9
map00340,K01089,sty:STY2283,Q8Z5J8
map00340,K01089,stt:t0799,Q8Z5J8
map00340,K01468,sty:STY0820,Q8Z8A0
map00340,K01468,stt:t2100,Q8Z8A0
map00340,K01479,sty:STY0821,Q8Z899
map00340,K01479,stt:t2099,Q8Z899
map00340,K01712,sty:STY0823,Q8Z897
map00340,K01712,stt:t2097,Q8Z897
map00340,K01745,sty:STY0824,Q8Z896
map00340,K01745,stt:t2096,Q8Z896
map00340,K01814,sty:STY2285,Q8Z5J7
map00340,K01814,stt:t0797,Q8Z5J7
map00340,K02500,sty:STY2286,P0A1R3
map00340,K02500,stt:t0796,P0A1R3
map00340,K02501,sty:STY2284,P0A1R5
map00340,K02501,stt:t0798,P0A1R5
map00340,K11755,sty:STY2287,Q8Z5J6
map00340,K11755,stt:t0795,Q8Z5J6
map02060,K02777,sty:STY2670,P0A284
map02060,K02777,stt:t0424,P0A284
map02060,K02784,sty:STY2667,P0AA08
map02060,K02784,stt:t0426,P0AA08
map02060,K02821,sty:STY4741,Q8Z170
map02060,K02821,stt:t4436,Q8Z170
map02060,K02822,sty:STY4740,Q8Z171
map02060,K02822,stt:t4435,Q8Z171
map02060,K03475,sty:STY4739,Q8Z172
map02060,K03475,stt:t4434,Q8Z172
map02060,K08483,stt:t0425,P0A250
map02060,K11183,sty:STY2442,Q8Z591
map02060,K11183,stt:t0650,Q8Z591
map00561,K00631,sty:STY4431,Q8Z1T6
map00561,K00631,stt:t4141,Q8Z1T6
map00561,K00655,sty:STY3350,P0A258
map00561,K00655,stt:t3094,P0A258
map00561,K00864,sty:STY3784,Q8Z2Y6
map00561,K00864,stt:t3532,Q8Z2Y6
map00561,K03621,sty:STY1231,P0A260
map00561,K03621,stt:t1728,P0A260
map00561,K08591,sty:STY3386,P67162
map00561,K08591,stt:t3127,P67162
map01501,K01207,sty:STY1249,Q8Z7I6
map01501,K01207,stt:t1711,Q8Z7I6
map01501,K09475,sty:STY2493,P0A264
map01501,K09475,stt:t0597,P0A264
map01501,K09476,sty:STY1002,Q56113
map01501,K09476,stt:t1935,Q56113
map00460,K00600,sty:STY2802,P0A2E2
map00460,K00600,sty:STY3764,Q8Z2Z9
map00460,K00600,stt:t0301,P0A2E2
map00460,K00600,stt:t3514,Q8Z2Z9
map00460,K01914,sty:STY3901,Q8Z2Q9
map00460,K01914,stt:t3642,Q8Z2Q9
map00670,K00281,sty:STY3209,Q8Z3X0
map00670,K00281,stt:t2971,Q8Z3X0
map00670,K00560,sty:STY3142,Q8Z412
map00670,K00560,stt:t2910,Q8Z412
map00670,K00600,sty:STY2802,P0A2E2
map00670,K00600,sty:STY3764,Q8Z2Z9
map00670,K00600,stt:t0301,P0A2E2
map00670,K00600,stt:t3514,Q8Z2Z9
map00670,K00602,sty:STY3709,Q8Z335
map00670,K00602,stt:t3455,Q8Z335
map00670,K00605,sty:STY3211,P64223
map00670,K00605,stt:t2973,P64223
map00670,K00789,sty:STY3243,P66765
map00670,K00789,stt:t3002,P66765
map00670,K01491,sty:STY0588,Q60006
map00670,K01491,stt:t2321,Q60006
map00670,K02437,sty:STY3210,P0A6U1
map00670,K02437,stt:t2972,P0A6U1
map04981,K00560,sty:STY3142,Q8Z412
map04981,K00560,stt:t2910,Q8Z412
map04981,K00600,sty:STY2802,P0A2E2
map04981,K00600,sty:STY3764,Q8Z2Z9
map04981,K00600,stt:t0301,P0A2E2
map04981,K00600,stt:t3514,Q8Z2Z9
map00984,K00632,sty:STY2621,Q8Z4Y9
map00984,K00632,sty:STY3578,P0A2H8
map00984,K00632,stt:t0475,Q8Z4Y9
map00984,K00632,stt:t3316,P0A2H8
map00970,K00604,sty:STY4390,Q8Z1X0
map00970,K00604,stt:t4097,Q8Z1X0
map00970,K01042,sty:STY4113,Q8Z2D8
map00970,K01042,stt:t3836,Q8Z2D8
map00970,K01866,sty:STY1673,Q8XG70
map00970,K01866,stt:t1317,Q8XG70
map00970,K01867,sty:STY4315,P0A2P3
map00970,K01867,stt:t4024,P0A2P3
map00970,K01868,sty:STY1778,Q8Z6I2
map00970,K01868,stt:t1213,Q8Z6I2
map00970,K01869,sty:STY0699,Q8Z8H5
map00970,K01869,stt:t2219,Q8Z8H5
map00970,K01870,sty:STY0055,Q8Z9N2
map00970,K01870,stt:t0048,Q8Z9N2
map00970,K01872,sty:STY2948,Q8Z4D5
map00970,K01872,stt:t2728,Q8Z4D5
map00970,K01873,sty:STY4814,Q8Z118
map00970,K01873,stt:t4510,Q8Z118
map00970,K01874,sty:STY2384,Q8Z5C3
map00970,K01874,stt:t0701,Q8Z5C3
map00970,K01875,sty:STY0961,P67564
map00970,K01875,stt:t1971,P67564
map00970,K01876,sty:STY2109,Q8Z5W1
map00970,K01876,stt:t0976,Q8Z5W1
map00970,K01878,sty:STY4143,Q8Z2B4
map00970,K01878,stt:t3863,Q8Z2B4
map00970,K01879,sty:STY4144,Q8Z2B3
map00970,K01879,stt:t3864,Q8Z2B3
map00970,K01881,sty:STY0269,Q8XEY9
map00970,K01881,stt:t0245,Q8XEY9
map00970,K01883,sty:STY0585,Q8Z8P6
map00970,K01883,stt:t2324,Q8Z8P6
map00970,K01885,sty:STY2654,P0A2K4
map00970,K01885,stt:t0442,P0A2K4
map00970,K01886,sty:STY0724,Q8Z8F8
map00970,K01886,stt:t2189,Q8Z8F8
map00970,K01887,sty:STY2117,Q8Z5V7
map00970,K01887,stt:t0968,Q8Z5V7
map00970,K01889,sty:STY1773,P67039
map00970,K01889,stt:t1218,P67039
map00970,K01890,sty:STY1772,Q8Z6I4
map00970,K01890,stt:t1219,Q8Z6I4
map00970,K01892,sty:STY2767,Q8Z4P4
map00970,K01892,stt:t0334,Q8Z4P4
map00970,K01893,sty:STY1004,Q56112
map00970,K01893,stt:t1934,Q56112
map00970,K04567,sty:STY3196,Q8Z3X8
map00970,K04567,stt:t2958,Q8Z3X8
map00130,K00568,sty:STY2505,Q8Z560
map00130,K00568,stt:t0588,Q8Z560
map00130,K02549,sty:STY2536,P58485
map00130,K02549,stt:t0557,P58485
map00130,K02551,sty:STY2540,Q8Z533
map00130,K02551,stt:t0554,Q8Z533
map00130,K03179,sty:STY4430,Q8XGZ7
map00130,K03179,stt:t4140,Q8XGZ7
map00130,K03181,sty:STY4429,Q8Z1T7
map00130,K03181,stt:t4139,Q8Z1T7
map00130,K03182,sty:STY3581,Q8Z3C3
map00130,K03182,stt:t3319,Q8Z3C3
map00130,K03183,sty:STY3589,P0A2K6
map00130,K03183,stt:t3327,P0A2K6
map00130,K03186,sty:STY2586,P0A246
map00130,K03186,stt:t0508,P0A246
map00130,K03809,sty:STY1155,Q8Z7N9
map00130,K03809,stt:t1801,Q8Z7N9
map00130,K08680,sty:STY2538,Q8Z534
map00130,K08680,stt:t0555,Q8Z534
map00040,K00848,sty:STY3826,Q8Z2V4
map00040,K00848,stt:t3572,Q8Z2V4
map00040,K00853,sty:STY0120,P58542
map00040,K00853,stt:t0107,P58542
map00040,K00879,sty:STY3117,Q8Z428
map00040,K00879,stt:t2885,Q8Z428
map00040,K00963,sty:STY2308,P0A2K8
map00040,K00963,stt:t0774,P0A2K8
map00040,K01686,sty:STY3306,P0A2M8
map00040,K01686,stt:t3056,P0A2M8
map00040,K01783,sty:STY3790,Q8Z2Y1
map00040,K01783,stt:t3538,Q8Z2Y1
map00040,K01804,sty:STY0119,P58539
map00040,K01804,stt:t0106,P58539
map00040,K01805,sty:STY4137,Q7C637
map00040,K01805,stt:t3858,Q7C637
map00040,K01812,sty:STY3308,Q8Z3R7
map00040,K01812,stt:t3058,Q8Z3R7
map00040,K01815,sty:STY3163,Q8Z3Z9
map00040,K01815,stt:t2928,Q8Z3Z9
map00040,K01818,sty:STY3116,Q8Z429
map00040,K01818,stt:t2884,Q8Z429
map00040,K03077,sty:STY4744,Q8Z167
map00040,K03077,stt:t4439,Q8Z167
map00040,K03078,sty:STY4742,Q8Z169
map00040,K03078,stt:t4437,Q8Z169
map00040,K03079,sty:STY4743,Q8Z168
map00040,K03079,stt:t4438,Q8Z168
map00040,K08092,sty:STY4130,Q8Z2C5
map00040,K08092,stt:t3851,Q8Z2C5
map03020,K03040,sty:STY4383,P0A7Z8
map03020,K03040,stt:t4090,P0A7Z8
map03020,K03043,sty:STY3732,Q8Z320
map03020,K03043,stt:t3474,Q8Z320
map03020,K03046,sty:STY3731,P0A2R5
map03020,K03046,stt:t3473,P0A2R5
map03020,K03060,sty:STY4051,P0A804
map03020,K03060,stt:t3777,P0A804
map03010,K02863,sty:STY3735,P0A2A4
map03010,K02863,stt:t3477,P0A2A4
map03010,K02864,sty:STY3734,P0A298
map03010,K02864,stt:t3476,P0A298
map03010,K02867,sty:STY3736,P0A7K1
map03010,K02867,stt:t3478,P0A7K1
map03010,K02871,sty:STY3525,P0AA14
map03010,K02871,stt:t3261,P0AA14
map03010,K02874,sty:STY4368,Q8XG78
map03010,K02874,stt:t4075,Q8XG78
map03010,K02876,sty:STY4377,P66074
map03010,K02876,stt:t4084,P66074
map03010,K02878,sty:STY4365,Q8XET6
map03010,K02878,stt:t4072,Q8XET6
map03010,K02879,sty:STY4384,Q8XF03
map03010,K02879,stt:t4091,Q8XF03
map03010,K02881,sty:STY4374,Q8XGP4
map03010,K02881,stt:t4081,Q8XGP4
map03010,K02884,sty:STY2860,P0A2A2
map03010,K02884,stt:t2628,P0A2A2
map03010,K02886,sty:STY4361,P60427
map03010,K02886,stt:t4068,P60427
map03010,K02887,sty:STY1775,P0A7L7
map03010,K02887,stt:t1216,P0A7L7
map03010,K02888,sty:STY3483,Q8XGA0
map03010,K02888,stt:t3221,Q8XGA0
map03010,K02890,sty:STY4363,P61178
map03010,K02890,stt:t4070,P61178
map03010,K02892,sty:STY4360,Q8XGM6
map03010,K02892,stt:t4067,Q8XGM6
map03010,K02895,sty:STY4369,Q8Z1X8
map03010,K02895,stt:t4076,Q8Z1X8
map03010,K02897,sty:STY2461,Q8XFE7
map03010,K02897,stt:t0630,Q8XFE7
map03010,K02899,sty:STY3482,P66132
map03010,K02899,stt:t3220,P66132
map03010,K02902,sty:STY4066,P0A2A6
map03010,K02902,stt:t3790,P0A2A6
map03010,K02904,sty:STY4366,P66171
map03010,K02904,stt:t4073,P66171
map03010,K02906,sty:STY4358,P60445
map03010,K02906,stt:t4065,P60445
map03010,K02907,sty:STY4376,P0A2A8
map03010,K02907,stt:t4083,P0A2A8
map03010,K02909,sty:STY0512,P66194
map03010,K02909,sty:STY3774,P66192
map03010,K02909,stt:t2391,P66194
map03010,K02909,stt:t3522,P66192
map03010,K02911,sty:STY1230,P0A7N7
map03010,K02911,stt:t1729,P0A7N7
map03010,K02913,sty:STY4067,P0A7P3
map03010,K02913,stt:t3791,P0A7P3
map03010,K02914,sty:STY3939A,P0A7P9
map03010,K02914,stt:t3680,P0A7P9
map03010,K02916,sty:STY1776,P0A7Q4
map03010,K02916,stt:t1215,P0A7Q4
map03010,K02919,sty:STY0513,P66297
map03010,K02919,sty:STY4379,P0A7Q9
map03010,K02919,stt:t2390,P66297
map03010,K02919,stt:t4086,P0A7Q9
map03010,K02926,sty:STY4359,P60727
map03010,K02926,stt:t4066,P60727
map03010,K02931,sty:STY4370,P62404
map03010,K02931,stt:t4077,P62404
map03010,K02933,sty:STY4373,P66314
map03010,K02933,stt:t4080,P66314
map03010,K02935,sty:STY3733,P0A2A0
map03010,K02935,stt:t3475,P0A2A0
map03010,K02939,sty:STY4750,Q8Z163
map03010,K02939,stt:t4445,Q8Z163
map03010,K02946,sty:STY4357,P67905
map03010,K02946,stt:t4064,P67905
map03010,K02948,sty:STY4381,Q8Z1X5
map03010,K02948,stt:t4088,Q8Z1X5
map03010,K02950,sty:STY4350,P0A7S7
map03010,K02950,stt:t4057,P0A7S7
map03010,K02952,sty:STY4380,Q8Z1X6
map03010,K02952,stt:t4087,Q8Z1X6
map03010,K02954,sty:STY4371,P66410
map03010,K02954,stt:t4078,P66410
map03010,K02956,sty:STY3464,P66432
map03010,K02956,stt:t3201,P66432
map03010,K02959,sty:STY2863,P0A2B0
map03010,K02959,stt:t2631,P0A2B0
map03010,K02961,sty:STY4367,P66452
map03010,K02961,stt:t4074,P66452
map03010,K02963,sty:STY4749,P0A7U1
map03010,K02963,stt:t4444,P0A7U1
map03010,K02965,sty:STY4362,P66492
map03010,K02965,stt:t4069,P66492
map03010,K02967,sty:STY0239,P66542
map03010,K02967,stt:t0217,P66542
map03010,K02968,sty:STY0052,P0A2B2
map03010,K02968,stt:t0045,P0A2B2
map03010,K02970,sty:STY3388,P68683
map03010,K02970,stt:t3129,P68683
map03010,K02982,sty:STY4364,P0A7V7
map03010,K02982,stt:t4071,P0A7V7
map03010,K02986,sty:STY4382,Q8Z1X4
map03010,K02986,stt:t4089,Q8Z1X4
map03010,K02988,sty:STY4375,P0A7W5
map03010,K02988,stt:t4082,P0A7W5
map03010,K02990,sty:STY4747,P66594
map03010,K02990,stt:t4442,P66594
map03010,K02992,sty:STY4351,P0A2B4
map03010,K02992,stt:t4058,P0A2B4
map03010,K02994,sty:STY4372,P0A7X1
map03010,K02994,stt:t4079,P0A7X1
map03010,K02996,sty:STY3524,P66644
map03010,K02996,stt:t3260,P66644
map00480,K00797,sty:STY0188,Q8Z9E2
map00480,K00797,stt:t0171,Q8Z9E2
map00480,K01255,sty:STY4816,Q8Z116
map00480,K01255,stt:t4512,Q8Z116
map00480,K01919,sty:STY2944,Q8Z4D6
map00480,K01919,stt:t2715,Q8Z4D6
map00480,K01920,sty:STY3248,P58581
map00480,K01920,stt:t3007,P58581
map00480,K06048,sty:STY0626,Q8Z8M0
map00480,K06048,stt:t2285,Q8Z8M0
map00480,K07160,sty:STY0754,Q8Z8D9
map00480,K07160,stt:t2162,Q8Z8D9
map00480,K07751,sty:STY2782,Q8Z4N3
map00480,K07751,stt:t0320,Q8Z4N3
map00900,K00099,sty:STY0243,Q8Z9A6
map00900,K00099,stt:t0221,Q8Z9A6
map00900,K00806,sty:STY0244,Q8Z9A5
map00900,K00806,stt:t0222,Q8Z9A5
map00900,K00919,sty:STY1905,Q8Z699
map00900,K00919,stt:t1097,Q8Z699
map00900,K00991,sty:STY3055,Q8Z471
map00900,K00991,stt:t2831,Q8Z471
map00900,K01662,sty:STY0461,Q8Z8X3
map00900,K01662,stt:t2441,Q8Z8X3
map00900,K01770,sty:STY3054,Q8Z472
map00900,K01770,stt:t2830,Q8Z472
map00900,K01823,sty:STY3195,Q8Z3X9
map00900,K01823,stt:t2957,Q8Z3X9
map00900,K03186,sty:STY2586,P0A246
map00900,K03186,stt:t0508,P0A246
map00900,K03526,sty:STY2768,P58670
map00900,K03526,stt:t0333,P58670
map00900,K03527,sty:STY0058,P58678
map00900,K03527,stt:t0051,P58678
map00790,K01495,sty:STY2427,P64210
map00790,K01495,stt:t0662,P64210
map00790,K01497,sty:STY1340,P66031
map00790,K01497,stt:t1624,P66031
map00790,K03635,sty:STY0840,P65399
map00790,K03635,stt:t2081,P65399
map00790,K03637,sty:STY0838,Q8Z887
map00790,K03637,stt:t2083,Q8Z887
map00790,K03639,sty:STY0836,P65387
map00790,K03639,stt:t2085,P65387
map00790,K03752,sty:STY3886,Q8Z2R9
map00790,K03752,stt:t3626,Q8Z2R9
map00790,K06879,sty:STY3107,Q8Z437
map00790,K06879,stt:t2876,Q8Z437
map00790,K06920,sty:STY0497,Q8XEU3
map00790,K06920,stt:t2405,Q8XEU3
map00450,K00549,sty:STY3594,Q8Z3B6
map00450,K00549,stt:t3332,Q8Z3B6
map00450,K00956,sty:STY3059,Q8Z470
map00450,K00956,stt:t2835,Q8Z470
map00450,K00957,sty:STY3060,P65673
map00450,K00957,stt:t2836,P65673
map00450,K01008,sty:STY1817,Q8Z6F4
map00450,K01008,stt:t1176,Q8Z6F4
map00450,K01042,sty:STY4113,Q8Z2D8
map00450,K01042,stt:t3836,Q8Z2D8
map00450,K01874,sty:STY2384,Q8Z5C3
map00450,K01874,stt:t0701,Q8Z5C3
map00450,K11717,sty:STY1750,Q8XF77
map00450,K11717,stt:t1241,Q8XF77
map00332,K00147,sty:STY0367,Q8Z932
map00332,K00147,stt:t2528,Q8Z932
map00332,K00931,sty:STY0366,P65793
map00332,K00931,stt:t2529,P65793
map00999,K00014,sty:STY4396,Q8Z1W5
map00999,K00014,stt:t4103,Q8Z1W5
map00999,K00789,sty:STY3243,P66765
map00999,K00789,stt:t3002,P66765
map00020,K00024,sty:STY3539,Q8Z3E0
map00020,K00024,stt:t3274,Q8Z3E0
map00020,K00241,sty:STY0775,P63726
map00020,K00241,stt:t2144,P63726
map00020,K00246,sty:STY4701,P67639
map00020,K00246,stt:t4393,P67639
map00020,K00247,sty:STY4700,P67646
map00020,K00247,stt:t4392,P67646
map00020,K01610,sty:STY4296,Q8Z216
map00020,K01610,stt:t4006,Q8Z216
map00020,K01675,sty:STY1732,P0A1T5
map00020,K01675,stt:t1256,P0A1T5
map00020,K01679,sty:STY1653,Q8Z6R6
map00020,K01679,stt:t1337,Q8Z6R6
map00020,K01903,sty:STY0781,P66870
map00020,K01903,stt:t2138,P66870
map00660,K00052,sty:STY0131,Q8Z9I1
map00660,K00052,stt:t0116,Q8Z9I1
map00660,K01703,sty:STY0130,Q8Z9I2
map00660,K01703,stt:t0115,Q8Z9I2
map00660,K01704,sty:STY0129,Q8Z9I3
map00660,K01704,stt:t0114,Q8Z9I3
map00660,K01903,sty:STY0781,P66870
map00660,K01903,stt:t2138,P66870
