uniprot_id,kegg_gene,org_pathway_id,map_pathway_id
P01555,vch:VC_1457,vch05110,map05110
P01555,vch:VC_1457,vch05111,map05111
P01556,vch:VC_1456,vch05110,map05110
P01556,vch:VC_1456,vch05111,map05111
P09545,vch:VC_A0219,vch05110,map05110
P15493,vch:VC_A0221,vch00561,map00561
P15493,vch:VC_A0221,vch01100,map01100
P15493,vch:VC_A0221,vch01110,map01110
P23247,vch:VC_2107,vch00260,map00260
P23247,vch:VC_2107,vch00261,map00261
P23247,vch:VC_2107,vch00270,map00270
P23247,vch:VC_2107,vch00300,map00300
P23247,vch:VC_2107,vch01100,map01100
P23247,vch:VC_2107,vch01110,map01110
P23247,vch:VC_2107,vch01120,map01120
P23247,vch:VC_2107,vch01210,map01210
P23247,vch:VC_2107,vch01230,map01230
P37093,vch:VC_2732,vch03070,map03070
P37093,vch:VC_2732,vch05111,map05111
Q9KL03,vch:VC_A0947,vch00330,map00330
Q9KL03,vch:VC_A0947,vch01100,map01100
Q9KL41,vch:VC_A0907,vch00860,map00860
Q9KL41,vch:VC_A0907,vch01110,map01110
Q9KNI1,vch:VC_2758,vch00071,map00071
Q9KNI1,vch:VC_2758,vch00280,map00280
Q9KNI1,vch:VC_2758,vch00310,map00310
Q9KNI1,vch:VC_2758,vch00362,map00362
Q9KNI1,vch:VC_2758,vch00380,map00380
Q9KNI1,vch:VC_2758,vch00410,map00410
Q9KNI1,vch:VC_2758,vch00640,map00640
Q9KNI1,vch:VC_2758,vch00650,map00650
Q9KNI1,vch:VC_2758,vch00907,map00907
Q9KNI1,vch:VC_2758,vch00930,map00930
Q9KNI1,vch:VC_2758,vch01100,map01100
Q9KNI1,vch:VC_2758,vch01110,map01110
Q9KNI1,vch:VC_2758,vch01120,map01120
Q9KNI1,vch:VC_2758,vch01200,map01200
Q9KNI1,vch:VC_2758,vch01212,map01212
Q9KQG2,vch:VC_2036,vch00260,map00260
Q9KQG2,vch:VC_2036,vch00261,map00261
Q9KQG2,vch:VC_2036,vch00270,map00270
Q9KQG2,vch:VC_2036,vch00300,map00300
Q9KQG2,vch:VC_2036,vch01100,map01100
Q9KQG2,vch:VC_2036,vch01110,map01110
Q9KQG2,vch:VC_2036,vch01120,map01120
Q9KQG2,vch:VC_2036,vch01210,map01210
Q9KQG2,vch:VC_2036,vch01230,map01230
Q9KRA3,vch:VC_1738,vch00061,map00061
Q9KRA3,vch:VC_1738,vch00650,map00650
Q9KRA3,vch:VC_1738,vch01100,map01100
Q9KRA3,vch:VC_1738,vch01110,map01110
Q9KRA3,vch:VC_1738,vch01120,map01120
Q9KRA3,vch:VC_1738,vch01200,map01200
Q9KRA3,vch:VC_1738,vch01212,map01212
Q9KS12,vch:VC_1451,vch05110,map05110
Q9KS45,vch:VC_1416,vch03070,map03070
Q9KSE5,vch:VC_1312,vch00260,map00260
Q9KSE5,vch:VC_1312,vch00270,map00270
Q9KSE5,vch:VC_1312,vch00310,map00310
Q9KSE5,vch:VC_1312,vch00470,map00470
Q9KSE5,vch:VC_1312,vch01100,map01100
Q9KSE5,vch:VC_1312,vch01120,map01120
Q9KVG8,vch:VC_0178,vch00564,map00564
Q9KVG8,vch:VC_0178,vch00592,map00592
Q9KVG8,vch:VC_0178,vch01100,map01100
Q9KVG8,vch:VC_0178,vch01110,map01110
O32445,vch:VC_0994,vch00520,map00520
O32445,vch:VC_0994,vch01100,map01100
P0C6E9,vch:VC_1784,vch00511,map00511
P0C6E9,vch:VC_1784,vch00600,map00600
P0C6E9,vch:VC_1784,vch01100,map01100
P0C6E9,vch:VC_1784,vch05110,map05110
P41851,vch:VC_2724,vch03070,map03070
P41851,vch:VC_2724,vch05111,map05111
P45773,vch:VC_2730,vch03070,map03070
P45773,vch:VC_2730,vch05111,map05111
Q06963,vch:VC_0240,vch00541,map00541
Q06963,vch:VC_0240,vch01100,map01100
Q06963,vch:VC_0240,vch01250,map01250
Q60153,vch:VC_0828,vch05110,map05110
Q60153,vch:VC_0828,vch05111,map05111
Q9KKY0,vch:VC_A0970,vch00230,map00230
Q9KKY0,vch:VC_A0970,vch00240,map00240
Q9KKY0,vch:VC_A0970,vch01100,map01100
Q9KKY0,vch:VC_A0970,vch01110,map01110
Q9KKY0,vch:VC_A0970,vch01232,map01232
Q9KLR4,vch:VC_A0678,vch00910,map00910
Q9KLR4,vch:VC_A0678,vch01100,map01100
Q9KLR4,vch:VC_A0678,vch01120,map01120
Q9KN42,vch:VC_A0123,vch03070,map03070
Q9KNH7,vch:VC_2762,vch00520,map00520
Q9KNH7,vch:VC_2762,vch00541,map00541
Q9KNH7,vch:VC_2762,vch01100,map01100
Q9KNH7,vch:VC_2762,vch01250,map01250
Q9KNI7,vch:VC_2751,vch00230,map00230
Q9KNI7,vch:VC_2751,vch01100,map01100
Q9KNI7,vch:VC_2751,vch01232,map01232
Q9KNP2,vch:VC_2689,vch00010,map00010
Q9KNP2,vch:VC_2689,vch00030,map00030
Q9KNP2,vch:VC_2689,vch00051,map00051
Q9KNP2,vch:VC_2689,vch00052,map00052
Q9KNP2,vch:VC_2689,vch00680,map00680
Q9KNP2,vch:VC_2689,vch01100,map01100
Q9KNP2,vch:VC_2689,vch01110,map01110
Q9KNP2,vch:VC_2689,vch01120,map01120
Q9KNP2,vch:VC_2689,vch01200,map01200
Q9KNP2,vch:VC_2689,vch01230,map01230
Q9KNP2,vch:VC_2689,vch03018,map03018
Q9KNP7,vch:VC_2684,vch00260,map00260
Q9KNP7,vch:VC_2684,vch00261,map00261
Q9KNP7,vch:VC_2684,vch00270,map00270
Q9KNP7,vch:VC_2684,vch00300,map00300
Q9KNP7,vch:VC_2684,vch01100,map01100
Q9KNP7,vch:VC_2684,vch01110,map01110
Q9KNP7,vch:VC_2684,vch01120,map01120
Q9KNP7,vch:VC_2684,vch01230,map01230
Q9KNU5,vch:VC_2635,vch00550,map00550
Q9KNU5,vch:VC_2635,vch01100,map01100
Q9KNU5,vch:VC_2635,vch01501,map01501
Q9KPC4,vch:VC_2448,vch00240,map00240
Q9KPC4,vch:VC_2448,vch01100,map01100
Q9KPC4,vch:VC_2448,vch01232,map01232
Q9KPC4,vch:VC_2448,vch01240,map01240
Q9KPH8,vch:VC_2390,vch00220,map00220
Q9KPH8,vch:VC_2390,vch00240,map00240
Q9KPH8,vch:VC_2390,vch00250,map00250
Q9KPH8,vch:VC_2390,vch01100,map01100
Q9KPH8,vch:VC_2390,vch01110,map01110
Q9KPH8,vch:VC_2390,vch01240,map01240
Q9KPH9,vch:VC_2389,vch00220,map00220
Q9KPH9,vch:VC_2389,vch00240,map00240
Q9KPH9,vch:VC_2389,vch00250,map00250
Q9KPH9,vch:VC_2389,vch01100,map01100
Q9KPH9,vch:VC_2389,vch01110,map01110
Q9KPH9,vch:VC_2389,vch01240,map01240
Q9KPK3,vch:VC_2364,vch00260,map00260
Q9KPK3,vch:VC_2364,vch00261,map00261
Q9KPK3,vch:VC_2364,vch00270,map00270
Q9KPK3,vch:VC_2364,vch00300,map00300
Q9KPK3,vch:VC_2364,vch01100,map01100
Q9KPK3,vch:VC_2364,vch01110,map01110
Q9KPK3,vch:VC_2364,vch01120,map01120
Q9KPK3,vch:VC_2364,vch01230,map01230
Q9KPP6,vch:VC_2320,vch03440,map03440
Q9KPT5,vch:VC_2277,vch00230,map00230
Q9KPT5,vch:VC_2277,vch01100,map01100
Q9KPT5,vch:VC_2277,vch01110,map01110
Q9KPT5,vch:VC_2277,vch01232,map01232
Q9KQ22,vch:VC_2183,vch00030,map00030
Q9KQ22,vch:VC_2183,vch00230,map00230
Q9KQ22,vch:VC_2183,vch01100,map01100
Q9KQ22,vch:VC_2183,vch01110,map01110
Q9KQ22,vch:VC_2183,vch01120,map01120
Q9KQ22,vch:VC_2183,vch01200,map01200
Q9KQ22,vch:VC_2183,vch01230,map01230
Q9KQG8,vch:VC_2030,vch03018,map03018
Q9KQW9,vch:VC_1878,vch02010,map02010
Q9KRB0,vch:VC_1732,vch00400,map00400
Q9KRB0,vch:VC_1732,vch01100,map01100
Q9KRB0,vch:VC_1732,vch01110,map01110
Q9KRB0,vch:VC_1732,vch01230,map01230
Q9KRL4,vch:VC_1623,vch00330,map00330
Q9KRL4,vch:VC_1623,vch01100,map01100
Q9KT58,vch:VC_1047,vch00071,map00071
Q9KT58,vch:VC_1047,vch00280,map00280
Q9KT58,vch:VC_1047,vch00310,map00310
Q9KT58,vch:VC_1047,vch00362,map00362
Q9KT58,vch:VC_1047,vch00380,map00380
Q9KT58,vch:VC_1047,vch00410,map00410
Q9KT58,vch:VC_1047,vch00640,map00640
Q9KT58,vch:VC_1047,vch00650,map00650
Q9KT58,vch:VC_1047,vch00907,map00907
Q9KT58,vch:VC_1047,vch00930,map00930
Q9KT58,vch:VC_1047,vch01100,map01100
Q9KT58,vch:VC_1047,vch01110,map01110
Q9KT58,vch:VC_1047,vch01120,map01120
Q9KT58,vch:VC_1047,vch01200,map01200
Q9KT58,vch:VC_1047,vch01212,map01212
Q9KTA2,vch:VC_1001,vch00790,map00790
Q9KTA2,vch:VC_1001,vch01100,map01100
Q9KTA2,vch:VC_1001,vch01240,map01240
Q9KTJ4,vch:VC_0908,vch00541,map00541
Q9KTJ4,vch:VC_0908,vch01100,map01100
Q9KTJ4,vch:VC_0908,vch01250,map01250
Q9KTK0,vch:VC_0902,vch00790,map00790
Q9KTK0,vch:VC_0902,vch01100,map01100
Q9KTK8,vch:VC_0894,vch00730,map00730
Q9KTK8,vch:VC_0894,vch01100,map01100
Q9KTK8,vch:VC_0894,vch01240,map01240
Q9KTK8,vch:VC_0894,vch04122,map04122
Q9KTX4,vch:VC_0756,vch00230,map00230
Q9KTX4,vch:VC_0756,vch00240,map00240
Q9KTX4,vch:VC_0756,vch01100,map01100
Q9KTX4,vch:VC_0756,vch01110,map01110
Q9KTX4,vch:VC_0756,vch01232,map01232
Q9KTX4,vch:VC_0756,vch01240,map01240
Q9KU37,vch:VC_0692,vch00520,map00520
Q9KU37,vch:VC_0692,vch01100,map01100
Q9KU37,vch:VC_0692,vch01501,map01501
Q9KUA9,vch:VC_0614,vch00520,map00520
Q9KUA9,vch:VC_0614,vch01100,map01100
Q9KUC0,vch:VC_0602,vch00550,map00550
Q9KUC0,vch:VC_0602,vch01100,map01100
Q9KUQ9,vch:VC_0456,vch00230,map00230
Q9KUQ9,vch:VC_0456,vch01100,map01100
Q9KUQ9,vch:VC_0456,vch01232,map01232
Q9KUY6,vch:VC_0372,vch00470,map00470
Q9KUY6,vch:VC_0372,vch01100,map01100
Q9KUY6,vch:VC_0372,vch01502,map01502
Q9KV27,vch:VC_0331,vch00760,map00760
Q9KV27,vch:VC_0331,vch01100,map01100
Q9KV27,vch:VC_0331,vch04146,map04146
Q9KVC5,vch:VC_0221,vch03410,map03410
Q9KVD1,vch:VC_0215,vch00770,map00770
Q9KVD1,vch:VC_0215,vch01100,map01100
Q9KVD1,vch:VC_0215,vch01240,map01240
Q9KVE0,vch:VC_0206,vch00520,map00520
Q9KVE0,vch:VC_0206,vch01100,map01100
Q9KVT3,vch:VC_0056,vch00400,map00400
Q9KVT3,vch:VC_0056,vch00999,map00999
Q9KVT3,vch:VC_0056,vch01100,map01100
Q9KVT3,vch:VC_0056,vch01110,map01110
Q9KVT3,vch:VC_0056,vch01230,map01230
Q9X6N4,vch:VC_2406,vch00300,map00300
Q9X6N4,vch:VC_2406,vch00550,map00550
Q9X6N4,vch:VC_2406,vch01100,map01100
O34241,vch:VC_0855,vch03018,map03018
O51804,vch:VC_0534,vch05111,map05111
O66108,vch:VC_0675,vch00240,map00240
O66108,vch:VC_0675,vch00670,map00670
O66108,vch:VC_0675,vch01100,map01100
O66108,vch:VC_0675,vch01232,map01232
O66108,vch:VC_0675,vch04981,map04981
P0C6C2,vch:VC_0476,vch00750,map00750
P0C6C2,vch:VC_0476,vch01100,map01100
P0C6C2,vch:VC_0476,vch01240,map01240
P0C6C3,vch:VC_2188,vch02020,map02020
P0C6C3,vch:VC_2188,vch02040,map02040
P0C6C6,vch:VC_2143,vch02020,map02020
P0C6C6,vch:VC_2143,vch02040,map02040
P0C6C7,vch:VC_2144,vch02020,map02020
P0C6C7,vch:VC_2144,vch02040,map02040
P0C6D3,vch:VC_0771,vch01053,map01053
P0C6D3,vch:VC_0771,vch01110,map01110
P0C6D6,vch:VC_0838,vch05111,map05111
P0C6D7,vch:VC_0819,vch00010,map00010
P0C6D7,vch:VC_0819,vch00053,map00053
P0C6D7,vch:VC_0819,vch00071,map00071
P0C6D7,vch:VC_0819,vch00280,map00280
P0C6D7,vch:VC_0819,vch00310,map00310
P0C6D7,vch:VC_0819,vch00330,map00330
P0C6D7,vch:VC_0819,vch00340,map00340
P0C6D7,vch:VC_0819,vch00380,map00380
P0C6D7,vch:VC_0819,vch00410,map00410
P0C6D7,vch:VC_0819,vch00561,map00561
P0C6D7,vch:VC_0819,vch00620,map00620
P0C6D7,vch:VC_0819,vch00625,map00625
P0C6D7,vch:VC_0819,vch00770,map00770
P0C6D7,vch:VC_0819,vch01100,map01100
P0C6D7,vch:VC_0819,vch01110,map01110
P0C6D7,vch:VC_0819,vch01120,map01120
P0C6D7,vch:VC_0819,vch01240,map01240
P0C6E1,vch:VC_2501,vch00480,map00480
P0C6E1,vch:VC_2501,vch01100,map01100
P0C6Q1,vch:VC_2214,vch00860,map00860
P0C6Q1,vch:VC_2214,vch00970,map00970
P0C6Q1,vch:VC_2214,vch01100,map01100
P0C6Q1,vch:VC_2214,vch01110,map01110
P0C6Q1,vch:VC_2214,vch01120,map01120
P0C6Q1,vch:VC_2214,vch01240,map01240
P0C6Q3,vch:VC_0477,vch00010,map00010
P0C6Q3,vch:VC_0477,vch00710,map00710
P0C6Q3,vch:VC_0477,vch01100,map01100
P0C6Q3,vch:VC_0477,vch01110,map01110
P0C6Q3,vch:VC_0477,vch01120,map01120
P0C6Q3,vch:VC_0477,vch01200,map01200
P0C6Q3,vch:VC_0477,vch01230,map01230
P0C6Q8,vch:VC_2626,vch03430,map03430
P15795,vch:VC_0984,vch05111,map05111
P24153,vch:VC_A0865,vch05110,map05110
P24153,vch:VC_A0865,vch05111,map05111
P29480,vch:VC_0835,vch05111,map05111
P29485,vch:VC_0826,vch05111,map05111
P32557,vch:VC_0034,vch01503,map01503
P45383,vch:VC_0543,vch03440,map03440
P45774,vch:VC_2729,vch03070,map03070
P45774,vch:VC_2729,vch05111,map05111
P45775,vch:VC_2728,vch03070,map03070
P45775,vch:VC_2728,vch05111,map05111
P45776,vch:VC_2727,vch03070,map03070
P45776,vch:VC_2727,vch05111,map05111
P45777,vch:VC_2734,vch03070,map03070
P45777,vch:VC_2734,vch05111,map05111
P45780,vch:VC_2731,vch03070,map03070
P45780,vch:VC_2731,vch05111,map05111
P45781,vch:VC_2726,vch03070,map03070
P45781,vch:VC_2726,vch05111,map05111
P45782,vch:VC_2725,vch03070,map03070
P45782,vch:VC_2725,vch05111,map05111
P50529,vch:VC_0151,vch00760,map00760
P50529,vch:VC_0151,vch01100,map01100
P52021,vch:VC_2246,vch03030,map03030
P57066,vch:VC_1883,vch02010,map02010
Q06951,vch:VC_0242,vch00051,map00051
Q06951,vch:VC_0242,vch00520,map00520
Q06951,vch:VC_0242,vch01100,map01100
Q06951,vch:VC_0242,vch01110,map01110
Q06951,vch:VC_0242,vch01250,map01250
Q56632,vch:VC_0774,vch01053,map01053
Q56632,vch:VC_0774,vch01110,map01110
Q56648,vch:VC_0545,vch00970,map00970
Q9F854,vch:VC_1133,vch00340,map00340
Q9F854,vch:VC_1133,vch01100,map01100
Q9F854,vch:VC_1133,vch01110,map01110
Q9F854,vch:VC_1133,vch01230,map01230
Q9K2Y1,vch:VC_2436,vch01501,map01501
Q9K2Y1,vch:VC_2436,vch01503,map01503
Q9K2Y1,vch:VC_2436,vch02020,map02020
Q9K2Y1,vch:VC_2436,vch03070,map03070
Q9KKM4,vch:VC_A1079,vch00750,map00750
Q9KKM4,vch:VC_A1079,vch01100,map01100
Q9KKM4,vch:VC_A1079,vch01120,map01120
Q9KKM4,vch:VC_A1079,vch01240,map01240
Q9KKP2,vch:VC_A1060,vch00740,map00740
Q9KKP2,vch:VC_A1060,vch01100,map01100
Q9KKP2,vch:VC_A1060,vch01110,map01110
Q9KKP2,vch:VC_A1060,vch01240,map01240
Q9KKQ7,vch:VC_A1045,vch00051,map00051
Q9KKQ7,vch:VC_A1045,vch01100,map01100
Q9KKQ7,vch:VC_A1045,vch02060,map02060
Q9KKS5,vch:VC_A1025,vch00520,map00520
Q9KKS5,vch:VC_A1025,vch01100,map01100
Q9KKW6,vch:VC_A0984,vch00620,map00620
Q9KKW6,vch:VC_A0984,vch01100,map01100
Q9KL04,vch:VC_A0946,vch02010,map02010
Q9KL24,vch:VC_A0925,vch00240,map00240
Q9KL24,vch:VC_A0925,vch01100,map01100
Q9KL24,vch:VC_A0925,vch01240,map01240
Q9KL50,vch:VC_A0898,vch00030,map00030
Q9KL50,vch:VC_A0898,vch00480,map00480
Q9KL50,vch:VC_A0898,vch01100,map01100
Q9KL50,vch:VC_A0898,vch01110,map01110
Q9KL50,vch:VC_A0898,vch01120,map01120
Q9KL50,vch:VC_A0898,vch01200,map01200
Q9KL52,vch:VC_A0896,vch00030,map00030
Q9KL52,vch:VC_A0896,vch00480,map00480
Q9KL52,vch:VC_A0896,vch01100,map01100
Q9KL52,vch:VC_A0896,vch01110,map01110
Q9KL52,vch:VC_A0896,vch01120,map01120
Q9KL52,vch:VC_A0896,vch01200,map01200
Q9KL61,vch:VC_A0886,vch00260,map00260
Q9KL61,vch:VC_A0886,vch01100,map01100
Q9KL62,vch:VC_A0885,vch00260,map00260
Q9KL62,vch:VC_A0885,vch01100,map01100
Q9KLC2,vch:VC_A0824,vch00260,map00260
Q9KLC2,vch:VC_A0824,vch01100,map01100
Q9KLC2,vch:VC_A0824,vch01110,map01110
Q9KLC2,vch:VC_A0824,vch01120,map01120
Q9KLC2,vch:VC_A0824,vch01210,map01210
Q9KLC2,vch:VC_A0824,vch01230,map01230
Q9KLC6,vch:VC_A0820,vch03018,map03018
Q9KLD1,vch:VC_A0815,vch00330,map00330
Q9KLD1,vch:VC_A0815,vch01100,map01100
Q9KLD1,vch:VC_A0815,vch01110,map01110
Q9KLE2,vch:VC_A0804,vch03018,map03018
Q9KLE5,vch:VC_A0801,vch00230,map00230
Q9KLE5,vch:VC_A0801,vch01100,map01100
Q9KLE5,vch:VC_A0801,vch01232,map01232
Q9KLG0,vch:VC_A0784,vch00061,map00061
Q9KLG0,vch:VC_A0784,vch00650,map00650
Q9KLG0,vch:VC_A0784,vch01100,map01100
Q9KLG0,vch:VC_A0784,vch01110,map01110
Q9KLG0,vch:VC_A0784,vch01120,map01120
Q9KLG0,vch:VC_A0784,vch01200,map01200
Q9KLG0,vch:VC_A0784,vch01212,map01212
Q9KLJ3,vch:VC_A0751,vch00061,map00061
Q9KLJ3,vch:VC_A0751,vch01100,map01100
Q9KLJ3,vch:VC_A0751,vch01212,map01212
Q9KLJ9,vch:VC_A0744,vch00561,map00561
Q9KLJ9,vch:VC_A0744,vch01100,map01100
Q9KLJ9,vch:VC_A0744,vch01110,map01110
Q9KLK7,vch:VC_A0736,vch02020,map02020
Q9KLK7,vch:VC_A0736,vch02024,map02024
Q9KLK7,vch:VC_A0736,vch05111,map05111
Q9KLL9,vch:VC_A0724,vch02010,map02010
Q9KLM9,vch:VC_A0714,vch00561,map00561
Q9KLM9,vch:VC_A0714,vch00564,map00564
Q9KLM9,vch:VC_A0714,vch01100,map01100
Q9KLM9,vch:VC_A0714,vch01110,map01110
Q9KLP4,vch:VC_A0699,vch00500,map00500
Q9KLP4,vch:VC_A0699,vch00520,map00520
Q9KLP4,vch:VC_A0699,vch01100,map01100
Q9KLP4,vch:VC_A0699,vch01110,map01110
Q9KLP4,vch:VC_A0699,vch01250,map01250
Q9KLQ5,vch:VC_A0687,vch02010,map02010
Q9KLW7,vch:VC_A0624,vch00030,map00030
Q9KLW7,vch:VC_A0624,vch00710,map00710
Q9KLW7,vch:VC_A0624,vch01100,map01100
Q9KLW7,vch:VC_A0624,vch01110,map01110
Q9KLW7,vch:VC_A0624,vch01120,map01120
Q9KLW7,vch:VC_A0624,vch01200,map01200
Q9KLW7,vch:VC_A0624,vch01230,map01230
Q9KLX3,vch:VC_A0618,vch04122,map04122
Q9KLX5,vch:VC_A0616,vch00790,map00790
Q9KLX5,vch:VC_A0616,vch01100,map01100
Q9KLX5,vch:VC_A0616,vch01240,map01240
Q9KLY5,vch:VC_A0606,vch00440,map00440
Q9KLY5,vch:VC_A0606,vch01100,map01100
Q9KLY5,vch:VC_A0606,vch01120,map01120
Q9KM17,vch:VC_A0572,vch00470,map00470
Q9KM17,vch:VC_A0572,vch00550,map00550
Q9KM17,vch:VC_A0572,vch01100,map01100
Q9KM17,vch:VC_A0572,vch01502,map01502
Q9KM25,vch:VC_A0564,vch00760,map00760
Q9KM25,vch:VC_A0564,vch01100,map01100
Q9KM65,vch:VC_A0523,vch02024,map02024
Q9KM65,vch:VC_A0523,vch05111,map05111
Q9KM66,vch:VC_A0522,vch02020,map02020
Q9KM66,vch:VC_A0522,vch02024,map02024
Q9KM66,vch:VC_A0522,vch05111,map05111
Q9KM70,vch:VC_A0518,vch02060,map02060
Q9KM71,vch:VC_A0517,vch00051,map00051
Q9KM71,vch:VC_A0517,vch01100,map01100
Q9KM71,vch:VC_A0517,vch02060,map02060
Q9KM72,vch:VC_A0516,vch00051,map00051
Q9KM72,vch:VC_A0516,vch01100,map01100
Q9KM72,vch:VC_A0516,vch01120,map01120
Q9KM72,vch:VC_A0516,vch02060,map02060
Q9KMN7,vch:VC_A0287,vch00970,map00970
Q9KMP4,vch:VC_A0278,vch00260,map00260
Q9KMP4,vch:VC_A0278,vch00460,map00460
Q9KMP4,vch:VC_A0278,vch00630,map00630
Q9KMP4,vch:VC_A0278,vch00670,map00670
Q9KMP4,vch:VC_A0278,vch00680,map00680
Q9KMP4,vch:VC_A0278,vch01100,map01100
Q9KMP4,vch:VC_A0278,vch01110,map01110
Q9KMP4,vch:VC_A0278,vch01120,map01120
Q9KMP4,vch:VC_A0278,vch01200,map01200
Q9KMP4,vch:VC_A0278,vch01230,map01230
Q9KMP4,vch:VC_A0278,vch01240,map01240
Q9KMP4,vch:VC_A0278,vch04981,map04981
Q9KMQ0,vch:VC_A0270,vch00550,map00550
Q9KMQ0,vch:VC_A0270,vch01100,map01100
Q9KMT5,vch:VC_A0235,vch00430,map00430
Q9KMT5,vch:VC_A0235,vch00620,map00620
Q9KMT5,vch:VC_A0235,vch00640,map00640
Q9KMT5,vch:VC_A0235,vch00680,map00680
Q9KMT5,vch:VC_A0235,vch00720,map00720
Q9KMT5,vch:VC_A0235,vch01100,map01100
Q9KMT5,vch:VC_A0235,vch01120,map01120
Q9KMT5,vch:VC_A0235,vch01200,map01200
Q9KMW1,vch:VC_A0207,vch00760,map00760
Q9KMW1,vch:VC_A0207,vch01100,map01100
Q9KMW1,vch:VC_A0207,vch01240,map01240
Q9KMW4,vch:VC_A0204,vch03018,map03018
Q9KMW9,vch:VC_A0197,vch00230,map00230
Q9KMW9,vch:VC_A0197,vch01100,map01100
Q9KMW9,vch:VC_A0197,vch01232,map01232
Q9KN34,vch:VC_A0131,vch00030,map00030
Q9KN34,vch:VC_A0131,vch01100,map01100
Q9KN37,vch:VC_A0128,vch02010,map02010
Q9KN38,vch:VC_A0127,vch02010,map02010
Q9KN92,vch:VC_A0073,vch02010,map02010
Q9KNB2,vch:VC_A0053,vch00230,map00230
Q9KNB2,vch:VC_A0053,vch00760,map00760
Q9KNB2,vch:VC_A0053,vch01100,map01100
Q9KNB2,vch:VC_A0053,vch01110,map01110
Q9KNB2,vch:VC_A0053,vch01232,map01232
Q9KNE8,vch:VC_A0016,vch00500,map00500
Q9KNE8,vch:VC_A0016,vch01100,map01100
Q9KNE8,vch:VC_A0016,vch01110,map01110
Q9KNH0,vch:VC_2769,vch00190,map00190
Q9KNH0,vch:VC_2769,vch01100,map01100
Q9KNH3,vch:VC_2766,vch00190,map00190
Q9KNH3,vch:VC_2766,vch01100,map01100
Q9KNH5,vch:VC_2764,vch00190,map00190
Q9KNH5,vch:VC_2764,vch01100,map01100
Q9KNH6,vch:VC_2763,vch00190,map00190
Q9KNH6,vch:VC_2763,vch01100,map01100
Q9KNI0,vch:VC_2759,vch00071,map00071
Q9KNI0,vch:VC_2759,vch00280,map00280
Q9KNI0,vch:VC_2759,vch00362,map00362
Q9KNI0,vch:VC_2759,vch00592,map00592
Q9KNI0,vch:VC_2759,vch00907,map00907
Q9KNI0,vch:VC_2759,vch00984,map00984
Q9KNI0,vch:VC_2759,vch01100,map01100
Q9KNI0,vch:VC_2759,vch01110,map01110
Q9KNI0,vch:VC_2759,vch01120,map01120
Q9KNI0,vch:VC_2759,vch01212,map01212
Q9KNI4,vch:VC_2755,vch00860,map00860
Q9KNI4,vch:VC_2755,vch01100,map01100
Q9KNI4,vch:VC_2755,vch01110,map01110
Q9KNI4,vch:VC_2755,vch01240,map01240
Q9KNJ2,vch:VC_2746,vch00220,map00220
Q9KNJ2,vch:VC_2746,vch00250,map00250
Q9KNJ2,vch:VC_2746,vch00630,map00630
Q9KNJ2,vch:VC_2746,vch00910,map00910
Q9KNJ2,vch:VC_2746,vch01100,map01100
Q9KNJ2,vch:VC_2746,vch01110,map01110
Q9KNJ2,vch:VC_2746,vch01120,map01120
Q9KNJ2,vch:VC_2746,vch01230,map01230
Q9KNJ2,vch:VC_2746,vch02020,map02020
Q9KNK0,vch:VC_2738,vch00010,map00010
Q9KNK0,vch:VC_2738,vch00020,map00020
Q9KNK0,vch:VC_2738,vch00620,map00620
Q9KNK0,vch:VC_2738,vch00710,map00710
Q9KNK0,vch:VC_2738,vch01100,map01100
Q9KNK0,vch:VC_2738,vch01110,map01110
Q9KNK0,vch:VC_2738,vch01120,map01120
Q9KNK0,vch:VC_2738,vch01200,map01200
Q9KNL0,vch:VC_2722,vch00920,map00920
Q9KNL0,vch:VC_2722,vch01100,map01100
Q9KNL0,vch:VC_2722,vch01120,map01120
Q9KNL4,vch:VC_2718,vch00780,map00780
Q9KNL4,vch:VC_2718,vch01100,map01100
Q9KNL4,vch:VC_2718,vch01240,map01240
Q9KNM2,vch:VC_2710,vch00230,map00230
Q9KNM2,vch:VC_2710,vch01100,map01100
Q9KNM3,vch:VC_2709,vch03020,map03020
Q9KNM4,vch:VC_2708,vch00230,map00230
Q9KNM4,vch:VC_2708,vch01100,map01100
Q9KNM4,vch:VC_2708,vch01232,map01232
Q9KNQ3,vch:VC_2678,vch03440,map03440
Q9KNQ8,vch:VC_2673,vch00130,map00130
Q9KNQ8,vch:VC_2673,vch01100,map01100
Q9KNQ8,vch:VC_2673,vch01110,map01110
Q9KNQ8,vch:VC_2673,vch01240,map01240
Q9KNR1,vch:VC_2670,vch00010,map00010
Q9KNR1,vch:VC_2670,vch00051,map00051
Q9KNR1,vch:VC_2670,vch00562,map00562
Q9KNR1,vch:VC_2670,vch00710,map00710
Q9KNR1,vch:VC_2670,vch01100,map01100
Q9KNR1,vch:VC_2670,vch01110,map01110
Q9KNR1,vch:VC_2670,vch01120,map01120
Q9KNR1,vch:VC_2670,vch01200,map01200
Q9KNR1,vch:VC_2670,vch01230,map01230
Q9KNR7,vch:VC_2664,vch03018,map03018
Q9KNS4,vch:VC_2657,vch00020,map00020
Q9KNS4,vch:VC_2657,vch00190,map00190
Q9KNS4,vch:VC_2657,vch00620,map00620
Q9KNS4,vch:VC_2657,vch00650,map00650
Q9KNS4,vch:VC_2657,vch00720,map00720
Q9KNS4,vch:VC_2657,vch01100,map01100
Q9KNS4,vch:VC_2657,vch01110,map01110
Q9KNS4,vch:VC_2657,vch01120,map01120
Q9KNS4,vch:VC_2657,vch01200,map01200
Q9KNS4,vch:VC_2657,vch02020,map02020
Q9KNS5,vch:VC_2656,vch00020,map00020
Q9KNS5,vch:VC_2656,vch00190,map00190
Q9KNS5,vch:VC_2656,vch00620,map00620
Q9KNS5,vch:VC_2656,vch00650,map00650
Q9KNS5,vch:VC_2656,vch00720,map00720
Q9KNS5,vch:VC_2656,vch01100,map01100
Q9KNS5,vch:VC_2656,vch01110,map01110
Q9KNS5,vch:VC_2656,vch01120,map01120
Q9KNS5,vch:VC_2656,vch01200,map01200
Q9KNS5,vch:VC_2656,vch02020,map02020
Q9KNT0,vch:VC_2651,vch00564,map00564
Q9KNT0,vch:VC_2651,vch01100,map01100
Q9KNT0,vch:VC_2651,vch01110,map01110
Q9KNT4,vch:VC_2646,vch00620,map00620
Q9KNT4,vch:VC_2646,vch00680,map00680
Q9KNT4,vch:VC_2646,vch00710,map00710
Q9KNT4,vch:VC_2646,vch00720,map00720
Q9KNT4,vch:VC_2646,vch01100,map01100
Q9KNT4,vch:VC_2646,vch01120,map01120
Q9KNT4,vch:VC_2646,vch01200,map01200
Q9KNT5,vch:VC_2645,vch00220,map00220
Q9KNT5,vch:VC_2645,vch01100,map01100
Q9KNT5,vch:VC_2645,vch01110,map01110
Q9KNT5,vch:VC_2645,vch01210,map01210
Q9KNT5,vch:VC_2645,vch01230,map01230
Q9KNT6,vch:VC_2644,vch00220,map00220
Q9KNT6,vch:VC_2644,vch01100,map01100
Q9KNT6,vch:VC_2644,vch01110,map01110
Q9KNT6,vch:VC_2644,vch01210,map01210
Q9KNT6,vch:VC_2644,vch01230,map01230
Q9KNT7,vch:VC_2643,vch00220,map00220
Q9KNT7,vch:VC_2643,vch01100,map01100
Q9KNT7,vch:VC_2643,vch01110,map01110
Q9KNT7,vch:VC_2643,vch01210,map01210
Q9KNT7,vch:VC_2643,vch01230,map01230
Q9KNT8,vch:VC_2642,vch00220,map00220
Q9KNT8,vch:VC_2642,vch00250,map00250
Q9KNT8,vch:VC_2642,vch01100,map01100
Q9KNT8,vch:VC_2642,vch01110,map01110
Q9KNT8,vch:VC_2642,vch01230,map01230
Q9KNV1,vch:VC_2629,vch00400,map00400
Q9KNV1,vch:VC_2629,vch01100,map01100
Q9KNV1,vch:VC_2629,vch01110,map01110
Q9KNV1,vch:VC_2629,vch01230,map01230
Q9KNV2,vch:VC_2628,vch00400,map00400
Q9KNV2,vch:VC_2628,vch01100,map01100
Q9KNV2,vch:VC_2628,vch01110,map01110
Q9KNV2,vch:VC_2628,vch01230,map01230
Q9KNV5,vch:VC_2625,vch00030,map00030
Q9KNV5,vch:VC_2625,vch00040,map00040
Q9KNV5,vch:VC_2625,vch00710,map00710
Q9KNV5,vch:VC_2625,vch01100,map01100
Q9KNV5,vch:VC_2625,vch01110,map01110
Q9KNV5,vch:VC_2625,vch01120,map01120
Q9KNV5,vch:VC_2625,vch01200,map01200
Q9KNV5,vch:VC_2625,vch01230,map01230
Q9KNV6,vch:VC_2624,vch00630,map00630
Q9KNV6,vch:VC_2624,vch01100,map01100
Q9KNV6,vch:VC_2624,vch01110,map01110
Q9KNV7,vch:VC_2623,vch00970,map00970
Q9KNW2,vch:VC_2618,vch00220,map00220
Q9KNW2,vch:VC_2618,vch00300,map00300
Q9KNW2,vch:VC_2618,vch01100,map01100
Q9KNW2,vch:VC_2618,vch01110,map01110
Q9KNW2,vch:VC_2618,vch01120,map01120
Q9KNW2,vch:VC_2618,vch01210,map01210
Q9KNW2,vch:VC_2618,vch01230,map01230
Q9KNX8,vch:VC_2602,vch00230,map00230
Q9KNX8,vch:VC_2602,vch00250,map00250
Q9KNX8,vch:VC_2602,vch01100,map01100
Q9KNX8,vch:VC_2602,vch01232,map01232
Q9KNX8,vch:VC_2602,vch01240,map01240
Q9KNY5,vch:VC_2595,vch03010,map03010
Q9KP08,vch:VC_2571,vch03020,map03020
Q9KP19,vch:VC_2560,vch00230,map00230
Q9KP19,vch:VC_2560,vch00261,map00261
Q9KP19,vch:VC_2560,vch00450,map00450
Q9KP19,vch:VC_2560,vch00920,map00920
Q9KP19,vch:VC_2560,vch01100,map01100
Q9KP19,vch:VC_2560,vch01110,map01110
Q9KP19,vch:VC_2560,vch01120,map01120
Q9KP19,vch:VC_2560,vch01320,map01320
Q9KP20,vch:VC_2559,vch00230,map00230
Q9KP20,vch:VC_2559,vch00261,map00261
Q9KP20,vch:VC_2559,vch00450,map00450
Q9KP20,vch:VC_2559,vch00920,map00920
Q9KP20,vch:VC_2559,vch01100,map01100
Q9KP20,vch:VC_2559,vch01110,map01110
Q9KP20,vch:VC_2559,vch01120,map01120
Q9KP20,vch:VC_2559,vch01320,map01320
Q9KP21,vch:VC_2558,vch00230,map00230
Q9KP21,vch:VC_2558,vch00920,map00920
Q9KP21,vch:VC_2558,vch01100,map01100
Q9KP21,vch:VC_2558,vch01120,map01120
Q9KP21,vch:VC_2558,vch01320,map01320
Q9KP34,vch:VC_2545,vch00190,map00190
Q9KP35,vch:VC_2544,vch00010,map00010
Q9KP35,vch:VC_2544,vch00030,map00030
Q9KP35,vch:VC_2544,vch00051,map00051
Q9KP35,vch:VC_2544,vch00680,map00680
Q9KP35,vch:VC_2544,vch00710,map00710
Q9KP35,vch:VC_2544,vch01100,map01100
Q9KP35,vch:VC_2544,vch01110,map01110
Q9KP35,vch:VC_2544,vch01120,map01120
Q9KP35,vch:VC_2544,vch01200,map01200
Q9KP42,vch:VC_2537,vch02010,map02010
Q9KP53,vch:VC_2523,vch00541,map00541
Q9KP53,vch:VC_2523,vch01100,map01100
Q9KP53,vch:VC_2523,vch01250,map01250
Q9KP62,vch:VC_2514,vch00520,map00520
Q9KP62,vch:VC_2514,vch00550,map00550
Q9KP62,vch:VC_2514,vch01100,map01100
Q9KP62,vch:VC_2514,vch01250,map01250
Q9KP66,vch:VC_2510,vch00240,map00240
Q9KP66,vch:VC_2510,vch00250,map00250
Q9KP66,vch:VC_2510,vch01100,map01100
Q9KP66,vch:VC_2510,vch01240,map01240
Q9KP68,vch:VC_2508,vch00220,map00220
Q9KP68,vch:VC_2508,vch01100,map01100
Q9KP68,vch:VC_2508,vch01110,map01110
Q9KP68,vch:VC_2508,vch01230,map01230
Q9KP73,vch:VC_2503,vch00970,map00970
Q9KP81,vch:VC_2492,vch00290,map00290
Q9KP81,vch:VC_2492,vch00660,map00660
Q9KP81,vch:VC_2492,vch01100,map01100
Q9KP81,vch:VC_2492,vch01110,map01110
Q9KP81,vch:VC_2492,vch01210,map01210
Q9KP81,vch:VC_2492,vch01230,map01230
Q9KP82,vch:VC_2491,vch00290,map00290
Q9KP82,vch:VC_2491,vch00660,map00660
Q9KP82,vch:VC_2491,vch01100,map01100
Q9KP82,vch:VC_2491,vch01110,map01110
Q9KP82,vch:VC_2491,vch01210,map01210
Q9KP82,vch:VC_2491,vch01230,map01230
Q9KP83,vch:VC_2490,vch00290,map00290
Q9KP83,vch:VC_2490,vch00620,map00620
Q9KP83,vch:VC_2490,vch01100,map01100
Q9KP83,vch:VC_2490,vch01110,map01110
Q9KP83,vch:VC_2490,vch01210,map01210
Q9KP83,vch:VC_2490,vch01230,map01230
Q9KP91,vch:VC_2482,vch00290,map00290
Q9KP91,vch:VC_2482,vch00650,map00650
Q9KP91,vch:VC_2482,vch00660,map00660
Q9KP91,vch:VC_2482,vch00770,map00770
Q9KP91,vch:VC_2482,vch01100,map01100
Q9KP91,vch:VC_2482,vch01110,map01110
Q9KP91,vch:VC_2482,vch01210,map01210
Q9KP91,vch:VC_2482,vch01230,map01230
Q9KP93,vch:VC_2480,vch00030,map00030
Q9KP93,vch:VC_2480,vch00710,map00710
Q9KP93,vch:VC_2480,vch01100,map01100
Q9KP93,vch:VC_2480,vch01110,map01110
Q9KP93,vch:VC_2480,vch01120,map01120
Q9KP93,vch:VC_2480,vch01200,map01200
Q9KP93,vch:VC_2480,vch01230,map01230
Q9KPA4,vch:VC_2469,vch00250,map00250
Q9KPA4,vch:VC_2469,vch00760,map00760
Q9KPA4,vch:VC_2469,vch01100,map01100
Q9KPA4,vch:VC_2469,vch01240,map01240
Q9KPB2,vch:VC_2461,vch03008,map03008
Q9KPB5,vch:VC_2458,vch00750,map00750
Q9KPB5,vch:VC_2458,vch01100,map01100
Q9KPB5,vch:VC_2458,vch01240,map01240
Q9KPC5,vch:VC_2447,vch00010,map00010
Q9KPC5,vch:VC_2447,vch00680,map00680
Q9KPC5,vch:VC_2447,vch01100,map01100
Q9KPC5,vch:VC_2447,vch01110,map01110
Q9KPC5,vch:VC_2447,vch01120,map01120
Q9KPC5,vch:VC_2447,vch01200,map01200
Q9KPC5,vch:VC_2447,vch01230,map01230
Q9KPC5,vch:VC_2447,vch03018,map03018
Q9KPD5,vch:VC_2435,vch00230,map00230
Q9KPD5,vch:VC_2435,vch00740,map00740
Q9KPD5,vch:VC_2435,vch01100,map01100
Q9KPE3,vch:VC_2427,vch00770,map00770
Q9KPE3,vch:VC_2427,vch01100,map01100
Q9KPE3,vch:VC_2427,vch01240,map01240
Q9KPF6,vch:VC_2412,vch00010,map00010
Q9KPF6,vch:VC_2412,vch00020,map00020
Q9KPF6,vch:VC_2412,vch00260,map00260
Q9KPF6,vch:VC_2412,vch00280,map00280
Q9KPF6,vch:VC_2412,vch00310,map00310
Q9KPF6,vch:VC_2412,vch00380,map00380
Q9KPF6,vch:VC_2412,vch00620,map00620
Q9KPF6,vch:VC_2412,vch00630,map00630
Q9KPF6,vch:VC_2412,vch00640,map00640
Q9KPF6,vch:VC_2412,vch00670,map00670
Q9KPF6,vch:VC_2412,vch00785,map00785
Q9KPF6,vch:VC_2412,vch01100,map01100
Q9KPF6,vch:VC_2412,vch01110,map01110
Q9KPF6,vch:VC_2412,vch01120,map01120
Q9KPF6,vch:VC_2412,vch01200,map01200
Q9KPF6,vch:VC_2412,vch01210,map01210
Q9KPF6,vch:VC_2412,vch01240,map01240
Q9KPG1,vch:VC_2407,vch00550,map00550
Q9KPG1,vch:VC_2407,vch01100,map01100
Q9KPG1,vch:VC_2407,vch01501,map01501
Q9KPG3,vch:VC_2405,vch00300,map00300
Q9KPG3,vch:VC_2405,vch00550,map00550
Q9KPG3,vch:VC_2405,vch01100,map01100
Q9KPG3,vch:VC_2405,vch01502,map01502
Q9KPG4,vch:VC_2404,vch00550,map00550
Q9KPG4,vch:VC_2404,vch01100,map01100
Q9KPG4,vch:VC_2404,vch01502,map01502
Q9KPG5,vch:VC_2403,vch00470,map00470
Q9KPG5,vch:VC_2403,vch00550,map00550
Q9KPG5,vch:VC_2403,vch01100,map01100
Q9KPG6,vch:VC_2402,vch00550,map00550
Q9KPG7,vch:VC_2401,vch00550,map00550
Q9KPG7,vch:VC_2401,vch01100,map01100
Q9KPG7,vch:VC_2401,vch01502,map01502
Q9KPG8,vch:VC_2400,vch00550,map00550
Q9KPG8,vch:VC_2400,vch01100,map01100
Q9KPH2,vch:VC_2396,vch00540,map00540
Q9KPH2,vch:VC_2396,vch01100,map01100
Q9KPH4,vch:VC_2394,vch02024,map02024
Q9KPH4,vch:VC_2394,vch03060,map03060
Q9KPH4,vch:VC_2394,vch03070,map03070
Q9KPH7,vch:VC_2391,vch00261,map00261
Q9KPH7,vch:VC_2391,vch00300,map00300
Q9KPH7,vch:VC_2391,vch01100,map01100
Q9KPH7,vch:VC_2391,vch01110,map01110
Q9KPH7,vch:VC_2391,vch01120,map01120
Q9KPH7,vch:VC_2391,vch01230,map01230
Q9KPI6,vch:VC_2381,vch02010,map02010
Q9KPI8,vch:VC_2379,vch00270,map00270
Q9KPI8,vch:VC_2379,vch01100,map01100
Q9KPI8,vch:VC_2379,vch01230,map01230
Q9KPJ1,vch:VC_2376,vch00250,map00250
Q9KPJ1,vch:VC_2376,vch00910,map00910
Q9KPJ1,vch:VC_2376,vch01100,map01100
Q9KPJ1,vch:VC_2376,vch01110,map01110
Q9KPJ1,vch:VC_2376,vch01120,map01120
Q9KPJ1,vch:VC_2376,vch01230,map01230
Q9KPK7,vch:VC_2360,vch03410,map03410
Q9KPL7,vch:VC_2350,vch00030,map00030
Q9KPL7,vch:VC_2350,vch01100,map01100
Q9KPL8,vch:VC_2349,vch00240,map00240
Q9KPL8,vch:VC_2349,vch01100,map01100
Q9KPL8,vch:VC_2349,vch01232,map01232
Q9KPL9,vch:VC_2348,vch00030,map00030
Q9KPL9,vch:VC_2348,vch00230,map00230
Q9KPL9,vch:VC_2348,vch01100,map01100
Q9KPM0,vch:VC_2347,vch00230,map00230
Q9KPM0,vch:VC_2347,vch00760,map00760
Q9KPM0,vch:VC_2347,vch01100,map01100
Q9KPM0,vch:VC_2347,vch01110,map01110
Q9KPM0,vch:VC_2347,vch01232,map01232
Q9KPM2,vch:VC_2345,vch00260,map00260
Q9KPM2,vch:VC_2345,vch00680,map00680
Q9KPM2,vch:VC_2345,vch01100,map01100
Q9KPM2,vch:VC_2345,vch01110,map01110
Q9KPM2,vch:VC_2345,vch01120,map01120
Q9KPM2,vch:VC_2345,vch01200,map01200
Q9KPM2,vch:VC_2345,vch01230,map01230
Q9KPN7,vch:VC_2329,vch00300,map00300
Q9KPN7,vch:VC_2329,vch01100,map01100
Q9KPN7,vch:VC_2329,vch01120,map01120
Q9KPN7,vch:VC_2329,vch01230,map01230
Q9KPP7,vch:VC_2319,vch03440,map03440
Q9KPQ9,vch:VC_2307,vch00770,map00770
Q9KPQ9,vch:VC_2307,vch01100,map01100
Q9KPQ9,vch:VC_2307,vch01110,map01110
Q9KPQ9,vch:VC_2307,vch01240,map01240
Q9KPT8,vch:VC_2274,vch00330,map00330
Q9KPT8,vch:VC_2274,vch00332,map00332
Q9KPT8,vch:VC_2274,vch01100,map01100
Q9KPT8,vch:VC_2274,vch01110,map01110
Q9KPT8,vch:VC_2274,vch01230,map01230
Q9KPT9,vch:VC_2273,vch00330,map00330
Q9KPT9,vch:VC_2273,vch00332,map00332
Q9KPT9,vch:VC_2273,vch01100,map01100
Q9KPT9,vch:VC_2273,vch01110,map01110
Q9KPT9,vch:VC_2273,vch01230,map01230
Q9KPU1,vch:VC_2271,vch00740,map00740
Q9KPU1,vch:VC_2271,vch01100,map01100
Q9KPU1,vch:VC_2271,vch01110,map01110
Q9KPU1,vch:VC_2271,vch01240,map01240
Q9KPU1,vch:VC_2271,vch02024,map02024
Q9KPU3,vch:VC_2269,vch00740,map00740
Q9KPU3,vch:VC_2269,vch00790,map00790
Q9KPU3,vch:VC_2269,vch01100,map01100
Q9KPU3,vch:VC_2269,vch01110,map01110
Q9KPU3,vch:VC_2269,vch01240,map01240
Q9KPU4,vch:VC_2268,vch00740,map00740
Q9KPU4,vch:VC_2268,vch01100,map01100
Q9KPU4,vch:VC_2268,vch01110,map01110
Q9KPU4,vch:VC_2268,vch01240,map01240
Q9KPU6,vch:VC_2266,vch00730,map00730
Q9KPU6,vch:VC_2266,vch01100,map01100
Q9KPU6,vch:VC_2266,vch01240,map01240
Q9KPV0,vch:VC_2262,vch02020,map02020
Q9KPV4,vch:VC_2258,vch00240,map00240
Q9KPV4,vch:VC_2258,vch01100,map01100
Q9KPV4,vch:VC_2258,vch01232,map01232
Q9KPV4,vch:VC_2258,vch01240,map01240
Q9KPV6,vch:VC_2256,vch00550,map00550
Q9KPV6,vch:VC_2256,vch00900,map00900
Q9KPV6,vch:VC_2256,vch01110,map01110
Q9KPV8,vch:VC_2254,vch00900,map00900
Q9KPV8,vch:VC_2254,vch01100,map01100
Q9KPV8,vch:VC_2254,vch01110,map01110
Q9KPW3,vch:VC_2249,vch00061,map00061
Q9KPW3,vch:VC_2249,vch00780,map00780
Q9KPW3,vch:VC_2249,vch01100,map01100
Q9KPW3,vch:VC_2249,vch01212,map01212
Q9KPW3,vch:VC_2249,vch01240,map01240
Q9KPW8,vch:VC_2244,vch00061,map00061
Q9KPW8,vch:VC_2244,vch00620,map00620
Q9KPW8,vch:VC_2244,vch00640,map00640
Q9KPW8,vch:VC_2244,vch00720,map00720
Q9KPW8,vch:VC_2244,vch01100,map01100
Q9KPW8,vch:VC_2244,vch01110,map01110
Q9KPW8,vch:VC_2244,vch01120,map01120
Q9KPW8,vch:VC_2244,vch01200,map01200
Q9KPW8,vch:VC_2244,vch01212,map01212
Q9KPX6,vch:VC_2236,vch00620,map00620
Q9KPX6,vch:VC_2236,vch01100,map01100
Q9KPX8,vch:VC_2234,vch03030,map03030
Q9KPX9,vch:VC_2233,vch03030,map03030
Q9KPX9,vch:VC_2233,vch03430,map03430
Q9KPX9,vch:VC_2233,vch03440,map03440
Q9KPY1,vch:VC_2231,vch00071,map00071
Q9KPY1,vch:VC_2231,vch01100,map01100
Q9KPY1,vch:VC_2231,vch01212,map01212
Q9KPY2,vch:VC_2230,vch00541,map00541
Q9KPY2,vch:VC_2230,vch01100,map01100
Q9KPY2,vch:VC_2230,vch01250,map01250
Q9KPY5,vch:VC_2227,vch00230,map00230
Q9KPY5,vch:VC_2227,vch00670,map00670
Q9KPY5,vch:VC_2227,vch01100,map01100
Q9KPY5,vch:VC_2227,vch01110,map01110
Q9KPY6,vch:VC_2226,vch00230,map00230
Q9KPY6,vch:VC_2226,vch01100,map01100
Q9KPY6,vch:VC_2226,vch01110,map01110
Q9KPY7,vch:VC_2225,vch00240,map00240
Q9KPY7,vch:VC_2225,vch01100,map01100
Q9KPY7,vch:VC_2225,vch01232,map01232
Q9KQ13,vch:VC_2194,vch02040,map02040
Q9KQ15,vch:VC_2192,vch02040,map02040
Q9KQ23,vch:VC_2182,vch00900,map00900
Q9KQ23,vch:VC_2182,vch01100,map01100
Q9KQ23,vch:VC_2182,vch01110,map01110
Q9KQ24,vch:VC_2180,vch00860,map00860
Q9KQ24,vch:VC_2180,vch01100,map01100
Q9KQ24,vch:VC_2180,vch01110,map01110
Q9KQ24,vch:VC_2180,vch01120,map01120
Q9KQ24,vch:VC_2180,vch01240,map01240
Q9KQ30,vch:VC_2174,vch00230,map00230
Q9KQ30,vch:VC_2174,vch00240,map00240
Q9KQ30,vch:VC_2174,vch00760,map00760
Q9KQ30,vch:VC_2174,vch01100,map01100
Q9KQ30,vch:VC_2174,vch01110,map01110
Q9KQ30,vch:VC_2174,vch01232,map01232
Q9KQ47,vch:VC_2157,vch00261,map00261
Q9KQ47,vch:VC_2157,vch00300,map00300
Q9KQ47,vch:VC_2157,vch01100,map01100
Q9KQ47,vch:VC_2157,vch01110,map01110
Q9KQ47,vch:VC_2157,vch01120,map01120
Q9KQ47,vch:VC_2157,vch01230,map01230
Q9KQ52,vch:VC_2152,vch00300,map00300
Q9KQ52,vch:VC_2152,vch01100,map01100
Q9KQ52,vch:VC_2152,vch01120,map01120
Q9KQ52,vch:VC_2152,vch01230,map01230
Q9KQ63,vch:VC_2140,vch02040,map02040
Q9KQ85,vch:VC_2116,vch00400,map00400
Q9KQ85,vch:VC_2116,vch01100,map01100
Q9KQ85,vch:VC_2116,vch01110,map01110
Q9KQ85,vch:VC_2116,vch01230,map01230
Q9KQ92,vch:VC_2108,vch00750,map00750
Q9KQ92,vch:VC_2108,vch01100,map01100
Q9KQ92,vch:VC_2108,vch01240,map01240
Q9KQB1,vch:VC_2089,vch00020,map00020
Q9KQB1,vch:VC_2089,vch00190,map00190
Q9KQB1,vch:VC_2089,vch00650,map00650
Q9KQB1,vch:VC_2089,vch00720,map00720
Q9KQB1,vch:VC_2089,vch01100,map01100
Q9KQB1,vch:VC_2089,vch01110,map01110
Q9KQB1,vch:VC_2089,vch01120,map01120
Q9KQB1,vch:VC_2089,vch01200,map01200
Q9KQB2,vch:VC_2088,vch00020,map00020
Q9KQB2,vch:VC_2088,vch00190,map00190
Q9KQB2,vch:VC_2088,vch00650,map00650
Q9KQB2,vch:VC_2088,vch00720,map00720
Q9KQB2,vch:VC_2088,vch01100,map01100
Q9KQB2,vch:VC_2088,vch01110,map01110
Q9KQB2,vch:VC_2088,vch01120,map01120
Q9KQB2,vch:VC_2088,vch01200,map01200
Q9KQB5,vch:VC_2085,vch00020,map00020
Q9KQB5,vch:VC_2085,vch00640,map00640
Q9KQB5,vch:VC_2085,vch00660,map00660
Q9KQB5,vch:VC_2085,vch00720,map00720
Q9KQB5,vch:VC_2085,vch01100,map01100
Q9KQB5,vch:VC_2085,vch01110,map01110
Q9KQB5,vch:VC_2085,vch01120,map01120
Q9KQB5,vch:VC_2085,vch01200,map01200
Q9KQB6,vch:VC_2084,vch00020,map00020
Q9KQB6,vch:VC_2084,vch00640,map00640
Q9KQB6,vch:VC_2084,vch00660,map00660
Q9KQB6,vch:VC_2084,vch00720,map00720
Q9KQB6,vch:VC_2084,vch01100,map01100
Q9KQB6,vch:VC_2084,vch01110,map01110
Q9KQB6,vch:VC_2084,vch01120,map01120
Q9KQB6,vch:VC_2084,vch01200,map01200
Q9KQB8,vch:VC_2082,vch02010,map02010
Q9KQD4,vch:VC_2066,vch02020,map02020
Q9KQD4,vch:VC_2066,vch02040,map02040
Q9KQD4,vch:VC_2066,vch05111,map05111
Q9KQD5,vch:VC_2065,vch02020,map02020
Q9KQD5,vch:VC_2065,vch02030,map02030
Q9KQD8,vch:VC_2062,vch02020,map02020
Q9KQD8,vch:VC_2062,vch02030,map02030
Q9KQE3,vch:VC_2057,vch02010,map02010
Q9KQH4,vch:VC_2024,vch00561,map00561
Q9KQH4,vch:VC_2024,vch01100,map01100
Q9KQH4,vch:VC_2024,vch01110,map01110
Q9KQH5,vch:VC_2023,vch00061,map00061
Q9KQH5,vch:VC_2023,vch01100,map01100
Q9KQH5,vch:VC_2023,vch01212,map01212
Q9KQH7,vch:VC_2021,vch00061,map00061
Q9KQH7,vch:VC_2021,vch00780,map00780
Q9KQH7,vch:VC_2021,vch01100,map01100
Q9KQH7,vch:VC_2021,vch01110,map01110
Q9KQH7,vch:VC_2021,vch01212,map01212
Q9KQH7,vch:VC_2021,vch01240,map01240
Q9KQH8,vch:VC_2020,vch01100,map01100
Q9KQH8,vch:VC_2020,vch01110,map01110
Q9KQH9,vch:VC_2019,vch00061,map00061
Q9KQH9,vch:VC_2019,vch00780,map00780
Q9KQH9,vch:VC_2019,vch01100,map01100
Q9KQH9,vch:VC_2019,vch01212,map01212
Q9KQH9,vch:VC_2019,vch01240,map01240
Q9KQI0,vch:VC_2018,vch00790,map00790
Q9KQI0,vch:VC_2018,vch01240,map01240
Q9KQI2,vch:VC_2016,vch00240,map00240
Q9KQI2,vch:VC_2016,vch01100,map01100
Q9KQI2,vch:VC_2016,vch01232,map01232
Q9KQJ0,vch:VC_2008,vch00010,map00010
Q9KQJ0,vch:VC_2008,vch00620,map00620
Q9KQJ0,vch:VC_2008,vch01100,map01100
Q9KQJ0,vch:VC_2008,vch01110,map01110
Q9KQJ0,vch:VC_2008,vch01120,map01120
Q9KQJ0,vch:VC_2008,vch01200,map01200
Q9KQJ0,vch:VC_2008,vch01230,map01230
Q9KQM0,vch:VC_1978,vch00230,map00230
Q9KQM0,vch:VC_1978,vch00240,map00240
Q9KQM0,vch:VC_1978,vch01100,map01100
Q9KQM0,vch:VC_1978,vch01232,map01232
Q9KQM2,vch:VC_1976,vch00130,map00130
Q9KQM2,vch:VC_1976,vch01053,map01053
Q9KQM2,vch:VC_1976,vch01100,map01100
Q9KQM2,vch:VC_1976,vch01110,map01110
Q9KQM2,vch:VC_1976,vch01240,map01240
Q9KQM3,vch:VC_1975,vch00130,map00130
Q9KQM3,vch:VC_1975,vch01100,map01100
Q9KQM3,vch:VC_1975,vch01110,map01110
Q9KQM3,vch:VC_1975,vch01240,map01240
Q9KQM5,vch:VC_1973,vch00130,map00130
Q9KQM5,vch:VC_1973,vch01100,map01100
Q9KQM5,vch:VC_1973,vch01110,map01110
Q9KQM5,vch:VC_1973,vch01240,map01240
Q9KQM6,vch:VC_1972,vch00130,map00130
Q9KQM6,vch:VC_1972,vch01100,map01100
Q9KQM6,vch:VC_1972,vch01110,map01110
Q9KQM6,vch:VC_1972,vch01240,map01240
Q9KQQ6,vch:VC_1942,vch00670,map00670
Q9KQQ6,vch:VC_1942,vch00720,map00720
Q9KQQ6,vch:VC_1942,vch01100,map01100
Q9KQQ6,vch:VC_1942,vch01120,map01120
Q9KQQ6,vch:VC_1942,vch01200,map01200
Q9KQQ6,vch:VC_1942,vch01240,map01240
Q9KQR9,vch:VC_1929,vch02020,map02020
Q9KQT2,vch:VC_1916,vch00240,map00240
Q9KQT2,vch:VC_1916,vch01100,map01100
Q9KQT2,vch:VC_1916,vch01232,map01232
Q9KQT7,vch:VC_1911,vch00240,map00240
Q9KQT7,vch:VC_1911,vch01100,map01100
Q9KQT7,vch:VC_1911,vch01240,map01240
Q9KQW2,vch:VC_1886,vch03420,map03420
Q9KQX0,vch:VC_1877,vch00540,map00540
Q9KQX0,vch:VC_1877,vch01100,map01100
Q9KQX2,vch:VC_1875,vch00541,map00541
Q9KQX2,vch:VC_1875,vch01100,map01100
Q9KQX2,vch:VC_1875,vch01250,map01250
Q9KQZ7,vch:VC_1850,vch00540,map00540
Q9KQZ7,vch:VC_1850,vch01100,map01100
Q9KQZ9,vch:VC_1848,vch00970,map00970
Q9KR00,vch:VC_1847,vch03440,map03440
Q9KR01,vch:VC_1846,vch03440,map03440
Q9KR02,vch:VC_1845,vch03440,map03440
Q9KR14,vch:VC_1833,vch00760,map00760
Q9KR14,vch:VC_1833,vch01100,map01100
Q9KR14,vch:VC_1833,vch01240,map01240
Q9KR20,vch:VC_1827,vch00051,map00051
Q9KR20,vch:VC_1827,vch00520,map00520
Q9KR20,vch:VC_1827,vch01100,map01100
Q9KR20,vch:VC_1827,vch01110,map01110
Q9KR20,vch:VC_1827,vch01240,map01240
Q9KR20,vch:VC_1827,vch01250,map01250
Q9KR61,vch:VC_1782,vch00520,map00520
Q9KR61,vch:VC_1782,vch00541,map00541
Q9KR61,vch:VC_1782,vch01100,map01100
Q9KR64,vch:VC_1779,vch02020,map02020
Q9KR65,vch:VC_1778,vch02020,map02020
Q9KR66,vch:VC_1777,vch02020,map02020
Q9KRB5,vch:VC_1727,vch00500,map00500
Q9KRB5,vch:VC_1727,vch00520,map00520
Q9KRB5,vch:VC_1727,vch01100,map01100
Q9KRB5,vch:VC_1727,vch01110,map01110
Q9KRB5,vch:VC_1727,vch01250,map01250
Q9KRD8,vch:VC_1704,vch00270,map00270
Q9KRD8,vch:VC_1704,vch00450,map00450
Q9KRD8,vch:VC_1704,vch01100,map01100
Q9KRD8,vch:VC_1704,vch01110,map01110
Q9KRD8,vch:VC_1704,vch01230,map01230
Q9KRF0,vch:VC_1692,vch00680,map00680
Q9KRF0,vch:VC_1692,vch01100,map01100
Q9KRF0,vch:VC_1692,vch01120,map01120
Q9KRF0,vch:VC_1692,vch02020,map02020
Q9KRL3,vch:VC_1624,vch00330,map00330
Q9KRL3,vch:VC_1624,vch01100,map01100
Q9KRM5,vch:VC_1611,vch00270,map00270
Q9KRM5,vch:VC_1611,vch00920,map00920
Q9KRM5,vch:VC_1611,vch01100,map01100
Q9KRM5,vch:VC_1611,vch01110,map01110
Q9KRM5,vch:VC_1611,vch01120,map01120
Q9KRM5,vch:VC_1611,vch01230,map01230
O32583,eco:b4407,eco04122,map04122
P00350,eco:b2029,eco00030,map00030
P00350,eco:b2029,eco00480,map00480
P00350,eco:b2029,eco01100,map01100
P00350,eco:b2029,eco01110,map01110
P00350,eco:b2029,eco01120,map01120
P00350,eco:b2029,eco01200,map01200
P00363,eco:b4154,eco00020,map00020
P00363,eco:b4154,eco00190,map00190
P00363,eco:b4154,eco00620,map00620
P00363,eco:b4154,eco00650,map00650
P00363,eco:b4154,eco00720,map00720
P00363,eco:b4154,eco01100,map01100
P00363,eco:b4154,eco01110,map01110
P00363,eco:b4154,eco01120,map01120
P00363,eco:b4154,eco01200,map01200
P00363,eco:b4154,eco02020,map02020
P00370,eco:b1761,eco00220,map00220
P00370,eco:b1761,eco00250,map00250
P00370,eco:b1761,eco00910,map00910
P00370,eco:b1761,eco01100,map01100
P00370,eco:b1761,eco01120,map01120
P00393,eco:b1109,eco00190,map00190
P00393,eco:b1109,eco01100,map01100
P00448,eco:b3908,eco04146,map04146
P00452,eco:b2234,eco00230,map00230
P00452,eco:b2234,eco00240,map00240
P00452,eco:b2234,eco01100,map01100
P00452,eco:b2234,eco01232,map01232
P00490,eco:b3417,eco00500,map00500
P00490,eco:b3417,eco01100,map01100
P00490,eco:b3417,eco01110,map01110
P00490,eco:b3417,eco02026,map02026
P00509,eco:b0928,eco00220,map00220
P00509,eco:b0928,eco00250,map00250
P00509,eco:b0928,eco00270,map00270
P00509,eco:b0928,eco00330,map00330
P00509,eco:b0928,eco00350,map00350
P00509,eco:b0928,eco00360,map00360
P00509,eco:b0928,eco00400,map00400
P00509,eco:b0928,eco00401,map00401
P00509,eco:b0928,eco01100,map01100
P00509,eco:b0928,eco01110,map01110
P00509,eco:b0928,eco01210,map01210
P00509,eco:b0928,eco01230,map01230
P00550,eco:b3599,eco00051,map00051
P00550,eco:b3599,eco01100,map01100
P00550,eco:b3599,eco02060,map02060
P00561,eco:b0002,eco00260,map00260
P00561,eco:b0002,eco00261,map00261
P00561,eco:b0002,eco00270,map00270
P00561,eco:b0002,eco00300,map00300
P00561,eco:b0002,eco01100,map01100
P00561,eco:b0002,eco01110,map01110
P00561,eco:b0002,eco01120,map01120
P00561,eco:b0002,eco01230,map01230
P00562,eco:b3940,eco00260,map00260
P00562,eco:b3940,eco00261,map00261
P00562,eco:b3940,eco00270,map00270
P00562,eco:b3940,eco00300,map00300
P00562,eco:b3940,eco01100,map01100
P00562,eco:b3940,eco01110,map01110
P00562,eco:b3940,eco01120,map01120
P00562,eco:b3940,eco01230,map01230
P00579,eco:b3067,eco02040,map02040
P00582,eco:b3863,eco03030,map03030
P00582,eco:b3863,eco03410,map03410
P00582,eco:b3863,eco03420,map03420
P00582,eco:b3863,eco03440,map03440
P00634,eco:b0383,eco00730,map00730
P00634,eco:b0383,eco00790,map00790
P00634,eco:b0383,eco01100,map01100
P00634,eco:b0383,eco01240,map01240
P00634,eco:b0383,eco02020,map02020
P00722,eco:b0344,eco00052,map00052
P00722,eco:b0344,eco00511,map00511
P00722,eco:b0344,eco00600,map00600
P00722,eco:b0344,eco01100,map01100
P00803,eco:b2568,eco03060,map03060
P00804,eco:b0027,eco03060,map03060
P00805,eco:b2957,eco00250,map00250
P00805,eco:b2957,eco00460,map00460
P00805,eco:b2957,eco01100,map01100
P00805,eco:b2957,eco01110,map01110
P00811,eco:b4150,eco01501,map01501
P00811,eco:b4150,eco02020,map02020
P00861,eco:b2838,eco00300,map00300
P00861,eco:b2838,eco00470,map00470
P00861,eco:b2838,eco01100,map01100
P00861,eco:b2838,eco01110,map01110
P00861,eco:b2838,eco01120,map01120
P00861,eco:b2838,eco01230,map01230
P00864,eco:b3956,eco00620,map00620
P00864,eco:b3956,eco00680,map00680
P00864,eco:b3956,eco00710,map00710
P00864,eco:b3956,eco00720,map00720
P00864,eco:b3956,eco01100,map01100
P00864,eco:b3956,eco01120,map01120
P00864,eco:b3956,eco01200,map01200
P00893,eco:b0077,eco00290,map00290
P00893,eco:b0077,eco00650,map00650
P00893,eco:b0077,eco00660,map00660
P00893,eco:b0077,eco00770,map00770
P00893,eco:b0077,eco01100,map01100
P00893,eco:b0077,eco01110,map01110
P00893,eco:b0077,eco01210,map01210
P00893,eco:b0077,eco01230,map01230
P00894,eco:b0078,eco00290,map00290
P00894,eco:b0078,eco00650,map00650
P00894,eco:b0078,eco00660,map00660
P00894,eco:b0078,eco00770,map00770
P00894,eco:b0078,eco01100,map01100
P00894,eco:b0078,eco01110,map01110
P00894,eco:b0078,eco01210,map01210
P00894,eco:b0078,eco01230,map01230
P00903,eco:b3360,eco00790,map00790
P00903,eco:b3360,eco01240,map01240
P00904,eco:b1263,eco00400,map00400
P00904,eco:b1263,eco01100,map01100
P00904,eco:b1263,eco01110,map01110
P00904,eco:b1263,eco01230,map01230
P00926,eco:b2366,eco00260,map00260
P00926,eco:b2366,eco00470,map00470
P00926,eco:b2366,eco01100,map01100
P00935,eco:b3939,eco00270,map00270
P00935,eco:b3939,eco00450,map00450
P00935,eco:b3939,eco00920,map00920
P00935,eco:b3939,eco01100,map01100
P00935,eco:b3939,eco01110,map01110
P00935,eco:b3939,eco01120,map01120
P00935,eco:b3939,eco01230,map01230
P00936,eco:b3806,eco00230,map00230
P00936,eco:b3806,eco01100,map01100
P00936,eco:b3806,eco02026,map02026
P00946,eco:b1613,eco00051,map00051
P00946,eco:b1613,eco00520,map00520
P00946,eco:b1613,eco01100,map01100
P00946,eco:b1613,eco01110,map01110
P00946,eco:b1613,eco01240,map01240
P00946,eco:b1613,eco01250,map01250
P00956,eco:b0026,eco00970,map00970
P00957,eco:b2697,eco00970,map00970
P00959,eco:b2114,eco00450,map00450
P00959,eco:b2114,eco00970,map00970
P00959,eco:b2114,eco01100,map01100
P00962,eco:b0680,eco00970,map00970
P00962,eco:b0680,eco01100,map01100
P00963,eco:b3744,eco00250,map00250
P00963,eco:b3744,eco00460,map00460
P00963,eco:b3744,eco01100,map01100
P00963,eco:b3744,eco01110,map01110
P00963,eco:b3744,eco01230,map01230
P00968,eco:b0033,eco00220,map00220
P00968,eco:b0033,eco00240,map00240
P00968,eco:b0033,eco00250,map00250
P00968,eco:b0033,eco01100,map01100
P00968,eco:b0033,eco01110,map01110
P00968,eco:b0033,eco01240,map01240
P02358,eco:b4200,eco03010,map03010
P02359,eco:b3341,eco03010,map03010
P02916,eco:b4033,eco02010,map02010
P02918,eco:b3396,eco00550,map00550
P02918,eco:b3396,eco01100,map01100
P02918,eco:b3396,eco01501,map01501
P02919,eco:b0149,eco00550,map00550
P02919,eco:b0149,eco01100,map01100
P02925,eco:b3751,eco02010,map02010
P02925,eco:b3751,eco02030,map02030
P02930,eco:b3035,eco01501,map01501
P02930,eco:b3035,eco01503,map01503
P02930,eco:b3035,eco02020,map02020
P02930,eco:b3035,eco03070,map03070
P02931,eco:b0929,eco01501,map01501
P02931,eco:b0929,eco02020,map02020
P02942,eco:b4355,eco02020,map02020
P02942,eco:b4355,eco02030,map02030
P03004,eco:b3702,eco02020,map02020
P03007,eco:b0215,eco03030,map03030
P03007,eco:b0215,eco03430,map03430
P03007,eco:b0215,eco03440,map03440
P03018,eco:b3813,eco03420,map03420
P03018,eco:b3813,eco03430,map03430
P03959,eco:b0698,eco02020,map02020
P03960,eco:b0697,eco02020,map02020
P03961,eco:b0696,eco02020,map02020
P04036,eco:b0031,eco00261,map00261
P04036,eco:b0031,eco00300,map00300
P04036,eco:b0031,eco01100,map01100
P04036,eco:b0031,eco01110,map01110
P04036,eco:b0031,eco01120,map01120
P04036,eco:b0031,eco01230,map01230
P04079,eco:b2507,eco00230,map00230
P04079,eco:b2507,eco01100,map01100
P04079,eco:b2507,eco01232,map01232
P04391,eco:b4254,eco00220,map00220
P04391,eco:b4254,eco01100,map01100
P04391,eco:b4254,eco01110,map01110
P04391,eco:b4254,eco01230,map01230
P04395,eco:b2068,eco03410,map03410
P04425,eco:b2947,eco00270,map00270
P04425,eco:b2947,eco00480,map00480
P04425,eco:b2947,eco01100,map01100
P04425,eco:b2947,eco01240,map01240
P04693,eco:b4054,eco00270,map00270
P04693,eco:b4054,eco00350,map00350
P04693,eco:b4054,eco00360,map00360
P04693,eco:b4054,eco00400,map00400
P04693,eco:b4054,eco00401,map00401
P04693,eco:b4054,eco01100,map01100
P04693,eco:b4054,eco01110,map01110
P04693,eco:b4054,eco01230,map01230
P04805,eco:b2400,eco00860,map00860
P04805,eco:b2400,eco00970,map00970
P04805,eco:b2400,eco01100,map01100
P04805,eco:b2400,eco01110,map01110
P04805,eco:b2400,eco01120,map01120
P04805,eco:b2400,eco01240,map01240
P04825,eco:b0932,eco00480,map00480
P04825,eco:b0932,eco01100,map01100
P04968,eco:b3772,eco00260,map00260
P04968,eco:b3772,eco00290,map00290
P04968,eco:b3772,eco01100,map01100
P04968,eco:b3772,eco01110,map01110
P04968,eco:b3772,eco01200,map01200
P04968,eco:b3772,eco01230,map01230
P04982,eco:b3748,eco02010,map02010
P04983,eco:b3749,eco02010,map02010
P04993,eco:b2819,eco03440,map03440
P04994,eco:b2509,eco03430,map03430
P04995,eco:b2011,eco03430,map03430
P05020,eco:b1062,eco00240,map00240
P05020,eco:b1062,eco01100,map01100
P05020,eco:b1062,eco01240,map01240
P05041,eco:b1812,eco00790,map00790
P05041,eco:b1812,eco01240,map01240
P05042,eco:b1611,eco00020,map00020
P05042,eco:b1611,eco00620,map00620
P05042,eco:b1611,eco00720,map00720
P05042,eco:b1611,eco01100,map01100
P05042,eco:b1611,eco01110,map01110
P05042,eco:b1611,eco01120,map01120
P05042,eco:b1611,eco01200,map01200
P05055,eco:b3164,eco03018,map03018
P05194,eco:b1693,eco00400,map00400
P05194,eco:b1693,eco01100,map01100
P05194,eco:b1693,eco01110,map01110
P05194,eco:b1693,eco01230,map01230
P05523,eco:b3635,eco03410,map03410
P05637,eco:b0049,eco00230,map00230
P05637,eco:b0049,eco01100,map01100
P05704,eco:b1421,eco02020,map02020
P05704,eco:b1421,eco02030,map02030
P05791,eco:b3771,eco00290,map00290
P05791,eco:b3771,eco00770,map00770
P05791,eco:b3771,eco01100,map01100
P05791,eco:b3771,eco01110,map01110
P05791,eco:b3771,eco01210,map01210
P05791,eco:b3771,eco01230,map01230
P05793,eco:b3774,eco00290,map00290
P05793,eco:b3774,eco00770,map00770
P05793,eco:b3774,eco01100,map01100
P05793,eco:b3774,eco01110,map01110
P05793,eco:b3774,eco01210,map01210
P05793,eco:b3774,eco01230,map01230
P05804,eco:b1617,eco00040,map00040
P05804,eco:b1617,eco00053,map00053
P05804,eco:b1617,eco00860,map00860
P05804,eco:b1617,eco01100,map01100
P05804,eco:b1617,eco01110,map01110
P05804,eco:b1617,eco01240,map01240
P05825,eco:b0584,eco02020,map02020
P06149,eco:b2133,eco00620,map00620
P06149,eco:b2133,eco01100,map01100
P06149,eco:b2133,eco01120,map01120
P06609,eco:b1711,eco02010,map02010
P06611,eco:b1709,eco02010,map02010
P06709,eco:b3973,eco00780,map00780
P06709,eco:b3973,eco01100,map01100
P06710,eco:b0470,eco03030,map03030
P06710,eco:b0470,eco03430,map03430
P06710,eco:b0470,eco03440,map03440
P06715,eco:b3500,eco00480,map00480
P06715,eco:b3500,eco01100,map01100
P06721,eco:b3008,eco00270,map00270
P06721,eco:b3008,eco00450,map00450
P06721,eco:b3008,eco01100,map01100
P06721,eco:b3008,eco01110,map01110
P06721,eco:b3008,eco01230,map01230
P06722,eco:b2831,eco03430,map03430
P06959,eco:b0115,eco00010,map00010
P06959,eco:b0115,eco00020,map00020
P06959,eco:b0115,eco00620,map00620
P06959,eco:b0115,eco00785,map00785
P06959,eco:b0115,eco01100,map01100
P06959,eco:b0115,eco01110,map01110
P06959,eco:b0115,eco01120,map01120
P06959,eco:b0115,eco01200,map01200
P06959,eco:b0115,eco01210,map01210
P06960,eco:b0273,eco00220,map00220
P06960,eco:b0273,eco01100,map01100
P06960,eco:b0273,eco01110,map01110
P06960,eco:b0273,eco01230,map01230
P06968,eco:b3640,eco00240,map00240
P06968,eco:b3640,eco01100,map01100
P06968,eco:b3640,eco01232,map01232
P06972,eco:b0153,eco02010,map02010
P06974,eco:b1945,eco02030,map02030
P06974,eco:b1945,eco02040,map02040
P06983,eco:b3805,eco00860,map00860
P06983,eco:b3805,eco01100,map01100
P06983,eco:b3805,eco01110,map01110
P06983,eco:b3805,eco01120,map01120
P06983,eco:b3805,eco01240,map01240
P06988,eco:b2020,eco00340,map00340
P06988,eco:b2020,eco01100,map01100
P06988,eco:b2020,eco01110,map01110
P06988,eco:b2020,eco01230,map01230
P06996,eco:b2215,eco01501,map01501
P06996,eco:b2215,eco02020,map02020
P06999,eco:b1723,eco00010,map00010
P06999,eco:b1723,eco00030,map00030
P06999,eco:b1723,eco00051,map00051
P06999,eco:b1723,eco00052,map00052
P06999,eco:b1723,eco00680,map00680
P06999,eco:b1723,eco01100,map01100
P06999,eco:b1723,eco01110,map01110
P06999,eco:b1723,eco01120,map01120
P06999,eco:b1723,eco01200,map01200
P06999,eco:b1723,eco01230,map01230
P07001,eco:b1603,eco00760,map00760
P07001,eco:b1603,eco01100,map01100
P07003,eco:b0871,eco00620,map00620
P07003,eco:b0871,eco01100,map01100
P07004,eco:b0243,eco00330,map00330
P07004,eco:b0243,eco00332,map00332
P07004,eco:b0243,eco01100,map01100
P07004,eco:b0243,eco01110,map01110
P07004,eco:b0243,eco01230,map01230
P07013,eco:b4201,eco03440,map03440
P07014,eco:b0724,eco00020,map00020
P07014,eco:b0724,eco00190,map00190
P07014,eco:b0724,eco00650,map00650
P07014,eco:b0724,eco00720,map00720
P07014,eco:b0724,eco01100,map01100
P07014,eco:b0724,eco01110,map01110
P07014,eco:b0724,eco01120,map01120
P07014,eco:b0724,eco01200,map01200
P07017,eco:b1886,eco02020,map02020
P07017,eco:b1886,eco02030,map02030
P07024,eco:b0480,eco00230,map00230
P07024,eco:b0480,eco00240,map00240
P07024,eco:b0480,eco00760,map00760
P07024,eco:b0480,eco01100,map01100
P07024,eco:b0480,eco01110,map01110
P07024,eco:b0480,eco01232,map01232
P07102,eco:b0980,eco00562,map00562
P07102,eco:b0980,eco00740,map00740
P07102,eco:b0980,eco01100,map01100
P07118,eco:b4258,eco00970,map00970
P07330,eco:b1883,eco02020,map02020
P07330,eco:b1883,eco02030,map02030
P07395,eco:b1713,eco00970,map00970
P07623,eco:b4013,eco00270,map00270
P07623,eco:b4013,eco00920,map00920
P07623,eco:b4013,eco01100,map01100
P07623,eco:b4013,eco01110,map01110
P07623,eco:b4013,eco01120,map01120
P07623,eco:b4013,eco01230,map01230
P07639,eco:b3389,eco00400,map00400
P07639,eco:b3389,eco01100,map01100
P07639,eco:b3389,eco01110,map01110
P07639,eco:b3389,eco01230,map01230
P07648,eco:b2822,eco03440,map03440
P07658,eco:b4079,eco00680,map00680
P07658,eco:b4079,eco00720,map00720
P07658,eco:b4079,eco01100,map01100
P07658,eco:b4079,eco01120,map01120
P07658,eco:b4079,eco01200,map01200
P07821,eco:b0151,eco02010,map02010
P07822,eco:b0152,eco02010,map02010
P07862,eco:b0092,eco00470,map00470
P07862,eco:b0092,eco00550,map00550
P07862,eco:b0092,eco01100,map01100
P07862,eco:b0092,eco01502,map01502
P07913,eco:b3616,eco00260,map00260
P07913,eco:b3616,eco01100,map01100
P08142,eco:b3671,eco00290,map00290
P08142,eco:b3671,eco00650,map00650
P08142,eco:b3671,eco00660,map00660
P08142,eco:b3671,eco00770,map00770
P08142,eco:b3671,eco01100,map01100
P08142,eco:b3671,eco01110,map01110
P08142,eco:b3671,eco01210,map01210
P08142,eco:b3671,eco01230,map01230
P08179,eco:b2500,eco00230,map00230
P08179,eco:b2500,eco00670,map00670
P08179,eco:b2500,eco01100,map01100
P08179,eco:b2500,eco01110,map01110
P08192,eco:b2315,eco00790,map00790
P08192,eco:b2315,eco01100,map01100
P08192,eco:b2315,eco01240,map01240
P08200,eco:b1136,eco00020,map00020
P08200,eco:b1136,eco00480,map00480
P08200,eco:b1136,eco00720,map00720
P08200,eco:b1136,eco01100,map01100
P08200,eco:b1136,eco01110,map01110
P08200,eco:b1136,eco01120,map01120
P08200,eco:b1136,eco01200,map01200
P08200,eco:b1136,eco01210,map01210
P08200,eco:b1136,eco01230,map01230
P08200,eco:b1136,eco04146,map04146
P08201,eco:b3365,eco00910,map00910
P08201,eco:b3365,eco01100,map01100
P08201,eco:b3365,eco01120,map01120
P08201,eco:b3365,eco01310,map01310
P08202,eco:b0062,eco00040,map00040
P08202,eco:b0062,eco00052,map00052
P08202,eco:b0062,eco01100,map01100
P08203,eco:b0061,eco00040,map00040
P08203,eco:b0061,eco00053,map00053
P08203,eco:b0061,eco01100,map01100
P08203,eco:b0061,eco01120,map01120
P08244,eco:b1281,eco00240,map00240
P08244,eco:b1281,eco01100,map01100
P08244,eco:b1281,eco01240,map01240
P08312,eco:b1714,eco00970,map00970
P08373,eco:b3972,eco00520,map00520
P08373,eco:b3972,eco00550,map00550
P08373,eco:b3972,eco01100,map01100
P08373,eco:b3972,eco01250,map01250
P08394,eco:b2820,eco03440,map03440
P08506,eco:b0839,eco00550,map00550
P08506,eco:b0839,eco01100,map01100
P08660,eco:b4024,eco00260,map00260
P08660,eco:b4024,eco00261,map00261
P08660,eco:b4024,eco00270,map00270
P08660,eco:b4024,eco00300,map00300
P08660,eco:b4024,eco01100,map01100
P08660,eco:b4024,eco01110,map01110
P08660,eco:b4024,eco01120,map01120
P08660,eco:b4024,eco01210,map01210
P08660,eco:b4024,eco01230,map01230
P08839,eco:b2416,eco02060,map02060
P09029,eco:b0522,eco00230,map00230
P09029,eco:b0522,eco01100,map01100
P09029,eco:b0522,eco01110,map01110
P09030,eco:b1749,eco03410,map03410
P09099,eco:b3564,eco00040,map00040
P09099,eco:b3564,eco01100,map01100
P09147,eco:b0759,eco00052,map00052
P09147,eco:b0759,eco00520,map00520
P09147,eco:b0759,eco01100,map01100
P09147,eco:b0759,eco01250,map01250
P09148,eco:b0758,eco00052,map00052
P09148,eco:b0758,eco00520,map00520
P09148,eco:b0758,eco01100,map01100
P09148,eco:b0758,eco01250,map01250
P09152,eco:b1224,eco00910,map00910
P09152,eco:b1224,eco01100,map01100
P09152,eco:b1224,eco01120,map01120
P09152,eco:b1224,eco01310,map01310
P09152,eco:b1224,eco02020,map02020
P09158,eco:b0121,eco00270,map00270
P09158,eco:b0121,eco00330,map00330
P09158,eco:b0121,eco00480,map00480
P09158,eco:b0121,eco01100,map01100
P09158,eco:b0121,eco01110,map01110
P09323,eco:b0679,eco00520,map00520
P09323,eco:b0679,eco02060,map02060
P09348,eco:b1890,eco02020,map02020
P09348,eco:b1890,eco02030,map02030
P09348,eco:b1890,eco02040,map02040
P09373,eco:b0903,eco00620,map00620
P09373,eco:b0903,eco00640,map00640
P09373,eco:b0903,eco00650,map00650
P09373,eco:b0903,eco01100,map01100
P09373,eco:b0903,eco01120,map01120
P09394,eco:b2239,eco00564,map00564
P09546,eco:b1014,eco00250,map00250
P09546,eco:b1014,eco00330,map00330
P09546,eco:b1014,eco01100,map01100
P09546,eco:b1014,eco01110,map01110
P09831,eco:b3212,eco00250,map00250
P09831,eco:b3212,eco00910,map00910
P09831,eco:b3212,eco01100,map01100
P09831,eco:b3212,eco01110,map01110
P09831,eco:b3212,eco01120,map01120
P09831,eco:b3212,eco01230,map01230
P09832,eco:b3213,eco00250,map00250
P09832,eco:b3213,eco00910,map00910
P09832,eco:b3213,eco01100,map01100
P09832,eco:b3213,eco01110,map01110
P09832,eco:b3213,eco01120,map01120
P09832,eco:b3213,eco01230,map01230
P09835,eco:b3668,eco02020,map02020
P0A698,eco:b4058,eco03420,map03420
P0A6A3,eco:b2296,eco00430,map00430
P0A6A3,eco:b2296,eco00620,map00620
P0A6A3,eco:b2296,eco00640,map00640
P0A6A3,eco:b2296,eco00680,map00680
P0A6A3,eco:b2296,eco00720,map00720
P0A6A3,eco:b2296,eco01100,map01100
P0A6A3,eco:b2296,eco01120,map01120
P0A6A3,eco:b2296,eco01200,map01200
P0A6A8,eco:b1094,eco01100,map01100
P0A6A8,eco:b1094,eco01110,map01110
P0A6B4,eco:b4053,eco00470,map00470
P0A6B4,eco:b4053,eco01100,map01100
P0A6B4,eco:b4053,eco01502,map01502
P0A6B7,eco:b2530,eco00730,map00730
P0A6B7,eco:b2530,eco01100,map01100
P0A6B7,eco:b2530,eco01240,map01240
P0A6B7,eco:b2530,eco04122,map04122
P0A6C1,eco:b2159,eco03410,map03410
P0A6C8,eco:b3959,eco00220,map00220
P0A6C8,eco:b3959,eco01100,map01100
P0A6C8,eco:b3959,eco01110,map01110
P0A6C8,eco:b3959,eco01210,map01210
P0A6C8,eco:b3959,eco01230,map01230
P0A6D3,eco:b0908,eco00400,map00400
P0A6D3,eco:b0908,eco01100,map01100
P0A6D3,eco:b0908,eco01110,map01110
P0A6D3,eco:b0908,eco01230,map01230
P0A6D5,eco:b1692,eco00400,map00400
P0A6D5,eco:b1692,eco01100,map01100
P0A6D5,eco:b1692,eco01110,map01110
P0A6D7,eco:b3390,eco00400,map00400
P0A6D7,eco:b3390,eco01100,map01100
P0A6D7,eco:b3390,eco01110,map01110
P0A6D7,eco:b3390,eco01230,map01230
P0A6E1,eco:b0388,eco00400,map00400
P0A6E1,eco:b0388,eco01100,map01100
P0A6E1,eco:b0388,eco01110,map01110
P0A6E1,eco:b0388,eco01230,map01230
P0A6E4,eco:b3172,eco00220,map00220
P0A6E4,eco:b3172,eco00250,map00250
P0A6E4,eco:b3172,eco01100,map01100
P0A6E4,eco:b3172,eco01110,map01110
P0A6E4,eco:b3172,eco01230,map01230
P0A6E6,eco:b3731,eco00190,map00190
P0A6E6,eco:b3731,eco01100,map01100
P0A6F1,eco:b0032,eco00220,map00220
P0A6F1,eco:b0032,eco00240,map00240
P0A6F1,eco:b0032,eco00250,map00250
P0A6F1,eco:b0032,eco01100,map01100
P0A6F1,eco:b0032,eco01110,map01110
P0A6F1,eco:b0032,eco01240,map01240
P0A6F3,eco:b3926,eco00561,map00561
P0A6F3,eco:b3926,eco01100,map01100
P0A6F3,eco:b3926,eco01110,map01110
P0A6F5,eco:b4143,eco03018,map03018
P0A6H8,eco:b1249,eco00564,map00564
P0A6H8,eco:b1249,eco01100,map01100
P0A6I0,eco:b0910,eco00240,map00240
P0A6I0,eco:b0910,eco01100,map01100
P0A6I0,eco:b0910,eco01232,map01232
P0A6I6,eco:b3634,eco00770,map00770
P0A6I6,eco:b3634,eco01100,map01100
P0A6I6,eco:b3634,eco01240,map01240
P0A6J5,eco:b1189,eco00360,map00360
P0A6J5,eco:b1189,eco00470,map00470
P0A6J5,eco:b1189,eco01100,map01100
P0A6K1,eco:b3809,eco00300,map00300
P0A6K1,eco:b3809,eco00470,map00470
P0A6K1,eco:b3809,eco01100,map01100
P0A6K1,eco:b3809,eco01110,map01110
P0A6K1,eco:b3809,eco01120,map01120
P0A6K1,eco:b3809,eco01230,map01230
P0A6K6,eco:b4383,eco00030,map00030
P0A6K6,eco:b4383,eco00230,map00230
P0A6K6,eco:b4383,eco01100,map01100
P0A6L0,eco:b4381,eco00030,map00030
P0A6L0,eco:b4381,eco01100,map01100
P0A6L2,eco:b2478,eco00261,map00261
P0A6L2,eco:b2478,eco00300,map00300
P0A6L2,eco:b2478,eco01100,map01100
P0A6L2,eco:b2478,eco01110,map01110
P0A6L2,eco:b2478,eco01120,map01120
P0A6L2,eco:b2478,eco01230,map01230
P0A6L4,eco:b3225,eco00541,map00541
P0A6L4,eco:b3225,eco01100,map01100
P0A6P9,eco:b2779,eco00010,map00010
P0A6P9,eco:b2779,eco00680,map00680
P0A6P9,eco:b2779,eco01100,map01100
P0A6P9,eco:b2779,eco01110,map01110
P0A6P9,eco:b2779,eco01120,map01120
P0A6P9,eco:b2779,eco01200,map01200
P0A6P9,eco:b2779,eco01230,map01230
P0A6P9,eco:b2779,eco03018,map03018
P0A6Q3,eco:b0954,eco00061,map00061
P0A6Q3,eco:b0954,eco01100,map01100
P0A6Q3,eco:b0954,eco01212,map01212
P0A6Q6,eco:b0180,eco00061,map00061
P0A6Q6,eco:b0180,eco00780,map00780
P0A6Q6,eco:b0180,eco01100,map01100
P0A6Q6,eco:b0180,eco01212,map01212
P0A6Q6,eco:b0180,eco01240,map01240
P0A6R0,eco:b1091,eco00061,map00061
P0A6R0,eco:b1091,eco01100,map01100
P0A6R0,eco:b1091,eco01212,map01212
P0A6S7,eco:b3608,eco00564,map00564
P0A6S7,eco:b3608,eco01100,map01100
P0A6S7,eco:b3608,eco01110,map01110
P0A6T1,eco:b4025,eco00010,map00010
P0A6T1,eco:b4025,eco00030,map00030
P0A6T1,eco:b4025,eco00500,map00500
P0A6T1,eco:b4025,eco00520,map00520
P0A6T1,eco:b4025,eco01100,map01100
P0A6T1,eco:b4025,eco01110,map01110
P0A6T1,eco:b4025,eco01120,map01120
P0A6T1,eco:b4025,eco01200,map01200
P0A6T1,eco:b4025,eco01250,map01250
P0A6T3,eco:b0757,eco00052,map00052
P0A6T3,eco:b0757,eco00520,map00520
P0A6T3,eco:b0757,eco01100,map01100
P0A6T3,eco:b0757,eco01250,map01250
P0A6T5,eco:b2153,eco00790,map00790
P0A6T5,eco:b2153,eco01100,map01100
P0A6T5,eco:b2153,eco01240,map01240
P0A6V1,eco:b3430,eco00500,map00500
P0A6V1,eco:b3430,eco00520,map00520
P0A6V1,eco:b3430,eco01100,map01100
P0A6V1,eco:b3430,eco01110,map01110
P0A6V1,eco:b3430,eco01250,map01250
P0A6V1,eco:b3430,eco02026,map02026
P0A6V5,eco:b3425,eco00920,map00920
P0A6V5,eco:b3425,eco01100,map01100
P0A6V5,eco:b3425,eco01110,map01110
P0A6V5,eco:b3425,eco01120,map01120
P0A6W3,eco:b0087,eco00550,map00550
P0A6W3,eco:b0087,eco01100,map01100
P0A6W3,eco:b0087,eco01502,map01502
P0A6X1,eco:b1210,eco00860,map00860
P0A6X1,eco:b1210,eco01100,map01100
P0A6X1,eco:b1210,eco01110,map01110
P0A6X1,eco:b1210,eco01120,map01120
P0A6X1,eco:b1210,eco01240,map01240
P0A6X3,eco:b4172,eco02024,map02024
P0A6X3,eco:b4172,eco03018,map03018
P0A6Y8,eco:b0014,eco03018,map03018
P0A715,eco:b1215,eco00541,map00541
P0A715,eco:b1215,eco01100,map01100
P0A715,eco:b1215,eco01250,map01250
P0A717,eco:b1207,eco00030,map00030
P0A717,eco:b1207,eco00230,map00230
P0A717,eco:b1207,eco01100,map01100
P0A717,eco:b1207,eco01110,map01110
P0A717,eco:b1207,eco01120,map01120
P0A717,eco:b1207,eco01200,map01200
P0A717,eco:b1207,eco01230,map01230
P0A720,eco:b1098,eco00240,map00240
P0A720,eco:b1098,eco01100,map01100
P0A720,eco:b1098,eco01232,map01232
P0A722,eco:b0181,eco00540,map00540
P0A722,eco:b0181,eco01100,map01100
P0A722,eco:b0181,eco01503,map01503
P0A725,eco:b0096,eco00540,map00540
P0A725,eco:b0096,eco01100,map01100
P0A731,eco:b0963,eco00640,map00640
P0A731,eco:b0963,eco01100,map01100
P0A731,eco:b0963,eco01120,map01120
P0A738,eco:b0783,eco00790,map00790
P0A738,eco:b0783,eco01100,map01100
P0A738,eco:b0783,eco01240,map01240
P0A738,eco:b0783,eco04122,map04122
P0A749,eco:b3189,eco00520,map00520
P0A749,eco:b3189,eco00550,map00550
P0A749,eco:b3189,eco01100,map01100
P0A749,eco:b3189,eco01250,map01250
P0A759,eco:b0678,eco00520,map00520
P0A759,eco:b0678,eco01100,map01100
P0A763,eco:b2518,eco00230,map00230
P0A763,eco:b2518,eco00240,map00240
P0A763,eco:b2518,eco01100,map01100
P0A763,eco:b2518,eco01110,map01110
P0A763,eco:b2518,eco01232,map01232
P0A763,eco:b2518,eco01240,map01240
P0A776,eco:b2830,eco03018,map03018
P0A784,eco:b4162,eco03008,map03008
P0A786,eco:b4245,eco00240,map00240
P0A786,eco:b4245,eco00250,map00250
P0A786,eco:b4245,eco01100,map01100
P0A786,eco:b4245,eco01240,map01240
P0A790,eco:b0131,eco00410,map00410
P0A790,eco:b0131,eco00770,map00770
P0A790,eco:b0131,eco01100,map01100
P0A790,eco:b0131,eco01110,map01110
P0A790,eco:b0131,eco01240,map01240
P0A794,eco:b2564,eco00750,map00750
P0A794,eco:b2564,eco01100,map01100
P0A794,eco:b2564,eco01240,map01240
P0A796,eco:b3916,eco00010,map00010
P0A796,eco:b3916,eco00030,map00030
P0A796,eco:b3916,eco00051,map00051
P0A796,eco:b3916,eco00052,map00052
P0A796,eco:b3916,eco00680,map00680
P0A796,eco:b3916,eco01100,map01100
P0A796,eco:b3916,eco01110,map01110
P0A796,eco:b3916,eco01120,map01120
P0A796,eco:b3916,eco01200,map01200
P0A796,eco:b3916,eco01230,map01230
P0A796,eco:b3916,eco03018,map03018
P0A799,eco:b2926,eco00010,map00010
P0A799,eco:b2926,eco00710,map00710
P0A799,eco:b2926,eco01100,map01100
P0A799,eco:b2926,eco01110,map01110
P0A799,eco:b2926,eco01120,map01120
P0A799,eco:b2926,eco01200,map01200
P0A799,eco:b2926,eco01230,map01230
P0A7A7,eco:b4041,eco00561,map00561
P0A7A7,eco:b4041,eco00564,map00564
P0A7A7,eco:b4041,eco01100,map01100
P0A7A7,eco:b4041,eco01110,map01110
P0A7A9,eco:b4226,eco00190,map00190
P0A7B1,eco:b2501,eco00190,map00190
P0A7B1,eco:b2501,eco03018,map03018
P0A7B3,eco:b2615,eco00760,map00760
P0A7B3,eco:b2615,eco01100,map01100
P0A7B3,eco:b2615,eco01240,map01240
P0A7B5,eco:b0242,eco00330,map00330
P0A7B5,eco:b0242,eco00332,map00332
P0A7B5,eco:b0242,eco01100,map01100
P0A7B5,eco:b0242,eco01110,map01110
P0A7B5,eco:b0242,eco01230,map01230
P0A7D4,eco:b4177,eco00230,map00230
P0A7D4,eco:b4177,eco00250,map00250
P0A7D4,eco:b4177,eco01100,map01100
P0A7D4,eco:b4177,eco01232,map01232
P0A7D4,eco:b4177,eco01240,map01240
P0A7E1,eco:b0945,eco00240,map00240
P0A7E1,eco:b0945,eco01100,map01100
P0A7E1,eco:b0945,eco01240,map01240
P0A7E3,eco:b3642,eco00240,map00240
P0A7E3,eco:b3642,eco01100,map01100
P0A7E3,eco:b3642,eco01240,map01240
P0A7E5,eco:b2780,eco00240,map00240
P0A7E5,eco:b2780,eco01100,map01100
P0A7E5,eco:b2780,eco01232,map01232
P0A7E5,eco:b2780,eco01240,map01240
P0A7E9,eco:b0171,eco00240,map00240
P0A7E9,eco:b0171,eco01100,map01100
P0A7E9,eco:b0171,eco01232,map01232
P0A7E9,eco:b0171,eco01240,map01240
P0A7F6,eco:b0120,eco00270,map00270
P0A7F6,eco:b0120,eco00330,map00330
P0A7F6,eco:b0120,eco01100,map01100
P0A7F6,eco:b0120,eco01110,map01110
P0A7G6,eco:b2699,eco03440,map03440
P0A7H0,eco:b3700,eco03440,map03440
P0A7I7,eco:b1277,eco00740,map00740
P0A7I7,eco:b1277,eco00790,map00790
P0A7I7,eco:b1277,eco01100,map01100
P0A7I7,eco:b1277,eco01110,map01110
P0A7I7,eco:b1277,eco01240,map01240
P0A7I7,eco:b1277,eco02024,map02024
P0A7J0,eco:b3041,eco00740,map00740
P0A7J0,eco:b3041,eco01100,map01100
P0A7J0,eco:b3041,eco01110,map01110
P0A7J0,eco:b3041,eco01240,map01240
P0A7J3,eco:b3985,eco03010,map03010
P0A7J7,eco:b3983,eco03010,map03010
P0A7K2,eco:b3986,eco03010,map03010
P0A7K6,eco:b2606,eco03010,map03010
P0A7L0,eco:b3984,eco03010,map03010
P0A7L3,eco:b1716,eco03010,map03010
P0A7L8,eco:b3185,eco03010,map03010
P0A7M2,eco:b3637,eco03010,map03010
P0A7M6,eco:b3312,eco03010,map03010
P0A7M9,eco:b3936,eco03010,map03010
P0A7N4,eco:b1089,eco03010,map03010
P0A7N9,eco:b3636,eco03010,map03010
P0A7R1,eco:b4203,eco03010,map03010
P0A7R5,eco:b3321,eco03010,map03010
P0A7R9,eco:b3297,eco03010,map03010
P0A7S3,eco:b3342,eco03010,map03010
P0A7S9,eco:b3298,eco03010,map03010
P0A7T3,eco:b2609,eco03010,map03010
P0A7T7,eco:b4202,eco03010,map03010
P0A7U3,eco:b3316,eco03010,map03010
P0A7U7,eco:b0023,eco03010,map03010
P0A7V0,eco:b0169,eco03010,map03010
P0A7V3,eco:b3314,eco03010,map03010
P0A7V8,eco:b3296,eco03010,map03010
P0A7W1,eco:b3303,eco03010,map03010
P0A7W7,eco:b3306,eco03010,map03010
P0A7X3,eco:b3230,eco03010,map03010
P0A7Y0,eco:b2567,eco03008,map03008
P0A7Y4,eco:b0214,eco03030,map03030
P0A7Z0,eco:b2914,eco00030,map00030
P0A7Z0,eco:b2914,eco00710,map00710
P0A7Z0,eco:b2914,eco01100,map01100
P0A7Z0,eco:b2914,eco01110,map01110
P0A7Z0,eco:b2914,eco01120,map01120
P0A7Z0,eco:b2914,eco01200,map01200
P0A7Z0,eco:b2914,eco01230,map01230
P0A7Z4,eco:b3295,eco03020,map03020
P0A800,eco:b3649,eco03020,map03020
P0A809,eco:b1861,eco03440,map03440
P0A812,eco:b1860,eco03440,map03440
P0A814,eco:b1863,eco03440,map03440
P0A817,eco:b2942,eco00270,map00270
P0A817,eco:b2942,eco00670,map00670
P0A817,eco:b2942,eco00999,map00999
P0A817,eco:b2942,eco01100,map01100
P0A817,eco:b2942,eco01110,map01110
P0A817,eco:b2942,eco01230,map01230
P0A817,eco:b2942,eco01240,map01240
P0A821,eco:b3591,eco00450,map00450
P0A821,eco:b3591,eco00970,map00970
P0A821,eco:b3591,eco01100,map01100
P0A825,eco:b2551,eco00260,map00260
P0A825,eco:b2551,eco00460,map00460
P0A825,eco:b2551,eco00630,map00630
P0A825,eco:b2551,eco00670,map00670
P0A825,eco:b2551,eco00680,map00680
P0A825,eco:b2551,eco01100,map01100
P0A825,eco:b2551,eco01110,map01110
P0A825,eco:b2551,eco01120,map01120
P0A825,eco:b2551,eco01200,map01200
P0A825,eco:b2551,eco01230,map01230
P0A825,eco:b2551,eco01240,map01240
P0A825,eco:b2551,eco04981,map04981
P0A830,eco:b3528,eco02020,map02020
P0A836,eco:b0728,eco00020,map00020
P0A836,eco:b0728,eco00640,map00640
P0A836,eco:b0728,eco00660,map00660
P0A836,eco:b0728,eco00720,map00720
P0A836,eco:b0728,eco01100,map01100
P0A836,eco:b0728,eco01110,map01110
P0A836,eco:b0728,eco01120,map01120
P0A836,eco:b0728,eco01200,map01200
P0A840,eco:b2744,eco00230,map00230
P0A840,eco:b2744,eco00240,map00240
P0A840,eco:b2744,eco00760,map00760
P0A840,eco:b2744,eco01100,map01100
P0A840,eco:b2744,eco01110,map01110
P0A840,eco:b2744,eco01232,map01232
P0A853,eco:b3708,eco00380,map00380
P0A853,eco:b3708,eco01100,map01100
P0A858,eco:b3919,eco00010,map00010
P0A858,eco:b3919,eco00051,map00051
P0A858,eco:b3919,eco00562,map00562
P0A858,eco:b3919,eco00710,map00710
P0A858,eco:b3919,eco01100,map01100
P0A858,eco:b3919,eco01110,map01110
P0A858,eco:b3919,eco01120,map01120
P0A858,eco:b3919,eco01200,map01200
P0A858,eco:b3919,eco01230,map01230
P0A870,eco:b0008,eco00030,map00030
P0A870,eco:b0008,eco00710,map00710
P0A870,eco:b0008,eco01100,map01100
P0A870,eco:b0008,eco01110,map01110
P0A870,eco:b0008,eco01120,map01120
P0A870,eco:b0008,eco01200,map01200
P0A870,eco:b0008,eco01230,map01230
P0A879,eco:b1261,eco00260,map00260
P0A879,eco:b1261,eco00400,map00400
P0A879,eco:b1261,eco01100,map01100
P0A879,eco:b1261,eco01110,map01110
P0A879,eco:b1261,eco01230,map01230
P0A884,eco:b2827,eco00240,map00240
P0A884,eco:b2827,eco00670,map00670
P0A884,eco:b2827,eco01100,map01100
P0A884,eco:b2827,eco01232,map01232
P0A884,eco:b2827,eco04981,map04981
P0A887,eco:b3833,eco00130,map00130
P0A887,eco:b3833,eco01100,map01100
P0A887,eco:b3833,eco01110,map01110
P0A887,eco:b3833,eco01240,map01240
P0A890,eco:b3470,eco04122,map04122
P0A8F0,eco:b2498,eco00240,map00240
P0A8F0,eco:b2498,eco01100,map01100
P0A8F0,eco:b2498,eco01232,map01232
P0A8F8,eco:b0779,eco03420,map03420
P0A8G0,eco:b1913,eco03420,map03420
P0A8G6,eco:b1004,eco00130,map00130
P0A8G6,eco:b1004,eco01100,map01100
P0A8G6,eco:b1004,eco01110,map01110
P0A8G6,eco:b1004,eco01240,map01240
P0A8G9,eco:b0422,eco03430,map03430
P0A8J2,eco:b4362,eco03440,map03440
P0A8J8,eco:b3780,eco03018,map03018
P0A8K1,eco:b4160,eco00564,map00564
P0A8K1,eco:b4160,eco01100,map01100
P0A8K1,eco:b4160,eco01110,map01110
P0A8L1,eco:b0893,eco00970,map00970
P0A8M0,eco:b0930,eco00970,map00970
P0A8M3,eco:b1719,eco00970,map00970
P0A8N3,eco:b2890,eco00970,map00970
P0A8N5,eco:b4129,eco00970,map00970
P0A8Q0,eco:b4152,eco00020,map00020
P0A8Q0,eco:b4152,eco00190,map00190
P0A8Q0,eco:b4152,eco00620,map00620
P0A8Q0,eco:b4152,eco00650,map00650
P0A8Q0,eco:b4152,eco00720,map00720
P0A8Q0,eco:b4152,eco01100,map01100
P0A8Q0,eco:b4152,eco01110,map01110
P0A8Q0,eco:b4152,eco01120,map01120
P0A8Q0,eco:b4152,eco01200,map01200
P0A8Q0,eco:b4152,eco02020,map02020
P0A8Q3,eco:b4151,eco00020,map00020
P0A8Q3,eco:b4151,eco00190,map00190
P0A8Q3,eco:b4151,eco00620,map00620
P0A8Q3,eco:b4151,eco00650,map00650
P0A8Q3,eco:b4151,eco00720,map00720
P0A8Q3,eco:b4151,eco01100,map01100
P0A8Q3,eco:b4151,eco01110,map01110
P0A8Q3,eco:b4151,eco01120,map01120
P0A8Q3,eco:b4151,eco01200,map01200
P0A8Q3,eco:b4151,eco02020,map02020
P0A8S9,eco:b1892,eco02020,map02020
P0A8S9,eco:b1892,eco02024,map02024
P0A8S9,eco:b1892,eco02026,map02026
P0A8S9,eco:b1892,eco02040,map02040
P0A8T7,eco:b3988,eco03020,map03020
P0A8V2,eco:b3987,eco03020,map03020
P0A8Y1,eco:b4374,eco00240,map00240
P0A8Y1,eco:b4374,eco01100,map01100
P0A8Y1,eco:b4374,eco01232,map01232
P0A8Y3,eco:b3885,eco00010,map00010
P0A8Y3,eco:b3885,eco01120,map01120
P0A8Y8,eco:b0597,eco01053,map01053
P0A921,eco:b3821,eco00564,map00564
P0A921,eco:b3821,eco00565,map00565
P0A921,eco:b3821,eco00592,map00592
P0A921,eco:b3821,eco01100,map01100
P0A921,eco:b3821,eco01110,map01110
P0A924,eco:b1278,eco00564,map00564
P0A924,eco:b1278,eco01100,map01100
P0A951,eco:b1584,eco00330,map00330
P0A951,eco:b1584,eco01100,map01100
P0A953,eco:b2323,eco00061,map00061
P0A953,eco:b2323,eco00780,map00780
P0A953,eco:b2323,eco01100,map01100
P0A953,eco:b2323,eco01212,map01212
P0A953,eco:b2323,eco01240,map01240
P0A955,eco:b1850,eco00030,map00030
P0A955,eco:b1850,eco00630,map00630
P0A955,eco:b1850,eco01100,map01100
P0A955,eco:b1850,eco01120,map01120
P0A955,eco:b1850,eco01200,map01200
P0A959,eco:b2290,eco00220,map00220
P0A959,eco:b2290,eco00250,map00250
P0A959,eco:b2290,eco00290,map00290
P0A959,eco:b2290,eco01100,map01100
P0A959,eco:b2290,eco01110,map01110
P0A959,eco:b2290,eco01210,map01210
P0A959,eco:b2290,eco01230,map01230
P0A962,eco:b1767,eco00250,map00250
P0A962,eco:b1767,eco00460,map00460
P0A962,eco:b1767,eco01100,map01100
P0A962,eco:b1767,eco01110,map01110
P0A964,eco:b1887,eco02020,map02020
P0A964,eco:b1887,eco02030,map02030
P0A988,eco:b3701,eco03030,map03030
P0A988,eco:b3701,eco03430,map03430
P0A988,eco:b3701,eco03440,map03440
P0A991,eco:b2097,eco00010,map00010
P0A991,eco:b2097,eco00030,map00030
P0A991,eco:b2097,eco00051,map00051
P0A991,eco:b2097,eco00680,map00680
P0A991,eco:b2097,eco00710,map00710
P0A991,eco:b2097,eco01100,map01100
P0A991,eco:b2097,eco01110,map01110
P0A991,eco:b2097,eco01120,map01120
P0A991,eco:b2097,eco01200,map01200
P0A991,eco:b2097,eco01230,map01230
P0A993,eco:b4232,eco00010,map00010
P0A993,eco:b4232,eco00030,map00030
P0A993,eco:b4232,eco00051,map00051
P0A993,eco:b4232,eco00680,map00680
P0A993,eco:b4232,eco00710,map00710
P0A993,eco:b4232,eco01100,map01100
P0A993,eco:b4232,eco01110,map01110
P0A993,eco:b4232,eco01120,map01120
P0A993,eco:b4232,eco01200,map01200
P0A9B2,eco:b1779,eco00010,map00010
P0A9B2,eco:b1779,eco00710,map00710
P0A9B2,eco:b1779,eco01100,map01100
P0A9B2,eco:b1779,eco01110,map01110
P0A9B2,eco:b1779,eco01120,map01120
P0A9B2,eco:b1779,eco01200,map01200
P0A9B2,eco:b1779,eco01230,map01230
P0A9B6,eco:b2927,eco00750,map00750
P0A9B6,eco:b2927,eco01100,map01100
P0A9B6,eco:b2927,eco01240,map01240
P0A9C0,eco:b2241,eco00564,map00564
P0A9C0,eco:b2241,eco01100,map01100
P0A9C0,eco:b2241,eco01110,map01110
P0A9C5,eco:b3870,eco00220,map00220
P0A9C5,eco:b3870,eco00250,map00250
P0A9C5,eco:b3870,eco00630,map00630
P0A9C5,eco:b3870,eco00910,map00910
P0A9C5,eco:b3870,eco01100,map01100
P0A9C5,eco:b3870,eco01110,map01110
P0A9C5,eco:b3870,eco01120,map01120
P0A9C5,eco:b3870,eco01230,map01230
P0A9C5,eco:b3870,eco02020,map02020
P0A9C9,eco:b3925,eco00010,map00010
P0A9C9,eco:b3925,eco00030,map00030
P0A9C9,eco:b3925,eco00051,map00051
P0A9C9,eco:b3925,eco00680,map00680
P0A9C9,eco:b3925,eco00710,map00710
P0A9C9,eco:b3925,eco01100,map01100
P0A9C9,eco:b3925,eco01110,map01110
P0A9C9,eco:b3925,eco01120,map01120
P0A9C9,eco:b3925,eco01200,map01200
P0A9D2,eco:b1635,eco00480,map00480
P0A9D2,eco:b1635,eco01100,map01100
P0A9D8,eco:b0166,eco00300,map00300
P0A9D8,eco:b0166,eco01100,map01100
P0A9D8,eco:b0166,eco01120,map01120
P0A9D8,eco:b0166,eco01230,map01230
P0A9G6,eco:b4015,eco00630,map00630
P0A9G6,eco:b4015,eco00640,map00640
P0A9G6,eco:b4015,eco01100,map01100
P0A9G6,eco:b4015,eco01110,map01110
P0A9G6,eco:b4015,eco01120,map01120
P0A9G6,eco:b4015,eco01200,map01200
P0A9H3,eco:b4131,eco00310,map00310
P0A9H3,eco:b4131,eco01100,map01100
P0A9H3,eco:b4131,eco01110,map01110
P0A9H3,eco:b4131,eco01120,map01120
P0A9H9,eco:b1881,eco02030,map02030
P0A9J4,eco:b0425,eco00770,map00770
P0A9J4,eco:b0425,eco01100,map01100
P0A9J4,eco:b0425,eco01110,map01110
P0A9J4,eco:b0425,eco01240,map01240
P0A9J6,eco:b3752,eco00030,map00030
P0A9J6,eco:b3752,eco01100,map01100
P0A9J8,eco:b2599,eco00400,map00400
P0A9J8,eco:b2599,eco01100,map01100
P0A9J8,eco:b2599,eco01110,map01110
P0A9J8,eco:b2599,eco01230,map01230
P0A9M2,eco:b0125,eco00230,map00230
P0A9M2,eco:b0125,eco01100,map01100
P0A9M2,eco:b0125,eco01110,map01110
P0A9M2,eco:b0125,eco01232,map01232
P0A9M5,eco:b0238,eco00230,map00230
P0A9M5,eco:b0238,eco01100,map01100
P0A9M5,eco:b0238,eco01110,map01110
P0A9M5,eco:b0238,eco01232,map01232
P0A9M8,eco:b2297,eco00430,map00430
P0A9M8,eco:b2297,eco00620,map00620
P0A9M8,eco:b2297,eco00640,map00640
P0A9M8,eco:b2297,eco00680,map00680
P0A9M8,eco:b2297,eco00720,map00720
P0A9M8,eco:b2297,eco01100,map01100
P0A9M8,eco:b2297,eco01120,map01120
P0A9M8,eco:b2297,eco01200,map01200
P0A9P0,eco:b0116,eco00010,map00010
P0A9P0,eco:b0116,eco00020,map00020
P0A9P0,eco:b0116,eco00260,map00260
P0A9P0,eco:b0116,eco00280,map00280
P0A9P0,eco:b0116,eco00310,map00310
P0A9P0,eco:b0116,eco00380,map00380
P0A9P0,eco:b0116,eco00620,map00620
P0A9P0,eco:b0116,eco00630,map00630
P0A9P0,eco:b0116,eco00640,map00640
P0A9P0,eco:b0116,eco00670,map00670
P0A9P0,eco:b0116,eco00785,map00785
P0A9P0,eco:b0116,eco01100,map01100
P0A9P0,eco:b0116,eco01110,map01110
P0A9P0,eco:b0116,eco01120,map01120
P0A9P0,eco:b0116,eco01200,map01200
P0A9P0,eco:b0116,eco01210,map01210
P0A9P0,eco:b0116,eco01240,map01240
P0A9P4,eco:b0888,eco00450,map00450
P0A9P6,eco:b3162,eco03018,map03018
P0A9Q1,eco:b4401,eco02020,map02020
P0A9Q1,eco:b4401,eco02026,map02026
P0A9Q5,eco:b2316,eco00061,map00061
P0A9Q5,eco:b2316,eco00620,map00620
P0A9Q5,eco:b2316,eco00640,map00640
P0A9Q5,eco:b2316,eco00720,map00720
P0A9Q5,eco:b2316,eco01100,map01100
P0A9Q5,eco:b2316,eco01110,map01110
P0A9Q5,eco:b2316,eco01120,map01120
P0A9Q5,eco:b2316,eco01200,map01200
P0A9Q5,eco:b2316,eco01212,map01212
P0A9Q7,eco:b1241,eco00010,map00010
P0A9Q7,eco:b1241,eco00071,map00071
P0A9Q7,eco:b1241,eco00350,map00350
P0A9Q7,eco:b1241,eco00620,map00620
P0A9Q7,eco:b1241,eco00625,map00625
P0A9Q7,eco:b1241,eco00626,map00626
P0A9Q7,eco:b1241,eco00650,map00650
P0A9Q7,eco:b1241,eco01100,map01100
P0A9Q7,eco:b1241,eco01110,map01110
P0A9Q7,eco:b1241,eco01120,map01120
P0A9Q7,eco:b1241,eco01220,map01220
P0A9Q9,eco:b3433,eco00260,map00260
P0A9Q9,eco:b3433,eco00261,map00261
P0A9Q9,eco:b3433,eco00270,map00270
P0A9Q9,eco:b3433,eco00300,map00300
P0A9Q9,eco:b3433,eco01100,map01100
P0A9Q9,eco:b3433,eco01110,map01110
P0A9Q9,eco:b3433,eco01120,map01120
P0A9Q9,eco:b3433,eco01210,map01210
P0A9Q9,eco:b3433,eco01230,map01230
P0A9R4,eco:b2525,eco00362,map00362
P0A9R4,eco:b2525,eco01120,map01120
P0A9R7,eco:b3463,eco02010,map02010
P0A9S1,eco:b2799,eco00630,map00630
P0A9S1,eco:b2799,eco00640,map00640
P0A9S1,eco:b2799,eco01100,map01100
P0A9S1,eco:b2799,eco01120,map01120
P0A9S5,eco:b3945,eco00561,map00561
P0A9S5,eco:b3945,eco00640,map00640
P0A9S5,eco:b3945,eco01100,map01100
P0A9S5,eco:b3945,eco01110,map01110
P0A9S7,eco:b3455,eco02010,map02010
P0A9S7,eco:b3455,eco02024,map02024
P0A9T0,eco:b2913,eco00260,map00260
P0A9T0,eco:b2913,eco00270,map00270
P0A9T0,eco:b2913,eco00680,map00680
P0A9T0,eco:b2913,eco01100,map01100
P0A9T0,eco:b2913,eco01110,map01110
P0A9T0,eco:b2913,eco01120,map01120
P0A9T0,eco:b2913,eco01200,map01200
P0A9T0,eco:b2913,eco01230,map01230
P0A9V1,eco:b3201,eco02010,map02010
P0A9V8,eco:b3882,eco00566,map00566
P0A9V8,eco:b3882,eco00650,map00650
P0A9V8,eco:b3882,eco01100,map01100
P0A9V8,eco:b3882,eco01200,map01200
P0A9Z1,eco:b2553,eco02020,map02020
P0AA04,eco:b2415,eco02060,map02060
P0AA10,eco:b3231,eco03010,map03010
P0AA16,eco:b3405,eco02020,map02020
P0AA16,eco:b3405,eco02026,map02026
P0AA84,eco:b0789,eco00564,map00564
P0AA84,eco:b0789,eco01100,map01100
P0AA93,eco:b2380,eco02020,map02020
P0ABI8,eco:b0431,eco00190,map00190
P0ABI8,eco:b0431,eco01100,map01100
P0ABJ1,eco:b0432,eco00190,map00190
P0ABJ1,eco:b0432,eco01100,map01100
P0ABJ3,eco:b0430,eco00190,map00190
P0ABJ3,eco:b0430,eco01100,map01100
P0ABJ6,eco:b0429,eco00190,map00190
P0ABJ6,eco:b0429,eco01100,map01100
P0ABJ9,eco:b0733,eco00190,map00190
P0ABJ9,eco:b0733,eco01100,map01100
P0ABJ9,eco:b0733,eco02020,map02020
P0ABK2,eco:b0734,eco00190,map00190
P0ABK2,eco:b0734,eco01100,map01100
P0ABK2,eco:b0734,eco02020,map02020
P0ABK5,eco:b2414,eco00270,map00270
P0ABK5,eco:b2414,eco00920,map00920
P0ABK5,eco:b2414,eco01100,map01100
P0ABK5,eco:b2414,eco01110,map01110
P0ABK5,eco:b2414,eco01120,map01120
P0ABK5,eco:b2414,eco01200,map01200
P0ABK5,eco:b2414,eco01230,map01230
P0ABK5,eco:b2414,eco01320,map01320
P0ABK7,eco:b1041,eco02026,map02026
P0ABK9,eco:b4070,eco00910,map00910
P0ABK9,eco:b4070,eco01100,map01100
P0ABK9,eco:b4070,eco01120,map01120
P0ABK9,eco:b4070,eco01310,map01310
P0ABL3,eco:b2203,eco00910,map00910
P0ABL3,eco:b2203,eco01100,map01100
P0ABL3,eco:b2203,eco01120,map01120
P0ABL3,eco:b2203,eco01310,map01310
P0ABN1,eco:b4042,eco00561,map00561
P0ABN1,eco:b4042,eco00564,map00564
P0ABN1,eco:b4042,eco01100,map01100
P0ABN1,eco:b4042,eco01110,map01110
P0ABN9,eco:b4123,eco02020,map02020
P0ABP8,eco:b4384,eco00230,map00230
P0ABP8,eco:b4384,eco00760,map00760
P0ABP8,eco:b4384,eco01100,map01100
P0ABP8,eco:b4384,eco01110,map01110
P0ABP8,eco:b4384,eco01232,map01232
P0ABQ0,eco:b3639,eco00770,map00770
P0ABQ0,eco:b3639,eco01100,map01100
P0ABQ0,eco:b3639,eco01240,map01240
P0ABQ4,eco:b0048,eco00670,map00670
P0ABQ4,eco:b0048,eco00790,map00790
P0ABQ4,eco:b0048,eco01100,map01100
P0ABQ4,eco:b0048,eco01240,map01240
P0ABQ4,eco:b0048,eco04981,map04981
P0ABR9,eco:b0348,eco00360,map00360
P0ABR9,eco:b0348,eco01100,map01100
P0ABR9,eco:b0348,eco01120,map01120
P0ABR9,eco:b0348,eco01220,map01220
P0ABS1,eco:b0145,eco02026,map02026
P0ABS5,eco:b3066,eco03030,map03030
P0ABS8,eco:b1842,eco03030,map03030
P0ABS8,eco:b1842,eco03430,map03430
P0ABS8,eco:b1842,eco03440,map03440
P0ABU0,eco:b2262,eco00130,map00130
P0ABU0,eco:b2262,eco01100,map01100
P0ABU0,eco:b2262,eco01110,map01110
P0ABU0,eco:b2262,eco01240,map01240
P0ABY7,eco:b1891,eco02020,map02020
P0ABY7,eco:b1891,eco02024,map02024
P0ABY7,eco:b1891,eco02026,map02026
P0ABY7,eco:b1891,eco02040,map02040
P0ABZ1,eco:b1939,eco02030,map02030
P0ABZ1,eco:b1939,eco02040,map02040
P0AC13,eco:b3177,eco00790,map00790
P0AC13,eco:b3177,eco01100,map01100
P0AC13,eco:b3177,eco01240,map01240
P0AC16,eco:b3058,eco00790,map00790
P0AC16,eco:b3058,eco01100,map01100
P0AC16,eco:b3058,eco01240,map01240
P0AC19,eco:b2303,eco00790,map00790
P0AC30,eco:b3462,eco02010,map02010
P0AC33,eco:b1612,eco00020,map00020
P0AC33,eco:b1612,eco00620,map00620
P0AC33,eco:b1612,eco00720,map00720
P0AC33,eco:b1612,eco01100,map01100
P0AC33,eco:b1612,eco01110,map01110
P0AC33,eco:b1612,eco01120,map01120
P0AC33,eco:b1612,eco01200,map01200
P0AC38,eco:b4139,eco00250,map00250
P0AC38,eco:b4139,eco01100,map01100
P0AC41,eco:b0723,eco00020,map00020
P0AC41,eco:b0723,eco00190,map00190
P0AC41,eco:b0723,eco00650,map00650
P0AC41,eco:b0723,eco00720,map00720
P0AC41,eco:b0723,eco01100,map01100
P0AC41,eco:b0723,eco01110,map01110
P0AC41,eco:b0723,eco01120,map01120
P0AC41,eco:b0723,eco01200,map01200
P0AC44,eco:b0722,eco00020,map00020
P0AC44,eco:b0722,eco00190,map00190
P0AC44,eco:b0722,eco00650,map00650
P0AC44,eco:b0722,eco00720,map00720
P0AC44,eco:b0722,eco01100,map01100
P0AC44,eco:b0722,eco01110,map01110
P0AC44,eco:b0722,eco01120,map01120
P0AC44,eco:b0722,eco01200,map01200
P0AC47,eco:b4153,eco00020,map00020
P0AC47,eco:b4153,eco00190,map00190
P0AC47,eco:b4153,eco00620,map00620
P0AC47,eco:b4153,eco00650,map00650
P0AC47,eco:b4153,eco00720,map00720
P0AC47,eco:b4153,eco01100,map01100
P0AC47,eco:b4153,eco01110,map01110
P0AC47,eco:b4153,eco01120,map01120
P0AC47,eco:b4153,eco01200,map01200
P0AC47,eco:b4153,eco02020,map02020
P0AC53,eco:b1852,eco00030,map00030
P0AC53,eco:b1852,eco00480,map00480
P0AC53,eco:b1852,eco01100,map01100
P0AC53,eco:b1852,eco01110,map01110
P0AC53,eco:b1852,eco01120,map01120
P0AC53,eco:b1852,eco01200,map01200
P0AC75,eco:b3633,eco00540,map00540
P0AC75,eco:b3633,eco01100,map01100
P0AC78,eco:b3784,eco00542,map00542
P0AC78,eco:b3784,eco00543,map00543
P0AC78,eco:b3784,eco00552,map00552
P0AC78,eco:b3784,eco01100,map01100
P0AC81,eco:b1651,eco00620,map00620
P0AC81,eco:b1651,eco01100,map01100
P0AC84,eco:b0212,eco00620,map00620
P0AC84,eco:b0212,eco01100,map01100
P0AC88,eco:b2053,eco00051,map00051
P0AC88,eco:b2053,eco00541,map00541
P0AC88,eco:b2053,eco01100,map01100
P0AC88,eco:b2053,eco01250,map01250
P0ACB0,eco:b4052,eco03030,map03030
P0ACB2,eco:b0369,eco00860,map00860
P0ACB2,eco:b0369,eco01100,map01100
P0ACB2,eco:b0369,eco01110,map01110
P0ACB2,eco:b0369,eco01120,map01120
P0ACB2,eco:b0369,eco01240,map01240
P0ACB4,eco:b3850,eco00860,map00860
P0ACB4,eco:b3850,eco01100,map01100
P0ACB4,eco:b3850,eco01110,map01110
P0ACB4,eco:b3850,eco01240,map01240
P0ACC7,eco:b3730,eco00520,map00520
P0ACC7,eco:b3730,eco00541,map00541
P0ACC7,eco:b3730,eco01100,map01100
P0ACC7,eco:b3730,eco01250,map01250
P0ACD8,eco:b0973,eco00633,map00633
P0ACD8,eco:b0973,eco01120,map01120
P0ACD8,eco:b0973,eco02020,map02020
P0ACE0,eco:b2994,eco00633,map00633
P0ACE0,eco:b2994,eco01120,map01120
P0ACE0,eco:b2994,eco02020,map02020
I6X8D2,mtu:Rv3800c,,map01100
I6X8D2,mtu:Rv3800c,,map01110
I6X8D2,mtu:Rv3800c,,map00074
I6XD65,mtu:Rv2043c,,map01240
I6XD65,mtu:Rv2043c,,map00760
I6XD65,mtu:Rv2043c,,map01100
I6XHI4,mtu:Rv3546,,map01110
I6XHI4,mtu:Rv3546,,map00907
I6XHI4,mtu:Rv3546,,map00592
I6XHI4,mtu:Rv3546,,map01120
I6XHI4,mtu:Rv3546,,map00362
I6XHI4,mtu:Rv3546,,map01100
I6XHI4,mtu:Rv3546,,map00280
I6XHI4,mtu:Rv3546,,map01212
I6XHI4,mtu:Rv3546,,map00071
I6XHI4,mtu:Rv3546,,map00984
I6Y0R5,mtu:Rv2447c,,map01100
I6Y0R5,mtu:Rv2447c,,map01240
I6Y0R5,mtu:Rv2447c,,map00790
I6Y2J4,mtu:Rv3097c,,map00561
I6Y2J4,mtu:Rv3097c,,map01110
I6Y2J4,mtu:Rv3097c,,map01100
I6Y3Q0,mtu:Rv3505,,map01120
I6Y3Q0,mtu:Rv3505,,map00984
I6Y4D2,mtu:Rv3717,,map01503
I6Y778,mtu:Rv0242c,,map01110
I6Y778,mtu:Rv0242c,,map01240
I6Y778,mtu:Rv0242c,,map00780
I6Y778,mtu:Rv0242c,,map00061
I6Y778,mtu:Rv0242c,,map01212
I6Y778,mtu:Rv0242c,,map01100
I6Y9Q3,mtu:Rv1131,,map00640
I6Y9Q3,mtu:Rv1131,,map01110
I6Y9Q3,mtu:Rv1131,,map01230
I6Y9Q3,mtu:Rv1131,,map00020
I6Y9Q3,mtu:Rv1131,,map01210
I6Y9Q3,mtu:Rv1131,,map01120
I6Y9Q3,mtu:Rv1131,,map01200
I6Y9Q3,mtu:Rv1131,,map00630
I6Y9Q3,mtu:Rv1131,,map01100
I6YCA3,mtu:Rv3504,,map01120
I6YCA3,mtu:Rv3504,,map00984
I6YFP0,mtu:Rv3279c,,map00780
I6YFP0,mtu:Rv3279c,,map01100
L0T911,mtu:Rv2163c,,map01501
L0T911,mtu:Rv2163c,,map01100
L0T911,mtu:Rv2163c,,map00550
O05877,mtu:Rv3232c,,map00190
O05877,mtu:Rv3232c,,map03018
O06543,mtu:Rv1143,,map01120
O06543,mtu:Rv1143,,map01100
O06543,mtu:Rv1143,,map04146
O06543,mtu:Rv1143,,map00984
O06582,mtu:Rv1130,,map00640
O06582,mtu:Rv1130,,map01120
O06582,mtu:Rv1130,,map01200
O06582,mtu:Rv1130,,map01100
O06769,mtu:Rv0669c,,map00600
O06769,mtu:Rv0669c,,map01100
O07427,mtu:Rv0183,,map00561
O07427,mtu:Rv0183,,map01110
O07427,mtu:Rv0183,,map01100
O33194,mtu:Rv1692,,map00561
O33194,mtu:Rv1692,,map01110
O33194,mtu:Rv1692,,map01100
O33283,mtu:Rv2740,,map01120
O33283,mtu:Rv2740,,map00903
O33289,mtu:Rv2747,,map01230
O33289,mtu:Rv2747,,map01110
O33289,mtu:Rv2747,,map00220
O33289,mtu:Rv2747,,map01210
O33289,mtu:Rv2747,,map01100
O33336,mtu:Rv2794c,,map01053
O33336,mtu:Rv2794c,,map01100
O33336,mtu:Rv2794c,,map01110
O33336,mtu:Rv2794c,,map00074
O53166,mtu:Rv1475c,,map00640
O53166,mtu:Rv1475c,,map01110
O53166,mtu:Rv1475c,,map01230
O53166,mtu:Rv1475c,,map00020
O53166,mtu:Rv1475c,,map01210
O53166,mtu:Rv1475c,,map01120
O53166,mtu:Rv1475c,,map01200
O53166,mtu:Rv1475c,,map00720
O53166,mtu:Rv1475c,,map00630
O53166,mtu:Rv1475c,,map01100
O53181,mtu:Rv2454c,,map01110
O53181,mtu:Rv2454c,,map00020
O53181,mtu:Rv2454c,,map01210
O53181,mtu:Rv2454c,,map00620
O53181,mtu:Rv2454c,,map01120
O53181,mtu:Rv2454c,,map00650
O53181,mtu:Rv2454c,,map01200
O53181,mtu:Rv2454c,,map00720
O53181,mtu:Rv2454c,,map00010
O53181,mtu:Rv2454c,,map01100
O53289,mtu:Rv3042c,,map00680
O53289,mtu:Rv3042c,,map01110
O53289,mtu:Rv3042c,,map01230
O53289,mtu:Rv3042c,,map01120
O53289,mtu:Rv3042c,,map00260
O53289,mtu:Rv3042c,,map01200
O53289,mtu:Rv3042c,,map01100
O53361,mtu:Rv3310,,map00562
O53361,mtu:Rv3310,,map05152
O53361,mtu:Rv3310,,map01100
O53512,mtu:Rv2178c,,map01230
O53512,mtu:Rv2178c,,map01110
O53512,mtu:Rv2178c,,map02024
O53512,mtu:Rv2178c,,map00400
O53512,mtu:Rv2178c,,map01100
O53547,mtu:Rv3502c,,map01120
O53547,mtu:Rv3502c,,map00984
O53580,mtu:Rv3801c,,map01100
O53580,mtu:Rv3801c,,map01110
O53580,mtu:Rv3801c,,map00074
O53585,mtu:Rv3808c,,map00572
O53585,mtu:Rv3808c,,map01100
O53611,mtu:Rv0066c,,map00480
O53611,mtu:Rv0066c,,map01110
O53611,mtu:Rv0066c,,map01230
O53611,mtu:Rv0066c,,map00020
O53611,mtu:Rv0066c,,map01210
O53611,mtu:Rv0066c,,map01120
O53611,mtu:Rv0066c,,map01200
O53611,mtu:Rv0066c,,map00720
O53611,mtu:Rv0066c,,map04146
O53611,mtu:Rv0066c,,map01100
O53873,mtu:Rv0861c,,map03420
O53896,mtu:Rv0983,,map02020
O69652,mtu:Rv3684,,map01320
O69652,mtu:Rv3684,,map01110
O69652,mtu:Rv3684,,map01230
O69652,mtu:Rv3684,,map01120
O69652,mtu:Rv3684,,map01200
O69652,mtu:Rv3684,,map00920
O69652,mtu:Rv3684,,map00270
O69652,mtu:Rv3684,,map01100
P71716,mtu:Rv2384,,map01053
P71857,mtu:Rv3544c,,map01120
P71857,mtu:Rv3544c,,map00984
P71858,mtu:Rv3543c,,map01120
P71858,mtu:Rv3543c,,map00984
P71875,mtu:Rv3526,,map01120
P71875,mtu:Rv3526,,map01100
P71875,mtu:Rv3526,,map00984
P71905,mtu:Rv2444c,,map03018
P95160,mtu:Rv1854c,,map00190
P95160,mtu:Rv1854c,,map01100
P95200,mtu:Rv0392c,,map00190
P95200,mtu:Rv0392c,,map01100
P96368,mtu:Rv1032c,,map02020
P96379,mtu:Rv1021,,map00760
P96379,mtu:Rv1021,,map00230
P96379,mtu:Rv1021,,map01232
P96379,mtu:Rv1021,,map00240
P96379,mtu:Rv1021,,map00770
P96379,mtu:Rv1021,,map01100
P96890,mtu:Rv3285,,map00640
P96890,mtu:Rv3285,,map01110
P96890,mtu:Rv3285,,map00074
P96890,mtu:Rv3285,,map00620
P96890,mtu:Rv3285,,map01120
P96890,mtu:Rv3285,,map01200
P96890,mtu:Rv3285,,map00061
P96890,mtu:Rv3285,,map00630
P96890,mtu:Rv3285,,map00280
P96890,mtu:Rv3285,,map01212
P96890,mtu:Rv3285,,map01100
P9WFF1,mtu:Rv1850,,map00220
P9WFF1,mtu:Rv1850,,map01120
P9WFF1,mtu:Rv1850,,map00230
P9WFF1,mtu:Rv1850,,map01100
P9WFF5,mtu:Rv1086,,map00900
P9WFF5,mtu:Rv1086,,map01110
P9WFF7,mtu:Rv2361c,,map00900
P9WFF7,mtu:Rv2361c,,map01110
P9WFR9,mtu:Rv2764c,,map00670
P9WFR9,mtu:Rv2764c,,map04981
P9WFR9,mtu:Rv2764c,,map01232
P9WFR9,mtu:Rv2764c,,map00240
P9WFR9,mtu:Rv2764c,,map01100
P9WFU7,mtu:Rv1640c,,map00970
P9WFV7,mtu:Rv2357c,,map00970
P9WFX1,mtu:Rv2386c,,map01053
P9WFX1,mtu:Rv2386c,,map01110
P9WFZ5,mtu:Rv3372,,map01100
P9WFZ5,mtu:Rv3372,,map01110
P9WFZ5,mtu:Rv3372,,map00500
P9WG25,mtu:Rv1449c,,map01110
P9WG25,mtu:Rv1449c,,map01230
P9WG25,mtu:Rv1449c,,map00710
P9WG25,mtu:Rv1449c,,map01120
P9WG25,mtu:Rv1449c,,map01200
P9WG25,mtu:Rv1449c,,map00030
P9WG25,mtu:Rv1449c,,map01100
P9WG41,mtu:Rv3003c,,map00660
P9WG41,mtu:Rv3003c,,map01110
P9WG41,mtu:Rv3003c,,map01230
P9WG41,mtu:Rv3003c,,map01210
P9WG41,mtu:Rv3003c,,map00650
P9WG41,mtu:Rv3003c,,map00290
P9WG41,mtu:Rv3003c,,map00770
P9WG41,mtu:Rv3003c,,map01100
P9WG43,mtu:Rv1438,,map01110
P9WG43,mtu:Rv1438,,map01230
P9WG43,mtu:Rv1438,,map00710
P9WG43,mtu:Rv1438,,map01120
P9WG43,mtu:Rv1438,,map00562
P9WG43,mtu:Rv1438,,map01200
P9WG43,mtu:Rv1438,,map00051
P9WG43,mtu:Rv1438,,map00010
P9WG43,mtu:Rv1438,,map01100
P9WG57,mtu:Rv2754c,,map01232
P9WG57,mtu:Rv2754c,,map01100
P9WG57,mtu:Rv2754c,,map00670
P9WG57,mtu:Rv2754c,,map00240
P9WG59,mtu:Rv1295,,map01110
P9WG59,mtu:Rv1295,,map01230
P9WG59,mtu:Rv1295,,map01120
P9WG59,mtu:Rv1295,,map00260
P9WG59,mtu:Rv1295,,map00750
P9WG59,mtu:Rv1295,,map01100
P9WGB7,mtu:Rv1079,,map01110
P9WGB7,mtu:Rv1079,,map01230
P9WGB7,mtu:Rv1079,,map01120
P9WGB7,mtu:Rv1079,,map00920
P9WGB7,mtu:Rv1079,,map00450
P9WGB7,mtu:Rv1079,,map00270
P9WGB7,mtu:Rv1079,,map01100
P9WGD7,mtu:Rv2916c,,map03060
P9WGD7,mtu:Rv2916c,,map02024
P9WGD7,mtu:Rv2916c,,map03070
P9WGD9,mtu:Rv2921c,,map03060
P9WGD9,mtu:Rv2921c,,map02024
P9WGD9,mtu:Rv2921c,,map03070
P9WGE7,mtu:Rv3846,,map04146
P9WGE9,mtu:Rv0432,,map04146
P9WGG1,mtu:Rv0113,,map01250
P9WGG1,mtu:Rv0113,,map00541
P9WGG1,mtu:Rv0113,,map01100
P9WGG3,mtu:Rv1151c,,map00760
P9WGG3,mtu:Rv1151c,,map01100
P9WGI7,mtu:Rv0070c,,map00680
P9WGI7,mtu:Rv0070c,,map01110
P9WGI7,mtu:Rv0070c,,map01230
P9WGI7,mtu:Rv0070c,,map01240
P9WGI7,mtu:Rv0070c,,map00670
P9WGI7,mtu:Rv0070c,,map04981
P9WGI7,mtu:Rv0070c,,map00260
P9WGI7,mtu:Rv0070c,,map01120
P9WGI7,mtu:Rv0070c,,map01200
P9WGI7,mtu:Rv0070c,,map00460
P9WGI7,mtu:Rv0070c,,map00630
P9WGI7,mtu:Rv0070c,,map01100
P9WGI9,mtu:Rv1093,,map00680
P9WGI9,mtu:Rv1093,,map01110
P9WGI9,mtu:Rv1093,,map01230
P9WGI9,mtu:Rv1093,,map01240
P9WGI9,mtu:Rv1093,,map00670
P9WGI9,mtu:Rv1093,,map04981
P9WGI9,mtu:Rv1093,,map00260
P9WGI9,mtu:Rv1093,,map01120
P9WGI9,mtu:Rv1093,,map01200
P9WGI9,mtu:Rv1093,,map00460
P9WGI9,mtu:Rv1093,,map00630
P9WGI9,mtu:Rv1093,,map01100
P9WGK1,mtu:Rv2027c,,map02020
P9WGK3,mtu:Rv3132c,,map02020
P9WGK5,mtu:Rv0490,,map02020
P9WGK9,mtu:Rv3245c,,map02020
P9WGL1,mtu:Rv0982,,map02020
P9WGL3,mtu:Rv1028c,,map02020
P9WGL9,mtu:Rv0491,,map02020
P9WGM1,mtu:Rv0903c,,map02020
P9WGM7,mtu:Rv3246c,,map02020
P9WGM9,mtu:Rv0981,,map02020
P9WGP3,mtu:Rv1821,,map03060
P9WGP3,mtu:Rv1821,,map02024
P9WGP3,mtu:Rv1821,,map03070
P9WGP5,mtu:Rv3240c,,map03060
P9WGP5,mtu:Rv3240c,,map02024
P9WGP5,mtu:Rv3240c,,map03070
P9WGR1,mtu:Rv1484,,map01100
P9WGR1,mtu:Rv1484,,map01110
P9WGR1,mtu:Rv1484,,map00074
P9WGT1,mtu:Rv2002,,map01100
P9WGT3,mtu:Rv1483,,map01100
P9WGT3,mtu:Rv1483,,map01110
P9WGT3,mtu:Rv1483,,map00074
P9WGT7,mtu:Rv0928,,map02010
P9WGT7,mtu:Rv0928,,map02020
P9WGT7,mtu:Rv0928,,map05152
P9WGU1,mtu:Rv0934,,map02010
P9WGU1,mtu:Rv0934,,map02020
P9WGU1,mtu:Rv0934,,map05152
P9WGU5,mtu:Rv1280c,,map02010
P9WGU9,mtu:Rv1235,,map02010
P9WGV3,mtu:Rv3248c,,map00670
P9WGV3,mtu:Rv3248c,,map00270
P9WGV3,mtu:Rv3248c,,map01100
P9WGY9,mtu:Rv0667,,map03020
P9WGZ9,mtu:Rv2752c,,map03018
P9WH11,mtu:Rv3465,,map01110
P9WH11,mtu:Rv3465,,map00521
P9WH11,mtu:Rv3465,,map01250
P9WH11,mtu:Rv3465,,map00523
P9WH11,mtu:Rv3465,,map00541
P9WH11,mtu:Rv3465,,map01100
P9WH13,mtu:Rv0334,,map01110
P9WH13,mtu:Rv0334,,map00520
P9WH13,mtu:Rv0334,,map00525
P9WH13,mtu:Rv0334,,map00521
P9WH13,mtu:Rv0334,,map01250
P9WH13,mtu:Rv0334,,map00523
P9WH13,mtu:Rv0334,,map00541
P9WH13,mtu:Rv0334,,map01100
P9WH43,mtu:Rv1630,,map03010
P9WH69,mtu:Rv0233,,map01232
P9WH69,mtu:Rv0233,,map01100
P9WH69,mtu:Rv0233,,map00230
P9WH69,mtu:Rv0233,,map00240
P9WH71,mtu:Rv3048c,,map01232
P9WH71,mtu:Rv3048c,,map01100
P9WH71,mtu:Rv3048c,,map00230
P9WH71,mtu:Rv3048c,,map00240
P9WH75,mtu:Rv3051c,,map01232
P9WH75,mtu:Rv3051c,,map01100
P9WH75,mtu:Rv3051c,,map00230
P9WH75,mtu:Rv3051c,,map00240
P9WHF1,mtu:Rv1415,,map01110
P9WHF1,mtu:Rv1415,,map00790
P9WHF1,mtu:Rv1415,,map01240
P9WHF1,mtu:Rv1415,,map00740
P9WHF1,mtu:Rv1415,,map01100
P9WHF3,mtu:Rv1297,,map03018
P9WHG9,mtu:Rv2583c,,map00230
P9WHG9,mtu:Rv2583c,,map01100
P9WHH1,mtu:Rv3913,,map00450
P9WHH9,mtu:Rv0462,,map00640
P9WHH9,mtu:Rv0462,,map00310
P9WHH9,mtu:Rv0462,,map01110
P9WHH9,mtu:Rv0462,,map00785
P9WHH9,mtu:Rv0462,,map01240
P9WHH9,mtu:Rv0462,,map00670
P9WHH9,mtu:Rv0462,,map00020
P9WHH9,mtu:Rv0462,,map01210
P9WHH9,mtu:Rv0462,,map00380
P9WHH9,mtu:Rv0462,,map00260
P9WHH9,mtu:Rv0462,,map00620
P9WHH9,mtu:Rv0462,,map01120
P9WHH9,mtu:Rv0462,,map01200
P9WHH9,mtu:Rv0462,,map00630
P9WHH9,mtu:Rv0462,,map00280
P9WHH9,mtu:Rv0462,,map00010
P9WHH9,mtu:Rv0462,,map01100
P9WHJ3,mtu:Rv2737c,,map03440
P9WHK7,mtu:Rv1699,,map01100
P9WHK7,mtu:Rv1699,,map01240
P9WHK7,mtu:Rv1699,,map01232
P9WHK7,mtu:Rv1699,,map00240
P9WHQ9,mtu:Rv3624c,,map01110
P9WHQ9,mtu:Rv3624c,,map01232
P9WHQ9,mtu:Rv3624c,,map00230
P9WHQ9,mtu:Rv3624c,,map00983
P9WHQ9,mtu:Rv3624c,,map01100
P9WHS1,mtu:Rv1334,,map04122
P9WHT9,mtu:Rv2110c,,map03050
P9WHU1,mtu:Rv2109c,,map03050
P9WHV7,mtu:Rv1695,,map01240
P9WHV7,mtu:Rv1695,,map00760
P9WHV7,mtu:Rv1695,,map01100
P9WI55,mtu:Rv3628,,map00190
P9WI73,mtu:Rv0410c,,map05152
P9WIA1,mtu:Rv2234,,map02020
P9WIB3,mtu:Rv2350c,,map01110
P9WIB3,mtu:Rv2350c,,map00564
P9WIB3,mtu:Rv2350c,,map00565
P9WIB3,mtu:Rv2350c,,map02024
P9WIB3,mtu:Rv2350c,,map00562
P9WIB3,mtu:Rv2350c,,map01100
P9WIB5,mtu:Rv2351c,,map01110
P9WIB5,mtu:Rv2351c,,map00564
P9WIB5,mtu:Rv2351c,,map00565
P9WIB5,mtu:Rv2351c,,map02024
P9WIB5,mtu:Rv2351c,,map00562
P9WIB5,mtu:Rv2351c,,map01100
P9WIB9,mtu:Rv1885c,,map01230
P9WIB9,mtu:Rv1885c,,map01110
P9WIB9,mtu:Rv1885c,,map00400
P9WIB9,mtu:Rv1885c,,map01100
P9WIC1,mtu:Rv0948c,,map01230
P9WIC1,mtu:Rv0948c,,map01110
P9WIC1,mtu:Rv0948c,,map00400
P9WIC1,mtu:Rv0948c,,map01100
P9WIC3,mtu:Rv3838c,,map01230
P9WIC3,mtu:Rv3838c,,map01110
P9WIC3,mtu:Rv3838c,,map00400
P9WIC3,mtu:Rv3838c,,map01100
P9WID3,mtu:Rv2029c,,map00052
P9WID3,mtu:Rv2029c,,map00680
P9WID3,mtu:Rv2029c,,map01110
P9WID3,mtu:Rv2029c,,map01230
P9WID3,mtu:Rv2029c,,map01120
P9WID3,mtu:Rv2029c,,map01200
P9WID3,mtu:Rv2029c,,map00030
P9WID3,mtu:Rv2029c,,map00051
P9WID3,mtu:Rv2029c,,map00010
P9WID3,mtu:Rv2029c,,map01100
P9WID5,mtu:Rv2202c,,map01232
P9WID5,mtu:Rv2202c,,map00230
P9WID5,mtu:Rv2202c,,map01100
P9WID7,mtu:Rv3010c,,map00052
P9WID7,mtu:Rv3010c,,map00680
P9WID7,mtu:Rv3010c,,map01110
P9WID7,mtu:Rv3010c,,map01230
P9WID7,mtu:Rv3010c,,map01120
P9WID7,mtu:Rv3010c,,map01200
P9WID7,mtu:Rv3010c,,map00030
P9WID7,mtu:Rv3010c,,map00051
P9WID7,mtu:Rv3010c,,map00010
P9WID7,mtu:Rv3010c,,map01100
P9WIE5,mtu:Rv1908c,,map01110
P9WIE5,mtu:Rv1908c,,map00360
P9WIE5,mtu:Rv1908c,,map00380
P9WIE5,mtu:Rv1908c,,map00983
P9WIE5,mtu:Rv1908c,,map01100
P9WIH3,mtu:Rv0211,,map01110
P9WIH3,mtu:Rv0211,,map00020
P9WIH3,mtu:Rv0211,,map00620
P9WIH3,mtu:Rv0211,,map01120
P9WIH3,mtu:Rv0211,,map00010
P9WIH3,mtu:Rv0211,,map01100
P9WIK3,mtu:Rv2392,,map01320
P9WIK3,mtu:Rv2392,,map01120
P9WIK3,mtu:Rv2392,,map00920
P9WIK3,mtu:Rv2392,,map01100
P9WIL3,mtu:Rv3601c,,map00410
P9WIL3,mtu:Rv3601c,,map01110
P9WIL3,mtu:Rv3601c,,map01240
P9WIL3,mtu:Rv3601c,,map00770
P9WIL3,mtu:Rv3601c,,map01100
P9WIL5,mtu:Rv3602c,,map00410
P9WIL5,mtu:Rv3602c,,map01110
P9WIL5,mtu:Rv3602c,,map01240
P9WIL5,mtu:Rv3602c,,map00770
P9WIL5,mtu:Rv3602c,,map01100
P9WIL7,mtu:Rv2225,,map01240
P9WIL7,mtu:Rv2225,,map00770
P9WIL7,mtu:Rv2225,,map01110
P9WIL7,mtu:Rv2225,,map01100
P9WIQ1,mtu:Rv3809c,,map00520
P9WIQ1,mtu:Rv3809c,,map00052
P9WIQ1,mtu:Rv3809c,,map01250
P9WIQ1,mtu:Rv3809c,,map01100
P9WIS5,mtu:Rv1248c,,map01110
P9WIS5,mtu:Rv1248c,,map00020
P9WIS5,mtu:Rv1248c,,map01210
P9WIS5,mtu:Rv1248c,,map01120
P9WIS5,mtu:Rv1248c,,map01200
P9WIS5,mtu:Rv1248c,,map00630
P9WIS5,mtu:Rv1248c,,map00785
P9WIS5,mtu:Rv1248c,,map01100
P9WIS7,mtu:Rv2215,,map01110
P9WIS7,mtu:Rv2215,,map00020
P9WIS7,mtu:Rv2215,,map01210
P9WIS7,mtu:Rv2215,,map00620
P9WIS7,mtu:Rv2215,,map01120
P9WIS7,mtu:Rv2215,,map01200
P9WIS7,mtu:Rv2215,,map00010
P9WIS7,mtu:Rv2215,,map00785
P9WIS7,mtu:Rv2215,,map01100
P9WIS9,mtu:Rv2241,,map01110
P9WIS9,mtu:Rv2241,,map00020
P9WIS9,mtu:Rv2241,,map01210
P9WIS9,mtu:Rv2241,,map00620
P9WIS9,mtu:Rv2241,,map01120
P9WIS9,mtu:Rv2241,,map01200
P9WIS9,mtu:Rv2241,,map00010
P9WIS9,mtu:Rv2241,,map00785
P9WIS9,mtu:Rv2241,,map01100
P9WIU7,mtu:Rv1293,,map01110
P9WIU7,mtu:Rv1293,,map00470
P9WIU7,mtu:Rv1293,,map01230
P9WIU7,mtu:Rv1293,,map00300
P9WIU7,mtu:Rv1293,,map01120
P9WIU7,mtu:Rv1293,,map01100
P9WIV9,mtu:Rv3151,,map00190
P9WIV9,mtu:Rv3151,,map01100
P9WJ03,mtu:Rv2391,,map01320
P9WJ03,mtu:Rv2391,,map01120
P9WJ03,mtu:Rv2391,,map00920
P9WJ03,mtu:Rv2391,,map01100
P9WJ93,mtu:Rv3571,,map01120
P9WJ93,mtu:Rv3571,,map01100
P9WJ93,mtu:Rv3571,,map00984
P9WJA1,mtu:Rv3570c,,map01120
P9WJA1,mtu:Rv3570c,,map01100
P9WJA1,mtu:Rv3570c,,map00984
P9WJH7,mtu:Rv2445c,,map01110
P9WJH7,mtu:Rv2445c,,map01240
P9WJH7,mtu:Rv2445c,,map00230
P9WJH7,mtu:Rv2445c,,map01232
P9WJH7,mtu:Rv2445c,,map00240
P9WJH7,mtu:Rv2445c,,map00983
P9WJH7,mtu:Rv2445c,,map01100
P9WJI5,mtu:Rv3566c,,map01120
P9WJI5,mtu:Rv3566c,,map01110
P9WJI5,mtu:Rv3566c,,map00983
P9WJI5,mtu:Rv3566c,,map01100
P9WJJ3,mtu:Rv2438c,,map01240
P9WJJ3,mtu:Rv2438c,,map00760
P9WJJ3,mtu:Rv2438c,,map01100
P9WJQ1,mtu:Rv1736c,,map01310
P9WJQ1,mtu:Rv1736c,,map01120
P9WJQ1,mtu:Rv1736c,,map00910
P9WJQ1,mtu:Rv1736c,,map02020
P9WJQ1,mtu:Rv1736c,,map01100
P9WJQ3,mtu:Rv1161,,map01310
P9WJQ3,mtu:Rv1161,,map01120
P9WJQ3,mtu:Rv1161,,map00910
P9WJQ3,mtu:Rv1161,,map02020
P9WJQ3,mtu:Rv1161,,map01100
P9WJW3,mtu:Rv1317c,,map03410
P9WK17,mtu:Rv1837c,,map01110
P9WK17,mtu:Rv1837c,,map01120
P9WK17,mtu:Rv1837c,,map00620
P9WK17,mtu:Rv1837c,,map01200
P9WK17,mtu:Rv1837c,,map00630
P9WK17,mtu:Rv1837c,,map01100
P9WK45,mtu:Rv1411c,,map05152
P9WK61,mtu:Rv3763,,map05152
P9WK83,mtu:Rv2217,,map01240
P9WK83,mtu:Rv2217,,map00785
P9WK83,mtu:Rv2217,,map01100
P9WKC3,mtu:Rv3088,,map00561
P9WKC3,mtu:Rv3088,,map00073
P9WKC3,mtu:Rv3088,,map01110
P9WKC3,mtu:Rv3088,,map01100
P9WKC7,mtu:Rv3734c,,map00561
P9WKC7,mtu:Rv3734c,,map00073
P9WKC7,mtu:Rv3734c,,map01110
P9WKC7,mtu:Rv3734c,,map01100
P9WKC9,mtu:Rv3130c,,map00561
P9WKC9,mtu:Rv3130c,,map00073
P9WKC9,mtu:Rv3130c,,map01110
P9WKC9,mtu:Rv3130c,,map01100
P9WKD1,mtu:Rv0016c,,map01100
P9WKD1,mtu:Rv0016c,,map00550
P9WKD3,mtu:Rv2068c,,map01501
P9WKD3,mtu:Rv2068c,,map00311
P9WKD3,mtu:Rv2068c,,map01110
P37032,lpn:lpg1690,lpn00020,map00020
P37032,lpn:lpg1690,lpn00630,map00630
P37032,lpn:lpg1690,lpn00640,map00640
P37032,lpn:lpg1690,lpn00720,map00720
P37032,lpn:lpg1690,lpn01100,map01100
P37032,lpn:lpg1690,lpn01110,map01110
P37032,lpn:lpg1690,lpn01120,map01120
P37032,lpn:lpg1690,lpn01200,map01200
P37032,lpn:lpg1690,lpn01210,map01210
P37032,lpn:lpg1690,lpn01230,map01230
Q5ZRQ0,lpn:lpg2830,lpn05134,map05134
Q5ZSQ3,lpn:lpg2464,lpn05134,map05134
Q5ZTK4,lpn:lpg2157,lpn05134,map05134
Q5ZV75,lpn:lpg1565,lpn00730,map00730
Q5ZV75,lpn:lpg1565,lpn01100,map01100
Q5ZV75,lpn:lpg1565,lpn01240,map01240
Q5ZXP3,lpn:lpg0688,lpn03018,map03018
Q5ZXP3,lpn:lpg0688,lpn05134,map05134
Q5ZRK6,lpn:lpg2875,lpn00520,map00520
Q5ZRK6,lpn:lpg2875,lpn00541,map00541
Q5ZRK6,lpn:lpg2875,lpn01100,map01100
Q5ZRK6,lpn:lpg2875,lpn01250,map01250
Q5ZS94,lpn:lpg2625,lpn00220,map00220
Q5ZS94,lpn:lpg2625,lpn00240,map00240
Q5ZS94,lpn:lpg2625,lpn00250,map00250
Q5ZS94,lpn:lpg2625,lpn01100,map01100
Q5ZS94,lpn:lpg2625,lpn01110,map01110
Q5ZS94,lpn:lpg2625,lpn01240,map01240
Q5ZSM9,lpn:lpg2488,lpn00770,map00770
Q5ZSM9,lpn:lpg2488,lpn01100,map01100
Q5ZSM9,lpn:lpg2488,lpn01240,map01240
Q5ZSN3,lpn:lpg2484,lpn00230,map00230
Q5ZSN3,lpn:lpg2484,lpn01100,map01100
Q5ZSN3,lpn:lpg2484,lpn01232,map01232
Q5ZSX7,lpn:lpg2389,lpn00360,map00360
Q5ZSX7,lpn:lpg2389,lpn00380,map00380
Q5ZSX7,lpn:lpg2389,lpn01100,map01100
Q5ZSX7,lpn:lpg2389,lpn01110,map01110
Q5ZT63,lpn:lpg2302,lpn00260,map00260
Q5ZT63,lpn:lpg2302,lpn00261,map00261
Q5ZT63,lpn:lpg2302,lpn00270,map00270
Q5ZT63,lpn:lpg2302,lpn00300,map00300
Q5ZT63,lpn:lpg2302,lpn01100,map01100
Q5ZT63,lpn:lpg2302,lpn01110,map01110
Q5ZT63,lpn:lpg2302,lpn01120,map01120
Q5ZT63,lpn:lpg2302,lpn01210,map01210
Q5ZT63,lpn:lpg2302,lpn01230,map01230
Q5ZTX1,lpn:lpg2037,lpn00010,map00010
Q5ZTX1,lpn:lpg2037,lpn00680,map00680
Q5ZTX1,lpn:lpg2037,lpn01100,map01100
Q5ZTX1,lpn:lpg2037,lpn01110,map01110
Q5ZTX1,lpn:lpg2037,lpn01120,map01120
Q5ZTX1,lpn:lpg2037,lpn01200,map01200
Q5ZTX1,lpn:lpg2037,lpn01230,map01230
Q5ZTX1,lpn:lpg2037,lpn03018,map03018
Q5ZU94,lpn:lpg1913,lpn00010,map00010
Q5ZU94,lpn:lpg1913,lpn00030,map00030
Q5ZU94,lpn:lpg1913,lpn00051,map00051
Q5ZU94,lpn:lpg1913,lpn00052,map00052
Q5ZU94,lpn:lpg1913,lpn00680,map00680
Q5ZU94,lpn:lpg1913,lpn01100,map01100
Q5ZU94,lpn:lpg1913,lpn01110,map01110
Q5ZU94,lpn:lpg1913,lpn01120,map01120
Q5ZU94,lpn:lpg1913,lpn01200,map01200
Q5ZU94,lpn:lpg1913,lpn01230,map01230
Q5ZVU8,lpn:lpg1342,lpn00790,map00790
Q5ZVU8,lpn:lpg1342,lpn01100,map01100
Q5ZVU8,lpn:lpg1342,lpn01240,map01240
Q5ZWA4,lpn:lpg1181,lpn00240,map00240
Q5ZWA4,lpn:lpg1181,lpn01100,map01100
Q5ZWA4,lpn:lpg1181,lpn01232,map01232
Q5ZWA4,lpn:lpg1181,lpn01240,map01240
Q5ZWA6,lpn:lpg1179,lpn00740,map00740
Q5ZWA6,lpn:lpg1179,lpn00790,map00790
Q5ZWA6,lpn:lpg1179,lpn01100,map01100
Q5ZWA6,lpn:lpg1179,lpn01110,map01110
Q5ZWA6,lpn:lpg1179,lpn01240,map01240
Q5ZX08,lpn:lpg0925,lpn00550,map00550
Q5ZX08,lpn:lpg0925,lpn01100,map01100
Q5ZX08,lpn:lpg0925,lpn01501,map01501
Q5ZX16,lpn:lpg0917,lpn00300,map00300
Q5ZX16,lpn:lpg0917,lpn00550,map00550
Q5ZX16,lpn:lpg0917,lpn01100,map01100
Q5ZY30,lpn:lpg0543,lpn00030,map00030
Q5ZY30,lpn:lpg0543,lpn00230,map00230
Q5ZY30,lpn:lpg0543,lpn01100,map01100
Q5ZY30,lpn:lpg0543,lpn01110,map01110
Q5ZY30,lpn:lpg0543,lpn01120,map01120
Q5ZY30,lpn:lpg0543,lpn01200,map01200
Q5ZY30,lpn:lpg0543,lpn01230,map01230
Q5ZZ17,lpn:lpg0194,lpn00360,map00360
Q5ZZ17,lpn:lpg0194,lpn00380,map00380
Q5ZZ17,lpn:lpg0194,lpn01100,map01100
Q5ZZ17,lpn:lpg0194,lpn01110,map01110
P31108,lpn:lpg2967,lpn04146,map04146
Q3V870,lpn:lpg0946,lpn00750,map00750
Q3V870,lpn:lpg0946,lpn01100,map01100
Q3V870,lpn:lpg0946,lpn01240,map01240
Q3V872,lpn:lpg0299,lpn00750,map00750
Q3V872,lpn:lpg0299,lpn01100,map01100
Q3V872,lpn:lpg0299,lpn01240,map01240
Q5ZR96,lpn:lpg2987,lpn00190,map00190
Q5ZR96,lpn:lpg2987,lpn01100,map01100
Q5ZR97,lpn:lpg2986,lpn00190,map00190
Q5ZR97,lpn:lpg2986,lpn01100,map01100
Q5ZR99,lpn:lpg2984,lpn00190,map00190
Q5ZR99,lpn:lpg2984,lpn01100,map01100
Q5ZRA1,lpn:lpg2982,lpn00190,map00190
Q5ZRA1,lpn:lpg2982,lpn01100,map01100
Q5ZRA9,lpn:lpg2974,lpn00564,map00564
Q5ZRA9,lpn:lpg2974,lpn01100,map01100
Q5ZRA9,lpn:lpg2974,lpn01110,map01110
Q5ZRB1,lpn:lpg2971,lpn00620,map00620
Q5ZRB1,lpn:lpg2971,lpn01200,map01200
Q5ZRB1,lpn:lpg2971,lpn02020,map02020
Q5ZRB4,lpn:lpg2968,lpn00220,map00220
Q5ZRB4,lpn:lpg2968,lpn00300,map00300
Q5ZRB4,lpn:lpg2968,lpn01100,map01100
Q5ZRB4,lpn:lpg2968,lpn01110,map01110
Q5ZRB4,lpn:lpg2968,lpn01120,map01120
Q5ZRB4,lpn:lpg2968,lpn01210,map01210
Q5ZRB4,lpn:lpg2968,lpn01230,map01230
Q5ZRB9,lpn:lpg2963,lpn00240,map00240
Q5ZRB9,lpn:lpg2963,lpn01100,map01100
Q5ZRB9,lpn:lpg2963,lpn01240,map01240
Q5ZRC6,lpn:lpg2956,lpn00240,map00240
Q5ZRC6,lpn:lpg2956,lpn01100,map01100
Q5ZRC6,lpn:lpg2956,lpn01232,map01232
Q5ZRD8,lpn:lpg2944,lpn00540,map00540
Q5ZRD8,lpn:lpg2944,lpn01100,map01100
Q5ZRE5,lpn:lpg2937,lpn00020,map00020
Q5ZRE5,lpn:lpg2937,lpn00620,map00620
Q5ZRE5,lpn:lpg2937,lpn00720,map00720
Q5ZRE5,lpn:lpg2937,lpn01100,map01100
Q5ZRE5,lpn:lpg2937,lpn01110,map01110
Q5ZRE5,lpn:lpg2937,lpn01120,map01120
Q5ZRE5,lpn:lpg2937,lpn01200,map01200
Q5ZRE8,lpn:lpg2934,lpn03018,map03018
Q5ZRE9,lpn:lpg2933,lpn00130,map00130
Q5ZRE9,lpn:lpg2933,lpn01100,map01100
Q5ZRE9,lpn:lpg2933,lpn01110,map01110
Q5ZRE9,lpn:lpg2933,lpn01240,map01240
Q5ZRF3,lpn:lpg2929,lpn00410,map00410
Q5ZRF3,lpn:lpg2929,lpn00770,map00770
Q5ZRF3,lpn:lpg2929,lpn01100,map01100
Q5ZRF3,lpn:lpg2929,lpn01110,map01110
Q5ZRF3,lpn:lpg2929,lpn01240,map01240
Q5ZRH2,lpn:lpg2910,lpn00260,map00260
Q5ZRH2,lpn:lpg2910,lpn00350,map00350
Q5ZRH2,lpn:lpg2910,lpn00360,map00360
Q5ZRH2,lpn:lpg2910,lpn00410,map00410
Q5ZRH2,lpn:lpg2910,lpn01100,map01100
Q5ZRH2,lpn:lpg2910,lpn01110,map01110
Q5ZRH9,lpn:lpg2903,lpn00130,map00130
Q5ZRH9,lpn:lpg2903,lpn01100,map01100
Q5ZRH9,lpn:lpg2903,lpn01110,map01110
Q5ZRH9,lpn:lpg2903,lpn01240,map01240
Q5ZRI5,lpn:lpg2896,lpn00190,map00190
Q5ZRI5,lpn:lpg2896,lpn01100,map01100
Q5ZRJ5,lpn:lpg2886,lpn00790,map00790
Q5ZRJ5,lpn:lpg2886,lpn01100,map01100
Q5ZRJ9,lpn:lpg2882,lpn00450,map00450
Q5ZRJ9,lpn:lpg2882,lpn00970,map00970
Q5ZRJ9,lpn:lpg2882,lpn01100,map01100
Q5ZRL3,lpn:lpg2868,lpn00240,map00240
Q5ZRL3,lpn:lpg2868,lpn00670,map00670
Q5ZRL3,lpn:lpg2868,lpn01100,map01100
Q5ZRL3,lpn:lpg2868,lpn01232,map01232
Q5ZRL3,lpn:lpg2868,lpn04981,map04981
Q5ZRL5,lpn:lpg2866,lpn03440,map03440
Q5ZRP4,lpn:lpg2836,lpn00250,map00250
Q5ZRP4,lpn:lpg2836,lpn00520,map00520
Q5ZRP4,lpn:lpg2836,lpn01100,map01100
Q5ZRP4,lpn:lpg2836,lpn01250,map01250
Q5ZRQ7,lpn:lpg2823,lpn00760,map00760
Q5ZRQ7,lpn:lpg2823,lpn01100,map01100
Q5ZRQ7,lpn:lpg2823,lpn01240,map01240
Q5ZRS2,lpn:lpg2808,lpn00400,map00400
Q5ZRS2,lpn:lpg2808,lpn00999,map00999
Q5ZRS2,lpn:lpg2808,lpn01100,map01100
Q5ZRS2,lpn:lpg2808,lpn01110,map01110
Q5ZRS2,lpn:lpg2808,lpn01230,map01230
Q5ZRT4,lpn:lpg2794,lpn00520,map00520
Q5ZRT4,lpn:lpg2794,lpn01100,map01100
Q5ZRT4,lpn:lpg2794,lpn01250,map01250
Q5ZRT6,lpn:lpg2792,lpn00010,map00010
Q5ZRT6,lpn:lpg2792,lpn00051,map00051
Q5ZRT6,lpn:lpg2792,lpn00562,map00562
Q5ZRT6,lpn:lpg2792,lpn00710,map00710
Q5ZRT6,lpn:lpg2792,lpn01100,map01100
Q5ZRT6,lpn:lpg2792,lpn01110,map01110
Q5ZRT6,lpn:lpg2792,lpn01120,map01120
Q5ZRT6,lpn:lpg2792,lpn01200,map01200
Q5ZRT6,lpn:lpg2792,lpn01230,map01230
Q5ZRT8,lpn:lpg2789,lpn00190,map00190
Q5ZRT8,lpn:lpg2789,lpn01100,map01100
Q5ZRT9,lpn:lpg2788,lpn00190,map00190
Q5ZRT9,lpn:lpg2788,lpn01100,map01100
Q5ZRU1,lpn:lpg2786,lpn00190,map00190
Q5ZRU1,lpn:lpg2786,lpn01100,map01100
Q5ZRU2,lpn:lpg2785,lpn00190,map00190
Q5ZRU2,lpn:lpg2785,lpn01100,map01100
Q5ZRU4,lpn:lpg2783,lpn00190,map00190
Q5ZRU4,lpn:lpg2783,lpn01100,map01100
Q5ZRU5,lpn:lpg2782,lpn00190,map00190
Q5ZRU5,lpn:lpg2782,lpn01100,map01100
Q5ZRU6,lpn:lpg2781,lpn00190,map00190
Q5ZRU6,lpn:lpg2781,lpn01100,map01100
Q5ZRU8,lpn:lpg2779,lpn00190,map00190
Q5ZRU8,lpn:lpg2779,lpn01100,map01100
Q5ZRV1,lpn:lpg2776,lpn00190,map00190
Q5ZRV1,lpn:lpg2776,lpn01100,map01100
Q5ZRV8,lpn:lpg2768,lpn03018,map03018
Q5ZRW0,lpn:lpg2766,lpn00790,map00790
Q5ZRW0,lpn:lpg2766,lpn01100,map01100
Q5ZRW0,lpn:lpg2766,lpn01240,map01240
Q5ZRW2,lpn:lpg2764,lpn00190,map00190
Q5ZRY6,lpn:lpg2735,lpn00860,map00860
Q5ZRY6,lpn:lpg2735,lpn01100,map01100
Q5ZRY6,lpn:lpg2735,lpn01110,map01110
Q5ZRY6,lpn:lpg2735,lpn01120,map01120
Q5ZRY6,lpn:lpg2735,lpn01240,map01240
Q5ZS05,lpn:lpg2714,lpn00970,map00970
Q5ZS08,lpn:lpg2711,lpn00970,map00970
Q5ZS09,lpn:lpg2710,lpn00970,map00970
Q5ZS23,lpn:lpg2696,lpn01100,map01100
Q5ZS23,lpn:lpg2696,lpn01110,map01110
Q5ZS49,lpn:lpg2670,lpn02024,map02024
Q5ZS49,lpn:lpg2670,lpn03060,map03060
Q5ZS49,lpn:lpg2670,lpn03070,map03070
Q5ZS57,lpn:lpg2662,lpn00410,map00410
Q5ZS57,lpn:lpg2662,lpn00770,map00770
Q5ZS57,lpn:lpg2662,lpn01100,map01100
Q5ZS57,lpn:lpg2662,lpn01110,map01110
Q5ZS57,lpn:lpg2662,lpn01240,map01240
Q5ZS58,lpn:lpg2661,lpn00770,map00770
Q5ZS58,lpn:lpg2661,lpn01100,map01100
Q5ZS58,lpn:lpg2661,lpn01110,map01110
Q5ZS58,lpn:lpg2661,lpn01240,map01240
Q5ZS88,lpn:lpg2631,lpn00480,map00480
Q5ZS88,lpn:lpg2631,lpn01100,map01100
Q5ZSA1,lpn:lpg2618,lpn00300,map00300
Q5ZSA1,lpn:lpg2618,lpn00550,map00550
Q5ZSA1,lpn:lpg2618,lpn01100,map01100
Q5ZSA1,lpn:lpg2618,lpn01502,map01502
Q5ZSA2,lpn:lpg2617,lpn00550,map00550
Q5ZSA2,lpn:lpg2617,lpn01100,map01100
Q5ZSA2,lpn:lpg2617,lpn01502,map01502
Q5ZSA3,lpn:lpg2616,lpn00470,map00470
Q5ZSA3,lpn:lpg2616,lpn00550,map00550
Q5ZSA3,lpn:lpg2616,lpn01100,map01100
Q5ZSA4,lpn:lpg2615,lpn00550,map00550
Q5ZSA5,lpn:lpg2614,lpn00550,map00550
Q5ZSA5,lpn:lpg2614,lpn01100,map01100
Q5ZSA6,lpn:lpg2613,lpn00520,map00520
Q5ZSA6,lpn:lpg2613,lpn00550,map00550
Q5ZSA6,lpn:lpg2613,lpn01100,map01100
Q5ZSA6,lpn:lpg2613,lpn01250,map01250
Q5ZSA7,lpn:lpg2612,lpn00470,map00470
Q5ZSA7,lpn:lpg2612,lpn00550,map00550
Q5ZSA7,lpn:lpg2612,lpn01100,map01100
Q5ZSA7,lpn:lpg2612,lpn01502,map01502
Q5ZSB1,lpn:lpg2608,lpn00540,map00540
Q5ZSB1,lpn:lpg2608,lpn01100,map01100
Q5ZSD4,lpn:lpg2585,lpn01502,map01502
Q5ZSD4,lpn:lpg2585,lpn02020,map02020
Q5ZSN0,lpn:lpg2487,lpn00240,map00240
Q5ZSN0,lpn:lpg2487,lpn01100,map01100
Q5ZSN0,lpn:lpg2487,lpn01232,map01232
Q5ZSR8,lpn:lpg2449,lpn01502,map01502
Q5ZSR8,lpn:lpg2449,lpn02020,map02020
Q5ZT05,lpn:lpg2360,lpn03030,map03030
Q5ZT09,lpn:lpg2356,lpn00561,map00561
Q5ZT09,lpn:lpg2356,lpn00564,map00564
Q5ZT09,lpn:lpg2356,lpn01100,map01100
Q5ZT09,lpn:lpg2356,lpn01110,map01110
Q5ZT17,lpn:lpg2348,lpn04146,map04146
Q5ZT20,lpn:lpg2345,lpn03018,map03018
Q5ZT25,lpn:lpg2340,lpn00540,map00540
Q5ZT25,lpn:lpg2340,lpn01100,map01100
Q5ZT30,lpn:lpg2335,lpn00860,map00860
Q5ZT30,lpn:lpg2335,lpn01100,map01100
Q5ZT30,lpn:lpg2335,lpn01110,map01110
Q5ZT30,lpn:lpg2335,lpn01120,map01120
Q5ZT30,lpn:lpg2335,lpn01240,map01240
Q5ZT34,lpn:lpg2331,lpn00780,map00780
Q5ZT34,lpn:lpg2331,lpn01100,map01100
Q5ZT34,lpn:lpg2331,lpn01240,map01240
Q5ZT51,lpn:lpg2314,lpn00261,map00261
Q5ZT51,lpn:lpg2314,lpn00300,map00300
Q5ZT51,lpn:lpg2314,lpn01100,map01100
Q5ZT51,lpn:lpg2314,lpn01110,map01110
Q5ZT51,lpn:lpg2314,lpn01120,map01120
Q5ZT51,lpn:lpg2314,lpn01230,map01230
Q5ZT56,lpn:lpg2309,lpn00564,map00564
Q5ZT56,lpn:lpg2309,lpn01100,map01100
Q5ZT56,lpn:lpg2309,lpn01110,map01110
Q5ZT62,lpn:lpg2303,lpn00400,map00400
Q5ZT62,lpn:lpg2303,lpn01100,map01100
Q5ZT62,lpn:lpg2303,lpn01110,map01110
Q5ZT62,lpn:lpg2303,lpn01230,map01230
Q5ZT78,lpn:lpg2284,lpn02010,map02010
Q5ZT84,lpn:lpg2278,lpn00130,map00130
Q5ZT84,lpn:lpg2278,lpn00350,map00350
Q5ZT84,lpn:lpg2278,lpn00360,map00360
Q5ZT84,lpn:lpg2278,lpn01100,map01100
Q5ZT84,lpn:lpg2278,lpn01240,map01240
Q5ZTA0,lpn:lpg2262,lpn00430,map00430
Q5ZTA0,lpn:lpg2262,lpn00620,map00620
Q5ZTA0,lpn:lpg2262,lpn00640,map00640
Q5ZTA0,lpn:lpg2262,lpn00680,map00680
Q5ZTA0,lpn:lpg2262,lpn00720,map00720
Q5ZTA0,lpn:lpg2262,lpn01100,map01100
Q5ZTA0,lpn:lpg2262,lpn01120,map01120
Q5ZTA0,lpn:lpg2262,lpn01200,map01200
Q5ZTB9,lpn:lpg2243,lpn00240,map00240
Q5ZTB9,lpn:lpg2243,lpn01100,map01100
Q5ZTB9,lpn:lpg2243,lpn01232,map01232
Q5ZTI6,lpn:lpg2176,lpn00600,map00600
Q5ZTI6,lpn:lpg2176,lpn01100,map01100
Q5ZTV7,lpn:lpg2051,lpn00900,map00900
Q5ZTV7,lpn:lpg2051,lpn01100,map01100
Q5ZTV7,lpn:lpg2051,lpn01110,map01110
Q5ZTW7,lpn:lpg2041,lpn00790,map00790
Q5ZTW7,lpn:lpg2041,lpn01100,map01100
Q5ZTY0,lpn:lpg2028,lpn00860,map00860
Q5ZTY0,lpn:lpg2028,lpn01100,map01100
Q5ZTY0,lpn:lpg2028,lpn01110,map01110
Q5ZTY0,lpn:lpg2028,lpn01240,map01240
Q5ZTY3,lpn:lpg2025,lpn03018,map03018
Q5ZTY5,lpn:lpg2023,lpn00220,map00220
Q5ZTY5,lpn:lpg2023,lpn00240,map00240
Q5ZTY5,lpn:lpg2023,lpn00250,map00250
Q5ZTY5,lpn:lpg2023,lpn01100,map01100
Q5ZTY5,lpn:lpg2023,lpn01110,map01110
Q5ZTY5,lpn:lpg2023,lpn01240,map01240
Q5ZTY6,lpn:lpg2022,lpn00270,map00270
Q5ZTY6,lpn:lpg2022,lpn00670,map00670
Q5ZTY6,lpn:lpg2022,lpn00999,map00999
Q5ZTY6,lpn:lpg2022,lpn01100,map01100
Q5ZTY6,lpn:lpg2022,lpn01110,map01110
Q5ZTY6,lpn:lpg2022,lpn01230,map01230
Q5ZTY6,lpn:lpg2022,lpn01240,map01240
Q5ZTY7,lpn:lpg2021,lpn00270,map00270
Q5ZTY7,lpn:lpg2021,lpn00670,map00670
Q5ZTY7,lpn:lpg2021,lpn01100,map01100
Q5ZU10,lpn:lpg1998,lpn00340,map00340
Q5ZU10,lpn:lpg1998,lpn00350,map00350
Q5ZU10,lpn:lpg1998,lpn00360,map00360
Q5ZU10,lpn:lpg1998,lpn00400,map00400
Q5ZU10,lpn:lpg1998,lpn00401,map00401
Q5ZU10,lpn:lpg1998,lpn01100,map01100
Q5ZU10,lpn:lpg1998,lpn01110,map01110
Q5ZU10,lpn:lpg1998,lpn01230,map01230
Q5ZU79,lpn:lpg1928,lpn00240,map00240
Q5ZU79,lpn:lpg1928,lpn01100,map01100
Q5ZU96,lpn:lpg1911,lpn00860,map00860
Q5ZU96,lpn:lpg1911,lpn00970,map00970
Q5ZU96,lpn:lpg1911,lpn01100,map01100
Q5ZU96,lpn:lpg1911,lpn01110,map01110
Q5ZU96,lpn:lpg1911,lpn01120,map01120
Q5ZU96,lpn:lpg1911,lpn01240,map01240
Q5ZUD2,lpn:lpg1872,lpn05134,map05134
Q5ZUD5,lpn:lpg1869,lpn03008,map03008
Q5ZUE5,lpn:lpg1853,lpn00240,map00240
Q5ZUE5,lpn:lpg1853,lpn01100,map01100
Q5ZUE5,lpn:lpg1853,lpn01232,map01232
Q5ZUF6,lpn:lpg1842,lpn03420,map03420
Q5ZUF6,lpn:lpg1842,lpn03430,map03430
Q5ZUG5,lpn:lpg1833,lpn02010,map02010
Q5ZUH7,lpn:lpg1821,lpn00240,map00240
Q5ZUH7,lpn:lpg1821,lpn01100,map01100
Q5ZUH7,lpn:lpg1821,lpn01240,map01240
Q5ZUH9,lpn:lpg1819,lpn02010,map02010
Q5ZUI0,lpn:lpg1818,lpn00540,map00540
Q5ZUI0,lpn:lpg1818,lpn01100,map01100
Q5ZUI7,lpn:lpg1811,lpn00260,map00260
Q5ZUI7,lpn:lpg1811,lpn00261,map00261
Q5ZUI7,lpn:lpg1811,lpn00270,map00270
Q5ZUI7,lpn:lpg1811,lpn00300,map00300
Q5ZUI7,lpn:lpg1811,lpn00470,map00470
Q5ZUI7,lpn:lpg1811,lpn01100,map01100
Q5ZUI7,lpn:lpg1811,lpn01110,map01110
Q5ZUI7,lpn:lpg1811,lpn01120,map01120
Q5ZUI7,lpn:lpg1811,lpn01230,map01230
Q5ZUJ7,lpn:lpg1801,lpn03440,map03440
Q5ZUJ9,lpn:lpg1799,lpn00970,map00970
Q5ZUL6,lpn:lpg1777,lpn00970,map00970
Q5ZUQ8,lpn:lpg1735,lpn00970,map00970
Q5ZUQ8,lpn:lpg1735,lpn01100,map01100
Q5ZUR7,lpn:lpg1726,lpn00071,map00071
Q5ZUR7,lpn:lpg1726,lpn01100,map01100
Q5ZUR7,lpn:lpg1726,lpn01212,map01212
Q5ZUR9,lpn:lpg1723,lpn00230,map00230
Q5ZUR9,lpn:lpg1723,lpn01100,map01100
Q5ZUR9,lpn:lpg1723,lpn01110,map01110
Q5ZUR9,lpn:lpg1723,lpn01232,map01232
Q5ZUS0,lpn:lpg1722,lpn00230,map00230
Q5ZUS0,lpn:lpg1722,lpn01100,map01100
Q5ZUS0,lpn:lpg1722,lpn01232,map01232
Q5ZUS2,lpn:lpg1720,lpn02020,map02020
Q5ZUT0,lpn:lpg1712,lpn00240,map00240
Q5ZUT0,lpn:lpg1712,lpn01100,map01100
Q5ZUT0,lpn:lpg1712,lpn01232,map01232
Q5ZUT0,lpn:lpg1712,lpn01240,map01240
Q5ZUT4,lpn:lpg1708,lpn00330,map00330
Q5ZUT4,lpn:lpg1708,lpn01100,map01100
Q5ZUT5,lpn:lpg1707,lpn00330,map00330
Q5ZUT5,lpn:lpg1707,lpn01100,map01100
Q5ZUU3,lpn:lpg1699,lpn00130,map00130
Q5ZUU3,lpn:lpg1699,lpn01100,map01100
Q5ZUU3,lpn:lpg1699,lpn01110,map01110
Q5ZUU3,lpn:lpg1699,lpn01240,map01240
Q5ZUU6,lpn:lpg1696,lpn00250,map00250
Q5ZUU6,lpn:lpg1696,lpn00330,map00330
Q5ZUU6,lpn:lpg1696,lpn01100,map01100
Q5ZUU6,lpn:lpg1696,lpn01110,map01110
Q5ZUW4,lpn:lpg1678,lpn00230,map00230
Q5ZUW4,lpn:lpg1678,lpn01100,map01100
Q5ZUW4,lpn:lpg1678,lpn01110,map01110
Q5ZUW5,lpn:lpg1677,lpn00230,map00230
Q5ZUW5,lpn:lpg1677,lpn01100,map01100
Q5ZUW5,lpn:lpg1677,lpn01110,map01110
Q5ZUW8,lpn:lpg1674,lpn00230,map00230
Q5ZUW8,lpn:lpg1674,lpn00250,map00250
Q5ZUW8,lpn:lpg1674,lpn01100,map01100
Q5ZUW8,lpn:lpg1674,lpn01110,map01110
Q5ZUX0,lpn:lpg1672,lpn00230,map00230
Q5ZUX0,lpn:lpg1672,lpn00670,map00670
Q5ZUX0,lpn:lpg1672,lpn01100,map01100
Q5ZUX0,lpn:lpg1672,lpn01110,map01110
Q5ZV32,lpn:lpg1610,lpn00330,map00330
Q5ZV32,lpn:lpg1610,lpn00332,map00332
Q5ZV32,lpn:lpg1610,lpn01100,map01100
Q5ZV32,lpn:lpg1610,lpn01110,map01110
Q5ZV32,lpn:lpg1610,lpn01230,map01230
Q5ZV56,lpn:lpg1584,lpn00564,map00564
Q5ZV56,lpn:lpg1584,lpn01110,map01110
Q5ZV64,lpn:lpg1576,lpn03440,map03440
Q5ZV71,lpn:lpg1569,lpn04122,map04122
Q5ZV72,lpn:lpg1568,lpn00730,map00730
Q5ZV72,lpn:lpg1568,lpn01100,map01100
Q5ZV72,lpn:lpg1568,lpn01240,map01240
Q5ZV88,lpn:lpg1552,lpn00540,map00540
Q5ZV88,lpn:lpg1552,lpn01100,map01100
Q5ZV92,lpn:lpg1548,lpn00230,map00230
Q5ZV92,lpn:lpg1548,lpn00240,map00240
Q5ZV92,lpn:lpg1548,lpn01100,map01100
Q5ZV92,lpn:lpg1548,lpn01110,map01110
Q5ZV92,lpn:lpg1548,lpn01232,map01232
Q5ZV92,lpn:lpg1548,lpn01240,map01240
Q5ZVA4,lpn:lpg1536,lpn00860,map00860
Q5ZVA4,lpn:lpg1536,lpn01100,map01100
Q5ZVA4,lpn:lpg1536,lpn01110,map01110
Q5ZVA4,lpn:lpg1536,lpn01240,map01240
Q5ZVA6,lpn:lpg1534,lpn00860,map00860
Q5ZVA6,lpn:lpg1534,lpn01100,map01100
Q5ZVA6,lpn:lpg1534,lpn01110,map01110
Q5ZVA6,lpn:lpg1534,lpn01120,map01120
Q5ZVA6,lpn:lpg1534,lpn01240,map01240
Q5ZVC9,lpn:lpg1511,lpn00785,map00785
Q5ZVC9,lpn:lpg1511,lpn01100,map01100
Q5ZVC9,lpn:lpg1511,lpn01240,map01240
Q5ZVD1,lpn:lpg1509,lpn00550,map00550
Q5ZVD1,lpn:lpg1509,lpn01100,map01100
Q5ZVD7,lpn:lpg1503,lpn00010,map00010
Q5ZVD7,lpn:lpg1503,lpn00020,map00020
Q5ZVD7,lpn:lpg1503,lpn00620,map00620
Q5ZVD7,lpn:lpg1503,lpn00785,map00785
Q5ZVD7,lpn:lpg1503,lpn01100,map01100
Q5ZVD7,lpn:lpg1503,lpn01110,map01110
Q5ZVD7,lpn:lpg1503,lpn01120,map01120
Q5ZVD7,lpn:lpg1503,lpn01200,map01200
Q5ZVD7,lpn:lpg1503,lpn01210,map01210
Q5ZVG2,lpn:lpg1478,lpn00970,map00970
Q5ZVG5,lpn:lpg1475,lpn00780,map00780
Q5ZVG5,lpn:lpg1475,lpn01100,map01100
Q5ZVG5,lpn:lpg1475,lpn01240,map01240
Q5ZVG6,lpn:lpg1474,lpn00780,map00780
Q5ZVG6,lpn:lpg1474,lpn01100,map01100
Q5ZVG6,lpn:lpg1474,lpn01240,map01240
Q5ZVG8,lpn:lpg1472,lpn00780,map00780
Q5ZVG8,lpn:lpg1472,lpn01100,map01100
Q5ZVG8,lpn:lpg1472,lpn01240,map01240
Q5ZVG9,lpn:lpg1471,lpn00780,map00780
Q5ZVG9,lpn:lpg1471,lpn01100,map01100
Q5ZVG9,lpn:lpg1471,lpn01240,map01240
Q5ZVH3,lpn:lpg1467,lpn00770,map00770
Q5ZVH3,lpn:lpg1467,lpn01100,map01100
Q5ZVH3,lpn:lpg1467,lpn01240,map01240
Q5ZVH7,lpn:lpg1463,lpn02024,map02024
Q5ZVH7,lpn:lpg1463,lpn03060,map03060
Q5ZVH7,lpn:lpg1463,lpn03070,map03070
Q5ZVK5,lpn:lpg1435,lpn00240,map00240
Q5ZVK5,lpn:lpg1435,lpn01100,map01100
Q5ZVK5,lpn:lpg1435,lpn01232,map01232
Q5ZVL5,lpn:lpg1425,lpn00240,map00240
Q5ZVL5,lpn:lpg1425,lpn01100,map01100
Q5ZVL5,lpn:lpg1425,lpn01240,map01240
Q5ZVM1,lpn:lpg1419,lpn00400,map00400
Q5ZVM1,lpn:lpg1419,lpn01100,map01100
Q5ZVM1,lpn:lpg1419,lpn01110,map01110
Q5ZVM1,lpn:lpg1419,lpn01230,map01230
Q5ZVM2,lpn:lpg1418,lpn00260,map00260
Q5ZVM2,lpn:lpg1418,lpn00270,map00270
Q5ZVM2,lpn:lpg1418,lpn00680,map00680
Q5ZVM2,lpn:lpg1418,lpn00750,map00750
Q5ZVM2,lpn:lpg1418,lpn01100,map01100
Q5ZVM2,lpn:lpg1418,lpn01110,map01110
Q5ZVM2,lpn:lpg1418,lpn01120,map01120
Q5ZVM2,lpn:lpg1418,lpn01200,map01200
Q5ZVM2,lpn:lpg1418,lpn01230,map01230
Q5ZVM2,lpn:lpg1418,lpn01240,map01240
Q5ZVM9,lpn:lpg1411,lpn00230,map00230
Q5ZVM9,lpn:lpg1411,lpn00730,map00730
Q5ZVM9,lpn:lpg1411,lpn01100,map01100
Q5ZVM9,lpn:lpg1411,lpn01110,map01110
Q5ZVM9,lpn:lpg1411,lpn01232,map01232
Q5ZVM9,lpn:lpg1411,lpn01240,map01240
Q5ZVN7,lpn:lpg1403,lpn00520,map00520
Q5ZVN7,lpn:lpg1403,lpn01100,map01100
Q5ZVN7,lpn:lpg1403,lpn01250,map01250
Q5ZVP4,lpn:lpg1396,lpn01100,map01100
Q5ZVP4,lpn:lpg1396,lpn01110,map01110
Q5ZVP7,lpn:lpg1393,lpn00061,map00061
Q5ZVP7,lpn:lpg1393,lpn01100,map01100
Q5ZVP7,lpn:lpg1393,lpn01212,map01212
Q5ZVP8,lpn:lpg1392,lpn00561,map00561
Q5ZVP8,lpn:lpg1392,lpn01100,map01100
Q5ZVP8,lpn:lpg1392,lpn01110,map01110
Q5ZVQ1,lpn:lpg1389,lpn04122,map04122
Q5ZVQ6,lpn:lpg1384,lpn03030,map03030
Q5ZVQ6,lpn:lpg1384,lpn03430,map03430
Q5ZVQ6,lpn:lpg1384,lpn03440,map03440
Q5ZVQ7,lpn:lpg1383,lpn03030,map03030
Q5ZVR0,lpn:lpg1380,lpn00340,map00340
Q5ZVR0,lpn:lpg1380,lpn01100,map01100
Q5ZVR1,lpn:lpg1379,lpn00340,map00340
Q5ZVR1,lpn:lpg1379,lpn01100,map01100
Q5ZVR5,lpn:lpg1375,lpn00550,map00550
Q5ZVR5,lpn:lpg1375,lpn01100,map01100
Q5ZVR5,lpn:lpg1375,lpn01501,map01501
Q5ZVR6,lpn:lpg1374,lpn00550,map00550
Q5ZVR7,lpn:lpg1373,lpn03030,map03030
Q5ZVS6,lpn:lpg1364,lpn00220,map00220
Q5ZVS6,lpn:lpg1364,lpn00250,map00250
Q5ZVS6,lpn:lpg1364,lpn00630,map00630
Q5ZVS6,lpn:lpg1364,lpn00910,map00910
Q5ZVS6,lpn:lpg1364,lpn01100,map01100
Q5ZVS6,lpn:lpg1364,lpn01110,map01110
Q5ZVS6,lpn:lpg1364,lpn01120,map01120
Q5ZVS6,lpn:lpg1364,lpn01230,map01230
Q5ZVS6,lpn:lpg1364,lpn02020,map02020
Q5ZVU9,lpn:lpg1341,lpn00061,map00061
Q5ZVU9,lpn:lpg1341,lpn00620,map00620
Q5ZVU9,lpn:lpg1341,lpn00640,map00640
Q5ZVU9,lpn:lpg1341,lpn00720,map00720
Q5ZVU9,lpn:lpg1341,lpn01100,map01100
Q5ZVU9,lpn:lpg1341,lpn01110,map01110
Q5ZVU9,lpn:lpg1341,lpn01120,map01120
Q5ZVU9,lpn:lpg1341,lpn01200,map01200
Q5ZVU9,lpn:lpg1341,lpn01212,map01212
Q5ZVY1,lpn:lpg1307,lpn00970,map00970
Q5ZVY2,lpn:lpg1306,lpn00970,map00970
Q5ZVY2,lpn:lpg1306,lpn01100,map01100
Q5ZVZ1,lpn:lpg1297,lpn00670,map00670
Q5ZVZ1,lpn:lpg1297,lpn00720,map00720
Q5ZVZ1,lpn:lpg1297,lpn01100,map01100
Q5ZVZ1,lpn:lpg1297,lpn01120,map01120
Q5ZVZ1,lpn:lpg1297,lpn01200,map01200
Q5ZVZ1,lpn:lpg1297,lpn01240,map01240
Q5ZVZ3,lpn:lpg1295,lpn00620,map00620
Q5ZVZ3,lpn:lpg1295,lpn01100,map01100
Q5ZW01,lpn:lpg1287,lpn03440,map03440
Q5ZW08,lpn:lpg1280,lpn00620,map00620
Q5ZW08,lpn:lpg1280,lpn01200,map01200
Q5ZW08,lpn:lpg1280,lpn02020,map02020
Q5ZW72,lpn:lpg1215,lpn00860,map00860
Q5ZW72,lpn:lpg1215,lpn01100,map01100
Q5ZW72,lpn:lpg1215,lpn01110,map01110
Q5ZW72,lpn:lpg1215,lpn01240,map01240
Q5ZW83,lpn:lpg1204,lpn00240,map00240
Q5ZW83,lpn:lpg1204,lpn01100,map01100
Q5ZW83,lpn:lpg1204,lpn01240,map01240
Q5ZW87,lpn:lpg1199,lpn00340,map00340
Q5ZW87,lpn:lpg1199,lpn01100,map01100
Q5ZW87,lpn:lpg1199,lpn01110,map01110
Q5ZW87,lpn:lpg1199,lpn01230,map01230
Q5ZW89,lpn:lpg1197,lpn00340,map00340
Q5ZW89,lpn:lpg1197,lpn01100,map01100
Q5ZW89,lpn:lpg1197,lpn01110,map01110
Q5ZW89,lpn:lpg1197,lpn01230,map01230
Q5ZW90,lpn:lpg1196,lpn00340,map00340
Q5ZW90,lpn:lpg1196,lpn01100,map01100
Q5ZW90,lpn:lpg1196,lpn01110,map01110
Q5ZW90,lpn:lpg1196,lpn01230,map01230
Q5ZW93,lpn:lpg1193,lpn00340,map00340
Q5ZW93,lpn:lpg1193,lpn01100,map01100
Q5ZW93,lpn:lpg1193,lpn01110,map01110
Q5ZW93,lpn:lpg1193,lpn01230,map01230
Q5ZWA5,lpn:lpg1180,lpn00740,map00740
Q5ZWA5,lpn:lpg1180,lpn01100,map01100
Q5ZWA5,lpn:lpg1180,lpn01110,map01110
Q5ZWA5,lpn:lpg1180,lpn01240,map01240
Q5ZWA8,lpn:lpg1177,lpn00740,map00740
Q5ZWA8,lpn:lpg1177,lpn01100,map01100
Q5ZWA8,lpn:lpg1177,lpn01110,map01110
Q5ZWA8,lpn:lpg1177,lpn01240,map01240
Q5ZWA8,lpn:lpg1177,lpn02024,map02024
Q5ZWE4,lpn:lpg1141,lpn02010,map02010
Q5ZWN6,lpn:lpg1049,lpn00190,map00190
Q5ZWN6,lpn:lpg1049,lpn01100,map01100
Q5ZWN7,lpn:lpg1048,lpn00190,map00190
Q5ZWN7,lpn:lpg1048,lpn01100,map01100
Q5ZWX6,lpn:lpg0958,lpn03030,map03030
Q5ZWX6,lpn:lpg0958,lpn03410,map03410
Q5ZWX6,lpn:lpg0958,lpn03420,map03420
Q5ZWX6,lpn:lpg0958,lpn03430,map03430
Q5ZWZ5,lpn:lpg0938,lpn03060,map03060
Q5ZWZ6,lpn:lpg0937,lpn00970,map00970
Q5ZWZ7,lpn:lpg0936,lpn00740,map00740
Q5ZWZ7,lpn:lpg0936,lpn01100,map01100
Q5ZWZ7,lpn:lpg0936,lpn01110,map01110
Q5ZWZ7,lpn:lpg0936,lpn01240,map01240
Q5ZX00,lpn:lpg0933,lpn00400,map00400
Q5ZX00,lpn:lpg0933,lpn01100,map01100
Q5ZX00,lpn:lpg0933,lpn01110,map01110
Q5ZX00,lpn:lpg0933,lpn01230,map01230
Q5ZX01,lpn:lpg0932,lpn00400,map00400
Q5ZX01,lpn:lpg0932,lpn01100,map01100
Q5ZX01,lpn:lpg0932,lpn01110,map01110
Q5ZX01,lpn:lpg0932,lpn01230,map01230
Q5ZX15,lpn:lpg0918,lpn00750,map00750
Q5ZX15,lpn:lpg0918,lpn01100,map01100
Q5ZX15,lpn:lpg0918,lpn01240,map01240
Q5ZX17,lpn:lpg0916,lpn00550,map00550
Q5ZX17,lpn:lpg0916,lpn01100,map01100
Q5ZX17,lpn:lpg0916,lpn01501,map01501
Q5ZX22,lpn:lpg0911,lpn00770,map00770
Q5ZX22,lpn:lpg0911,lpn01100,map01100
Q5ZX22,lpn:lpg0911,lpn01240,map01240
Q5ZX41,lpn:lpg0892,lpn00380,map00380
Q5ZX41,lpn:lpg0892,lpn01100,map01100
Q5ZX41,lpn:lpg0892,lpn01240,map01240
Q5ZX45,lpn:lpg0888,lpn00300,map00300
Q5ZX45,lpn:lpg0888,lpn01100,map01100
Q5ZX45,lpn:lpg0888,lpn01120,map01120
Q5ZX45,lpn:lpg0888,lpn01230,map01230
Q5ZX46,lpn:lpg0887,lpn00300,map00300
Q5ZX46,lpn:lpg0887,lpn01100,map01100
Q5ZX46,lpn:lpg0887,lpn01120,map01120
Q5ZX46,lpn:lpg0887,lpn01230,map01230
Q5ZX65,lpn:lpg0867,lpn03018,map03018
Q5ZX76,lpn:lpg0856,lpn02010,map02010
Q5ZX85,lpn:lpg0847,lpn00520,map00520
Q5ZX85,lpn:lpg0847,lpn00550,map00550
Q5ZX85,lpn:lpg0847,lpn01100,map01100
Q5ZX85,lpn:lpg0847,lpn01250,map01250
Q5ZX98,lpn:lpg0834,lpn00400,map00400
Q5ZX98,lpn:lpg0834,lpn01100,map01100
Q5ZX98,lpn:lpg0834,lpn01110,map01110
Q5ZX98,lpn:lpg0834,lpn01230,map01230
Q5ZXB6,lpn:lpg0816,lpn00020,map00020
Q5ZXB6,lpn:lpg0816,lpn00480,map00480
Q5ZXB6,lpn:lpg0816,lpn00720,map00720
Q5ZXB6,lpn:lpg0816,lpn01100,map01100
Q5ZXB6,lpn:lpg0816,lpn01110,map01110
Q5ZXB6,lpn:lpg0816,lpn01120,map01120
Q5ZXB6,lpn:lpg0816,lpn01200,map01200
Q5ZXB6,lpn:lpg0816,lpn01210,map01210
Q5ZXB6,lpn:lpg0816,lpn01230,map01230
Q5ZXB6,lpn:lpg0816,lpn04146,map04146
Q5ZXC4,lpn:lpg0808,lpn00550,map00550
Q5ZXC4,lpn:lpg0808,lpn01100,map01100
Q5ZXC4,lpn:lpg0808,lpn01502,map01502
Q5ZXD1,lpn:lpg0801,lpn00230,map00230
Q5ZXD1,lpn:lpg0801,lpn00250,map00250
Q5ZXD1,lpn:lpg0801,lpn01100,map01100
Q5ZXD1,lpn:lpg0801,lpn01110,map01110
Q5ZXD1,lpn:lpg0801,lpn01232,map01232
Q5ZXD1,lpn:lpg0801,lpn01240,map01240
Q5ZXE6,lpn:lpg0785,lpn00061,map00061
Q5ZXE6,lpn:lpg0785,lpn00620,map00620
Q5ZXE6,lpn:lpg0785,lpn00640,map00640
Q5ZXE6,lpn:lpg0785,lpn00720,map00720
Q5ZXE6,lpn:lpg0785,lpn01100,map01100
Q5ZXE6,lpn:lpg0785,lpn01110,map01110
Q5ZXE6,lpn:lpg0785,lpn01120,map01120
Q5ZXE6,lpn:lpg0785,lpn01200,map01200
Q5ZXE6,lpn:lpg0785,lpn01212,map01212
Q5ZXE8,lpn:lpg0783,lpn00780,map00780
Q5ZXE8,lpn:lpg0783,lpn01100,map01100
Q5ZXH2,lpn:lpg0759,lpn00010,map00010
Q5ZXH2,lpn:lpg0759,lpn00030,map00030
Q5ZXH2,lpn:lpg0759,lpn00500,map00500
Q5ZXH2,lpn:lpg0759,lpn00520,map00520
Q5ZXH2,lpn:lpg0759,lpn01100,map01100
Q5ZXH2,lpn:lpg0759,lpn01110,map01110
Q5ZXH2,lpn:lpg0759,lpn01120,map01120
Q5ZXH2,lpn:lpg0759,lpn01200,map01200
Q5ZXH2,lpn:lpg0759,lpn01250,map01250
Q5ZXH5,lpn:lpg0756,lpn00521,map00521
Q5ZXH5,lpn:lpg0756,lpn00523,map00523
Q5ZXH5,lpn:lpg0756,lpn00541,map00541
Q5ZXH5,lpn:lpg0756,lpn01100,map01100
Q5ZXH5,lpn:lpg0756,lpn01110,map01110
Q5ZXH5,lpn:lpg0756,lpn01250,map01250
Q5ZXH8,lpn:lpg0753,lpn00541,map00541
Q5ZXH8,lpn:lpg0753,lpn01100,map01100
Q5ZXH8,lpn:lpg0753,lpn01250,map01250
Q5ZXH9,lpn:lpg0752,lpn00541,map00541
Q5ZXH9,lpn:lpg0752,lpn01100,map01100
Q5ZXH9,lpn:lpg0752,lpn01250,map01250
Q5ZXI0,lpn:lpg0751,lpn00541,map00541
Q5ZXI0,lpn:lpg0751,lpn01100,map01100
Q5ZXI0,lpn:lpg0751,lpn01250,map01250
Q5ZXI1,lpn:lpg0750,lpn00340,map00340
Q5ZXI1,lpn:lpg0750,lpn01100,map01100
Q5ZXI1,lpn:lpg0750,lpn01110,map01110
Q5ZXI1,lpn:lpg0750,lpn01230,map01230
Q5ZXI6,lpn:lpg0745,lpn00785,map00785
Q5ZXI6,lpn:lpg0745,lpn01100,map01100
Q5ZXI6,lpn:lpg0745,lpn01240,map01240
Q5ZXJ2,lpn:lpg0739,lpn00470,map00470
Q5ZXJ2,lpn:lpg0739,lpn01100,map01100
Q5ZXJ2,lpn:lpg0739,lpn01502,map01502
Q5ZXJ3,lpn:lpg0738,lpn03030,map03030
Q5ZXJ7,lpn:lpg0734,lpn00760,map00760
Q5ZXJ7,lpn:lpg0734,lpn01100,map01100
Q5ZXJ7,lpn:lpg0734,lpn01240,map01240
Q5ZXK3,lpn:lpg0728,lpn00730,map00730
Q5ZXK3,lpn:lpg0728,lpn01100,map01100
Q5ZXK3,lpn:lpg0728,lpn01240,map01240
Q5ZXK6,lpn:lpg0725,lpn00260,map00260
Q5ZXK6,lpn:lpg0725,lpn00460,map00460
Q5ZXK6,lpn:lpg0725,lpn00630,map00630
Q5ZXK6,lpn:lpg0725,lpn00670,map00670
Q5ZXK6,lpn:lpg0725,lpn00680,map00680
Q5ZXK6,lpn:lpg0725,lpn01100,map01100
Q5ZXK6,lpn:lpg0725,lpn01110,map01110
Q5ZXK6,lpn:lpg0725,lpn01120,map01120
Q5ZXK6,lpn:lpg0725,lpn01200,map01200
Q5ZXK6,lpn:lpg0725,lpn01230,map01230
Q5ZXK6,lpn:lpg0725,lpn01240,map01240
Q5ZXK6,lpn:lpg0725,lpn04981,map04981
Q5ZXL2,lpn:lpg0719,lpn00970,map00970
Q5ZXM0,lpn:lpg0711,lpn00340,map00340
Q5ZXM0,lpn:lpg0711,lpn01100,map01100
Q5ZXM2,lpn:lpg0709,lpn00340,map00340
Q5ZXM2,lpn:lpg0709,lpn01100,map01100
Q5ZXM9,lpn:lpg0702,lpn00260,map00260
Q5ZXM9,lpn:lpg0702,lpn01100,map01100
Q5ZXN0,lpn:lpg0701,lpn00260,map00260
Q5ZXN0,lpn:lpg0701,lpn01100,map01100
Q5ZXN7,lpn:lpg0694,lpn00970,map00970
Q5ZXR7,lpn:lpg0664,lpn00030,map00030
Q5ZXR7,lpn:lpg0664,lpn00710,map00710
Q5ZXR7,lpn:lpg0664,lpn01100,map01100
Q5ZXR7,lpn:lpg0664,lpn01110,map01110
Q5ZXR7,lpn:lpg0664,lpn01120,map01120
Q5ZXR7,lpn:lpg0664,lpn01200,map01200
Q5ZXR7,lpn:lpg0664,lpn01230,map01230
Q5ZXU2,lpn:lpg0639,lpn00030,map00030
Q5ZXU2,lpn:lpg0639,lpn00230,map00230
Q5ZXU2,lpn:lpg0639,lpn01100,map01100
Q5ZXU5,lpn:lpg0636,lpn00240,map00240
Q5ZXU5,lpn:lpg0636,lpn01100,map01100
Q5ZXU5,lpn:lpg0636,lpn01232,map01232
Q5ZXY5,lpn:lpg0595,lpn00790,map00790
Q5ZXY5,lpn:lpg0595,lpn01240,map01240
Q5ZXZ2,lpn:lpg0588,lpn00240,map00240
Q5ZXZ2,lpn:lpg0588,lpn00250,map00250
Q5ZXZ2,lpn:lpg0588,lpn01100,map01100
Q5ZXZ2,lpn:lpg0588,lpn01240,map01240
Q5ZY07,lpn:lpg0568,lpn00970,map00970
Q5ZY18,lpn:lpg0557,lpn03410,map03410
Q5ZY25,lpn:lpg0549,lpn00430,map00430
Q5ZY25,lpn:lpg0549,lpn00460,map00460
Q5ZY25,lpn:lpg0549,lpn00480,map00480
Q5ZY25,lpn:lpg0549,lpn01100,map01100
Q5ZY26,lpn:lpg0548,lpn00770,map00770
Q5ZY26,lpn:lpg0548,lpn01100,map01100
Q5ZY26,lpn:lpg0548,lpn01240,map01240
Q5ZY37,lpn:lpg0536,lpn00750,map00750
Q5ZY37,lpn:lpg0536,lpn01100,map01100
Q5ZY37,lpn:lpg0536,lpn01120,map01120
Q5ZY37,lpn:lpg0536,lpn01240,map01240
Q5ZY38,lpn:lpg0535,lpn00020,map00020
Q5ZY38,lpn:lpg0535,lpn00640,map00640
Q5ZY38,lpn:lpg0535,lpn00720,map00720
Q5ZY38,lpn:lpg0535,lpn01100,map01100
Q5ZY38,lpn:lpg0535,lpn01110,map01110
Q5ZY38,lpn:lpg0535,lpn01120,map01120
Q5ZY38,lpn:lpg0535,lpn01200,map01200
Q5ZY39,lpn:lpg0534,lpn00020,map00020
Q5ZY39,lpn:lpg0534,lpn00640,map00640
Q5ZY39,lpn:lpg0534,lpn00720,map00720
Q5ZY39,lpn:lpg0534,lpn01100,map01100
Q5ZY39,lpn:lpg0534,lpn01110,map01110
Q5ZY39,lpn:lpg0534,lpn01120,map01120
Q5ZY39,lpn:lpg0534,lpn01200,map01200
Q5ZY40,lpn:lpg0533,lpn00020,map00020
Q5ZY40,lpn:lpg0533,lpn00310,map00310
Q5ZY40,lpn:lpg0533,lpn00380,map00380
Q5ZY40,lpn:lpg0533,lpn00785,map00785
Q5ZY40,lpn:lpg0533,lpn01100,map01100
Q5ZY40,lpn:lpg0533,lpn01110,map01110
Q5ZY40,lpn:lpg0533,lpn01120,map01120
Q5ZY40,lpn:lpg0533,lpn01200,map01200
Q5ZY40,lpn:lpg0533,lpn01210,map01210
Q5ZY43,lpn:lpg0530,lpn00020,map00020
Q5ZY43,lpn:lpg0530,lpn00190,map00190
Q5ZY43,lpn:lpg0530,lpn00650,map00650
Q5ZY43,lpn:lpg0530,lpn00720,map00720
Q5ZY43,lpn:lpg0530,lpn01100,map01100
Q5ZY43,lpn:lpg0530,lpn01110,map01110
Q5ZY43,lpn:lpg0530,lpn01120,map01120
Q5ZY43,lpn:lpg0530,lpn01200,map01200
Q5ZY43,lpn:lpg0530,lpn05134,map05134
Q5ZY59,lpn:lpg0513,lpn00970,map00970
Q5ZY62,lpn:lpg0510,lpn00061,map00061
Q5ZY62,lpn:lpg0510,lpn00780,map00780
Q5ZY62,lpn:lpg0510,lpn01100,map01100
Q5ZY62,lpn:lpg0510,lpn01212,map01212
Q5ZY62,lpn:lpg0510,lpn01240,map01240
Q5ZY69,lpn:lpg0503,lpn00550,map00550
Q5ZY69,lpn:lpg0503,lpn00900,map00900
Q5ZY69,lpn:lpg0503,lpn01110,map01110
Q5ZY71,lpn:lpg0501,lpn00010,map00010
Q5ZY71,lpn:lpg0501,lpn00260,map00260
Q5ZY71,lpn:lpg0501,lpn00680,map00680
Q5ZY71,lpn:lpg0501,lpn01100,map01100
Q5ZY71,lpn:lpg0501,lpn01110,map01110
Q5ZY71,lpn:lpg0501,lpn01120,map01120
Q5ZY71,lpn:lpg0501,lpn01200,map01200
Q5ZY71,lpn:lpg0501,lpn01230,map01230
Q5ZY78,lpn:lpg0494,lpn00220,map00220
Q5ZY78,lpn:lpg0494,lpn00250,map00250
Q5ZY78,lpn:lpg0494,lpn01100,map01100
Q5ZY78,lpn:lpg0494,lpn01110,map01110
Q5ZY78,lpn:lpg0494,lpn01230,map01230
Q5ZY86,lpn:lpg0486,lpn00230,map00230
Q5ZY86,lpn:lpg0486,lpn00250,map00250
Q5ZY86,lpn:lpg0486,lpn01100,map01100
Q5ZY86,lpn:lpg0486,lpn01232,map01232
Q5ZY86,lpn:lpg0486,lpn01240,map01240
Q5ZYA8,lpn:lpg0464,lpn00400,map00400
Q5ZYA8,lpn:lpg0464,lpn01100,map01100
Q5ZYA8,lpn:lpg0464,lpn01110,map01110
Q5ZYA8,lpn:lpg0464,lpn01230,map01230
Q5ZYE7,lpn:lpg0425,lpn00860,map00860
Q5ZYE7,lpn:lpg0425,lpn01100,map01100
Q5ZYE7,lpn:lpg0425,lpn01110,map01110
Q5ZYE7,lpn:lpg0425,lpn01240,map01240
Q5ZYF4,lpn:lpg0418,lpn00030,map00030
Q5ZYF4,lpn:lpg0418,lpn01100,map01100
Q5ZYF4,lpn:lpg0418,lpn01120,map01120
Q5ZYF4,lpn:lpg0418,lpn01200,map01200
Q5ZYF6,lpn:lpg0416,lpn00030,map00030
Q5ZYF6,lpn:lpg0416,lpn00480,map00480
Q5ZYF6,lpn:lpg0416,lpn01100,map01100
Q5ZYF6,lpn:lpg0416,lpn01110,map01110
Q5ZYF6,lpn:lpg0416,lpn01120,map01120
Q5ZYF6,lpn:lpg0416,lpn01200,map01200
Q5ZYG0,lpn:lpg0412,lpn00190,map00190
Q5ZYG0,lpn:lpg0412,lpn00860,map00860
Q5ZYG0,lpn:lpg0412,lpn01100,map01100
Q5ZYG0,lpn:lpg0412,lpn01110,map01110
Q5ZYG0,lpn:lpg0412,lpn01240,map01240
Q5ZYH2,lpn:lpg0400,lpn02024,map02024
Q5ZYH2,lpn:lpg0400,lpn03060,map03060
Q5ZYH2,lpn:lpg0400,lpn03070,map03070
Q5ZYI8,lpn:lpg0384,lpn03420,map03420
Q5ZYK6,lpn:lpg0366,lpn00300,map00300
Q5ZYK6,lpn:lpg0366,lpn00470,map00470
Q5ZYK6,lpn:lpg0366,lpn01100,map01100
Q5ZYK6,lpn:lpg0366,lpn01110,map01110
Q5ZYK6,lpn:lpg0366,lpn01120,map01120
Q5ZYK6,lpn:lpg0366,lpn01230,map01230
Q5ZYL8,lpn:lpg0354,lpn03020,map03020
Q5ZYN0,lpn:lpg0342,lpn03010,map03010
Q5ZYP8,lpn:lpg0324,lpn03010,map03010
Q5ZYP9,lpn:lpg0323,lpn03020,map03020
Q5ZYS2,lpn:lpg0289,lpn00190,map00190
Q5ZYS2,lpn:lpg0289,lpn03018,map03018
Q5ZYS8,lpn:lpg0283,lpn00630,map00630
Q5ZYS8,lpn:lpg0283,lpn00680,map00680
Q5ZYS8,lpn:lpg0283,lpn01100,map01100
Q5ZYS8,lpn:lpg0283,lpn01120,map01120
Q5ZYS8,lpn:lpg0283,lpn01200,map01200
Q5ZYZ4,lpn:lpg0217,lpn00230,map00230
Q5ZYZ4,lpn:lpg0217,lpn01100,map01100
Q5ZYZ4,lpn:lpg0217,lpn01110,map01110
Q5ZZ72,lpn:lpg0139,lpn00030,map00030
Q5ZZ72,lpn:lpg0139,lpn00710,map00710
Q5ZZ72,lpn:lpg0139,lpn01100,map01100
Q5ZZ72,lpn:lpg0139,lpn01110,map01110
Q5ZZ72,lpn:lpg0139,lpn01120,map01120
Q5ZZ72,lpn:lpg0139,lpn01200,map01200
Q5ZZ72,lpn:lpg0139,lpn01230,map01230
Q5ZZ74,lpn:lpg0137,lpn00010,map00010
Q5ZZ74,lpn:lpg0137,lpn00710,map00710
Q5ZZ74,lpn:lpg0137,lpn01100,map01100
Q5ZZ74,lpn:lpg0137,lpn01110,map01110
Q5ZZ74,lpn:lpg0137,lpn01120,map01120
Q5ZZ74,lpn:lpg0137,lpn01200,map01200
Q5ZZ74,lpn:lpg0137,lpn01230,map01230
Q5ZZ80,lpn:lpg0131,lpn00261,map00261
Q5ZZ80,lpn:lpg0131,lpn00300,map00300
Q5ZZ80,lpn:lpg0131,lpn01100,map01100
Q5ZZ80,lpn:lpg0131,lpn01110,map01110
Q5ZZ80,lpn:lpg0131,lpn01120,map01120
Q5ZZ80,lpn:lpg0131,lpn01230,map01230
Q5ZZ93,lpn:lpg0118,lpn00260,map00260
Q5ZZ93,lpn:lpg0118,lpn00630,map00630
Q5ZZ93,lpn:lpg0118,lpn00670,map00670
Q5ZZ93,lpn:lpg0118,lpn00785,map00785
Q5ZZ93,lpn:lpg0118,lpn01100,map01100
Q5ZZ93,lpn:lpg0118,lpn01110,map01110
Q5ZZ93,lpn:lpg0118,lpn01200,map01200
Q5ZZ97,lpn:lpg0114,lpn00260,map00260
Q5ZZ97,lpn:lpg0114,lpn00630,map00630
Q5ZZ97,lpn:lpg0114,lpn00670,map00670
Q5ZZ97,lpn:lpg0114,lpn00785,map00785
Q5ZZ97,lpn:lpg0114,lpn01100,map01100
Q5ZZ97,lpn:lpg0114,lpn01110,map01110
Q5ZZ97,lpn:lpg0114,lpn01200,map01200
Q5ZZB1,lpn:lpg0100,lpn00540,map00540
Q5ZZB1,lpn:lpg0100,lpn01100,map01100
Q5ZZB7,lpn:lpg0094,lpn00030,map00030
Q5ZZB7,lpn:lpg0094,lpn00710,map00710
Q5ZZB7,lpn:lpg0094,lpn01100,map01100
Q5ZZB7,lpn:lpg0094,lpn01110,map01110
Q5ZZB7,lpn:lpg0094,lpn01120,map01120
Q5ZZB7,lpn:lpg0094,lpn01200,map01200
Q5ZZB7,lpn:lpg0094,lpn01230,map01230
Q5ZZD9,lpn:lpg0072,lpn03420,map03420
Q5ZZF8,lpn:lpg0052,lpn00640,map00640
Q5ZZF8,lpn:lpg0052,lpn01100,map01100
Q5ZZF8,lpn:lpg0052,lpn01120,map01120
Q5ZZF8,lpn:lpg0052,lpn01200,map01200
Q5ZZI2,lpn:lpg0028,lpn00130,map00130
Q5ZZI2,lpn:lpg0028,lpn01100,map01100
Q5ZZI2,lpn:lpg0028,lpn01110,map01110
Q5ZZI2,lpn:lpg0028,lpn01240,map01240
Q5ZZI5,lpn:lpg0025,lpn00540,map00540
Q5ZZI5,lpn:lpg0025,lpn01503,map01503
Q5ZZK8,lpn:lpg0001,lpn02020,map02020
Q9S4T0,lpn:lpg1285,lpn00350,map00350
Q9S4T0,lpn:lpg1285,lpn00643,map00643
Q9S4T0,lpn:lpg1285,lpn01100,map01100
Q9S4T0,lpn:lpg1285,lpn01120,map01120
Q9S4T3,lpn:lpg1282,lpn00230,map00230
Q9S4T3,lpn:lpg1282,lpn00240,map00240
Q9S4T3,lpn:lpg1282,lpn00760,map00760
Q9S4T3,lpn:lpg1282,lpn01100,map01100
Q9S4T3,lpn:lpg1282,lpn01110,map01110
Q9S4T3,lpn:lpg1282,lpn01232,map01232
A0A572,lpn:lpg0006,lpn00330,map00330
A0A572,lpn:lpg0006,lpn01100,map01100
A0A572,lpn:lpg0006,lpn01110,map01110
Q3V864,lpn:lpg1789,lpn02040,map02040
Q3V865,lpn:lpg1788,lpn02040,map02040
Q3V866,lpn:lpg1787,lpn02040,map02040
Q3V867,lpn:lpg1786,lpn02040,map02040
Q3V868,lpn:lpg1785,lpn02040,map02040
Q5ZR78,lpn:lpg3005,lpn03010,map03010
Q5ZR81,lpn:lpg3002,lpn02024,map02024
Q5ZR81,lpn:lpg3002,lpn03060,map03060
Q5ZR81,lpn:lpg3002,lpn03070,map03070
Q5ZR95,lpn:lpg2988,lpn00190,map00190
Q5ZR95,lpn:lpg2988,lpn01100,map01100
Q5ZR98,lpn:lpg2985,lpn00190,map00190
Q5ZR98,lpn:lpg2985,lpn01100,map01100
Q5ZRA0,lpn:lpg2983,lpn00190,map00190
Q5ZRA0,lpn:lpg2983,lpn01100,map01100
Q5ZRA2,lpn:lpg2981,lpn00190,map00190
Q5ZRA2,lpn:lpg2981,lpn01100,map01100
Q5ZRA6,lpn:lpg2977,lpn01503,map01503
Q5ZRA6,lpn:lpg2977,lpn02024,map02024
Q5ZRD1,lpn:lpg2951,lpn00270,map00270
Q5ZRD1,lpn:lpg2951,lpn01100,map01100
Q5ZRD1,lpn:lpg2951,lpn01110,map01110
Q5ZRD1,lpn:lpg2951,lpn01120,map01120
Q5ZRD1,lpn:lpg2951,lpn01200,map01200
Q5ZRD1,lpn:lpg2951,lpn01230,map01230
Q5ZRD3,lpn:lpg2949,lpn00250,map00250
Q5ZRD3,lpn:lpg2949,lpn01100,map01100
Q5ZRD3,lpn:lpg2949,lpn01110,map01110
Q5ZRD3,lpn:lpg2949,lpn01230,map01230
Q5ZRD7,lpn:lpg2945,lpn00540,map00540
Q5ZRD7,lpn:lpg2945,lpn01100,map01100
Q5ZRF2,lpn:lpg2930,lpn03060,map03060
Q5ZRF2,lpn:lpg2930,lpn03070,map03070
Q5ZRF6,lpn:lpg2926,lpn00230,map00230
Q5ZRF6,lpn:lpg2926,lpn01100,map01100
Q5ZRF7,lpn:lpg2925,lpn01501,map01501
Q5ZRF7,lpn:lpg2925,lpn01503,map01503
Q5ZRF7,lpn:lpg2925,lpn02020,map02020
Q5ZRF7,lpn:lpg2925,lpn03070,map03070
Q5ZRI4,lpn:lpg2897,lpn00190,map00190
Q5ZRI4,lpn:lpg2897,lpn01100,map01100
Q5ZRI6,lpn:lpg2895,lpn00190,map00190
Q5ZRI6,lpn:lpg2895,lpn01100,map01100
Q5ZRI7,lpn:lpg2894,lpn00190,map00190
Q5ZRI7,lpn:lpg2894,lpn01100,map01100
Q5ZRJ4,lpn:lpg2887,lpn00051,map00051
Q5ZRJ4,lpn:lpg2887,lpn00520,map00520
Q5ZRJ4,lpn:lpg2887,lpn00541,map00541
Q5ZRJ4,lpn:lpg2887,lpn01100,map01100
Q5ZRJ4,lpn:lpg2887,lpn01110,map01110
Q5ZRJ4,lpn:lpg2887,lpn01250,map01250
Q5ZRJ8,lpn:lpg2883,lpn00130,map00130
Q5ZRJ8,lpn:lpg2883,lpn00627,map00627
Q5ZRJ8,lpn:lpg2883,lpn00740,map00740
Q5ZRJ8,lpn:lpg2883,lpn00900,map00900
Q5ZRJ8,lpn:lpg2883,lpn01100,map01100
Q5ZRJ8,lpn:lpg2883,lpn01110,map01110
Q5ZRJ8,lpn:lpg2883,lpn01120,map01120
Q5ZRJ8,lpn:lpg2883,lpn01220,map01220
Q5ZRJ8,lpn:lpg2883,lpn01240,map01240
Q5ZRK1,lpn:lpg2880,lpn03410,map03410
Q5ZRK8,lpn:lpg2873,lpn00250,map00250
Q5ZRK8,lpn:lpg2873,lpn00460,map00460
Q5ZRK8,lpn:lpg2873,lpn01100,map01100
Q5ZRK8,lpn:lpg2873,lpn01110,map01110
Q5ZRK9,lpn:lpg2872,lpn03018,map03018
Q5ZRL0,lpn:lpg2871,lpn02060,map02060
Q5ZRL6,lpn:lpg2865,lpn00790,map00790
Q5ZRL6,lpn:lpg2865,lpn01100,map01100
Q5ZRL6,lpn:lpg2865,lpn01240,map01240
Q5ZRP9,lpn:lpg2831,lpn05134,map05134
Q5ZRS1,lpn:lpg2809,lpn00480,map00480
Q5ZRS1,lpn:lpg2809,lpn01100,map01100
Q5ZRS9,lpn:lpg2801,lpn00564,map00564
Q5ZRS9,lpn:lpg2801,lpn01100,map01100
Q5ZRT3,lpn:lpg2795,lpn00790,map00790
Q5ZRT3,lpn:lpg2795,lpn01100,map01100
Q5ZRT3,lpn:lpg2795,lpn01240,map01240
Q5ZRT7,lpn:lpg2791,lpn02024,map02024
Q5ZRT7,lpn:lpg2791,lpn03060,map03060
Q5ZRT7,lpn:lpg2791,lpn03070,map03070
Q5ZRU0,lpn:lpg2787,lpn00190,map00190
Q5ZRU0,lpn:lpg2787,lpn01100,map01100
Q5ZRU3,lpn:lpg2784,lpn00190,map00190
Q5ZRU3,lpn:lpg2784,lpn01100,map01100
Q5ZRU7,lpn:lpg2780,lpn00190,map00190
Q5ZRU7,lpn:lpg2780,lpn01100,map01100
Q5ZRU9,lpn:lpg2778,lpn00190,map00190
Q5ZRU9,lpn:lpg2778,lpn01100,map01100
Q5ZRV0,lpn:lpg2777,lpn00190,map00190
Q5ZRV0,lpn:lpg2777,lpn01100,map01100
Q5ZRV7,lpn:lpg2769,lpn03010,map03010
Q5ZRX0,lpn:lpg2756,lpn03440,map03440
Q5ZRX2,lpn:lpg2754,lpn03030,map03030
Q5ZRX2,lpn:lpg2754,lpn03430,map03430
Q5ZRX2,lpn:lpg2754,lpn03440,map03440
Q5ZRX8,lpn:lpg2743,lpn00730,map00730
Q5ZRX8,lpn:lpg2743,lpn01100,map01100
Q5ZRY0,lpn:lpg2741,lpn03008,map03008
Q5ZRY4,lpn:lpg2737,lpn00860,map00860
Q5ZRY4,lpn:lpg2737,lpn01100,map01100
Q5ZRY4,lpn:lpg2737,lpn01110,map01110
Q5ZRY4,lpn:lpg2737,lpn01120,map01120
Q5ZRY4,lpn:lpg2737,lpn01240,map01240
Q5ZRY5,lpn:lpg2736,lpn00860,map00860
Q5ZRY5,lpn:lpg2736,lpn01100,map01100
Q5ZRY5,lpn:lpg2736,lpn01110,map01110
Q5ZRY5,lpn:lpg2736,lpn01120,map01120
Q5ZRY5,lpn:lpg2736,lpn01240,map01240
Q5ZS01,lpn:lpg2719,lpn00480,map00480
Q5ZS01,lpn:lpg2719,lpn01100,map01100
Q5ZS07,lpn:lpg2712,lpn03010,map03010
Q5ZS12,lpn:lpg2707,lpn03010,map03010
Q5ZS13,lpn:lpg2706,lpn03010,map03010
Q5ZS14,lpn:lpg2705,lpn00190,map00190
Q5ZS14,lpn:lpg2705,lpn01100,map01100
Q5ZS14,lpn:lpg2705,lpn02020,map02020
Q5ZS15,lpn:lpg2704,lpn00190,map00190
Q5ZS15,lpn:lpg2704,lpn01100,map01100
Q5ZS15,lpn:lpg2704,lpn02020,map02020
Q5ZS16,lpn:lpg2703,lpn00190,map00190
Q5ZS16,lpn:lpg2703,lpn01100,map01100
Q5ZS16,lpn:lpg2703,lpn02020,map02020
Q5ZS21,lpn:lpg2698,lpn01503,map01503
Q5ZS22,lpn:lpg2697,lpn03430,map03430
Q5ZS50,lpn:lpg2669,lpn02010,map02010
A0A0H2US87,sfl:CP0115,sfl05131,map05131
A0A0H2USC0,sfl:CP0054,sfl05131,map05131
A0A0H2USG1,sfl:CP0265,sfl05131,map05131
P0A223,sfl:CP0137,sfl03070,map03070
P0A223,sfl:CP0137,sfl05131,map05131
P0A926,sfl:SF1282,sfl00564,map00564
P0A926,sfl:SF1282,sfl01100,map01100
P0A926,sfx:S1365,sfx00564,map00564
P0A926,sfx:S1365,sfx01100,map01100
P0AES1,sfl:SF3035,sfl00480,map00480
P0AES1,sfl:SF3035,sfl01100,map01100
P0AES1,sfx:S3236,sfx00480,map00480
P0AES1,sfx:S3236,sfx01100,map01100
P18011,sfl:CP0128,sfl05100,map05100
P18011,sfl:CP0128,sfl05131,map05131
P18012,sfl:CP0127,sfl05100,map05100
P18012,sfl:CP0127,sfl05131,map05131
P18013,sfl:CP0126,sfl05100,map05100
P18013,sfl:CP0126,sfl05131,map05131
P18014,sfl:CP0078,sfl05131,map05131
P33546,sfl:CP0132,sfl05131,map05131
P59332,sfl:SF2014,sfl00620,map00620
P59332,sfl:SF2014,sfl01100,map01100
P59332,sfl:SF2014,sfl01120,map01120
P59332,sfx:S2111,sfx00620,map00620
P59332,sfx:S2111,sfx01100,map01100
P59332,sfx:S2111,sfx01120,map01120
Q07566,sfl:CP0133,sfl05100,map05100
Q07566,sfl:CP0133,sfl05131,map05131
Q7BCK4,sfl:CP0182,sfl05131,map05131
Q83PG1,sfl:SF3922,sfl00071,map00071
Q83PG1,sfl:SF3922,sfl00280,map00280
Q83PG1,sfl:SF3922,sfl00310,map00310
Q83PG1,sfl:SF3922,sfl00362,map00362
Q83PG1,sfl:SF3922,sfl00380,map00380
Q83PG1,sfl:SF3922,sfl00410,map00410
Q83PG1,sfl:SF3922,sfl00640,map00640
Q83PG1,sfl:SF3922,sfl00650,map00650
Q83PG1,sfl:SF3922,sfl00907,map00907
Q83PG1,sfl:SF3922,sfl00930,map00930
Q83PG1,sfl:SF3922,sfl01100,map01100
Q83PG1,sfl:SF3922,sfl01110,map01110
Q83PG1,sfl:SF3922,sfl01120,map01120
Q83PG1,sfl:SF3922,sfl01200,map01200
Q83PG1,sfl:SF3922,sfl01212,map01212
Q83PG1,sfx:S3830,sfx00071,map00071
Q83PG1,sfx:S3830,sfx00280,map00280
Q83PG1,sfx:S3830,sfx00310,map00310
Q83PG1,sfx:S3830,sfx00362,map00362
Q83PG1,sfx:S3830,sfx00380,map00380
Q83PG1,sfx:S3830,sfx00410,map00410
Q83PG1,sfx:S3830,sfx00640,map00640
Q83PG1,sfx:S3830,sfx00650,map00650
Q83PG1,sfx:S3830,sfx00907,map00907
Q83PG1,sfx:S3830,sfx00930,map00930
Q83PG1,sfx:S3830,sfx01100,map01100
Q83PG1,sfx:S3830,sfx01110,map01110
Q83PG1,sfx:S3830,sfx01120,map01120
Q83PG1,sfx:S3830,sfx01200,map01200
Q83PG1,sfx:S3830,sfx01212,map01212
Q8VSC3,sfl:CP0226,sfl05131,map05131
Q8VSJ7,sfl:CP0094,sfl05131,map05131
Q8VSP9,sfl:CP0010,sfl05131,map05131
Q99PZ6,sfl:CP0227,sfl05131,map05131
A0A2S4MYF8,sfl:SF2299,sfl01501,map01501
A0A2S4MYF8,sfl:SF2299,sfl02020,map02020
A0A384KG77,sfl:SF2654,sfl00230,map00230
A0A384KG77,sfl:SF2654,sfl00270,map00270
A0A384KG77,sfl:SF2654,sfl01100,map01100
A0A384KG77,sfl:SF2654,sfl01232,map01232
O06659,sfl:CP0238,sfl00540,map00540
O06659,sfl:CP0238,sfl01100,map01100
P0A6B5,sfl:SF4152,sfl00470,map00470
P0A6B5,sfl:SF4152,sfl01100,map01100
P0A6B5,sfl:SF4152,sfl01502,map01502
P0A6B5,sfx:S3578,sfx00470,map00470
P0A6B5,sfx:S3578,sfx01100,map01100
P0A6B5,sfx:S3578,sfx01502,map01502
P0A6Q5,sfl:SF0954,sfl00061,map00061
P0A6Q5,sfl:SF0954,sfl01100,map01100
P0A6Q5,sfl:SF0954,sfl01212,map01212
P0A6Q5,sfx:S1020,sfx00061,map00061
P0A6Q5,sfx:S1020,sfx01100,map01100
P0A6Q5,sfx:S1020,sfx01212,map01212
P0A798,sfl:SF3994,sfl00010,map00010
P0A798,sfl:SF3994,sfl00030,map00030
P0A798,sfl:SF3994,sfl00051,map00051
P0A798,sfl:SF3994,sfl00052,map00052
P0A798,sfl:SF3994,sfl00680,map00680
P0A798,sfl:SF3994,sfl01100,map01100
P0A798,sfl:SF3994,sfl01110,map01110
P0A798,sfl:SF3994,sfl01120,map01120
P0A798,sfl:SF3994,sfl01200,map01200
P0A798,sfl:SF3994,sfl01230,map01230
P0A798,sfl:SF3994,sfl03018,map03018
P0A798,sfx:S3753,sfx00010,map00010
P0A798,sfx:S3753,sfx00030,map00030
P0A798,sfx:S3753,sfx00051,map00051
P0A798,sfx:S3753,sfx00052,map00052
P0A798,sfx:S3753,sfx00680,map00680
P0A798,sfx:S3753,sfx01100,map01100
P0A798,sfx:S3753,sfx01110,map01110
P0A798,sfx:S3753,sfx01120,map01120
P0A798,sfx:S3753,sfx01200,map01200
P0A798,sfx:S3753,sfx01230,map01230
P0A798,sfx:S3753,sfx03018,map03018
P0A7E8,sfl:SF2795,sfl00240,map00240
P0A7E8,sfl:SF2795,sfl01100,map01100
P0A7E8,sfl:SF2795,sfl01232,map01232
P0A7E8,sfl:SF2795,sfl01240,map01240
P0A7E8,sfx:S2989,sfx00240,map00240
P0A7E8,sfx:S2989,sfx01100,map01100
P0A7E8,sfx:S2989,sfx01232,map01232
P0A7E8,sfx:S2989,sfx01240,map01240
P0A923,sfl:SF3899,sfl00564,map00564
P0A923,sfl:SF3899,sfl00565,map00565
P0A923,sfl:SF3899,sfl00592,map00592
P0A923,sfl:SF3899,sfl01100,map01100
P0A923,sfl:SF3899,sfl01110,map01110
P0A923,sfx:S3856,sfx00564,map00564
P0A923,sfx:S3856,sfx00565,map00565
P0A923,sfx:S3856,sfx00592,map00592
P0A923,sfx:S3856,sfx01100,map01100
P0A923,sfx:S3856,sfx01110,map01110
P0A958,sfl:SF1860,sfl00030,map00030
P0A958,sfl:SF1860,sfl00630,map00630
P0A958,sfl:SF1860,sfl01100,map01100
P0A958,sfl:SF1860,sfl01120,map01120
P0A958,sfl:SF1860,sfl01200,map01200
P0A958,sfx:S1926,sfx00030,map00030
P0A958,sfx:S1926,sfx00630,map00630
P0A958,sfx:S1926,sfx01100,map01100
P0A958,sfx:S1926,sfx01120,map01120
P0A958,sfx:S1926,sfx01200,map01200
P0A9C8,sfl:SF3940,sfl00220,map00220
P0A9C8,sfl:SF3940,sfl00250,map00250
P0A9C8,sfl:SF3940,sfl00630,map00630
P0A9C8,sfl:SF3940,sfl00910,map00910
P0A9C8,sfl:SF3940,sfl01100,map01100
P0A9C8,sfl:SF3940,sfl01110,map01110
P0A9C8,sfl:SF3940,sfl01120,map01120
P0A9C8,sfl:SF3940,sfl01230,map01230
P0A9C8,sfl:SF3940,sfl02020,map02020
P0A9C8,sfx:S3806,sfx00220,map00220
P0A9C8,sfx:S3806,sfx00250,map00250
P0A9C8,sfx:S3806,sfx00630,map00630
P0A9C8,sfx:S3806,sfx00910,map00910
P0A9C8,sfx:S3806,sfx01100,map01100
P0A9C8,sfx:S3806,sfx01110,map01110
P0A9C8,sfx:S3806,sfx01120,map01120
P0A9C8,sfx:S3806,sfx01230,map01230
P0A9C8,sfx:S3806,sfx02020,map02020
P0A9M4,sfl:SF0122,sfl00230,map00230
P0A9M4,sfl:SF0122,sfl01100,map01100
P0A9M4,sfl:SF0122,sfl01110,map01110
P0A9M4,sfl:SF0122,sfl01232,map01232
P0A9M4,sfx:S0124,sfx00230,map00230
P0A9M4,sfx:S0124,sfx01100,map01100
P0A9M4,sfx:S0124,sfx01110,map01110
P0A9M4,sfx:S0124,sfx01232,map01232
P0A9M7,sfl:SF0286,sfl00230,map00230
P0A9M7,sfl:SF0286,sfl01100,map01100
P0A9M7,sfl:SF0286,sfl01110,map01110
P0A9M7,sfl:SF0286,sfl01232,map01232
P0A9M7,sfx:S0307,sfx00230,map00230
P0A9M7,sfx:S0307,sfx01100,map01100
P0A9M7,sfx:S0307,sfx01110,map01110
P0A9M7,sfx:S0307,sfx01232,map01232
P0A9P8,sfl:SF3203,sfl03018,map03018
P0A9P8,sfx:S3420,sfx03018,map03018
P0A9R1,sfl:SF3456,sfl00260,map00260
P0A9R1,sfl:SF3456,sfl00261,map00261
P0A9R1,sfl:SF3456,sfl00270,map00270
P0A9R1,sfl:SF3456,sfl00300,map00300
P0A9R1,sfl:SF3456,sfl01100,map01100
P0A9R1,sfl:SF3456,sfl01110,map01110
P0A9R1,sfl:SF3456,sfl01120,map01120
P0A9R1,sfl:SF3456,sfl01210,map01210
P0A9R1,sfl:SF3456,sfl01230,map01230
P0A9R1,sfx:S4307,sfx00260,map00260
P0A9R1,sfx:S4307,sfx00261,map00261
P0A9R1,sfx:S4307,sfx00270,map00270
P0A9R1,sfx:S4307,sfx00300,map00300
P0A9R1,sfx:S4307,sfx01100,map01100
P0A9R1,sfx:S4307,sfx01110,map01110
P0A9R1,sfx:S4307,sfx01120,map01120
P0A9R1,sfx:S4307,sfx01210,map01210
P0A9R1,sfx:S4307,sfx01230,map01230
P0ABK1,sfl:SF0564,sfl00190,map00190
P0ABK1,sfl:SF0564,sfl01100,map01100
P0ABK1,sfl:SF0564,sfl02020,map02020
P0ABK1,sfx:S0577,sfx00190,map00190
P0ABK1,sfx:S0577,sfx01100,map01100
P0ABK1,sfx:S0577,sfx02020,map02020
P0AC50,sfl:SF4311,sfl00020,map00020
P0AC50,sfl:SF4311,sfl00190,map00190
P0AC50,sfl:SF4311,sfl00620,map00620
P0AC50,sfl:SF4311,sfl00650,map00650
P0AC50,sfl:SF4311,sfl00720,map00720
P0AC50,sfl:SF4311,sfl01100,map01100
P0AC50,sfl:SF4311,sfl01110,map01110
P0AC50,sfl:SF4311,sfl01120,map01120
P0AC50,sfl:SF4311,sfl01200,map01200
P0AC50,sfl:SF4311,sfl02020,map02020
P0AC50,sfx:S4576,sfx00020,map00020
P0AC50,sfx:S4576,sfx00190,map00190
P0AC50,sfx:S4576,sfx00620,map00620
P0AC50,sfx:S4576,sfx00650,map00650
P0AC50,sfx:S4576,sfx00720,map00720
P0AC50,sfx:S4576,sfx01100,map01100
P0AC50,sfx:S4576,sfx01110,map01110
P0AC50,sfx:S4576,sfx01120,map01120
P0AC50,sfx:S4576,sfx01200,map01200
P0AC50,sfx:S4576,sfx02020,map02020
P0AC80,sfl:SF3858,sfl00542,map00542
P0AC80,sfl:SF3858,sfl00543,map00543
P0AC80,sfl:SF3858,sfl00552,map00552
P0AC80,sfl:SF3858,sfl01100,map01100
P0AC80,sfx:S3902,sfx00542,map00542
P0AC80,sfx:S3902,sfx00543,map00543
P0AC80,sfx:S3902,sfx00552,map00552
P0AC80,sfx:S3902,sfx01100,map01100
P0ADI6,sfl:SF0509,sfl01053,map01053
P0ADI6,sfl:SF0509,sfl01110,map01110
P0ADI6,sfx:S0515,sfx01053,map01053
P0ADI6,sfx:S0515,sfx01110,map01110
P0ADS1,sfl:SF2808,sfl00230,map00230
P0ADS1,sfl:SF2808,sfl00240,map00240
P0ADS1,sfl:SF2808,sfl01100,map01100
P0ADS1,sfl:SF2808,sfl01232,map01232
P0ADS1,sfx:S3003,sfx00230,map00230
P0ADS1,sfx:S3003,sfx00240,map00240
P0ADS1,sfx:S3003,sfx01100,map01100
P0ADS1,sfx:S3003,sfx01232,map01232
P0AGF9,sfl:SF3157,sfl00260,map00260
P0AGF9,sfl:SF3157,sfl00290,map00290
P0AGF9,sfl:SF3157,sfl01100,map01100
P0AGF9,sfl:SF3157,sfl01110,map01110
P0AGF9,sfl:SF3157,sfl01200,map01200
P0AGF9,sfl:SF3157,sfl01230,map01230
P0AGF9,sfx:S3369,sfx00260,map00260
P0AGF9,sfx:S3369,sfx00290,map00290
P0AGF9,sfx:S3369,sfx01100,map01100
P0AGF9,sfx:S3369,sfx01110,map01110
P0AGF9,sfx:S3369,sfx01200,map01200
P0AGF9,sfx:S3369,sfx01230,map01230
P0C040,sfl:SF0327,sfl00230,map00230
P0C040,sfl:SF0327,sfl00240,map00240
P0C040,sfl:SF0327,sfl01100,map01100
P0C040,sfl:SF0327,sfl01110,map01110
P0C040,sfl:SF0327,sfl01232,map01232
P0C040,sfx:S0335,sfx00230,map00230
P0C040,sfx:S0335,sfx00240,map00240
P0C040,sfx:S0335,sfx01100,map01100
P0C040,sfx:S0335,sfx01110,map01110
P0C040,sfx:S0335,sfx01232,map01232
P18009,sfl:CP0079,sfl05131,map05131
P18010,sfl:CP0125,sfl05100,map05100
P18010,sfl:CP0125,sfl05131,map05131
P29698,sfl:SF0498,sfl01053,map01053
P29698,sfl:SF0498,sfl01110,map01110
P29698,sfx:S0504,sfx01053,map01053
P29698,sfx:S0504,sfx01110,map01110
P37778,sfl:SF2103,sfl00521,map00521
P37778,sfl:SF2103,sfl00523,map00523
P37778,sfl:SF2103,sfl00541,map00541
P37778,sfl:SF2103,sfl01100,map01100
P37778,sfl:SF2103,sfl01110,map01110
P37778,sfl:SF2103,sfl01250,map01250
P37778,sfx:S2226,sfx00521,map00521
P37778,sfx:S2226,sfx00523,map00523
P37778,sfx:S2226,sfx00541,map00541
P37778,sfx:S2226,sfx01100,map01100
P37778,sfx:S2226,sfx01110,map01110
P37778,sfx:S2226,sfx01250,map01250
P37780,sfl:SF2101,sfl00521,map00521
P37780,sfl:SF2101,sfl00523,map00523
P37780,sfl:SF2101,sfl00541,map00541
P37780,sfl:SF2101,sfl01100,map01100
P37780,sfl:SF2101,sfl01110,map01110
P37780,sfl:SF2101,sfl01250,map01250
P37780,sfx:S2223,sfx00521,map00521
P37780,sfx:S2223,sfx00523,map00523
P37780,sfx:S2223,sfx00541,map00541
P37780,sfx:S2223,sfx01100,map01100
P37780,sfx:S2223,sfx01110,map01110
P37780,sfx:S2223,sfx01250,map01250
P59198,sfl:SF1865,sfl00540,map00540
P59198,sfl:SF1865,sfl01100,map01100
P59198,sfx:S1931,sfx00540,map00540
P59198,sfx:S1931,sfx01100,map01100
P59321,sfl:SF3378,sfl00220,map00220
P59321,sfl:SF3378,sfl00300,map00300
P59321,sfl:SF3378,sfl01100,map01100
P59321,sfl:SF3378,sfl01110,map01110
P59321,sfl:SF3378,sfl01120,map01120
P59321,sfl:SF3378,sfl01210,map01210
P59321,sfl:SF3378,sfl01230,map01230
P59321,sfx:S4385,sfx00220,map00220
P59321,sfx:S4385,sfx00300,map00300
P59321,sfx:S4385,sfx01100,map01100
P59321,sfx:S4385,sfx01110,map01110
P59321,sfx:S4385,sfx01120,map01120
P59321,sfx:S4385,sfx01210,map01210
P59321,sfx:S4385,sfx01230,map01230
P63738,sfl:SF0030,sfl00220,map00220
P63738,sfl:SF0030,sfl00240,map00240
P63738,sfl:SF0030,sfl00250,map00250
P63738,sfl:SF0030,sfl01100,map01100
P63738,sfl:SF0030,sfl01110,map01110
P63738,sfl:SF0030,sfl01240,map01240
P63738,sfx:S0032,sfx00220,map00220
P63738,sfx:S0032,sfx00240,map00240
P63738,sfx:S0032,sfx00250,map00250
P63738,sfx:S0032,sfx01100,map01100
P63738,sfx:S0032,sfx01110,map01110
P63738,sfx:S0032,sfx01240,map01240
Q54150,sfl:CP0122,sfl05131,map05131
Q7BU69,sfl:CP0181,sfl05100,map05100
Q7BU69,sfl:CP0181,sfl05131,map05131
Q7UB34,sfl:SF3848,sfl00290,map00290
Q7UB34,sfl:SF3848,sfl00770,map00770
Q7UB34,sfl:SF3848,sfl01100,map01100
Q7UB34,sfl:SF3848,sfl01110,map01110
Q7UB34,sfl:SF3848,sfl01210,map01210
Q7UB34,sfl:SF3848,sfl01230,map01230
Q7UB34,sfx:S3910,sfx00290,map00290
Q7UB34,sfx:S3910,sfx00770,map00770
Q7UB34,sfx:S3910,sfx01100,map01100
Q7UB34,sfx:S3910,sfx01110,map01110
Q7UB34,sfx:S3910,sfx01210,map01210
Q7UB34,sfx:S3910,sfx01230,map01230
Q7UBI8,sfl:SF3093,sfl00541,map00541
Q7UBI8,sfl:SF3093,sfl01100,map01100
Q7UBI8,sfl:SF3093,sfl01250,map01250
Q7UBI8,sfx:S3298,sfx00541,map00541
Q7UBI8,sfx:S3298,sfx01100,map01100
Q7UBI8,sfx:S3298,sfx01250,map01250
Q7UC56,sfl:SF2359,sfl00190,map00190
Q7UC56,sfl:SF2359,sfl01100,map01100
Q7UC56,sfx:S2494,sfx00190,map00190
Q7UC56,sfx:S2494,sfx01100,map01100
Q83IS3,sfl:SF4068,sfl00760,map00760
Q83IS3,sfl:SF4068,sfl01100,map01100
Q83IS3,sfl:SF4068,sfl04146,map04146
Q83IS3,sfx:S3667,sfx00760,map00760
Q83IS3,sfx:S3667,sfx01100,map01100
Q83IS3,sfx:S3667,sfx04146,map04146
Q83IY3,sfl:SF3810,sfl00520,map00520
Q83IY3,sfl:SF3810,sfl00541,map00541
Q83IY3,sfl:SF3810,sfl01100,map01100
Q83IY3,sfl:SF3810,sfl01250,map01250
Q83IY3,sfx:S3958,sfx00520,map00520
Q83IY3,sfx:S3958,sfx00541,map00541
Q83IY3,sfx:S3958,sfx01100,map01100
Q83IY3,sfx:S3958,sfx01250,map01250
Q83JB3,sfl:SF3387,sfl00860,map00860
Q83JB3,sfl:SF3387,sfl01100,map01100
Q83JB3,sfl:SF3387,sfl01110,map01110
Q83JB3,sfl:SF3387,sfl01120,map01120
Q83JB3,sfl:SF3387,sfl01240,map01240
Q83JB3,sfx:S4376,sfx00860,map00860
Q83JB3,sfx:S4376,sfx01100,map01100
Q83JB3,sfx:S4376,sfx01110,map01110
Q83JB3,sfx:S4376,sfx01120,map01120
Q83JB3,sfx:S4376,sfx01240,map01240
Q83JJ8,sfl:SF3114,sfl00310,map00310
Q83JJ8,sfl:SF3114,sfl00330,map00330
Q83JJ8,sfl:SF3114,sfl01100,map01100
Q83JJ8,sfl:SF3114,sfl01120,map01120
Q83JJ8,sfx:S3320,sfx00310,map00310
Q83JJ8,sfx:S3320,sfx00330,map00330
Q83JJ8,sfx:S3320,sfx01100,map01100
Q83JJ8,sfx:S3320,sfx01120,map01120
Q83JS0,sfl:SF2945,sfl00230,map00230
Q83JS0,sfl:SF2945,sfl01100,map01100
Q83JS0,sfl:SF2945,sfl01232,map01232
Q83JS0,sfx:S3149,sfx00230,map00230
Q83JS0,sfx:S3149,sfx01100,map01100
Q83JS0,sfx:S3149,sfx01232,map01232
Q83K78,sfl:SF2473,sfl00750,map00750
Q83K78,sfl:SF2473,sfl01100,map01100
Q83K78,sfl:SF2473,sfl01240,map01240
Q83K78,sfx:S2619,sfx00750,map00750
Q83K78,sfx:S2619,sfx01100,map01100
Q83K78,sfx:S2619,sfx01240,map01240
Q83MG0,sfl:SF0082,sfl00300,map00300
Q83MG0,sfl:SF0082,sfl00550,map00550
Q83MG0,sfl:SF0082,sfl01100,map01100
Q83MG0,sfx:S0084,sfx00300,map00300
Q83MG0,sfx:S0084,sfx00550,map00550
Q83MG0,sfx:S0084,sfx01100,map01100
Q83QN4,sfl:SF2481,sfl00520,map00520
Q83QN4,sfl:SF2481,sfl01100,map01100
Q83QN4,sfx:S2629,sfx00520,map00520
Q83QN4,sfx:S2629,sfx01100,map01100
Q83QQ0,sfl:SF2419,sfl00071,map00071
Q83QQ0,sfl:SF2419,sfl00280,map00280
Q83QQ0,sfl:SF2419,sfl00310,map00310
Q83QQ0,sfl:SF2419,sfl00362,map00362
Q83QQ0,sfl:SF2419,sfl00380,map00380
Q83QQ0,sfl:SF2419,sfl00410,map00410
Q83QQ0,sfl:SF2419,sfl00640,map00640
Q83QQ0,sfl:SF2419,sfl00650,map00650
Q83QQ0,sfl:SF2419,sfl00907,map00907
Q83QQ0,sfl:SF2419,sfl00930,map00930
Q83QQ0,sfl:SF2419,sfl01100,map01100
Q83QQ0,sfl:SF2419,sfl01110,map01110
Q83QQ0,sfl:SF2419,sfl01120,map01120
Q83QQ0,sfl:SF2419,sfl01200,map01200
Q83QQ0,sfl:SF2419,sfl01212,map01212
Q83QQ0,sfx:S2554,sfx00071,map00071
Q83QQ0,sfx:S2554,sfx00280,map00280
Q83QQ0,sfx:S2554,sfx00310,map00310
Q83QQ0,sfx:S2554,sfx00362,map00362
Q83QQ0,sfx:S2554,sfx00380,map00380
Q83QQ0,sfx:S2554,sfx00410,map00410
Q83QQ0,sfx:S2554,sfx00640,map00640
Q83QQ0,sfx:S2554,sfx00650,map00650
Q83QQ0,sfx:S2554,sfx00907,map00907
Q83QQ0,sfx:S2554,sfx00930,map00930
Q83QQ0,sfx:S2554,sfx01100,map01100
Q83QQ0,sfx:S2554,sfx01110,map01110
Q83QQ0,sfx:S2554,sfx01120,map01120
Q83QQ0,sfx:S2554,sfx01200,map01200
Q83QQ0,sfx:S2554,sfx01212,map01212
Q83QT8,sfx:S2467,sfx00541,map00541
Q83QT8,sfx:S2467,sfx01100,map01100
Q83QT8,sfx:S2467,sfx01250,map01250
Q83QT8,sfx:S2467,sfx01503,map01503
Q83QV0,sfl:SF2290,sfl00910,map00910
Q83QV0,sfl:SF2290,sfl01100,map01100
Q83QV0,sfl:SF2290,sfl01120,map01120
Q83QV0,sfl:SF2290,sfl01310,map01310
Q83QV0,sfx:S2420,sfx00910,map00910
Q83QV0,sfx:S2420,sfx01100,map01100
Q83QV0,sfx:S2420,sfx01120,map01120
Q83QV0,sfx:S2420,sfx01310,map01310
Q83RR1,sfl:SF1148,sfl01503,map01503
Q83RR1,sfl:SF1148,sfl02020,map02020
Q83RR1,sfx:S1231,sfx01503,map01503
Q83RR1,sfx:S1231,sfx02020,map02020
Q83RR8,sfl:SF1124,sfl00760,map00760
Q83RR8,sfl:SF1124,sfl01100,map01100
Q83RR8,sfx:S1204,sfx00760,map00760
Q83RR8,sfx:S1204,sfx01100,map01100
Q83RW9,sfl:SF0973,sfl00633,map00633
Q83RW9,sfl:SF0973,sfl01120,map01120
Q83RW9,sfl:SF0973,sfl02020,map02020
Q83RW9,sfx:S1040,sfx00633,map00633
Q83RW9,sfx:S1040,sfx01120,map01120
Q83RW9,sfx:S1040,sfx02020,map02020
Q83SG1,sfx:S0368,sfx00730,map00730
Q83SG1,sfx:S0368,sfx01100,map01100
Q83SG1,sfx:S0368,sfx01240,map01240
Q83SG1,sfx:S0368,sfx04122,map04122
A0A0H2USP8,sfl:CP0005,sfl05131,map05131
O33641,sfl:CP0271,sfl05131,map05131
P0A1I5,sfl:CP0147,sfl03070,map03070
P0A3C0,sfl:SF0495,sfl00074,map00074
P0A3C0,sfl:SF0495,sfl01053,map01053
P0A3C0,sfl:SF0495,sfl01100,map01100
P0A3C0,sfl:SF0495,sfl01110,map01110
P0A3C0,sfx:S0501,sfx00074,map00074
P0A3C0,sfx:S0501,sfx01053,map01053
P0A3C0,sfx:S0501,sfx01100,map01100
P0A3C0,sfx:S0501,sfx01110,map01110
P0A3M0,sfl:SF1238,sfl00240,map00240
P0A3M0,sfl:SF1238,sfl01100,map01100
P0A3M0,sfl:SF1238,sfl01232,map01232
P0A3M0,sfx:S1324,sfx00240,map00240
P0A3M0,sfx:S1324,sfx01100,map01100
P0A3M0,sfx:S1324,sfx01232,map01232
P0A437,sfl:SF2155,sfl00052,map00052
P0A437,sfl:SF2155,sfl01100,map01100
P0A437,sfl:SF2155,sfl02060,map02060
P0A437,sfx:S2281,sfx00052,map00052
P0A437,sfx:S2281,sfx01100,map01100
P0A437,sfx:S2281,sfx02060,map02060
P0A441,sfl:SF1232,sfl00630,map00630
P0A441,sfl:SF1232,sfl00670,map00670
P0A441,sfl:SF1232,sfl01100,map01100
P0A441,sfx:S1318,sfx00630,map00630
P0A441,sfx:S1318,sfx00670,map00670
P0A441,sfx:S1318,sfx01100,map01100
P0A699,sfl:SF4146,sfl03420,map03420
P0A699,sfx:S3583,sfx03420,map03420
P0A6B3,sfl:SF1098,sfl01100,map01100
P0A6B3,sfl:SF1098,sfl01110,map01110
P0A6B3,sfx:S1178,sfx01100,map01100
P0A6B3,sfx:S1178,sfx01110,map01110
P0A6C0,sfl:SF2577,sfl00730,map00730
P0A6C0,sfl:SF2577,sfl01100,map01100
P0A6C0,sfl:SF2577,sfl01240,map01240
P0A6C0,sfl:SF2577,sfl04122,map04122
P0A6C0,sfx:S2749,sfx00730,map00730
P0A6C0,sfx:S2749,sfx01100,map01100
P0A6C0,sfx:S2749,sfx01240,map01240
P0A6C0,sfx:S2749,sfx04122,map04122
P0A6E0,sfl:SF3408,sfl00400,map00400
P0A6E0,sfl:SF3408,sfl01100,map01100
P0A6E0,sfl:SF3408,sfl01110,map01110
P0A6E0,sfl:SF3408,sfl01230,map01230
P0A6E0,sfx:S4354,sfx00400,map00400
P0A6E0,sfx:S4354,sfx01100,map01100
P0A6E0,sfx:S4354,sfx01110,map01110
P0A6E0,sfx:S4354,sfx01230,map01230
P0A6E8,sfl:SF3811,sfl00190,map00190
P0A6E8,sfl:SF3811,sfl01100,map01100
P0A6E8,sfx:S3957,sfx00190,map00190
P0A6E8,sfx:S3957,sfx01100,map01100
P0A6F8,sfl:SF4297,sfl03018,map03018
P0A6F8,sfx:S4564,sfx03018,map03018
P0A6I8,sfl:SF3673,sfl00770,map00770
P0A6I8,sfl:SF3673,sfl01100,map01100
P0A6I8,sfl:SF3673,sfl01240,map01240
P0A6I8,sfx:S4095,sfx00770,map00770
P0A6I8,sfx:S4095,sfx01100,map01100
P0A6I8,sfx:S4095,sfx01240,map01240
P0A6K0,sfl:SF0232,sfl00470,map00470
P0A6K0,sfl:SF0232,sfl00550,map00550
P0A6K0,sfl:SF0232,sfl01100,map01100
P0A6K0,sfl:SF0232,sfl01502,map01502
P0A6K0,sfx:S0254,sfx00470,map00470
P0A6K0,sfx:S0254,sfx00550,map00550
P0A6K0,sfx:S0254,sfx01100,map01100
P0A6K0,sfx:S0254,sfx01502,map01502
P0A6K9,sfl:SF4415,sfl00030,map00030
P0A6K9,sfl:SF4415,sfl00230,map00230
P0A6K9,sfl:SF4415,sfl01100,map01100
P0A6K9,sfx:S4686,sfx00030,map00030
P0A6K9,sfx:S4686,sfx00230,map00230
P0A6K9,sfx:S4686,sfx01100,map01100
P0A6L3,sfl:SF2521,sfl00261,map00261
P0A6L3,sfl:SF2521,sfl00300,map00300
P0A6L3,sfl:SF2521,sfl01100,map01100
P0A6L3,sfl:SF2521,sfl01110,map01110
P0A6L3,sfl:SF2521,sfl01120,map01120
P0A6L3,sfl:SF2521,sfl01230,map01230
P0A6L3,sfx:S2671,sfx00261,map00261
P0A6L3,sfx:S2671,sfx00300,map00300
P0A6L3,sfx:S2671,sfx01100,map01100
P0A6L3,sfx:S2671,sfx01110,map01110
P0A6L3,sfx:S2671,sfx01120,map01120
P0A6L3,sfx:S2671,sfx01230,map01230
P0A6L6,sfl:SF3261,sfl00541,map00541
P0A6L6,sfl:SF3261,sfl01100,map01100
P0A6L6,sfx:S3478,sfx00541,map00541
P0A6L6,sfx:S3478,sfx01100,map01100
P0A6Q2,sfl:SF2794,sfl00010,map00010
P0A6Q2,sfl:SF2794,sfl00680,map00680
P0A6Q2,sfl:SF2794,sfl01100,map01100
P0A6Q2,sfl:SF2794,sfl01110,map01110
P0A6Q2,sfl:SF2794,sfl01120,map01120
P0A6Q2,sfl:SF2794,sfl01200,map01200
P0A6Q2,sfl:SF2794,sfl01230,map01230
P0A6Q2,sfl:SF2794,sfl03018,map03018
P0A6Q2,sfx:S2988,sfx00010,map00010
P0A6Q2,sfx:S2988,sfx00680,map00680
P0A6Q2,sfx:S2988,sfx01100,map01100
P0A6Q2,sfx:S2988,sfx01110,map01110
P0A6Q2,sfx:S2988,sfx01120,map01120
P0A6Q2,sfx:S2988,sfx01200,map01200
P0A6Q2,sfx:S2988,sfx01230,map01230
P0A6Q2,sfx:S2988,sfx03018,map03018
P0A6Q9,sfl:SF0170,sfl00061,map00061
P0A6Q9,sfl:SF0170,sfl00780,map00780
P0A6Q9,sfl:SF0170,sfl01100,map01100
P0A6Q9,sfl:SF0170,sfl01212,map01212
P0A6Q9,sfl:SF0170,sfl01240,map01240
P0A6Q9,sfx:S0173,sfx00061,map00061
P0A6Q9,sfx:S0173,sfx00780,map00780
P0A6Q9,sfx:S0173,sfx01100,map01100
P0A6Q9,sfx:S0173,sfx01212,map01212
P0A6Q9,sfx:S0173,sfx01240,map01240
P0A6T0,sfl:SF3647,sfl00564,map00564
P0A6T0,sfl:SF3647,sfl01100,map01100
P0A6T0,sfl:SF3647,sfl01110,map01110
P0A6T0,sfx:S4121,sfx00564,map00564
P0A6T0,sfx:S4121,sfx01100,map01100
P0A6T0,sfx:S4121,sfx01110,map01110
P0A6T8,sfl:SF2238,sfl00790,map00790
P0A6T8,sfl:SF2238,sfl01100,map01100
P0A6T8,sfl:SF2238,sfl01240,map01240
P0A6T8,sfx:S2367,sfx00790,map00790
P0A6T8,sfx:S2367,sfx01100,map01100
P0A6T8,sfx:S2367,sfx01240,map01240
P0A6V4,sfl:SF3453,sfl00500,map00500
P0A6V4,sfl:SF3453,sfl00520,map00520
P0A6V4,sfl:SF3453,sfl01100,map01100
P0A6V4,sfl:SF3453,sfl01110,map01110
P0A6V4,sfl:SF3453,sfl01250,map01250
P0A6V4,sfx:S4310,sfx00500,map00500
P0A6V4,sfx:S4310,sfx00520,map00520
P0A6V4,sfx:S4310,sfx01100,map01100
P0A6V4,sfx:S4310,sfx01110,map01110
P0A6V4,sfx:S4310,sfx01250,map01250
P0A6W4,sfl:SF0084,sfl00550,map00550
P0A6W4,sfl:SF0084,sfl01100,map01100
P0A6W4,sfl:SF0084,sfl01502,map01502
P0A6W4,sfx:S0086,sfx00550,map00550
P0A6W4,sfx:S0086,sfx01100,map01100
P0A6W4,sfx:S0086,sfx01502,map01502
P0A6X6,sfl:SF4327,sfl02024,map02024
P0A6X6,sfl:SF4327,sfl03018,map03018
P0A6X6,sfx:S4595,sfx02024,map02024
P0A6X6,sfx:S4595,sfx03018,map03018
P0A721,sfl:SF1102,sfl00240,map00240
P0A721,sfl:SF1102,sfl01100,map01100
P0A721,sfl:SF1102,sfl01232,map01232
P0A721,sfx:S1182,sfx00240,map00240
P0A721,sfx:S1182,sfx01100,map01100
P0A721,sfx:S1182,sfx01232,map01232
P0A728,sfl:SF0093,sfl00540,map00540
P0A728,sfl:SF0093,sfl01100,map01100
P0A728,sfx:S0095,sfx00540,map00540
P0A728,sfx:S0095,sfx01100,map01100
P0A733,sfl:SF0965,sfl00640,map00640
P0A733,sfl:SF0965,sfl01100,map01100
P0A733,sfl:SF0965,sfl01120,map01120
P0A733,sfx:S1031,sfx00640,map00640
P0A733,sfx:S1031,sfx01100,map01100
P0A733,sfx:S1031,sfx01120,map01120
P0A741,sfl:SF0733,sfl00790,map00790
P0A741,sfl:SF0733,sfl01100,map01100
P0A741,sfl:SF0733,sfl01240,map01240
P0A741,sfl:SF0733,sfl04122,map04122
P0A741,sfx:S0774,sfx00790,map00790
P0A741,sfx:S0774,sfx01100,map01100
P0A741,sfx:S0774,sfx01240,map01240
P0A741,sfx:S0774,sfx04122,map04122
P0A751,sfl:SF3229,sfl00520,map00520
P0A751,sfl:SF3229,sfl00550,map00550
P0A751,sfl:SF3229,sfl01100,map01100
P0A751,sfl:SF3229,sfl01250,map01250
P0A751,sfx:S3447,sfx00520,map00520
P0A751,sfx:S3447,sfx00550,map00550
P0A751,sfx:S3447,sfx01100,map01100
P0A751,sfx:S3447,sfx01250,map01250
P0A765,sfl:SF2564,sfl00230,map00230
P0A765,sfl:SF2564,sfl00240,map00240
P0A765,sfl:SF2564,sfl01100,map01100
P0A765,sfl:SF2564,sfl01110,map01110
P0A765,sfl:SF2564,sfl01232,map01232
P0A765,sfl:SF2564,sfl01240,map01240
P0A765,sfx:S2736,sfx00230,map00230
P0A765,sfx:S2736,sfx00240,map00240
P0A765,sfx:S2736,sfx01100,map01100
P0A765,sfx:S2736,sfx01110,map01110
P0A765,sfx:S2736,sfx01232,map01232
P0A765,sfx:S2736,sfx01240,map01240
P0A789,sfl:SF4245,sfl00240,map00240
P0A789,sfl:SF4245,sfl00250,map00250
P0A789,sfl:SF4245,sfl01100,map01100
P0A789,sfl:SF4245,sfl01240,map01240
P0A789,sfx:S4507,sfx00240,map00240
P0A789,sfx:S4507,sfx00250,map00250
P0A789,sfx:S4507,sfx01100,map01100
P0A789,sfx:S4507,sfx01240,map01240
P0A793,sfl:SF0128,sfl00410,map00410
P0A793,sfl:SF0128,sfl00770,map00770
P0A793,sfl:SF0128,sfl01100,map01100
P0A793,sfl:SF0128,sfl01110,map01110
P0A793,sfl:SF0128,sfl01240,map01240
P0A793,sfx:S0130,sfx00410,map00410
P0A793,sfx:S0130,sfx00770,map00770
P0A793,sfx:S0130,sfx01100,map01100
P0A793,sfx:S0130,sfx01110,map01110
P0A793,sfx:S0130,sfx01240,map01240
P0A7A1,sfl:SF2911,sfl00010,map00010
P0A7A1,sfl:SF2911,sfl00710,map00710
P0A7A1,sfl:SF2911,sfl01100,map01100
P0A7A1,sfl:SF2911,sfl01110,map01110
P0A7A1,sfl:SF2911,sfl01120,map01120
P0A7A1,sfl:SF2911,sfl01200,map01200
P0A7A1,sfl:SF2911,sfl01230,map01230
P0A7A1,sfx:S3111,sfx00010,map00010
P0A7A1,sfx:S3111,sfx00710,map00710
P0A7A1,sfx:S3111,sfx01100,map01100
P0A7A1,sfx:S3111,sfx01110,map01110
P0A7A1,sfx:S3111,sfx01120,map01120
P0A7A1,sfx:S3111,sfx01200,map01200
P0A7A1,sfx:S3111,sfx01230,map01230
P0A7A4,sfl:SF4427,sfl00010,map00010
P0A7A4,sfl:SF4427,sfl00260,map00260
P0A7A4,sfl:SF4427,sfl00680,map00680
P0A7A4,sfl:SF4427,sfl01100,map01100
P0A7A4,sfl:SF4427,sfl01110,map01110
P0A7A4,sfl:SF4427,sfl01120,map01120
P0A7A4,sfl:SF4427,sfl01200,map01200
P0A7A4,sfl:SF4427,sfl01230,map01230
P0A7A4,sfx:S4698,sfx00010,map00010
P0A7A4,sfx:S4698,sfx00260,map00260
P0A7A4,sfx:S4698,sfx00680,map00680
P0A7A4,sfx:S4698,sfx01100,map01100
P0A7A4,sfx:S4698,sfx01110,map01110
P0A7A4,sfx:S4698,sfx01120,map01120
P0A7A4,sfx:S4698,sfx01200,map01200
P0A7A4,sfx:S4698,sfx01230,map01230
P0A7B4,sfl:SF2674,sfl00760,map00760
P0A7B4,sfl:SF2674,sfl01100,map01100
P0A7B4,sfl:SF2674,sfl01240,map01240
P0A7B4,sfx:S2852,sfx00760,map00760
P0A7B4,sfx:S2852,sfx01100,map01100
P0A7B4,sfx:S2852,sfx01240,map01240
P0A7F2,sfl:SF0161,sfl00240,map00240
P0A7F2,sfl:SF0161,sfl01100,map01100
P0A7F2,sfl:SF0161,sfl01232,map01232
P0A7F2,sfl:SF0161,sfl01240,map01240
P0A7F2,sfx:S0164,sfx00240,map00240
P0A7F2,sfx:S0164,sfx01100,map01100
P0A7F2,sfx:S0164,sfx01232,map01232
P0A7F2,sfx:S0164,sfx01240,map01240
P0A7F8,sfl:SF0117,sfl00270,map00270
P0A7F8,sfl:SF0117,sfl00330,map00330
P0A7F8,sfl:SF0117,sfl01100,map01100
P0A7F8,sfl:SF0117,sfl01110,map01110
P0A7F8,sfx:S0119,sfx00270,map00270
P0A7F8,sfx:S0119,sfx00330,map00330
P0A7F8,sfx:S0119,sfx01100,map01100
P0A7F8,sfx:S0119,sfx01110,map01110
P0A7G9,sfl:SF2722,sfl03440,map03440
P0A7G9,sfx:S2913,sfx03440,map03440
P0A7I9,sfl:SF1281,sfl00740,map00740
P0A7I9,sfl:SF1281,sfl00790,map00790
P0A7I9,sfl:SF1281,sfl01100,map01100
P0A7I9,sfl:SF1281,sfl01110,map01110
P0A7I9,sfl:SF1281,sfl01240,map01240
P0A7I9,sfl:SF1281,sfl02024,map02024
P0A7I9,sfx:S1364,sfx00740,map00740
P0A7I9,sfx:S1364,sfx00790,map00790
P0A7I9,sfx:S1364,sfx01100,map01100
P0A7I9,sfx:S1364,sfx01110,map01110
P0A7I9,sfx:S1364,sfx01240,map01240
P0A7I9,sfx:S1364,sfx02024,map02024
P0A7J2,sfl:SF3081,sfl00740,map00740
P0A7J2,sfl:SF3081,sfl01100,map01100
P0A7J2,sfl:SF3081,sfl01110,map01110
P0A7J2,sfl:SF3081,sfl01240,map01240
P0A7J2,sfx:S3286,sfx00740,map00740
P0A7J2,sfx:S3286,sfx01100,map01100
P0A7J2,sfx:S3286,sfx01110,map01110
P0A7J2,sfx:S3286,sfx01240,map01240
P0A7J6,sfl:SF4058,sfl03010,map03010
P0A7J6,sfx:S3677,sfx03010,map03010
P0A7S8,sfl:SF3360,sfl03010,map03010
P0A7S8,sfx:S4402,sfx03010,map03010
P0A7W6,sfl:SF3335,sfl03010,map03010
P0A7W6,sfx:S4427,sfx03010,map03010
P0A7Y3,sfl:SF2629,sfl03008,map03008
P0A7Y3,sfx:S2802,sfx03008,map03008
P0A7Y7,sfl:SF0201,sfl03030,map03030
P0A7Y7,sfx:S0208,sfx03030,map03030
P0A7Z3,sfl:SF2899,sfl00030,map00030
P0A7Z3,sfl:SF2899,sfl00710,map00710
P0A7Z3,sfl:SF2899,sfl01100,map01100
P0A7Z3,sfl:SF2899,sfl01110,map01110
P0A7Z3,sfl:SF2899,sfl01120,map01120
P0A7Z3,sfl:SF2899,sfl01200,map01200
P0A7Z3,sfl:SF2899,sfl01230,map01230
P0A7Z3,sfx:S3099,sfx00030,map00030
P0A7Z3,sfx:S3099,sfx00710,map00710
P0A7Z3,sfx:S3099,sfx01100,map01100
P0A7Z3,sfx:S3099,sfx01110,map01110
P0A7Z3,sfx:S3099,sfx01120,map01120
P0A7Z3,sfx:S3099,sfx01200,map01200
P0A7Z3,sfx:S3099,sfx01230,map01230
P0A7Z9,sfl:SF3327,sfl03020,map03020
P0A7Z9,sfx:S4435,sfx03020,map03020
P0A820,sfl:SF2933,sfl00270,map00270
P0A820,sfl:SF2933,sfl00670,map00670
P0A820,sfl:SF2933,sfl00999,map00999
P0A820,sfl:SF2933,sfl01100,map01100
P0A820,sfl:SF2933,sfl01110,map01110
P0A820,sfl:SF2933,sfl01230,map01230
P0A820,sfl:SF2933,sfl01240,map01240
P0A820,sfx:S3137,sfx00270,map00270
P0A820,sfx:S3137,sfx00670,map00670
P0A820,sfx:S3137,sfx00999,map00999
P0A820,sfx:S3137,sfx01100,map01100
P0A820,sfx:S3137,sfx01110,map01110
P0A820,sfx:S3137,sfx01230,map01230
P0A820,sfx:S3137,sfx01240,map01240
P0A827,sfl:SF2598,sfl00260,map00260
P0A827,sfl:SF2598,sfl00460,map00460
P0A827,sfl:SF2598,sfl00630,map00630
P0A827,sfl:SF2598,sfl00670,map00670
P0A827,sfl:SF2598,sfl00680,map00680
P0A827,sfl:SF2598,sfl01100,map01100
P0A827,sfl:SF2598,sfl01110,map01110
P0A827,sfl:SF2598,sfl01120,map01120
P0A827,sfl:SF2598,sfl01200,map01200
P0A827,sfl:SF2598,sfl01230,map01230
P0A827,sfl:SF2598,sfl01240,map01240
P0A827,sfl:SF2598,sfl04981,map04981
P0A827,sfx:S2770,sfx00260,map00260
P0A827,sfx:S2770,sfx00460,map00460
P0A827,sfx:S2770,sfx00630,map00630
P0A827,sfx:S2770,sfx00670,map00670
P0A827,sfx:S2770,sfx00680,map00680
P0A827,sfx:S2770,sfx01100,map01100
P0A827,sfx:S2770,sfx01110,map01110
P0A827,sfx:S2770,sfx01120,map01120
P0A827,sfx:S2770,sfx01200,map01200
P0A827,sfx:S2770,sfx01230,map01230
P0A827,sfx:S2770,sfx01240,map01240
P0A827,sfx:S2770,sfx04981,map04981
P0A839,sfl:SF0569,sfl00020,map00020
P0A839,sfl:SF0569,sfl00640,map00640
P0A839,sfl:SF0569,sfl00660,map00660
P0A839,sfl:SF0569,sfl00720,map00720
P0A839,sfl:SF0569,sfl01100,map01100
P0A839,sfl:SF0569,sfl01110,map01110
P0A839,sfl:SF0569,sfl01120,map01120
P0A839,sfl:SF0569,sfl01200,map01200
P0A839,sfx:S0582,sfx00020,map00020
P0A839,sfx:S0582,sfx00640,map00640
P0A839,sfx:S0582,sfx00660,map00660
P0A839,sfx:S0582,sfx00720,map00720
P0A839,sfx:S0582,sfx01100,map01100
P0A839,sfx:S0582,sfx01110,map01110
P0A839,sfx:S0582,sfx01120,map01120
P0A839,sfx:S0582,sfx01200,map01200
P0A861,sfl:SF3997,sfl00010,map00010
P0A861,sfl:SF3997,sfl00051,map00051
P0A861,sfl:SF3997,sfl00562,map00562
P0A861,sfl:SF3997,sfl00710,map00710
P0A861,sfl:SF3997,sfl01100,map01100
P0A861,sfl:SF3997,sfl01110,map01110
P0A861,sfl:SF3997,sfl01120,map01120
P0A861,sfl:SF3997,sfl01200,map01200
P0A861,sfl:SF3997,sfl01230,map01230
P0A861,sfx:S3750,sfx00010,map00010
P0A861,sfx:S3750,sfx00051,map00051
P0A861,sfx:S3750,sfx00562,map00562
P0A861,sfx:S3750,sfx00710,map00710
P0A861,sfx:S3750,sfx01100,map01100
P0A861,sfx:S3750,sfx01110,map01110
P0A861,sfx:S3750,sfx01120,map01120
P0A861,sfx:S3750,sfx01200,map01200
P0A861,sfx:S3750,sfx01230,map01230
P0A872,sfl:SF0009,sfl00030,map00030
P0A872,sfl:SF0009,sfl00710,map00710
P0A872,sfl:SF0009,sfl01100,map01100
P0A872,sfl:SF0009,sfl01110,map01110
P0A872,sfl:SF0009,sfl01120,map01120
P0A872,sfl:SF0009,sfl01200,map01200
P0A872,sfl:SF0009,sfl01230,map01230
P0A872,sfx:S0008,sfx00030,map00030
P0A872,sfx:S0008,sfx00710,map00710
P0A872,sfx:S0008,sfx01100,map01100
P0A872,sfx:S0008,sfx01110,map01110
P0A872,sfx:S0008,sfx01120,map01120
P0A872,sfx:S0008,sfx01200,map01200
P0A872,sfx:S0008,sfx01230,map01230
P0A880,sfl:SF1264,sfl00260,map00260
P0A880,sfl:SF1264,sfl00400,map00400
P0A880,sfl:SF1264,sfl01100,map01100
P0A880,sfl:SF1264,sfl01110,map01110
P0A880,sfl:SF1264,sfl01230,map01230
P0A880,sfx:S1350,sfx00260,map00260
P0A880,sfx:S1350,sfx00400,map00400
P0A880,sfx:S1350,sfx01100,map01100
P0A880,sfx:S1350,sfx01110,map01110
P0A880,sfx:S1350,sfx01230,map01230
P0A889,sfl:SF3911,sfl00130,map00130
P0A889,sfl:SF3911,sfl01100,map01100
P0A889,sfl:SF3911,sfl01110,map01110
P0A889,sfl:SF3911,sfl01240,map01240
P0A889,sfx:S3843,sfx00130,map00130
P0A889,sfx:S3843,sfx01100,map01100
P0A889,sfx:S3843,sfx01110,map01110
P0A889,sfx:S3843,sfx01240,map01240
P0A8F3,sfl:SF2542,sfl00240,map00240
P0A8F3,sfl:SF2542,sfl01100,map01100
P0A8F3,sfl:SF2542,sfl01232,map01232
P0A8F3,sfx:S2691,sfx00240,map00240
P0A8F3,sfx:S2691,sfx01100,map01100
P0A8F3,sfx:S2691,sfx01232,map01232
P0A8F7,sfl:SF2130,sfl00240,map00240
P0A8F7,sfl:SF2130,sfl01100,map01100
P0A8F7,sfl:SF2130,sfl01232,map01232
P0A8F7,sfx:S2254,sfx00240,map00240
P0A8F7,sfx:S2254,sfx01100,map01100
P0A8F7,sfx:S2254,sfx01232,map01232
P0A8G8,sfl:SF1008,sfl00130,map00130
P0A8G8,sfl:SF1008,sfl01100,map01100
P0A8G8,sfl:SF1008,sfl01110,map01110
P0A8G8,sfl:SF1008,sfl01240,map01240
P0A8G8,sfx:S1077,sfx00130,map00130
P0A8G8,sfx:S1077,sfx01100,map01100
P0A8G8,sfx:S1077,sfx01110,map01110
P0A8G8,sfx:S1077,sfx01240,map01240
P0A8K0,sfl:SF3853,sfl03018,map03018
P0A8K0,sfx:S3906,sfx03018,map03018
P0A8K4,sfl:SF4318,sfl00564,map00564
P0A8K4,sfl:SF4318,sfl01100,map01100
P0A8K4,sfl:SF4318,sfl01110,map01110
P0A8K4,sfx:S4582,sfx00564,map00564
P0A8K4,sfx:S4582,sfx01100,map01100
P0A8K4,sfx:S4582,sfx01110,map01110
P0A8L4,sfl:SF0852,sfl00970,map00970
P0A8L4,sfx:S0893,sfx00970,map00970
P0A8M5,sfl:SF1512,sfl00970,map00970
P0A8M5,sfx:S1630,sfx00970,map00970
P0A8T9,sfl:SF4061,sfl03020,map03020
P0A8T9,sfx:S3674,sfx03020,map03020
P0A8V5,sfl:SF4060,sfl03020,map03020
P0A8V5,sfx:S3675,sfx03020,map03020
P0A8Y4,sfl:SF3957,sfl00010,map00010
P0A8Y4,sfl:SF3957,sfl01120,map01120
P0A8Y4,sfx:S3789,sfx00010,map00010
P0A8Y4,sfx:S3789,sfx01120,map01120
P0A961,sfl:SF2366,sfl00220,map00220
P0A961,sfl:SF2366,sfl00250,map00250
P0A961,sfl:SF2366,sfl00290,map00290
P0A961,sfl:SF2366,sfl01100,map01100
P0A961,sfl:SF2366,sfl01110,map01110
P0A961,sfl:SF2366,sfl01210,map01210
P0A961,sfl:SF2366,sfl01230,map01230
P0A961,sfx:S2501,sfx00220,map00220
P0A961,sfx:S2501,sfx00250,map00250
P0A961,sfx:S2501,sfx00290,map00290
P0A961,sfx:S2501,sfx01100,map01100
P0A961,sfx:S2501,sfx01110,map01110
P0A961,sfx:S2501,sfx01210,map01210
P0A961,sfx:S2501,sfx01230,map01230
P0A995,sfl:SF4258,sfl00010,map00010
P0A995,sfl:SF4258,sfl00030,map00030
P0A995,sfl:SF4258,sfl00051,map00051
P0A995,sfl:SF4258,sfl00680,map00680
P0A995,sfl:SF4258,sfl00710,map00710
P0A995,sfl:SF4258,sfl01100,map01100
P0A995,sfl:SF4258,sfl01110,map01110
P0A995,sfl:SF4258,sfl01120,map01120
P0A995,sfl:SF4258,sfl01200,map01200
P0A995,sfx:S4520,sfx00010,map00010
P0A995,sfx:S4520,sfx00030,map00030
P0A995,sfx:S4520,sfx00051,map00051
P0A995,sfx:S4520,sfx00680,map00680
P0A995,sfx:S4520,sfx00710,map00710
P0A995,sfx:S4520,sfx01100,map01100
P0A995,sfx:S4520,sfx01110,map01110
P0A995,sfx:S4520,sfx01120,map01120
P0A995,sfx:S4520,sfx01200,map01200
P0A9B5,sfl:SF1444,sfl00010,map00010
P0A9B5,sfl:SF1444,sfl00710,map00710
P0A9B5,sfl:SF1444,sfl01100,map01100
P0A9B5,sfl:SF1444,sfl01110,map01110
P0A9B5,sfl:SF1444,sfl01120,map01120
P0A9B5,sfl:SF1444,sfl01200,map01200
P0A9B5,sfl:SF1444,sfl01230,map01230
P0A9B5,sfx:S1559,sfx00010,map00010
P0A9B5,sfx:S1559,sfx00710,map00710
P0A9B5,sfx:S1559,sfx01100,map01100
P0A9B5,sfx:S1559,sfx01110,map01110
P0A9B5,sfx:S1559,sfx01120,map01120
P0A9B5,sfx:S1559,sfx01200,map01200
P0A9B5,sfx:S1559,sfx01230,map01230
P0A9B9,sfl:SF2912,sfl00750,map00750
P0A9B9,sfl:SF2912,sfl01100,map01100
P0A9B9,sfl:SF2912,sfl01240,map01240
P0A9B9,sfx:S3112,sfx00750,map00750
P0A9B9,sfx:S3112,sfx01100,map01100
P0A9B9,sfx:S3112,sfx01240,map01240
P0A9C2,sfl:SF2323,sfl00564,map00564
P0A9C2,sfl:SF2323,sfl01100,map01100
P0A9C2,sfl:SF2323,sfl01110,map01110
P0A9C2,sfx:S2456,sfx00564,map00564
P0A9C2,sfx:S2456,sfx01100,map01100
P0A9C2,sfx:S2456,sfx01110,map01110
P0A9C4,sfl:SF0548,sfl00010,map00010
P0A9C4,sfl:SF0548,sfl00052,map00052
P0A9C4,sfl:SF0548,sfl01100,map01100
P0A9C4,sfl:SF0548,sfl01110,map01110
P0A9C4,sfl:SF0548,sfl01120,map01120
P0A9C4,sfx:S0556,sfx00010,map00010
P0A9C4,sfx:S0556,sfx00052,map00052
P0A9C4,sfx:S0556,sfx01100,map01100
P0A9C4,sfx:S0556,sfx01110,map01110
P0A9C4,sfx:S0556,sfx01120,map01120
P0A9D1,sfl:SF4003,sfl00010,map00010
P0A9D1,sfl:SF4003,sfl00030,map00030
P0A9D1,sfl:SF4003,sfl00051,map00051
P0A9D1,sfl:SF4003,sfl00680,map00680
P0A9D1,sfl:SF4003,sfl00710,map00710
P0A9D1,sfl:SF4003,sfl01100,map01100
P0A9D1,sfl:SF4003,sfl01110,map01110
P0A9D1,sfl:SF4003,sfl01120,map01120
P0A9D1,sfl:SF4003,sfl01200,map01200
P0A9D1,sfx:S3744,sfx00010,map00010
P0A9D1,sfx:S3744,sfx00030,map00030
P0A9D1,sfx:S3744,sfx00051,map00051
P0A9D1,sfx:S3744,sfx00680,map00680
P0A9D1,sfx:S3744,sfx00710,map00710
P0A9D1,sfx:S3744,sfx01100,map01100
P0A9D1,sfx:S3744,sfx01110,map01110
P0A9D1,sfx:S3744,sfx01120,map01120
P0A9D1,sfx:S3744,sfx01200,map01200
P0A9D9,sfl:SF0156,sfl00300,map00300
P0A9D9,sfl:SF0156,sfl01100,map01100
P0A9D9,sfl:SF0156,sfl01120,map01120
P0A9D9,sfl:SF0156,sfl01230,map01230
P0A9D9,sfx:S0159,sfx00300,map00300
P0A9D9,sfx:S0159,sfx01100,map01100
P0A9D9,sfx:S0159,sfx01120,map01120
P0A9D9,sfx:S0159,sfx01230,map01230
P0A9J5,sfl:SF0362,sfl00770,map00770
P0A9J5,sfl:SF0362,sfl01100,map01100
P0A9J5,sfl:SF0362,sfl01110,map01110
P0A9J5,sfl:SF0362,sfl01240,map01240
P0A9J5,sfx:S0370,sfx00770,map00770
P0A9J5,sfx:S0370,sfx01100,map01100
P0A9J5,sfx:S0370,sfx01110,map01110
P0A9J5,sfx:S0370,sfx01240,map01240
P0A9K0,sfl:SF2659,sfl00400,map00400
P0A9K0,sfl:SF2659,sfl01100,map01100
P0A9K0,sfl:SF2659,sfl01110,map01110
P0A9K0,sfl:SF2659,sfl01230,map01230
P0A9K0,sfx:S2836,sfx00400,map00400
P0A9K0,sfx:S2836,sfx01100,map01100
P0A9K0,sfx:S2836,sfx01110,map01110
P0A9K0,sfx:S2836,sfx01230,map01230
P0A9M9,sfl:SF2373,sfl00430,map00430
P0A9M9,sfl:SF2373,sfl00620,map00620
P0A9M9,sfl:SF2373,sfl00640,map00640
P0A9M9,sfl:SF2373,sfl00680,map00680
P0A9M9,sfl:SF2373,sfl00720,map00720
P0A9M9,sfl:SF2373,sfl01100,map01100
P0A9M9,sfl:SF2373,sfl01120,map01120
P0A9M9,sfl:SF2373,sfl01200,map01200
P0A9M9,sfx:S2508,sfx00430,map00430
P0A9M9,sfx:S2508,sfx00620,map00620
P0A9M9,sfx:S2508,sfx00640,map00640
P0A9M9,sfx:S2508,sfx00680,map00680
P0A9M9,sfx:S2508,sfx00720,map00720
P0A9M9,sfx:S2508,sfx01100,map01100
P0A9M9,sfx:S2508,sfx01120,map01120
P0A9M9,sfx:S2508,sfx01200,map01200
P0A9P3,sfl:SF0113,sfl00010,map00010
P0A9P3,sfl:SF0113,sfl00020,map00020
P0A9P3,sfl:SF0113,sfl00260,map00260
P0A9P3,sfl:SF0113,sfl00280,map00280
P0A9P3,sfl:SF0113,sfl00310,map00310
P0A9P3,sfl:SF0113,sfl00380,map00380
P0A9P3,sfl:SF0113,sfl00620,map00620
P0A9P3,sfl:SF0113,sfl00630,map00630
P0A9P3,sfl:SF0113,sfl00640,map00640
P0A9P3,sfl:SF0113,sfl00670,map00670
P0A9P3,sfl:SF0113,sfl00785,map00785
P0A9P3,sfl:SF0113,sfl01100,map01100
P0A9P3,sfl:SF0113,sfl01110,map01110
P0A9P3,sfl:SF0113,sfl01120,map01120
P0A9P3,sfl:SF0113,sfl01200,map01200
P0A9P3,sfl:SF0113,sfl01210,map01210
P0A9P3,sfl:SF0113,sfl01240,map01240
P0A9P3,sfx:S0115,sfx00010,map00010
P0A9P3,sfx:S0115,sfx00020,map00020
P0A9P3,sfx:S0115,sfx00260,map00260
P0A9P3,sfx:S0115,sfx00280,map00280
P0A9P3,sfx:S0115,sfx00310,map00310
P0A9P3,sfx:S0115,sfx00380,map00380
P0A9P3,sfx:S0115,sfx00620,map00620
P0A9P3,sfx:S0115,sfx00630,map00630
P0A9P3,sfx:S0115,sfx00640,map00640
P0A9P3,sfx:S0115,sfx00670,map00670
P0A9P3,sfx:S0115,sfx00785,map00785
P0A9P3,sfx:S0115,sfx01100,map01100
P0A9P3,sfx:S0115,sfx01110,map01110
P0A9P3,sfx:S0115,sfx01120,map01120
P0A9P3,sfx:S0115,sfx01200,map01200
P0A9P3,sfx:S0115,sfx01210,map01210
P0A9P3,sfx:S0115,sfx01240,map01240
P0A9S9,sfl:SF3473,sfl02010,map02010
P0A9S9,sfl:SF3473,sfl02024,map02024
P0A9S9,sfx:S4290,sfx02010,map02010
P0A9S9,sfx:S4290,sfx02024,map02024
P0A9T3,sfl:SF2898,sfl00260,map00260
P0A9T3,sfl:SF2898,sfl00270,map00270
P0A9T3,sfl:SF2898,sfl00680,map00680
P0A9T3,sfl:SF2898,sfl01100,map01100
P0A9T3,sfl:SF2898,sfl01110,map01110
P0A9T3,sfl:SF2898,sfl01120,map01120
P0A9T3,sfl:SF2898,sfl01200,map01200
P0A9T3,sfl:SF2898,sfl01230,map01230
P0A9T3,sfx:S3098,sfx00260,map00260
P0A9T3,sfx:S3098,sfx00270,map00270
P0A9T3,sfx:S3098,sfx00680,map00680
P0A9T3,sfx:S3098,sfx01100,map01100
P0A9T3,sfx:S3098,sfx01110,map01110
P0A9T3,sfx:S3098,sfx01120,map01120
P0A9T3,sfx:S3098,sfx01200,map01200
P0A9T3,sfx:S3098,sfx01230,map01230
P0A9V4,sfl:SF3241,sfl02010,map02010
P0A9V4,sfx:S3459,sfx02010,map02010
P0AA21,sfl:SF3424,sfl02020,map02020
P0AA21,sfx:S4339,sfx02020,map02020
P0AAF9,sfl:SF0818,sfl02010,map02010
P0AAF9,sfx:S0860,sfx02010,map02010
P0AAG2,sfl:SF3576,sfl02010,map02010
P0AAG2,sfx:S4194,sfx02010,map02010
P0AAG9,sfl:SF2234,sfl02010,map02010
P0AAG9,sfx:S2363,sfx02010,map02010
P0AAH3,sfl:SF3730,sfl02010,map02010
P0AAH3,sfx:S4042,sfx02010,map02010
P0AAI8,sfl:SF1099,sfl00061,map00061
P0AAI8,sfl:SF1099,sfl00780,map00780
P0AAI8,sfl:SF1099,sfl01100,map01100
P0AAI8,sfl:SF1099,sfl01212,map01212
P0AAI8,sfl:SF1099,sfl01240,map01240
P0AAI8,sfx:S1179,sfx00061,map00061
P0AAI8,sfx:S1179,sfx00780,map00780
P0AAI8,sfx:S1179,sfx01100,map01100
P0AAI8,sfx:S1179,sfx01212,map01212
P0AAI8,sfx:S1179,sfx01240,map01240
P0AAJ4,sfl:SF1750,sfl02020,map02020
P0AAJ4,sfx:S1883,sfx02020,map02020
P0AAJ7,sfl:SF3969,sfl00630,map00630
P0AAJ7,sfl:SF3969,sfl00680,map00680
P0AAJ7,sfl:SF3969,sfl01100,map01100
P0AAJ7,sfl:SF3969,sfl01120,map01120
P0AAJ7,sfl:SF3969,sfl01200,map01200
P0AAJ7,sfx:S3779,sfx00630,map00630
P0AAJ7,sfx:S3779,sfx00680,map00680
P0AAJ7,sfx:S3779,sfx01100,map01100
P0AAJ7,sfx:S3779,sfx01120,map01120
P0AAJ7,sfx:S3779,sfx01200,map01200
P0AB70,sfl:SF1623,sfl00760,map00760
P0AB70,sfl:SF1623,sfl01100,map01100
P0AB70,sfx:S1755,sfx00760,map00760
P0AB70,sfx:S1755,sfx01100,map01100
P0AB73,sfl:SF2910,sfl00010,map00010
P0AB73,sfl:SF2910,sfl00030,map00030
P0AB73,sfl:SF2910,sfl00051,map00051
P0AB73,sfl:SF2910,sfl00680,map00680
P0AB73,sfl:SF2910,sfl00710,map00710
P0AB73,sfl:SF2910,sfl01100,map01100
P0AB73,sfl:SF2910,sfl01110,map01110
P0AB73,sfl:SF2910,sfl01120,map01120
P0AB73,sfl:SF2910,sfl01200,map01200
P0AB73,sfl:SF2910,sfl01230,map01230
P0AB73,sfx:S3110,sfx00010,map00010
P0AB73,sfx:S3110,sfx00030,map00030
P0AB73,sfx:S3110,sfx00051,map00051
P0AB73,sfx:S3110,sfx00680,map00680
P0AB73,sfx:S3110,sfx00710,map00710
P0AB73,sfx:S3110,sfx01100,map01100
P0AB73,sfx:S3110,sfx01110,map01110
P0AB73,sfx:S3110,sfx01120,map01120
P0AB73,sfx:S3110,sfx01200,map01200
P0AB73,sfx:S3110,sfx01230,map01230
P0AB79,sfl:SF3657,sfl00260,map00260
P0AB79,sfl:SF3657,sfl01100,map01100
P0AB79,sfx:S4110,sfx00260,map00260
P0AB79,sfx:S4110,sfx01100,map01100
P0AB88,sfl:SF2814,sfl00040,map00040
P0AB88,sfl:SF2814,sfl00051,map00051
P0AB88,sfl:SF2814,sfl01100,map01100
P0AB88,sfl:SF2814,sfl01120,map01120
P0AB88,sfx:S3009,sfx00040,map00040
P0AB88,sfx:S3009,sfx00051,map00051
P0AB88,sfx:S3009,sfx01100,map01100
P0AB88,sfx:S3009,sfx01120,map01120
P0ABA3,sfl:SF3816,sfl00190,map00190
P0ABA3,sfl:SF3816,sfl01100,map01100
P0ABA3,sfx:S3952,sfx00190,map00190
P0ABA3,sfx:S3952,sfx01100,map01100
P0ABB3,sfl:SF3814,sfl00190,map00190
P0ABB3,sfl:SF3814,sfl01100,map01100
P0ABB3,sfx:S3954,sfx00190,map00190
P0ABB3,sfx:S3954,sfx01100,map01100
P0ABB7,sfl:SF3812,sfl00190,map00190
P0ABB7,sfl:SF3812,sfl01100,map01100
P0ABB7,sfx:S3956,sfx00190,map00190
P0ABB7,sfx:S3956,sfx01100,map01100
P0ABD7,sfl:SF0175,sfl00061,map00061
P0ABD7,sfl:SF0175,sfl00620,map00620
P0ABD7,sfl:SF0175,sfl00640,map00640
P0ABD7,sfl:SF0175,sfl00720,map00720
P0ABD7,sfl:SF0175,sfl01100,map01100
P0ABD7,sfl:SF0175,sfl01110,map01110
P0ABD7,sfl:SF0175,sfl01120,map01120
P0ABD7,sfl:SF0175,sfl01200,map01200
P0ABD7,sfl:SF0175,sfl01212,map01212
P0ABD7,sfx:S0178,sfx00061,map00061
P0ABD7,sfx:S0178,sfx00620,map00620
P0ABD7,sfx:S0178,sfx00640,map00640
P0ABD7,sfx:S0178,sfx00720,map00720
P0ABD7,sfx:S0178,sfx01100,map01100
P0ABD7,sfx:S0178,sfx01110,map01110
P0ABD7,sfx:S0178,sfx01120,map01120
P0ABD7,sfx:S0178,sfx01200,map01200
P0ABD7,sfx:S0178,sfx01212,map01212
P0ABF7,sfl:SF2228,sfl00240,map00240
P0ABF7,sfl:SF2228,sfl01100,map01100
P0ABF7,sfl:SF2228,sfl01232,map01232
P0ABF7,sfx:S2357,sfx00240,map00240
P0ABF7,sfx:S2357,sfx01100,map01100
P0ABF7,sfx:S2357,sfx01232,map01232
P0ABG3,sfl:SF0165,sfl00564,map00564
P0ABG3,sfl:SF0165,sfl01100,map01100
P0ABG3,sfl:SF0165,sfl01110,map01110
P0ABG3,sfx:S0168,sfx00564,map00564
P0ABG3,sfx:S0168,sfx01100,map01100
P0ABG3,sfx:S0168,sfx01110,map01110
P0ABG9,sfl:SF0647,sfl00550,map00550
P0ACK1,sfl:SF3376,sfl02020,map02020
P0ACK1,sfl:SF3376,sfl02024,map02024
P0ACK1,sfx:S4387,sfx02020,map02020
P0ACK1,sfx:S4387,sfx02024,map02024
P0ACV3,sfl:SF2444,sfl00540,map00540
P0ACV3,sfx:S2582,sfx00540,map00540
P0AD16,sfl:SF2198,sfl02020,map02020
P0AD16,sfx:S2325,sfx02020,map02020
P0AD43,sfl:SF2607,sfl00564,map00564
P0AD43,sfx:S2779,sfx00564,map00564
P0ADG3,sfl:SF3844,sfl00290,map00290
P0ADG3,sfl:SF3844,sfl00650,map00650
P0ADG3,sfl:SF3844,sfl00660,map00660
P0ADG3,sfl:SF3844,sfl00770,map00770
P0ADG3,sfl:SF3844,sfl01100,map01100
P0ADG3,sfl:SF3844,sfl01110,map01110
P0ADG3,sfl:SF3844,sfl01210,map01210
P0ADG3,sfl:SF3844,sfl01230,map01230
P0ADG3,sfx:S3915,sfx00290,map00290
P0ADG3,sfx:S3915,sfx00650,map00650
P0ADG3,sfx:S3915,sfx00660,map00660
P0ADG3,sfx:S3915,sfx00770,map00770
P0ADG3,sfx:S3915,sfx01100,map01100
P0ADG3,sfx:S3915,sfx01110,map01110
P0ADG3,sfx:S3915,sfx01210,map01210
P0ADG3,sfx:S3915,sfx01230,map01230
P0ADG9,sfl:SF2554,sfl00230,map00230
P0ADG9,sfl:SF2554,sfl01100,map01100
P0ADG9,sfl:SF2554,sfl01110,map01110
P0ADG9,sfl:SF2554,sfl01232,map01232
P0ADG9,sfx:S2726,sfx00230,map00230
P0ADG9,sfx:S2726,sfx01100,map01100
P0ADG9,sfx:S2726,sfx01110,map01110
P0ADG9,sfx:S2726,sfx01232,map01232
P0AE23,sfl:SF4149,sfl00740,map00740
P0AE23,sfl:SF4149,sfl01100,map01100
P0AE23,sfx:S3580,sfx00740,map00740
P0AE23,sfx:S3580,sfx01100,map01100
P0AEC4,sfl:SF3250,sfl02020,map02020
P0AEC4,sfx:S3468,sfx02020,map02020
P0AED8,sfl:SF2514,sfl00300,map00300
P0AED8,sfl:SF2514,sfl01100,map01100
P0AED8,sfl:SF2514,sfl01120,map01120
P0AED8,sfl:SF2514,sfl01230,map01230
P0AED8,sfx:S2665,sfx00300,map00300
P0AED8,sfx:S2665,sfx01100,map01100
P0AED8,sfx:S2665,sfx01120,map01120
P0AED8,sfx:S2665,sfx01230,map01230
P0AEE7,sfl:SF2235,sfl02010,map02010
P0AEE7,sfl:SF2235,sfl02030,map02030
P0AEE7,sfx:S2364,sfx02010,map02010
P0AEE7,sfx:S2364,sfx02030,map02030
P0AEJ5,sfl:SF3423,sfl02020,map02020
P0AEJ5,sfx:S4340,sfx02020,map02020
P0AEK3,sfl:SF1097,sfl00061,map00061
P0AEK3,sfl:SF1097,sfl00780,map00780
P0AEK3,sfl:SF1097,sfl01100,map01100
P0AEK3,sfl:SF1097,sfl01110,map01110
P0AEK3,sfl:SF1097,sfl01212,map01212
P0AEK3,sfl:SF1097,sfl01240,map01240
P0AEK3,sfx:S1177,sfx00061,map00061
P0AEK3,sfx:S1177,sfx00780,map00780
P0AEK3,sfx:S1177,sfx01100,map01100
P0AEK3,sfx:S1177,sfx01110,map01110
P0AEK3,sfx:S1177,sfx01212,map01212
P0AEK3,sfx:S1177,sfx01240,map01240
P0AEK6,sfl:SF1293,sfl00061,map00061
P0AEK6,sfl:SF1293,sfl00780,map00780
P0AEK6,sfl:SF1293,sfl01100,map01100
P0AEK6,sfl:SF1293,sfl01110,map01110
P0AEK6,sfl:SF1293,sfl01212,map01212
P0AEK6,sfl:SF1293,sfl01240,map01240
P0AEK6,sfx:S1375,sfx00061,map00061
P0AEK6,sfx:S1375,sfx00780,map00780
P0AEK6,sfx:S1375,sfx01100,map01100
P0AEK6,sfx:S1375,sfx01110,map01110
P0AEK6,sfx:S1375,sfx01212,map01212
P0AEK6,sfx:S1375,sfx01240,map01240
P0AEK9,sfl:SF1749,sfl02020,map02020
P0AEK9,sfx:S1882,sfx02020,map02020
P0AEP6,sfl:SF1236,sfl00040,map00040
P0AEP6,sfl:SF1236,sfl00052,map00052
P0AEP6,sfl:SF1236,sfl00500,map00500
P0AEP6,sfl:SF1236,sfl00520,map00520
P0AEP6,sfl:SF1236,sfl00541,map00541
P0AEP6,sfl:SF1236,sfl01100,map01100
P0AEP6,sfl:SF1236,sfl01110,map01110
P0AEP6,sfl:SF1236,sfl01120,map01120
P0AEP6,sfl:SF1236,sfl01240,map01240
P0AEP6,sfl:SF1236,sfl01250,map01250
P0AEP6,sfx:S1322,sfx00040,map00040
P0AEP6,sfx:S1322,sfx00052,map00052
P0AEP6,sfx:S1322,sfx00500,map00500
P0AEP6,sfx:S1322,sfx00520,map00520
P0AEP6,sfx:S1322,sfx00541,map00541
P0AEP6,sfx:S1322,sfx01100,map01100
P0AEP6,sfx:S1322,sfx01110,map01110
P0AEP6,sfx:S1322,sfx01120,map01120
P0AEP6,sfx:S1322,sfx01240,map01240
P0AEP6,sfx:S1322,sfx01250,map01250
P0AEZ2,sfl:SF4019,sfl00670,map00670
P0AEZ2,sfl:SF4019,sfl00720,map00720
P0AEZ2,sfl:SF4019,sfl01100,map01100
P0AEZ2,sfl:SF4019,sfl01120,map01120
P0AEZ2,sfl:SF4019,sfl01200,map01200
P0AEZ2,sfx:S3728,sfx00670,map00670
P0AEZ2,sfx:S3728,sfx00720,map00720
P0AEZ2,sfx:S3728,sfx01100,map01100
P0AEZ2,sfx:S3728,sfx01120,map01120
P0AEZ2,sfx:S3728,sfx01200,map01200
P0AF15,sfl:SF0151,sfl00270,map00270
P0AF15,sfl:SF0151,sfl01100,map01100
P0AF15,sfl:SF0151,sfl01230,map01230
P0AF15,sfx:S0154,sfx00270,map00270
P0AF15,sfx:S0154,sfx01100,map01100
P0AF15,sfx:S0154,sfx01230,map01230
P0AFA4,sfl:SF1225,sfl02020,map02020
P0AFA4,sfx:S1309,sfx02020,map02020
P0AFB7,sfl:SF3939,sfl02020,map02020
P0AFB7,sfx:S3807,sfx02020,map02020
P0AFC2,sfl:SF1875,sfl00790,map00790
P0AFC2,sfl:SF1875,sfl01100,map01100
P0AFC2,sfl:SF1875,sfl01240,map01240
P0AFC2,sfx:S1941,sfx00790,map00790
P0AFC2,sfx:S1941,sfx01100,map01100
P0AFC2,sfx:S1941,sfx01240,map01240
P0AFC6,sfl:SF2364,sfl00190,map00190
P0AFC6,sfl:SF2364,sfl01100,map01100
P0AFC6,sfx:S2499,sfx00190,map00190
P0AFC6,sfx:S2499,sfx01100,map01100
P0AFD0,sfl:SF2363,sfl00190,map00190
P0AFD0,sfl:SF2363,sfl01100,map01100
P0AFD0,sfx:S2498,sfx00190,map00190
P0AFD0,sfx:S2498,sfx01100,map01100
P0AFD3,sfl:SF2361,sfl00190,map00190
P0AFD3,sfl:SF2361,sfl01100,map01100
P0AFD3,sfx:S2496,sfx00190,map00190
P0AFD3,sfx:S2496,sfx01100,map01100
P0AFD9,sfl:SF2357,sfl00190,map00190
P0AFD9,sfl:SF2357,sfl01100,map01100
P04977,bpe:BP3783,bpe05133,map05133
P0DKX7,bpe:BP0760,bpe00230,map00230
P0DKX7,bpe:BP0760,bpe05133,map05133
P14283,bpe:BP1054,bpe05133,map05133
P16575,bpe:BP1877,bpe02020,map02020
P16575,bpe:BP1877,bpe05133,map05133
P04978,bpe:BP3784,bpe05133,map05133
P0A3I5,bpe:BP0758,bpe05133,map05133
P35077,bpe:BP1884,bpe05133,map05133
P41399,bpe:BP1484,bpe00260,map00260
P41399,bpe:BP1484,bpe00261,map00261
P41399,bpe:BP1484,bpe00270,map00270
P41399,bpe:BP1484,bpe00300,map00300
P41399,bpe:BP1484,bpe01100,map01100
P41399,bpe:BP1484,bpe01110,map01110
P41399,bpe:BP1484,bpe01120,map01120
P41399,bpe:BP1484,bpe01210,map01210
P41399,bpe:BP1484,bpe01230,map01230
Q45338,bpe:BP0097,bpe00770,map00770
Q45338,bpe:BP0097,bpe01100,map01100
Q45338,bpe:BP0097,bpe01240,map01240
Q45340,bpe:BP3494,bpe05133,map05133
Q7VS87,bpe:BP0553,bpe00380,map00380
Q7VS87,bpe:BP0553,bpe01100,map01100
Q7VS87,bpe:BP0553,bpe01240,map01240
Q7VSF2,bpe:BP0475,bpe03018,map03018
Q7VT27,bpe:BP3730,bpe00520,map00520
Q7VT27,bpe:BP3730,bpe00541,map00541
Q7VT27,bpe:BP3730,bpe01100,map01100
Q7VT27,bpe:BP3730,bpe01250,map01250
Q7VUH1,bpe:BP3125,bpe00030,map00030
Q7VUH1,bpe:BP3125,bpe00230,map00230
Q7VUH1,bpe:BP3125,bpe01100,map01100
Q7VUH1,bpe:BP3125,bpe01110,map01110
Q7VUH1,bpe:BP3125,bpe01120,map01120
Q7VUH1,bpe:BP3125,bpe01200,map01200
Q7VUH1,bpe:BP3125,bpe01230,map01230
Q7VUP9,bpe:BP3027,bpe00300,map00300
Q7VUP9,bpe:BP3027,bpe00550,map00550
Q7VUP9,bpe:BP3027,bpe01100,map01100
Q7VW76,bpe:BP2389,bpe00240,map00240
Q7VW76,bpe:BP2389,bpe01100,map01100
Q7VW76,bpe:BP2389,bpe01232,map01232
Q7VW76,bpe:BP2389,bpe01240,map01240
Q7VWP0,bpe:BP2165,bpe00780,map00780
Q7VWP0,bpe:BP2165,bpe01100,map01100
Q7VWP0,bpe:BP2165,bpe01240,map01240
Q7VXK5,bpe:BP1751,bpe00770,map00770
Q7VXK5,bpe:BP1751,bpe01100,map01100
Q7VXK5,bpe:BP1751,bpe01240,map01240
Q7VXX8,bpe:BP1593,bpe00230,map00230
Q7VXX8,bpe:BP1593,bpe01100,map01100
Q7VXX8,bpe:BP1593,bpe01232,map01232
Q7VY97,bpe:BP1453,bpe00220,map00220
Q7VY97,bpe:BP1453,bpe00240,map00240
Q7VY97,bpe:BP1453,bpe00250,map00250
Q7VY97,bpe:BP1453,bpe01100,map01100
Q7VY97,bpe:BP1453,bpe01110,map01110
Q7VY97,bpe:BP1453,bpe01240,map01240
Q7VYD7,bpe:BP1412,bpe00790,map00790
Q7VYD7,bpe:BP1412,bpe01100,map01100
Q7VYD7,bpe:BP1412,bpe01240,map01240
Q7VYK4,bpe:BP1321,bpe00750,map00750
Q7VYK4,bpe:BP1321,bpe01100,map01100
Q7VYK4,bpe:BP1321,bpe01240,map01240
Q7VZ77,bpe:BP1055,bpe00860,map00860
Q7VZ77,bpe:BP1055,bpe01100,map01100
Q7VZ77,bpe:BP1055,bpe01110,map01110
Q7VZ77,bpe:BP1055,bpe01120,map01120
Q7VZ77,bpe:BP1055,bpe01240,map01240
Q7VZJ7,bpe:BP0905,bpe00550,map00550
Q7VZJ7,bpe:BP0905,bpe01100,map01100
Q7VZJ7,bpe:BP0905,bpe01501,map01501
Q7VZU4,bpe:BP0791,bpe00290,map00290
Q7VZU4,bpe:BP0791,bpe00770,map00770
Q7VZU4,bpe:BP0791,bpe01100,map01100
Q7VZU4,bpe:BP0791,bpe01110,map01110
Q7VZU4,bpe:BP0791,bpe01210,map01210
Q7VZU4,bpe:BP0791,bpe01230,map01230
P04979,bpe:BP3787,bpe05133,map05133
P04981,bpe:BP3786,bpe05133,map05133
P0A323,bpe:BP3852,bpe00380,map00380
P0A323,bpe:BP3852,bpe00630,map00630
P0A323,bpe:BP3852,bpe01100,map01100
P0A323,bpe:BP3852,bpe01110,map01110
P0A323,bpe:BP3852,bpe01200,map01200
P0A323,bpe:BP3852,bpe04146,map04146
P0A3R5,bpe:BP3785,bpe05133,map05133
P0A448,bpe:BP2546,bpe03440,map03440
P0A4E5,bpe:BP3642,bpe03020,map03020
P0A4H2,bpe:BP1878,bpe02020,map02020
P0A4H2,bpe:BP1878,bpe05133,map05133
P0A4U8,bpe:BP1764,bpe00300,map00300
P0A4U8,bpe:BP1764,bpe01100,map01100
P0A4U8,bpe:BP1764,bpe01120,map01120
P0A4U8,bpe:BP1764,bpe01230,map01230
P0DKX5,bpe:BP0761,bpe02010,map02010
P0DKX5,bpe:BP0761,bpe03070,map03070
P0DKX5,bpe:BP0761,bpe05133,map05133
P0DKX8,bpe:BP2769,bpe00230,map00230
P0DKX8,bpe:BP2769,bpe00730,map00730
P0DKX8,bpe:BP2769,bpe01100,map01100
P0DKX8,bpe:BP2769,bpe01110,map01110
P0DKX8,bpe:BP2769,bpe01232,map01232
P0DKX8,bpe:BP2769,bpe01240,map01240
P12421,bpe:BP0948,bpe00400,map00400
P12421,bpe:BP0948,bpe01100,map01100
P12421,bpe:BP0948,bpe01110,map01110
P12421,bpe:BP0948,bpe01230,map01230
P48210,bpe:BP3495,bpe03018,map03018
P53642,bpe:BP0193,bpe04146,map04146
P65622,bpe:BP0495,bpe02024,map02024
P65622,bpe:BP0495,bpe03060,map03060
P65622,bpe:BP0495,bpe03070,map03070
P67678,bpe:BP2689,bpe00730,map00730
P67678,bpe:BP2689,bpe01100,map01100
Q79H43,bpe:BP0095,bpe00540,map00540
Q79H43,bpe:BP0095,bpe01100,map01100
Q7TTN9,bpe:BP3422,bpe03018,map03018
Q7U359,bpe:BP2893,bpe04122,map04122
Q7U366,bpe:BP0243,bpe01100,map01100
Q7U366,bpe:BP0243,bpe01110,map01110
Q7VRX7,bpe:BP3560,bpe03030,map03030
Q7VRX7,bpe:BP3560,bpe03410,map03410
Q7VRX7,bpe:BP3560,bpe03420,map03420
Q7VRX7,bpe:BP3560,bpe03430,map03430
Q7VRX8,bpe:BP3211,bpe03030,map03030
Q7VRY2,bpe:BP1759,bpe03420,map03420
Q7VRY2,bpe:BP1759,bpe03430,map03430
Q7VRY3,bpe:BP0677,bpe00860,map00860
Q7VRY3,bpe:BP0677,bpe01100,map01100
Q7VRY3,bpe:BP0677,bpe01110,map01110
Q7VRY3,bpe:BP0677,bpe01120,map01120
Q7VRY3,bpe:BP0677,bpe01240,map01240
Q7VRZ3,bpe:BP0666,bpe00250,map00250
Q7VRZ3,bpe:BP0666,bpe00520,map00520
Q7VRZ3,bpe:BP0666,bpe01100,map01100
Q7VRZ3,bpe:BP0666,bpe01250,map01250
Q7VS08,bpe:BP0651,bpe00620,map00620
Q7VS08,bpe:BP0651,bpe01100,map01100
Q7VS08,bpe:BP0651,bpe01120,map01120
Q7VS43,bpe:BP0607,bpe00010,map00010
Q7VS43,bpe:BP0607,bpe00260,map00260
Q7VS43,bpe:BP0607,bpe00680,map00680
Q7VS43,bpe:BP0607,bpe01100,map01100
Q7VS43,bpe:BP0607,bpe01110,map01110
Q7VS43,bpe:BP0607,bpe01120,map01120
Q7VS43,bpe:BP0607,bpe01200,map01200
Q7VS43,bpe:BP0607,bpe01230,map01230
Q7VS47,bpe:BP0603,bpe00564,map00564
Q7VS47,bpe:BP0603,bpe01100,map01100
Q7VS47,bpe:BP0603,bpe01110,map01110
Q7VS76,bpe:BP0567,bpe00760,map00760
Q7VS76,bpe:BP0567,bpe01100,map01100
Q7VS76,bpe:BP0567,bpe01240,map01240
Q7VSA0,bpe:BP0539,bpe00330,map00330
Q7VSA0,bpe:BP0539,bpe01100,map01100
Q7VSA0,bpe:BP0539,bpe01110,map01110
Q7VSE0,bpe:BP0491,bpe02020,map02020
Q7VSF4,bpe:BP0471,bpe00740,map00740
Q7VSF4,bpe:BP0471,bpe01100,map01100
Q7VSF4,bpe:BP0471,bpe01110,map01110
Q7VSF4,bpe:BP0471,bpe01240,map01240
Q7VSH3,bpe:BP0451,bpe00220,map00220
Q7VSH3,bpe:BP0451,bpe00300,map00300
Q7VSH3,bpe:BP0451,bpe01100,map01100
Q7VSH3,bpe:BP0451,bpe01110,map01110
Q7VSH3,bpe:BP0451,bpe01120,map01120
Q7VSH3,bpe:BP0451,bpe01210,map01210
Q7VSH3,bpe:BP0451,bpe01230,map01230
Q7VSK5,bpe:BP0406,bpe03030,map03030
Q7VSK5,bpe:BP0406,bpe03430,map03430
Q7VSK5,bpe:BP0406,bpe03440,map03440
Q7VSL8,bpe:BP0388,bpe00541,map00541
Q7VSL8,bpe:BP0388,bpe01100,map01100
Q7VSL8,bpe:BP0388,bpe01250,map01250
Q7VSM2,bpe:BP0383,bpe00220,map00220
Q7VSM2,bpe:BP0383,bpe01100,map01100
Q7VSM2,bpe:BP0383,bpe01110,map01110
Q7VSM2,bpe:BP0383,bpe01210,map01210
Q7VSM2,bpe:BP0383,bpe01230,map01230
Q7VSM6,bpe:BP0378,bpe00550,map00550
Q7VSM7,bpe:BP0377,bpe00550,map00550
Q7VSM7,bpe:BP0377,bpe01100,map01100
Q7VSM7,bpe:BP0377,bpe01501,map01501
Q7VSN4,bpe:BP0370,bpe00240,map00240
Q7VSN4,bpe:BP0370,bpe01100,map01100
Q7VSN4,bpe:BP0370,bpe01240,map01240
Q7VST7,bpe:BP3836,bpe03410,map03410
Q7VSU7,bpe:BP3825,bpe00561,map00561
Q7VSU7,bpe:BP3825,bpe01100,map01100
Q7VSU7,bpe:BP3825,bpe01110,map01110
Q7VSV1,bpe:BP3821,bpe00410,map00410
Q7VSV1,bpe:BP3821,bpe00770,map00770
Q7VSV1,bpe:BP3821,bpe01100,map01100
Q7VSV1,bpe:BP3821,bpe01110,map01110
Q7VSV1,bpe:BP3821,bpe01240,map01240
Q7VSV5,bpe:BP3817,bpe00770,map00770
Q7VSV5,bpe:BP3817,bpe01100,map01100
Q7VSV5,bpe:BP3817,bpe01240,map01240
Q7VSW3,bpe:BP3807,bpe00220,map00220
Q7VSW3,bpe:BP3807,bpe01100,map01100
Q7VSW3,bpe:BP3807,bpe01110,map01110
Q7VSW3,bpe:BP3807,bpe01210,map01210
Q7VSW3,bpe:BP3807,bpe01230,map01230
Q7VSX7,bpe:BP3792,bpe03070,map03070
Q7VSY5,bpe:BP3774,bpe00340,map00340
Q7VSY5,bpe:BP3774,bpe01100,map01100
Q7VSY5,bpe:BP3774,bpe01110,map01110
Q7VSY5,bpe:BP3774,bpe01230,map01230
Q7VSY6,bpe:BP3773,bpe00340,map00340
Q7VSY6,bpe:BP3773,bpe01100,map01100
Q7VSY6,bpe:BP3773,bpe01110,map01110
Q7VSY6,bpe:BP3773,bpe01230,map01230
Q7VSY8,bpe:BP3771,bpe00340,map00340
Q7VSY8,bpe:BP3771,bpe01100,map01100
Q7VSY8,bpe:BP3771,bpe01110,map01110
Q7VSY8,bpe:BP3771,bpe01230,map01230
Q7VSZ1,bpe:BP3768,bpe00340,map00340
Q7VSZ1,bpe:BP3768,bpe01100,map01100
Q7VSZ1,bpe:BP3768,bpe01110,map01110
Q7VSZ1,bpe:BP3768,bpe01230,map01230
Q7VSZ3,bpe:BP3766,bpe00520,map00520
Q7VSZ3,bpe:BP3766,bpe00550,map00550
Q7VSZ3,bpe:BP3766,bpe01100,map01100
Q7VSZ3,bpe:BP3766,bpe01250,map01250
Q7VT06,bpe:BP3751,bpe00010,map00010
Q7VT06,bpe:BP3751,bpe00071,map00071
Q7VT06,bpe:BP3751,bpe00350,map00350
Q7VT06,bpe:BP3751,bpe00620,map00620
Q7VT06,bpe:BP3751,bpe00625,map00625
Q7VT06,bpe:BP3751,bpe00626,map00626
Q7VT06,bpe:BP3751,bpe00680,map00680
Q7VT06,bpe:BP3751,bpe01100,map01100
Q7VT06,bpe:BP3751,bpe01110,map01110
Q7VT06,bpe:BP3751,bpe01120,map01120
Q7VT06,bpe:BP3751,bpe01200,map01200
Q7VT06,bpe:BP3751,bpe01220,map01220
Q7VT13,bpe:BP3744,bpe00190,map00190
Q7VT13,bpe:BP3744,bpe01100,map01100
Q7VT14,bpe:BP3743,bpe00190,map00190
Q7VT14,bpe:BP3743,bpe01100,map01100
Q7VT71,bpe:BP3680,bpe00620,map00620
Q7VT71,bpe:BP3680,bpe00630,map00630
Q7VT71,bpe:BP3680,bpe01100,map01100
Q7VT71,bpe:BP3680,bpe01110,map01110
Q7VT71,bpe:BP3680,bpe01120,map01120
Q7VT71,bpe:BP3680,bpe01200,map01200
Q7VT90,bpe:BP3660,bpe03420,map03420
Q7VT93,bpe:BP3657,bpe00400,map00400
Q7VT93,bpe:BP3657,bpe01100,map01100
Q7VT93,bpe:BP3657,bpe01110,map01110
Q7VT93,bpe:BP3657,bpe01230,map01230
Q7VT94,bpe:BP3656,bpe00400,map00400
Q7VT94,bpe:BP3656,bpe01100,map01100
Q7VT94,bpe:BP3656,bpe01110,map01110
Q7VT94,bpe:BP3656,bpe01230,map01230
Q7VT95,bpe:BP3655,bpe00550,map00550
Q7VT95,bpe:BP3655,bpe01100,map01100
Q7VT95,bpe:BP3655,bpe01501,map01501
Q7VT97,bpe:BP3653,bpe00300,map00300
Q7VT97,bpe:BP3653,bpe00470,map00470
Q7VT97,bpe:BP3653,bpe01100,map01100
Q7VT97,bpe:BP3653,bpe01110,map01110
Q7VT97,bpe:BP3653,bpe01120,map01120
Q7VT97,bpe:BP3653,bpe01230,map01230
Q7VTE5,bpe:BP3597,bpe00730,map00730
Q7VTE5,bpe:BP3597,bpe01100,map01100
Q7VTE5,bpe:BP3597,bpe01240,map01240
Q7VTE8,bpe:BP3594,bpe00270,map00270
Q7VTE8,bpe:BP3594,bpe00450,map00450
Q7VTE8,bpe:BP3594,bpe00670,map00670
Q7VTE8,bpe:BP3594,bpe01100,map01100
Q7VTE8,bpe:BP3594,bpe01110,map01110
Q7VTE8,bpe:BP3594,bpe01230,map01230
Q7VTE8,bpe:BP3594,bpe04980,map04980
Q7VTE8,bpe:BP3594,bpe04981,map04981
Q7VTE9,bpe:BP3591,bpe00061,map00061
Q7VTE9,bpe:BP3591,bpe00620,map00620
Q7VTE9,bpe:BP3591,bpe00640,map00640
Q7VTE9,bpe:BP3591,bpe00720,map00720
Q7VTE9,bpe:BP3591,bpe01100,map01100
Q7VTE9,bpe:BP3591,bpe01110,map01110
Q7VTE9,bpe:BP3591,bpe01120,map01120
Q7VTE9,bpe:BP3591,bpe01200,map01200
Q7VTE9,bpe:BP3591,bpe01212,map01212
Q7VTG9,bpe:BP3571,bpe00270,map00270
Q7VTG9,bpe:BP3571,bpe00280,map00280
Q7VTG9,bpe:BP3571,bpe00290,map00290
Q7VTG9,bpe:BP3571,bpe00770,map00770
Q7VTG9,bpe:BP3571,bpe01100,map01100
Q7VTG9,bpe:BP3571,bpe01110,map01110
Q7VTG9,bpe:BP3571,bpe01210,map01210
Q7VTG9,bpe:BP3571,bpe01230,map01230
Q7VTG9,bpe:BP3571,bpe01240,map01240
Q7VTJ7,bpe:BP3539,bpe00220,map00220
Q7VTJ7,bpe:BP3539,bpe00300,map00300
Q7VTJ7,bpe:BP3539,bpe01100,map01100
Q7VTJ7,bpe:BP3539,bpe01110,map01110
Q7VTJ7,bpe:BP3539,bpe01120,map01120
Q7VTJ7,bpe:BP3539,bpe01210,map01210
Q7VTJ7,bpe:BP3539,bpe01230,map01230
Q7VTJ8,bpe:BP3538,bpe00220,map00220
Q7VTJ8,bpe:BP3538,bpe01100,map01100
Q7VTJ8,bpe:BP3538,bpe01110,map01110
Q7VTJ8,bpe:BP3538,bpe01230,map01230
Q7VTJ9,bpe:BP3537,bpe00220,map00220
Q7VTJ9,bpe:BP3537,bpe00250,map00250
Q7VTJ9,bpe:BP3537,bpe01100,map01100
Q7VTJ9,bpe:BP3537,bpe01110,map01110
Q7VTJ9,bpe:BP3537,bpe01230,map01230
Q7VTM7,bpe:BP3492,bpe00561,map00561
Q7VTM7,bpe:BP3492,bpe00564,map00564
Q7VTM7,bpe:BP3492,bpe01100,map01100
Q7VTM7,bpe:BP3492,bpe01110,map01110
Q7VTN2,bpe:BP3487,bpe00730,map00730
Q7VTN2,bpe:BP3487,bpe01100,map01100
Q7VTN2,bpe:BP3487,bpe01240,map01240
Q7VTN4,bpe:BP3485,bpe00740,map00740
Q7VTN4,bpe:BP3485,bpe01100,map01100
Q7VTN4,bpe:BP3485,bpe01110,map01110
Q7VTN4,bpe:BP3485,bpe01240,map01240
Q7VTN5,bpe:BP3484,bpe00740,map00740
Q7VTN5,bpe:BP3484,bpe00790,map00790
Q7VTN5,bpe:BP3484,bpe01100,map01100
Q7VTN5,bpe:BP3484,bpe01110,map01110
Q7VTN5,bpe:BP3484,bpe01240,map01240
Q7VTP2,bpe:BP3473,bpe02024,map02024
Q7VTP2,bpe:BP3473,bpe03060,map03060
Q7VTP2,bpe:BP3473,bpe03070,map03070
Q7VTP4,bpe:BP3471,bpe00770,map00770
Q7VTP4,bpe:BP3471,bpe01100,map01100
Q7VTP4,bpe:BP3471,bpe01240,map01240
Q7VTR9,bpe:BP3442,bpe00240,map00240
Q7VTR9,bpe:BP3442,bpe01100,map01100
Q7VTR9,bpe:BP3442,bpe01240,map01240
Q7VTT6,bpe:BP3421,bpe03440,map03440
Q7VTU0,bpe:BP3417,bpe03440,map03440
Q7VTV5,bpe:BP3398,bpe00270,map00270
Q7VTV5,bpe:BP3398,bpe00280,map00280
Q7VTV5,bpe:BP3398,bpe00290,map00290
Q7VTV5,bpe:BP3398,bpe00770,map00770
Q7VTV5,bpe:BP3398,bpe01100,map01100
Q7VTV5,bpe:BP3398,bpe01110,map01110
Q7VTV5,bpe:BP3398,bpe01210,map01210
Q7VTV5,bpe:BP3398,bpe01230,map01230
Q7VTV5,bpe:BP3398,bpe01240,map01240
Q7VU40,bpe:BP3292,bpe03440,map03440
Q7VU41,bpe:BP3291,bpe00860,map00860
Q7VU41,bpe:BP3291,bpe01100,map01100
Q7VU41,bpe:BP3291,bpe01110,map01110
Q7VU41,bpe:BP3291,bpe01240,map01240
Q7VU44,bpe:BP3288,bpe00190,map00190
Q7VU44,bpe:BP3288,bpe01100,map01100
Q7VU46,bpe:BP3286,bpe00190,map00190
Q7VU46,bpe:BP3286,bpe01100,map01100
Q7VU49,bpe:BP3283,bpe00190,map00190
Q7VU49,bpe:BP3283,bpe01100,map01100
Q7VU62,bpe:BP3266,bpe00030,map00030
Q7VU62,bpe:BP3266,bpe00040,map00040
Q7VU62,bpe:BP3266,bpe00710,map00710
Q7VU62,bpe:BP3266,bpe01100,map01100
Q7VU62,bpe:BP3266,bpe01110,map01110
Q7VU62,bpe:BP3266,bpe01120,map01120
Q7VU62,bpe:BP3266,bpe01200,map01200
Q7VU62,bpe:BP3266,bpe01230,map01230
Q7VU63,bpe:BP3265,bpe00630,map00630
Q7VU63,bpe:BP3265,bpe01100,map01100
Q7VU63,bpe:BP3265,bpe01110,map01110
Q7VU66,bpe:BP3262,bpe00400,map00400
Q7VU66,bpe:BP3262,bpe01100,map01100
Q7VU66,bpe:BP3262,bpe01110,map01110
Q7VU66,bpe:BP3262,bpe01230,map01230
Q7VU72,bpe:BP3251,bpe00750,map00750
Q7VU72,bpe:BP3251,bpe01100,map01100
Q7VU72,bpe:BP3251,bpe01120,map01120
Q7VU72,bpe:BP3251,bpe01240,map01240
Q7VUD3,bpe:BP3168,bpe00220,map00220
Q7VUD3,bpe:BP3168,bpe00230,map00230
Q7VUD3,bpe:BP3168,bpe01100,map01100
Q7VUD3,bpe:BP3168,bpe01120,map01120
Q7VUE2,bpe:BP3155,bpe00670,map00670
Q7VUE2,bpe:BP3155,bpe00790,map00790
Q7VUE2,bpe:BP3155,bpe01100,map01100
Q7VUE2,bpe:BP3155,bpe01240,map01240
Q7VUE2,bpe:BP3155,bpe04981,map04981
Q7VUE3,bpe:BP3154,bpe00240,map00240
Q7VUE3,bpe:BP3154,bpe00670,map00670
Q7VUE3,bpe:BP3154,bpe01100,map01100
Q7VUE3,bpe:BP3154,bpe01232,map01232
Q7VUE3,bpe:BP3154,bpe04981,map04981
Q7VUE5,bpe:BP3152,bpe00130,map00130
Q7VUE5,bpe:BP3152,bpe01100,map01100
Q7VUE5,bpe:BP3152,bpe01110,map01110
Q7VUE5,bpe:BP3152,bpe01240,map01240
Q7VUF4,bpe:BP3142,bpe00010,map00010
Q7VUF4,bpe:BP3142,bpe00030,map00030
Q7VUF4,bpe:BP3142,bpe00500,map00500
Q7VUF4,bpe:BP3142,bpe00520,map00520
Q7VUF4,bpe:BP3142,bpe01100,map01100
Q7VUF4,bpe:BP3142,bpe01110,map01110
Q7VUF4,bpe:BP3142,bpe01120,map01120
Q7VUF4,bpe:BP3142,bpe01200,map01200
Q7VUF4,bpe:BP3142,bpe01250,map01250
Q7VUG2,bpe:BP3134,bpe00350,map00350
Q7VUG2,bpe:BP3134,bpe00643,map00643
Q7VUG2,bpe:BP3134,bpe01100,map01100
Q7VUG2,bpe:BP3134,bpe01120,map01120
Q7VUG7,bpe:BP3129,bpe03410,map03410
Q7VUH0,bpe:BP3126,bpe00900,map00900
Q7VUH0,bpe:BP3126,bpe01100,map01100
Q7VUH0,bpe:BP3126,bpe01110,map01110
Q7VUJ5,bpe:BP3093,bpe02010,map02010
Q7VUL2,bpe:BP3074,bpe00300,map00300
Q7VUL2,bpe:BP3074,bpe00470,map00470
Q7VUL2,bpe:BP3074,bpe01100,map01100
Q7VUL2,bpe:BP3074,bpe01110,map01110
Q7VUL2,bpe:BP3074,bpe01120,map01120
Q7VUL2,bpe:BP3074,bpe01230,map01230
Q7VUL5,bpe:BP3071,bpe00270,map00270
Q7VUL5,bpe:BP3071,bpe00670,map00670
Q7VUL5,bpe:BP3071,bpe00999,map00999
Q7VUL5,bpe:BP3071,bpe01100,map01100
Q7VUL5,bpe:BP3071,bpe01110,map01110
Q7VUL5,bpe:BP3071,bpe01230,map01230
Q7VUL5,bpe:BP3071,bpe01240,map01240
Q7VUL8,bpe:BP3068,bpe00270,map00270
Q7VUL8,bpe:BP3068,bpe00670,map00670
Q7VUL8,bpe:BP3068,bpe01100,map01100
Q7VUN6,bpe:BP3043,bpe00290,map00290
Q7VUN6,bpe:BP3043,bpe00770,map00770
Q7VUN6,bpe:BP3043,bpe01100,map01100
Q7VUN6,bpe:BP3043,bpe01110,map01110
Q7VUN6,bpe:BP3043,bpe01210,map01210
Q7VUN6,bpe:BP3043,bpe01230,map01230
Q7VUP3,bpe:BP3035,bpe00240,map00240
Q7VUP3,bpe:BP3035,bpe01100,map01100
Q7VUP3,bpe:BP3035,bpe01240,map01240
Q7VUP8,bpe:BP3028,bpe00550,map00550
Q7VUP8,bpe:BP3028,bpe01100,map01100
Q7VUP8,bpe:BP3028,bpe01501,map01501
Q7VUQ0,bpe:BP3026,bpe00550,map00550
Q7VUQ0,bpe:BP3026,bpe01100,map01100
Q7VUQ0,bpe:BP3026,bpe01502,map01502
Q7VUQ1,bpe:BP3025,bpe00470,map00470
Q7VUQ1,bpe:BP3025,bpe00550,map00550
Q7VUQ1,bpe:BP3025,bpe01100,map01100
Q7VUQ2,bpe:BP3024,bpe00550,map00550
Q7VUQ3,bpe:BP3023,bpe00550,map00550
Q7VUQ3,bpe:BP3023,bpe01100,map01100
Q7VUQ3,bpe:BP3023,bpe01502,map01502
Q7VUQ4,bpe:BP3022,bpe00550,map00550
Q7VUQ4,bpe:BP3022,bpe01100,map01100
Q7VUQ5,bpe:BP3021,bpe00470,map00470
Q7VUQ5,bpe:BP3021,bpe00550,map00550
Q7VUQ5,bpe:BP3021,bpe01100,map01100
Q7VUQ5,bpe:BP3021,bpe01502,map01502
Q7VUQ9,bpe:BP3017,bpe00540,map00540
Q7VUQ9,bpe:BP3017,bpe01100,map01100
Q7VUR2,bpe:BP3014,bpe02024,map02024
Q7VUR2,bpe:BP3014,bpe03060,map03060
Q7VUR2,bpe:BP3014,bpe03070,map03070
Q7VUS0,bpe:BP3006,bpe00540,map00540
Q7VUS0,bpe:BP3006,bpe01503,map01503
Q7VUS0,bpe:BP3006,bpe05133,map05133
Q7VUS1,bpe:BP3004,bpe00400,map00400
Q7VUS1,bpe:BP3004,bpe00999,map00999
Q7VUS1,bpe:BP3004,bpe01100,map01100
Q7VUS1,bpe:BP3004,bpe01110,map01110
Q7VUS1,bpe:BP3004,bpe01230,map01230
Q7VUS7,bpe:BP2998,bpe00400,map00400
Q7VUS7,bpe:BP2998,bpe01100,map01100
Q7VUS7,bpe:BP2998,bpe01110,map01110
Q7VUS7,bpe:BP2998,bpe01230,map01230
Q7VUU0,bpe:BP2984,bpe00230,map00230
Q7VUU0,bpe:BP2984,bpe00240,map00240
Q7VUU0,bpe:BP2984,bpe01100,map01100
Q7VUU0,bpe:BP2984,bpe01232,map01232
Q7VUU5,bpe:BP2978,bpe00860,map00860
Q7VUU5,bpe:BP2978,bpe00970,map00970
Q7VUU5,bpe:BP2978,bpe01100,map01100
Q7VUU5,bpe:BP2978,bpe01110,map01110
Q7VUU5,bpe:BP2978,bpe01120,map01120
Q7VUU5,bpe:BP2978,bpe01240,map01240
Q7VUW0,bpe:BP2960,bpe00220,map00220
Q7VUW0,bpe:BP2960,bpe01100,map01100
Q7VUW0,bpe:BP2960,bpe01110,map01110
Q7VUW0,bpe:BP2960,bpe01210,map01210
Q7VUW0,bpe:BP2960,bpe01230,map01230
Q7VUW3,bpe:BP2957,bpe00520,map00520
Q7VUW3,bpe:BP2957,bpe01100,map01100
Q7VUW3,bpe:BP2957,bpe01250,map01250
Q7VUW5,bpe:BP2954,bpe00970,map00970
Q7VUW7,bpe:BP2952,bpe00260,map00260
Q7VUW7,bpe:BP2952,bpe00460,map00460
Q7VUW7,bpe:BP2952,bpe00630,map00630
Q7VUW7,bpe:BP2952,bpe00670,map00670
Q7VUW7,bpe:BP2952,bpe00680,map00680
Q7VUW7,bpe:BP2952,bpe01100,map01100
Q7VUW7,bpe:BP2952,bpe01110,map01110
Q7VUW7,bpe:BP2952,bpe01120,map01120
Q7VUW7,bpe:BP2952,bpe01200,map01200
Q7VUW7,bpe:BP2952,bpe01230,map01230
Q7VUW7,bpe:BP2952,bpe01240,map01240
Q7VUW7,bpe:BP2952,bpe04981,map04981
Q7VUX0,bpe:BP2948,bpe00740,map00740
Q7VUX0,bpe:BP2948,bpe01100,map01100
Q7VUX0,bpe:BP2948,bpe01110,map01110
Q7VUX0,bpe:BP2948,bpe01240,map01240
Q7VUX0,bpe:BP2948,bpe02024,map02024
Q7VUY5,bpe:BP2930,bpe00190,map00190
Q7VUY5,bpe:BP2930,bpe01100,map01100
Q7VV20,bpe:BP2890,bpe00230,map00230
Q7VV20,bpe:BP2890,bpe00250,map00250
Q7VV20,bpe:BP2890,bpe01100,map01100
Q7VV20,bpe:BP2890,bpe01110,map01110
Q7VV20,bpe:BP2890,bpe01232,map01232
Q7VV20,bpe:BP2890,bpe01240,map01240
Q7VV53,bpe:BP2850,bpe00770,map00770
Q7VV53,bpe:BP2850,bpe01100,map01100
Q7VV53,bpe:BP2850,bpe01110,map01110
Q7VV53,bpe:BP2850,bpe01240,map01240
Q7VV72,bpe:BP2816,bpe02010,map02010
Q7VV87,bpe:BP2798,bpe00730,map00730
Q7VV87,bpe:BP2798,bpe00900,map00900
Q7VV87,bpe:BP2798,bpe01100,map01100
Q7VV87,bpe:BP2798,bpe01110,map01110
Q7VV94,bpe:BP2791,bpe03030,map03030
Q7VVC8,bpe:BP2749,bpe00250,map00250
Q7VVC8,bpe:BP2749,bpe00330,map00330
Q7VVC8,bpe:BP2749,bpe01100,map01100
Q7VVC8,bpe:BP2749,bpe01110,map01110
Q7VVE3,bpe:BP2728,bpe00190,map00190
Q7VVE3,bpe:BP2728,bpe01100,map01100
Q7VVF1,bpe:BP2718,bpe00780,map00780
Q7VVF1,bpe:BP2718,bpe01100,map01100
Q7VVF1,bpe:BP2718,bpe01240,map01240
Q7VVF8,bpe:BP2711,bpe00790,map00790
Q7VVF8,bpe:BP2711,bpe01100,map01100
Q7VVF8,bpe:BP2711,bpe01240,map01240
Q7VVF8,bpe:BP2711,bpe04122,map04122
Q7VVG0,bpe:BP2709,bpe00790,map00790
Q7VVG0,bpe:BP2709,bpe01100,map01100
Q7VVG0,bpe:BP2709,bpe01240,map01240
Q7VVG0,bpe:BP2709,bpe04122,map04122
Q7VVG3,bpe:BP2706,bpe00790,map00790
Q7VVG3,bpe:BP2706,bpe01100,map01100
Q7VVG3,bpe:BP2706,bpe01240,map01240
Q7VVG3,bpe:BP2706,bpe04122,map04122
Q7VVG8,bpe:BP2700,bpe00760,map00760
Q7VVG8,bpe:BP2700,bpe01100,map01100
Q7VVG8,bpe:BP2700,bpe01240,map01240
Q7VVH2,bpe:BP2693,bpe00430,map00430
Q7VVH2,bpe:BP2693,bpe00460,map00460
Q7VVH2,bpe:BP2693,bpe00480,map00480
Q7VVH2,bpe:BP2693,bpe01100,map01100
Q7VVJ1,bpe:BP2668,bpe00230,map00230
Q7VVJ1,bpe:BP2668,bpe01100,map01100
Q7VVJ1,bpe:BP2668,bpe01110,map01110
Q7VVJ8,bpe:BP2659,bpe00790,map00790
Q7VVJ8,bpe:BP2659,bpe01100,map01100
Q7VVM3,bpe:BP2625,bpe00230,map00230
Q7VVM3,bpe:BP2625,bpe01100,map01100
Q7VVM3,bpe:BP2625,bpe01110,map01110
Q7VVM3,bpe:BP2625,bpe01232,map01232
Q7VVM4,bpe:BP2624,bpe00230,map00230
Q7VVM4,bpe:BP2624,bpe01100,map01100
Q7VVM4,bpe:BP2624,bpe01232,map01232
Q7VVR4,bpe:BP2574,bpe00970,map00970
Q7VVR5,bpe:BP2573,bpe00970,map00970
Q7VVU3,bpe:BP2543,bpe00270,map00270
Q7VVU3,bpe:BP2543,bpe00450,map00450
Q7VVU3,bpe:BP2543,bpe01100,map01100
Q7VVU3,bpe:BP2543,bpe01110,map01110
Q7VVU3,bpe:BP2543,bpe01230,map01230
Q7VVU5,bpe:BP2541,bpe00020,map00020
Q7VVU5,bpe:BP2541,bpe00640,map00640
Q7VVU5,bpe:BP2541,bpe00660,map00660
Q7VVU5,bpe:BP2541,bpe00720,map00720
Q7VVU5,bpe:BP2541,bpe01100,map01100
Q7VVU5,bpe:BP2541,bpe01110,map01110
Q7VVU5,bpe:BP2541,bpe01120,map01120
Q7VVU5,bpe:BP2541,bpe01200,map01200
Q7VVU6,bpe:BP2540,bpe00020,map00020
Q7VVU6,bpe:BP2540,bpe00640,map00640
Q7VVU6,bpe:BP2540,bpe00660,map00660
Q7VVU6,bpe:BP2540,bpe00720,map00720
Q7VVU6,bpe:BP2540,bpe01100,map01100
Q7VVU6,bpe:BP2540,bpe01110,map01110
Q7VVU6,bpe:BP2540,bpe01120,map01120
Q7VVU6,bpe:BP2540,bpe01200,map01200
Q7VVU9,bpe:BP2537,bpe00860,map00860
Q7VVU9,bpe:BP2537,bpe01100,map01100
Q7VVU9,bpe:BP2537,bpe01110,map01110
Q7VVU9,bpe:BP2537,bpe01120,map01120
Q7VVU9,bpe:BP2537,bpe01240,map01240
Q7VVW3,bpe:BP2522,bpe00670,map00670
Q7VVW3,bpe:BP2522,bpe00720,map00720
Q7VVW3,bpe:BP2522,bpe01100,map01100
Q7VVW3,bpe:BP2522,bpe01120,map01120
Q7VVW3,bpe:BP2522,bpe01200,map01200
Q7VVW3,bpe:BP2522,bpe01240,map01240
Q7VVX6,bpe:BP2505,bpe00760,map00760
Q7VVX6,bpe:BP2505,bpe01100,map01100
Q7VVX6,bpe:BP2505,bpe01240,map01240
Q7VVX8,bpe:BP2503,bpe00860,map00860
Q7VVX8,bpe:BP2503,bpe01100,map01100
Q7VVX8,bpe:BP2503,bpe01110,map01110
Q7VVX8,bpe:BP2503,bpe01240,map01240
Q7VVZ2,bpe:BP2488,bpe00020,map00020
Q7VVZ2,bpe:BP2488,bpe00480,map00480
Q7VVZ2,bpe:BP2488,bpe00720,map00720
Q7VVZ2,bpe:BP2488,bpe01100,map01100
Q7VVZ2,bpe:BP2488,bpe01110,map01110
Q7VVZ2,bpe:BP2488,bpe01120,map01120
Q7VVZ2,bpe:BP2488,bpe01200,map01200
Q7VVZ2,bpe:BP2488,bpe01210,map01210
Q7VVZ2,bpe:BP2488,bpe01230,map01230
Q7VVZ2,bpe:BP2488,bpe04146,map04146
Q7VVZ8,bpe:BP2481,bpe02020,map02020
Q7VW08,bpe:BP2470,bpe00970,map00970
Q7VW28,bpe:BP2444,bpe00561,map00561
Q7VW28,bpe:BP2444,bpe01100,map01100
Q7VW28,bpe:BP2444,bpe01110,map01110
Q7VW29,bpe:BP2443,bpe00061,map00061
Q7VW29,bpe:BP2443,bpe01100,map01100
Q7VW29,bpe:BP2443,bpe01212,map01212
Q7VW38,bpe:BP2434,bpe01503,map01503
Q7VW38,bpe:BP2434,bpe02020,map02020
Q7VW39,bpe:BP2431,bpe03008,map03008
Q7VW48,bpe:BP2421,bpe00480,map00480
Q7VW48,bpe:BP2421,bpe01100,map01100
Q7VW58,bpe:BP2409,bpe00010,map00010
Q7VW58,bpe:BP2409,bpe00620,map00620
Q7VW58,bpe:BP2409,bpe00630,map00630
Q7VW58,bpe:BP2409,bpe00640,map00640
Q7VW58,bpe:BP2409,bpe00680,map00680
Q7VW58,bpe:BP2409,bpe00720,map00720
Q7VW58,bpe:BP2409,bpe01100,map01100
Q7VW58,bpe:BP2409,bpe01110,map01110
Q7VW58,bpe:BP2409,bpe01120,map01120
Q7VW58,bpe:BP2409,bpe01200,map01200
Q7VW79,bpe:BP2386,bpe00010,map00010
Q7VW79,bpe:BP2386,bpe00680,map00680
Q7VW79,bpe:BP2386,bpe01100,map01100
Q7VW79,bpe:BP2386,bpe01110,map01110
Q7VW79,bpe:BP2386,bpe01120,map01120
Q7VW79,bpe:BP2386,bpe01200,map01200
Q7VW79,bpe:BP2386,bpe01230,map01230
Q7VW79,bpe:BP2386,bpe03018,map03018
Q7VW92,bpe:BP2372,bpe00860,map00860
Q7VW92,bpe:BP2372,bpe01100,map01100
Q7VW92,bpe:BP2372,bpe01110,map01110
Q7VW92,bpe:BP2372,bpe01240,map01240
Q7VW93,bpe:BP2371,bpe00640,map00640
Q7VW93,bpe:BP2371,bpe01100,map01100
Q7VW93,bpe:BP2371,bpe01120,map01120
Q7VW93,bpe:BP2371,bpe01200,map01200
Q7VW96,bpe:BP2368,bpe00020,map00020
Q7VW96,bpe:BP2368,bpe00630,map00630
Q7VW96,bpe:BP2368,bpe00640,map00640
Q7VW96,bpe:BP2368,bpe01100,map01100
Q7VW96,bpe:BP2368,bpe01110,map01110
Q7VW96,bpe:BP2368,bpe01120,map01120
Q7VW96,bpe:BP2368,bpe01200,map01200
Q7VW96,bpe:BP2368,bpe01210,map01210
Q7VW96,bpe:BP2368,bpe01230,map01230
Q7VWA1,bpe:BP2361,bpe00020,map00020
Q7VWA1,bpe:BP2361,bpe00190,map00190
Q7VWA1,bpe:BP2361,bpe00650,map00650
Q7VWA1,bpe:BP2361,bpe00720,map00720
Q7VWA1,bpe:BP2361,bpe01100,map01100
Q7VWA1,bpe:BP2361,bpe01110,map01110
Q7VWA1,bpe:BP2361,bpe01120,map01120
Q7VWA1,bpe:BP2361,bpe01200,map01200
Q7VWC1,bpe:BP2339,bpe00030,map00030
Q7VWC1,bpe:BP2339,bpe00710,map00710
Q7VWC1,bpe:BP2339,bpe01100,map01100
Q7VWC1,bpe:BP2339,bpe01110,map01110
Q7VWC1,bpe:BP2339,bpe01120,map01120
Q7VWC1,bpe:BP2339,bpe01200,map01200
Q7VWC1,bpe:BP2339,bpe01230,map01230
Q7VWD8,bpe:BP2321,bpe02010,map02010
Q7VWE3,bpe:BP2314,bpe00240,map00240
Q7VWE3,bpe:BP2314,bpe01100,map01100
Q7VWE3,bpe:BP2314,bpe01232,map01232
Q7VWE7,bpe:BP2310,bpe00860,map00860
Q7VWE7,bpe:BP2310,bpe01100,map01100
Q7VWE7,bpe:BP2310,bpe01110,map01110
Q7VWE7,bpe:BP2310,bpe01240,map01240
Q7VWH8,bpe:BP2275,bpe01100,map01100
Q7VWH8,bpe:BP2275,bpe01120,map01120
Q7VWK6,bpe:BP2203,bpe00970,map00970
Q7VWK7,bpe:BP2202,bpe00230,map00230
Q7VWK7,bpe:BP2202,bpe00240,map00240
Q7VWK7,bpe:BP2202,bpe01100,map01100
Q7VWK7,bpe:BP2202,bpe01110,map01110
Q7VWK7,bpe:BP2202,bpe01232,map01232
Q7VWK7,bpe:BP2202,bpe01240,map01240
Q7VWL0,bpe:BP2199,bpe00900,map00900
Q7VWL0,bpe:BP2199,bpe01100,map01100
Q7VWL0,bpe:BP2199,bpe01110,map01110
Q7VWM1,bpe:BP2188,bpe00230,map00230
Q7VWM1,bpe:BP2188,bpe00250,map00250
Q7VWM1,bpe:BP2188,bpe01100,map01100
Q7VWM1,bpe:BP2188,bpe01232,map01232
Q7VWM1,bpe:BP2188,bpe01240,map01240
Q7VWM4,bpe:BP2185,bpe03030,map03030
Q7VWM5,bpe:BP2184,bpe02040,map02040
Q7VWN5,bpe:BP2172,bpe00190,map00190
Q7VWN5,bpe:BP2172,bpe01100,map01100
Q7VWN5,bpe:BP2172,bpe02020,map02020
Q7VWP1,bpe:BP2164,bpe00780,map00780
Q7VWP1,bpe:BP2164,bpe01100,map01100
Q7VWP1,bpe:BP2164,bpe01240,map01240
Q7VWP3,bpe:BP2162,bpe00780,map00780
Q7VWP3,bpe:BP2162,bpe01100,map01100
Q7VWP3,bpe:BP2162,bpe01240,map01240
Q7VWV5,bpe:BP2084,bpe00790,map00790
Q7VWV5,bpe:BP2084,bpe01100,map01100
Q7VWV8,bpe:BP2080,bpe00520,map00520
Q7VWV8,bpe:BP2080,bpe01100,map01100
Q7VWV8,bpe:BP2080,bpe01501,map01501
Q7VWW0,bpe:BP2078,bpe00750,map00750
Q7VWW0,bpe:BP2078,bpe01100,map01100
Q7VWW0,bpe:BP2078,bpe01240,map01240
Q7VX06,bpe:BP2021,bpe00020,map00020
Q7VX06,bpe:BP2021,bpe00630,map00630
Q7VX06,bpe:BP2021,bpe00640,map00640
Q7VX06,bpe:BP2021,bpe00720,map00720
Q7VX06,bpe:BP2021,bpe01100,map01100
Q7VX06,bpe:BP2021,bpe01110,map01110
Q7VX06,bpe:BP2021,bpe01120,map01120
Q7VX06,bpe:BP2021,bpe01200,map01200
Q7VX06,bpe:BP2021,bpe01210,map01210
Q7VX06,bpe:BP2021,bpe01230,map01230
Q7VX83,bpe:BP1922,bpe00760,map00760
Q7VX83,bpe:BP1922,bpe01100,map01100
Q7VX83,bpe:BP1922,bpe01240,map01240
Q7VX91,bpe:BP1913,bpe00260,map00260
Q7VX91,bpe:BP1913,bpe00261,map00261
Q7VX91,bpe:BP1913,bpe00270,map00270
Q7VX91,bpe:BP1913,bpe00300,map00300
Q7VX91,bpe:BP1913,bpe01100,map01100
Q7VX91,bpe:BP1913,bpe01110,map01110
Q7VX91,bpe:BP1913,bpe01120,map01120
Q7VX91,bpe:BP1913,bpe01210,map01210
Q7VX91,bpe:BP1913,bpe01230,map01230
Q7VX94,bpe:BP1910,bpe00061,map00061
Q7VX94,bpe:BP1910,bpe00620,map00620
Q7VX94,bpe:BP1910,bpe00640,map00640
Q7VX94,bpe:BP1910,bpe00720,map00720
Q7VX94,bpe:BP1910,bpe01100,map01100
Q7VX94,bpe:BP1910,bpe01110,map01110
Q7VX94,bpe:BP1910,bpe01120,map01120
Q7VX94,bpe:BP1910,bpe01200,map01200
Q7VX94,bpe:BP1910,bpe01212,map01212
Q7VX96,bpe:BP1908,bpe00970,map00970
Q7VX99,bpe:BP1905,bpe00540,map00540
Q7VX99,bpe:BP1905,bpe01100,map01100
Q7VXA0,bpe:BP1904,bpe00550,map00550
Q7VXA0,bpe:BP1904,bpe00552,map00552
Q7VXE1,bpe:BP1836,bpe00970,map00970
Q7VXF8,bpe:BP1816,bpe00410,map00410
Q7VXF8,bpe:BP1816,bpe00770,map00770
Q7VXF8,bpe:BP1816,bpe01100,map01100
Q7VXF8,bpe:BP1816,bpe01110,map01110
Q7VXF8,bpe:BP1816,bpe01240,map01240
Q7VXH1,bpe:BP1799,bpe00730,map00730
Q7VXH1,bpe:BP1799,bpe01100,map01100
Q7VXH1,bpe:BP1799,bpe01240,map01240
Q7VXH1,bpe:BP1799,bpe04122,map04122
Q7VXH4,bpe:BP1796,bpe03420,map03420
Q7VXJ5,bpe:BP1763,bpe00300,map00300
Q7VXJ5,bpe:BP1763,bpe01100,map01100
Q7VXJ5,bpe:BP1763,bpe01120,map01120
Q7VXJ5,bpe:BP1763,bpe01230,map01230
Q7VXK2,bpe:BP1754,bpe00740,map00740
Q7VXK2,bpe:BP1754,bpe01100,map01100
Q7VXK2,bpe:BP1754,bpe01110,map01110
Q7VXK2,bpe:BP1754,bpe01240,map01240
Q7VXK3,bpe:BP1753,bpe00970,map00970
Q7VXK4,bpe:BP1752,bpe03060,map03060
Q7VXN2,bpe:BP1719,bpe00230,map00230
Q7VXN2,bpe:BP1719,bpe00240,map00240
Q7VXN2,bpe:BP1719,bpe00760,map00760
Q7VXN2,bpe:BP1719,bpe01100,map01100
Q7VXN2,bpe:BP1719,bpe01110,map01110
Q7VXN2,bpe:BP1719,bpe01232,map01232
Q7VXN3,bpe:BP1718,bpe00561,map00561
Q7VXN3,bpe:BP1718,bpe00564,map00564
Q7VXN3,bpe:BP1718,bpe01100,map01100
Q7VXN3,bpe:BP1718,bpe01110,map01110
Q7VXX6,bpe:BP1596,bpe00220,map00220
Q7VXX6,bpe:BP1596,bpe00250,map00250
Q7VXX6,bpe:BP1596,bpe00630,map00630
Q7VXX6,bpe:BP1596,bpe00910,map00910
Q7VXX6,bpe:BP1596,bpe01100,map01100
Q7VXX6,bpe:BP1596,bpe01110,map01110
Q7VXX6,bpe:BP1596,bpe01120,map01120
Q7VXX6,bpe:BP1596,bpe01230,map01230
Q7VXX6,bpe:BP1596,bpe02020,map02020
Q7VXZ3,bpe:BP1578,bpe00230,map00230
Q7VXZ3,bpe:BP1578,bpe01100,map01100
Q7VXZ3,bpe:BP1578,bpe01232,map01232
Q7VXZ8,bpe:BP1570,bpe00261,map00261
Q7VXZ8,bpe:BP1570,bpe00300,map00300
Q7VXZ8,bpe:BP1570,bpe01100,map01100
Q7VXZ8,bpe:BP1570,bpe01110,map01110
Q7VXZ8,bpe:BP1570,bpe01120,map01120
Q7VXZ8,bpe:BP1570,bpe01230,map01230
Q7VY14,bpe:BP1549,bpe03030,map03030
Q7VY14,bpe:BP1549,bpe03430,map03430
Q7VY14,bpe:BP1549,bpe03440,map03440
Q7VY36,bpe:BP1527,bpe00230,map00230
Q7VY36,bpe:BP1527,bpe01100,map01100
Q7VY36,bpe:BP1527,bpe01110,map01110
Q7VY44,bpe:BP1519,bpe00010,map00010
Q7VY44,bpe:BP1519,bpe00030,map00030
Q7VY44,bpe:BP1519,bpe00051,map00051
Q7VY44,bpe:BP1519,bpe00680,map00680
Q7VY44,bpe:BP1519,bpe00710,map00710
Q7VY44,bpe:BP1519,bpe01100,map01100
Q7VY44,bpe:BP1519,bpe01110,map01110
Q7VY44,bpe:BP1519,bpe01120,map01120
Q7VY44,bpe:BP1519,bpe01200,map01200
Q7VY44,bpe:BP1519,bpe01230,map01230
Q7VY50,bpe:BP1513,bpe00630,map00630
Q7VY50,bpe:BP1513,bpe00680,map00680
Q7VY50,bpe:BP1513,bpe01100,map01100
Q7VY50,bpe:BP1513,bpe01120,map01120
Q7VY50,bpe:BP1513,bpe01200,map01200
Q7VY59,bpe:BP1502,bpe02060,map02060
Q7VY62,bpe:BP1499,bpe00270,map00270
Q7VY62,bpe:BP1499,bpe00480,map00480
Q7VY62,bpe:BP1499,bpe01100,map01100
Q7VY62,bpe:BP1499,bpe01240,map01240
Q7VY64,bpe:BP1497,bpe00970,map00970
Q7VY73,bpe:BP1483,bpe00290,map00290
Q7VY73,bpe:BP1483,bpe00660,map00660
Q7VY73,bpe:BP1483,bpe01100,map01100
Q7VY73,bpe:BP1483,bpe01110,map01110
Q7VY73,bpe:BP1483,bpe01210,map01210
Q7VY73,bpe:BP1483,bpe01230,map01230
Q7VY75,bpe:BP1481,bpe00290,map00290
Q7VY75,bpe:BP1481,bpe00660,map00660
Q7VY75,bpe:BP1481,bpe01100,map01100
Q7VY75,bpe:BP1481,bpe01110,map01110
Q7VY75,bpe:BP1481,bpe01210,map01210
Q7VY75,bpe:BP1481,bpe01230,map01230
Q7VY88,bpe:BP1466,bpe00790,map00790
Q7VY88,bpe:BP1466,bpe01100,map01100
Q7VY92,bpe:BP1462,bpe00400,map00400
Q7VY92,bpe:BP1462,bpe01100,map01100
Q7VY92,bpe:BP1462,bpe01110,map01110
Q7VY92,bpe:BP1462,bpe01230,map01230
Q7VY98,bpe:BP1452,bpe00220,map00220
Q7VY98,bpe:BP1452,bpe00240,map00240
Q7VY98,bpe:BP1452,bpe00250,map00250
Q7VY98,bpe:BP1452,bpe01100,map01100
Q7VY98,bpe:BP1452,bpe01110,map01110
Q7VY98,bpe:BP1452,bpe01240,map01240
Q7VY99,bpe:BP1451,bpe00030,map00030
Q7VY99,bpe:BP1451,bpe00710,map00710
Q7VY99,bpe:BP1451,bpe01100,map01100
Q7VY99,bpe:BP1451,bpe01110,map01110
Q7VY99,bpe:BP1451,bpe01120,map01120
Q7VY99,bpe:BP1451,bpe01200,map01200
Q7VY99,bpe:BP1451,bpe01230,map01230
Q7VYB6,bpe:BP1433,bpe03030,map03030
Q7VYB9,bpe:BP1430,bpe00061,map00061
Q7VYB9,bpe:BP1430,bpe00780,map00780
Q7VYB9,bpe:BP1430,bpe01100,map01100
Q7VYB9,bpe:BP1430,bpe01212,map01212
Q7VYB9,bpe:BP1430,bpe01240,map01240
Q7VYC4,bpe:BP1425,bpe00900,map00900
Q7VYC4,bpe:BP1425,bpe01100,map01100
Q7VYC4,bpe:BP1425,bpe01110,map01110
Q7VYC8,bpe:BP1421,bpe00240,map00240
Q7VYC8,bpe:BP1421,bpe01100,map01100
Q7VYC8,bpe:BP1421,bpe01232,map01232
Q7VYC8,bpe:BP1421,bpe01240,map01240
Q7VYD2,bpe:BP1417,bpe02020,map02020
Q7VYD4,bpe:BP1415,bpe00230,map00230
Q7VYD4,bpe:BP1415,bpe00250,map00250
Q7VYD4,bpe:BP1415,bpe01100,map01100
Q7VYD4,bpe:BP1415,bpe01110,map01110
Q7VYK0,bpe:BP1328,bpe00500,map00500
Q7VYK0,bpe:BP1328,bpe01100,map01100
Q7VYK0,bpe:BP1328,bpe01110,map01110
Q7VYM4,bpe:BP1294,bpe00564,map00564
Q7VYM4,bpe:BP1294,bpe01100,map01100
Q7VYM4,bpe:BP1294,bpe01110,map01110
Q7VYN2,bpe:BP1284,bpe02010,map02010
Q7VYP9,bpe:BP1262,bpe03018,map03018
Q7VYS2,bpe:BP1237,bpe00900,map00900
Q7VYS2,bpe:BP1237,bpe01100,map01100
Q7VYS2,bpe:BP1237,bpe01110,map01110
Q7VYS5,bpe:BP1234,bpe00380,map00380
Q7VYS5,bpe:BP1234,bpe00630,map00630
Q7VYS5,bpe:BP1234,bpe01100,map01100
Q7VYS5,bpe:BP1234,bpe01240,map01240
Q7VYS6,bpe:BP1233,bpe00380,map00380
Q7VYS6,bpe:BP1233,bpe01100,map01100
Q7VYS6,bpe:BP1233,bpe01240,map01240
Q7VYT6,bpe:BP1221,bpe00470,map00470
Q7VYT6,bpe:BP1221,bpe01100,map01100
Q7VYT6,bpe:BP1221,bpe01502,map01502
Q7VZ05,bpe:BP1143,bpe00970,map00970
Q7VZ16,bpe:BP1126,bpe00010,map00010
Q7VZ16,bpe:BP1126,bpe00020,map00020
Q7VZ16,bpe:BP1126,bpe00260,map00260
Q7VZ16,bpe:BP1126,bpe00280,map00280
Q7VZ16,bpe:BP1126,bpe00310,map00310
Q7VZ16,bpe:BP1126,bpe00380,map00380
Q7VZ16,bpe:BP1126,bpe00620,map00620
Q7VZ16,bpe:BP1126,bpe00630,map00630
Q7VZ16,bpe:BP1126,bpe00640,map00640
Q7VZ16,bpe:BP1126,bpe00670,map00670
Q7VZ16,bpe:BP1126,bpe00785,map00785
Q7VZ16,bpe:BP1126,bpe01100,map01100
Q7VZ16,bpe:BP1126,bpe01110,map01110
Q7VZ16,bpe:BP1126,bpe01120,map01120
Q7VZ16,bpe:BP1126,bpe01200,map01200
Q7VZ16,bpe:BP1126,bpe01210,map01210
Q7VZ16,bpe:BP1126,bpe01240,map01240
Q7VZ18,bpe:BP1124,bpe00020,map00020
Q7VZ18,bpe:BP1124,bpe00785,map00785
Q7VZ18,bpe:BP1124,bpe01100,map01100
Q7VZ18,bpe:BP1124,bpe01110,map01110
Q7VZ18,bpe:BP1124,bpe01120,map01120
Q7VZ18,bpe:BP1124,bpe01200,map01200
Q7VZ18,bpe:BP1124,bpe01210,map01210
Q7VZ31,bpe:BP1108,bpe02010,map02010
Q7VZ37,bpe:BP1102,bpe00970,map00970
Q7VZ59,bpe:BP1075,bpe00520,map00520
Q7VZ59,bpe:BP1075,bpe01100,map01100
Q7VZ59,bpe:BP1075,bpe01250,map01250
Q7VZ62,bpe:BP1072,bpe00190,map00190
Q7VZ62,bpe:BP1072,bpe03018,map03018
Q7VZ66,bpe:BP1068,bpe02010,map02010
Q7VZ72,bpe:BP1060,bpe00130,map00130
Q7VZ72,bpe:BP1060,bpe01100,map01100
Q7VZ72,bpe:BP1060,bpe01110,map01110
Q7VZ72,bpe:BP1060,bpe01240,map01240
Q7VZ79,bpe:BP1052,bpe00240,map00240
Q7VZ79,bpe:BP1052,bpe01100,map01100
Q7VZ79,bpe:BP1052,bpe01232,map01232
Q7VZ94,bpe:BP1032,bpe02020,map02020
Q7VZ94,bpe:BP1032,bpe02030,map02030
Q7VZA2,bpe:BP1021,bpe02020,map02020
Q7VZA2,bpe:BP1021,bpe02040,map02040
Q7VZB6,bpe:BP1003,bpe00430,map00430
Q7VZB6,bpe:BP1003,bpe00620,map00620
Q7VZB6,bpe:BP1003,bpe00640,map00640
Q7VZB6,bpe:BP1003,bpe00680,map00680
Q7VZB6,bpe:BP1003,bpe00720,map00720
Q7VZB6,bpe:BP1003,bpe01100,map01100
Q7VZB6,bpe:BP1003,bpe01120,map01120
Q7VZB6,bpe:BP1003,bpe01200,map01200
Q7VZB8,bpe:BP1001,bpe00010,map00010
Q7VZB8,bpe:BP1001,bpe00710,map00710
Q7VZB8,bpe:BP1001,bpe01100,map01100
Q7VZB8,bpe:BP1001,bpe01110,map01110
Q7VZB8,bpe:BP1001,bpe01120,map01120
Q7VZB8,bpe:BP1001,bpe01200,map01200
Q7VZB8,bpe:BP1001,bpe01230,map01230
Q7VZB9,bpe:BP1000,bpe00010,map00010
Q7VZB9,bpe:BP1000,bpe00710,map00710
Q7VZB9,bpe:BP1000,bpe01100,map01100
Q7VZB9,bpe:BP1000,bpe01110,map01110
Q7VZB9,bpe:BP1000,bpe01120,map01120
Q7VZB9,bpe:BP1000,bpe01200,map01200
Q7VZB9,bpe:BP1000,bpe01230,map01230
Q7VZC0,bpe:BP0999,bpe00030,map00030
Q7VZC0,bpe:BP0999,bpe00710,map00710
Q7VZC0,bpe:BP0999,bpe01100,map01100
Q7VZC0,bpe:BP0999,bpe01110,map01110
Q7VZC0,bpe:BP0999,bpe01120,map01120
Q7VZC0,bpe:BP0999,bpe01200,map01200
Q7VZC0,bpe:BP0999,bpe01230,map01230
Q7VZC3,bpe:BP0995,bpe00010,map00010
Q7VZC3,bpe:BP0995,bpe00020,map00020
Q7VZC3,bpe:BP0995,bpe00260,map00260
Q7VZC3,bpe:BP0995,bpe00280,map00280
Q7VZC3,bpe:BP0995,bpe00310,map00310
Q7VZC3,bpe:BP0995,bpe00380,map00380
Q7VZC3,bpe:BP0995,bpe00620,map00620
Q7VZC3,bpe:BP0995,bpe00630,map00630
Q7VZC3,bpe:BP0995,bpe00640,map00640
Q7VZC3,bpe:BP0995,bpe00670,map00670
Q7VZC3,bpe:BP0995,bpe00785,map00785
Q7VZC3,bpe:BP0995,bpe01100,map01100
Q7VZC3,bpe:BP0995,bpe01110,map01110
Q7VZC3,bpe:BP0995,bpe01120,map01120
Q7VZC3,bpe:BP0995,bpe01200,map01200
Q7VZC3,bpe:BP0995,bpe01210,map01210
Q7VZC3,bpe:BP0995,bpe01240,map01240
Q7VZC4,bpe:BP0994,bpe00010,map00010
Q7VZC4,bpe:BP0994,bpe00020,map00020
Q7VZC4,bpe:BP0994,bpe00620,map00620
Q7VZC4,bpe:BP0994,bpe00785,map00785
Q7VZC4,bpe:BP0994,bpe01100,map01100
Q7VZC4,bpe:BP0994,bpe01110,map01110
Q7VZC4,bpe:BP0994,bpe01120,map01120
Q7VZC4,bpe:BP0994,bpe01200,map01200
Q7VZC4,bpe:BP0994,bpe01210,map01210
Q7VZC8,bpe:BP0990,bpe00670,map00670
Q7VZC8,bpe:BP0990,bpe00720,map00720
Q7VZC8,bpe:BP0990,bpe01100,map01100
Q7VZC8,bpe:BP0990,bpe01120,map01120
Q7VZC8,bpe:BP0990,bpe01200,map01200
Q7VZC8,bpe:BP0990,bpe01240,map01240
Q7VZE5,bpe:BP0969,bpe00920,map00920
Q7VZE5,bpe:BP0969,bpe02010,map02010
Q7VZF5,bpe:BP0955,bpe00541,map00541
Q7VZF5,bpe:BP0955,bpe01100,map01100
Q7VZF5,bpe:BP0955,bpe01250,map01250
Q7VZG1,bpe:BP0949,bpe00240,map00240
Q7VZG1,bpe:BP0949,bpe01100,map01100
Q7VZG1,bpe:BP0949,bpe01232,map01232
Q7VZG3,bpe:BP0946,bpe00400,map00400
Q7VZG3,bpe:BP0946,bpe01100,map01100
Q7VZG3,bpe:BP0946,bpe01110,map01110
Q7VZG3,bpe:BP0946,bpe01230,map01230
Q7VZG4,bpe:BP0945,bpe00260,map00260
Q7VZG4,bpe:BP0945,bpe00270,map00270
Q7VZG4,bpe:BP0945,bpe00680,map00680
Q7VZG4,bpe:BP0945,bpe00750,map00750
Q7VZG4,bpe:BP0945,bpe01100,map01100
Q7VZG4,bpe:BP0945,bpe01110,map01110
Q7VZG4,bpe:BP0945,bpe01120,map01120
Q7VZG4,bpe:BP0945,bpe01200,map01200
Q7VZG4,bpe:BP0945,bpe01230,map01230
Q7VZG4,bpe:BP0945,bpe01240,map01240
Q7VZG7,bpe:BP0942,bpe00130,map00130
Q7VZG7,bpe:BP0942,bpe01100,map01100
Q7VZG7,bpe:BP0942,bpe01110,map01110
Q7VZG7,bpe:BP0942,bpe01240,map01240
Q7VZL2,bpe:BP0889,bpe00061,map00061
Q7VZL2,bpe:BP0889,bpe00620,map00620
Q7VZL2,bpe:BP0889,bpe00640,map00640
Q7VZL2,bpe:BP0889,bpe00720,map00720
Q7VZL2,bpe:BP0889,bpe01100,map01100
Q7VZL2,bpe:BP0889,bpe01110,map01110
Q7VZL2,bpe:BP0889,bpe01120,map01120
Q7VZL2,bpe:BP0889,bpe01200,map01200
Q7VZL2,bpe:BP0889,bpe01212,map01212
Q7VZM9,bpe:BP0868,bpe00010,map00010
Q7VZM9,bpe:BP0868,bpe00030,map00030
Q7VZM9,bpe:BP0868,bpe00051,map00051
Q7VZM9,bpe:BP0868,bpe00680,map00680
Q7VZM9,bpe:BP0868,bpe00710,map00710
Q7VZM9,bpe:BP0868,bpe01100,map01100
Q7VZM9,bpe:BP0868,bpe01110,map01110
Q7VZM9,bpe:BP0868,bpe01120,map01120
Q7VZM9,bpe:BP0868,bpe01200,map01200
Q7VZN1,bpe:BP0866,bpe00900,map00900
Q7VZN1,bpe:BP0866,bpe01100,map01100
Q7VZN1,bpe:BP0866,bpe01110,map01110
Q7VZP2,bpe:BP0854,bpe00190,map00190
Q7VZP2,bpe:BP0854,bpe01100,map01100
Q7VZP5,bpe:BP0851,bpe00190,map00190
Q7VZP5,bpe:BP0851,bpe01100,map01100
Q7VZP7,bpe:BP0849,bpe00190,map00190
Q7VZP7,bpe:BP0849,bpe01100,map01100
Q7VZP8,bpe:BP0848,bpe00190,map00190
Q7VZP8,bpe:BP0848,bpe01100,map01100
Q7VZP9,bpe:BP0847,bpe00190,map00190
Q7VZP9,bpe:BP0847,bpe01100,map01100
Q7VZQ4,bpe:BP0842,bpe00190,map00190
Q7VZQ4,bpe:BP0842,bpe01100,map01100
Q7VZQ5,bpe:BP0841,bpe00190,map00190
Q7VZQ5,bpe:BP0841,bpe01100,map01100
Q7VZT5,bpe:BP0801,bpe00010,map00010
Q7VZT5,bpe:BP0801,bpe00051,map00051
Q7VZT5,bpe:BP0801,bpe00562,map00562
Q7VZT5,bpe:BP0801,bpe00710,map00710
Q7VZT5,bpe:BP0801,bpe01100,map01100
Q7VZT5,bpe:BP0801,bpe01110,map01110
Q7VZT5,bpe:BP0801,bpe01120,map01120
Q7VZT5,bpe:BP0801,bpe01200,map01200
Q7VZT5,bpe:BP0801,bpe01230,map01230
Q7VZU0,bpe:BP0795,bpe03018,map03018
Q7VZU5,bpe:BP0790,bpe00290,map00290
Q7VZU5,bpe:BP0790,bpe00650,map00650
Q7VZU5,bpe:BP0790,bpe00660,map00660
Q7VZU5,bpe:BP0790,bpe00770,map00770
Q7VZU5,bpe:BP0790,bpe01100,map01100
Q7VZU5,bpe:BP0790,bpe01110,map01110
Q7VZU5,bpe:BP0790,bpe01210,map01210
Q7VZU5,bpe:BP0790,bpe01230,map01230
Q7VZW2,bpe:BP0769,bpe00310,map00310
Q7VZW2,bpe:BP0769,bpe00330,map00330
Q7VZW2,bpe:BP0769,bpe00360,map00360
Q7VZW2,bpe:BP0769,bpe00470,map00470
Q7VZW2,bpe:BP0769,bpe01100,map01100
Q7VZW2,bpe:BP0769,bpe01120,map01120
Q7VZX7,bpe:BP0746,bpe00330,map00330
Q7VZX7,bpe:BP0746,bpe00332,map00332
Q7VZX7,bpe:BP0746,bpe01100,map01100
Q7VZX7,bpe:BP0746,bpe01110,map01110
Q7VZX7,bpe:BP0746,bpe01230,map01230
Q7VZY7,bpe:BP0731,bpe00330,map00330
Q7VZY7,bpe:BP0731,bpe01100,map01100
Q7W001,bpe:BP0709,bpe00970,map00970
Q7W006,bpe:BP0702,bpe00230,map00230
Q7W006,bpe:BP0702,bpe01100,map01100
Q7W006,bpe:BP0702,bpe01110,map01110
Q7W039,bpe:BP0326,bpe00550,map00550
Q7W039,bpe:BP0326,bpe01100,map01100
Q7W044,bpe:BP0321,bpe00240,map00240
Q7W044,bpe:BP0321,bpe00250,map00250
Q7W044,bpe:BP0321,bpe01100,map01100
Q7W044,bpe:BP0321,bpe01240,map01240
Q7W049,bpe:BP0316,bpe00730,map00730
Q7W049,bpe:BP0316,bpe01100,map01100
Q7W049,bpe:BP0316,bpe01240,map01240
Q7W050,bpe:BP0315,bpe00860,map00860
Q7W050,bpe:BP0315,bpe01100,map01100
Q7W050,bpe:BP0315,bpe01110,map01110
Q7W050,bpe:BP0315,bpe01120,map01120
Q7W050,bpe:BP0315,bpe01240,map01240
Q7W069,bpe:BP0289,bpe00290,map00290
Q7W069,bpe:BP0289,bpe00770,map00770
Q7W069,bpe:BP0289,bpe01100,map01100
Q7W069,bpe:BP0289,bpe01110,map01110
Q7W069,bpe:BP0289,bpe01210,map01210
Q7W069,bpe:BP0289,bpe01230,map01230
Q7W089,bpe:BP0264,bpe00230,map00230
Q7W089,bpe:BP0264,bpe01100,map01100
Q7W089,bpe:BP0264,bpe01232,map01232
Q7W098,bpe:BP0252,bpe00430,map00430
Q7W098,bpe:BP0252,bpe00460,map00460
Q7W098,bpe:BP0252,bpe00480,map00480
Q7W098,bpe:BP0252,bpe01100,map01100
Q7W0A2,bpe:BP0248,bpe00020,map00020
Q7W0A2,bpe:BP0248,bpe00620,map00620
Q7W0A2,bpe:BP0248,bpe00720,map00720
Q7W0A2,bpe:BP0248,bpe01100,map01100
Q7W0A2,bpe:BP0248,bpe01110,map01110
Q7W0A2,bpe:BP0248,bpe01120,map01120
Q7W0A2,bpe:BP0248,bpe01200,map01200
Q7W0A7,bpe:BP0242,bpe00230,map00230
Q7W0A7,bpe:BP0242,bpe01100,map01100
Q7W0A7,bpe:BP0242,bpe01110,map01110
Q7W0D1,bpe:BP0214,bpe00790,map00790
Q7W0D1,bpe:BP0214,bpe01100,map01100
Q7W0D7,bpe:BP0206,bpe00730,map00730
Q7W0D7,bpe:BP0206,bpe01100,map01100
Q7W0D7,bpe:BP0206,bpe01240,map01240
Q7W0E3,bpe:BP0197,bpe00260,map00260
Q7W0E3,bpe:BP0197,bpe00630,map00630
Q7W0E3,bpe:BP0197,bpe00670,map00670
Q7W0E3,bpe:BP0197,bpe00785,map00785
Q7W0E3,bpe:BP0197,bpe01100,map01100
Q7W0E3,bpe:BP0197,bpe01110,map01110
Q7W0E3,bpe:BP0197,bpe01200,map01200
Q7W0F2,bpe:BP0185,bpe00240,map00240
Q7W0F2,bpe:BP0185,bpe01100,map01100
Q7W0F2,bpe:BP0185,bpe01232,map01232
Q7W0F7,bpe:BP0180,bpe00450,map00450
Q7W0F7,bpe:BP0180,bpe00970,map00970
Q7W0F7,bpe:BP0180,bpe01100,map01100
Q7W0G5,bpe:BP0170,bpe03018,map03018
Q7W0H1,bpe:BP0161,bpe00130,map00130
Q7W0H1,bpe:BP0161,bpe01100,map01100
Q7W0H1,bpe:BP0161,bpe01110,map01110
Q7W0H1,bpe:BP0161,bpe01240,map01240
Q7W0I4,bpe:BP0139,bpe00260,map00260
Q7W0I4,bpe:BP0139,bpe00290,map00290
Q7W0I4,bpe:BP0139,bpe01100,map01100
Q7W0I4,bpe:BP0139,bpe01110,map01110
Q7W0I4,bpe:BP0139,bpe01200,map01200
Q7W0I4,bpe:BP0139,bpe01230,map01230
Q7W0I9,bpe:BP0131,bpe00290,map00290
Q7W0I9,bpe:BP0131,bpe00620,map00620
Q7W0I9,bpe:BP0131,bpe01100,map01100
Q7W0I9,bpe:BP0131,bpe01110,map01110
Q7W0I9,bpe:BP0131,bpe01210,map01210
Q7W0I9,bpe:BP0131,bpe01230,map01230
Q7W0K7,bpe:BP0107,bpe00521,map00521
Q7W0K7,bpe:BP0107,bpe00523,map00523
Q7W0K7,bpe:BP0107,bpe00541,map00541
Q7W0K7,bpe:BP0107,bpe01100,map01100
Q7W0K7,bpe:BP0107,bpe01110,map01110
Q7W0K7,bpe:BP0107,bpe01250,map01250
Q7W0K8,bpe:BP0106,bpe00785,map00785
Q7W0K8,bpe:BP0106,bpe01100,map01100
Q7W0K8,bpe:BP0106,bpe01240,map01240
Q7W0K9,bpe:BP0105,bpe00785,map00785
Q7W0K9,bpe:BP0105,bpe01100,map01100
Q7W0K9,bpe:BP0105,bpe01240,map01240
Q7W0L2,bpe:BP0102,bpe00550,map00550
Q7W0L2,bpe:BP0102,bpe01100,map01100
Q7W0M3,bpe:BP0079,bpe02024,map02024
Q7W0M3,bpe:BP0079,bpe03060,map03060
Q7W0M3,bpe:BP0079,bpe03070,map03070
Q7W0P6,bpe:BP0047,bpe00270,map00270
Q7W0P6,bpe:BP0047,bpe00920,map00920
Q7W0P6,bpe:BP0047,bpe01100,map01100
Q7W0P6,bpe:BP0047,bpe01110,map01110
Q7W0P6,bpe:BP0047,bpe01120,map01120
Q7W0P6,bpe:BP0047,bpe01230,map01230
Q7W0Q1,bpe:BP0038,bpe00620,map00620
Q7W0Q1,bpe:BP0038,bpe01100,map01100
Q7W0Q4,bpe:BP0035,bpe00541,map00541
Q7W0Q4,bpe:BP0035,bpe01100,map01100
Q7W0Q4,bpe:BP0035,bpe01250,map01250
Q7W0R8,bpe:BP0016,bpe03020,map03020
Q9X6Y8,bpe:BP2510,bpe00520,map00520
Q9X6Y8,bpe:BP2510,bpe00550,map00550
Q9X6Y8,bpe:BP2510,bpe01100,map01100
Q9X6Y8,bpe:BP2510,bpe01250,map01250
Q9X6Y9,bpe:BP2509,bpe00261,map00261
Q9X6Y9,bpe:BP2509,bpe00300,map00300
Q9X6Y9,bpe:BP2509,bpe01100,map01100
Q9X6Y9,bpe:BP2509,bpe01110,map01110
Q9X6Y9,bpe:BP2509,bpe01120,map01120
Q9X6Y9,bpe:BP2509,bpe01230,map01230
P05788,bpe:BP1119,bpe05133,map05133
P09808,bpe:BP2674,bpe05133,map05133
P0A4C5,bpe:BP3641,bpe03010,map03010
P0DKX9,bpe:BP0762,bpe03070,map03070
P0DKX9,bpe:BP0762,bpe05133,map05133
P0DKY0,bpe:BP0763,bpe01501,map01501
P0DKY0,bpe:BP0763,bpe01503,map01503
P0DKY0,bpe:BP0763,bpe02020,map02020
P0DKY0,bpe:BP0763,bpe03070,map03070
P0DKY0,bpe:BP0763,bpe05133,map05133
P12255,bpe:BP1879,bpe05133,map05133
P17835,bpe:BP1568,bpe05133,map05133
P33410,bpe:BP1882,bpe02020,map02020
P33410,bpe:BP1882,bpe05133,map05133
P37369,bpe:BP2761,bpe04146,map04146
P65199,bpe:BP2456,bpe00975,map00975
P65199,bpe:BP2456,bpe01100,map01100
P65199,bpe:BP2456,bpe01110,map01110
P66846,bpe:BP3662,bpe03030,map03030
P66846,bpe:BP3662,bpe03430,map03430
P66846,bpe:BP3662,bpe03440,map03440
P67673,bpe:BP2795,bpe03440,map03440
Q00879,bpe:BP1883,bpe02020,map02020
Q00879,bpe:BP1883,bpe05133,map05133
Q79GE2,bpe:BP3554,bpe02020,map02020
Q79GN3,bpe:BP2432,bpe03060,map03060
Q79GQ9,bpe:BP2245,bpe03070,map03070
Q79GR8,bpe:BP2235,bpe03070,map03070
Q79H44,bpe:BP0094,bpe00540,map00540
Q79H44,bpe:BP0094,bpe01100,map01100
Q79H47,bpe:BP0091,bpe00541,map00541
Q79H47,bpe:BP0091,bpe01100,map01100
Q79H47,bpe:BP0091,bpe01250,map01250
Q7TTH1,bpe:BP0579,bpe00650,map00650
Q7TTH1,bpe:BP0579,bpe00760,map00760
Q7TTH1,bpe:BP0579,bpe01100,map01100
Q7TTH1,bpe:BP0579,bpe01120,map01120
Q7TTH1,bpe:BP1955,bpe00650,map00650
Q7TTH1,bpe:BP1955,bpe00760,map00760
Q7TTH1,bpe:BP1955,bpe01100,map01100
Q7TTH1,bpe:BP1955,bpe01120,map01120
Q7U362,bpe:BP1576,bpe00230,map00230
Q7U362,bpe:BP1576,bpe01100,map01100
Q7VRY4,bpe:BP0675,bpe00780,map00780
Q7VRY4,bpe:BP0675,bpe01100,map01100
Q7VRZ0,bpe:BP0669,bpe00071,map00071
Q7VRZ0,bpe:BP0669,bpe00362,map00362
Q7VRZ0,bpe:BP0669,bpe00650,map00650
Q7VRZ0,bpe:BP0669,bpe01100,map01100
Q7VRZ0,bpe:BP0669,bpe01120,map01120
Q7VRZ0,bpe:BP0669,bpe01200,map01200
Q7VRZ0,bpe:BP0669,bpe01212,map01212
Q7VS34,bpe:BP0618,bpe00010,map00010
Q7VS34,bpe:BP0618,bpe00020,map00020
Q7VS34,bpe:BP0618,bpe00260,map00260
Q7VS34,bpe:BP0618,bpe00280,map00280
Q7VS34,bpe:BP0618,bpe00310,map00310
Q7VS34,bpe:BP0618,bpe00380,map00380
Q7VS34,bpe:BP0618,bpe00620,map00620
Q7VS34,bpe:BP0618,bpe00630,map00630
Q7VS34,bpe:BP0618,bpe00640,map00640
Q7VS34,bpe:BP0618,bpe00670,map00670
Q7VS34,bpe:BP0618,bpe00785,map00785
Q7VS34,bpe:BP0618,bpe01100,map01100
Q7VS34,bpe:BP0618,bpe01110,map01110
Q7VS34,bpe:BP0618,bpe01120,map01120
Q7VS34,bpe:BP0618,bpe01200,map01200
Q7VS34,bpe:BP0618,bpe01210,map01210
Q7VS34,bpe:BP0618,bpe01240,map01240
Q7VS46,bpe:BP0604,bpe02024,map02024
Q7VS46,bpe:BP0604,bpe03060,map03060
Q7VS46,bpe:BP0604,bpe03070,map03070
Q7VS50,bpe:BP0599,bpe00780,map00780
Q7VS50,bpe:BP0599,bpe01100,map01100
Q7VS50,bpe:BP0599,bpe01240,map01240
Q7VS51,bpe:BP0598,bpe00480,map00480
Q7VS51,bpe:BP0598,bpe01100,map01100
Q7VS53,bpe:BP0596,bpe02020,map02020
Q7VS72,bpe:BP0571,bpe02020,map02020
Q7VS85,bpe:BP0556,bpe00280,map00280
Q7VS85,bpe:BP0556,bpe00650,map00650
Q7VS85,bpe:BP0556,bpe00907,map00907
Q7VS85,bpe:BP0556,bpe01100,map01100
Q7VS85,bpe:BP0556,bpe01120,map01120
Q7VS85,bpe:BP0556,bpe04146,map04146
Q7VS89,bpe:BP0551,bpe00970,map00970
Q7VS89,bpe:BP0551,bpe01100,map01100
Q7VSA1,bpe:BP0538,bpe00220,map00220
Q7VSA1,bpe:BP0538,bpe00330,map00330
Q7VSA1,bpe:BP0538,bpe01100,map01100
Q7VSA1,bpe:BP0538,bpe01110,map01110
Q7VSA1,bpe:BP0538,bpe01230,map01230
Q7VSA1,bpe:BP0538,bpe04148,map04148
Q7VSD2,bpe:BP0501,bpe02020,map02020
Q7VSD9,bpe:BP0492,bpe03010,map03010
Q7VSE1,bpe:BP0490,bpe03030,map03030
Q7VSE1,bpe:BP0490,bpe03430,map03430
Q7VSE1,bpe:BP0490,bpe03440,map03440
Q7VSE6,bpe:BP0484,bpe00620,map00620
Q7VSE6,bpe:BP0484,bpe01100,map01100
Q7VSF8,bpe:BP0467,bpe00290,map00290
Q7VSF8,bpe:BP0467,bpe00650,map00650
Q7VSF8,bpe:BP0467,bpe00660,map00660
Q7VSF8,bpe:BP0467,bpe00770,map00770
Q7VSF8,bpe:BP0467,bpe01100,map01100
Q7VSF8,bpe:BP0467,bpe01110,map01110
Q7VSF8,bpe:BP0467,bpe01210,map01210
Q7VSF8,bpe:BP0467,bpe01230,map01230
Q7VSH6,bpe:BP0448,bpe00280,map00280
Q7VSH6,bpe:BP0448,bpe01100,map01100
Q7VSI8,bpe:BP0429,bpe00250,map00250
Q7VSI8,bpe:BP0429,bpe00330,map00330
Q7VSI8,bpe:BP0429,bpe01100,map01100
Q7VSN1,bpe:BP0373,bpe00970,map00970
Q7VSN1,bpe:BP0373,bpe01100,map01100
Q7VSN2,bpe:BP0372,bpe00970,map00970
Q7VSN2,bpe:BP0372,bpe01100,map01100
P24670,stt:t1231,stt00400,map00400
P24670,stt:t1231,stt01100,map01100
P24670,stt:t1231,stt01110,map01110
P24670,stt:t1231,stt01230,map01230
P24670,sty:STY1760,sty00400,map00400
P24670,sty:STY1760,sty01100,map01100
P24670,sty:STY1760,sty01110,map01110
P24670,sty:STY1760,sty01230,map01230
Q04972,stt:t4352,stt00541,map00541
Q04972,stt:t4352,stt01100,map01100
Q04972,stt:t4352,stt01250,map01250
Q04972,sty:STY4661,sty00541,map00541
Q04972,sty:STY4661,sty01100,map01100
Q04972,sty:STY4661,sty01250,map01250
Q04973,stt:t4351,stt00541,map00541
Q04973,stt:t4351,stt01100,map01100
Q04973,stt:t4351,stt01250,map01250
Q04973,sty:STY4660,sty00541,map00541
Q04973,sty:STY4660,sty01100,map01100
Q04973,sty:STY4660,sty01250,map01250
Q8Z3C6,stt:t3315,stt00071,map00071
Q8Z3C6,stt:t3315,stt00280,map00280
Q8Z3C6,stt:t3315,stt00310,map00310
Q8Z3C6,stt:t3315,stt00362,map00362
Q8Z3C6,stt:t3315,stt00380,map00380
Q8Z3C6,stt:t3315,stt00410,map00410
Q8Z3C6,stt:t3315,stt00640,map00640
Q8Z3C6,stt:t3315,stt00650,map00650
Q8Z3C6,stt:t3315,stt00907,map00907
Q8Z3C6,stt:t3315,stt00930,map00930
Q8Z3C6,stt:t3315,stt01100,map01100
Q8Z3C6,stt:t3315,stt01110,map01110
Q8Z3C6,stt:t3315,stt01120,map01120
Q8Z3C6,stt:t3315,stt01200,map01200
Q8Z3C6,stt:t3315,stt01212,map01212
Q8Z3C6,sty:STY3577,sty00071,map00071
Q8Z3C6,sty:STY3577,sty00280,map00280
Q8Z3C6,sty:STY3577,sty00310,map00310
Q8Z3C6,sty:STY3577,sty00362,map00362
Q8Z3C6,sty:STY3577,sty00380,map00380
Q8Z3C6,sty:STY3577,sty00410,map00410
Q8Z3C6,sty:STY3577,sty00640,map00640
Q8Z3C6,sty:STY3577,sty00650,map00650
Q8Z3C6,sty:STY3577,sty00907,map00907
Q8Z3C6,sty:STY3577,sty00930,map00930
Q8Z3C6,sty:STY3577,sty01100,map01100
Q8Z3C6,sty:STY3577,sty01110,map01110
Q8Z3C6,sty:STY3577,sty01120,map01120
Q8Z3C6,sty:STY3577,sty01200,map01200
Q8Z3C6,sty:STY3577,sty01212,map01212
Q8Z5I4,stt:t0780,stt00500,map00500
Q8Z5I4,stt:t0780,stt00520,map00520
Q8Z5I4,stt:t0780,stt00541,map00541
Q8Z5I4,stt:t0780,stt01100,map01100
Q8Z5I4,stt:t0780,stt01250,map01250
Q8Z5I4,sty:STY2302,sty00500,map00500
Q8Z5I4,sty:STY2302,sty00520,map00520
Q8Z5I4,sty:STY2302,sty00541,map00541
Q8Z5I4,sty:STY2302,sty01100,map01100
Q8Z5I4,sty:STY2302,sty01250,map01250
P0A1A6,stt:t3395,stt00270,map00270
P0A1A6,stt:t3395,stt00280,map00280
P0A1A6,stt:t3395,stt00290,map00290
P0A1A6,stt:t3395,stt00770,map00770
P0A1A6,stt:t3395,stt01100,map01100
P0A1A6,stt:t3395,stt01110,map01110
P0A1A6,stt:t3395,stt01210,map01210
P0A1A6,stt:t3395,stt01230,map01230
P0A1A6,stt:t3395,stt01240,map01240
P0A1A6,sty:STY3654,sty00270,map00270
P0A1A6,sty:STY3654,sty00280,map00280
P0A1A6,sty:STY3654,sty00290,map00290
P0A1A6,sty:STY3654,sty00770,map00770
P0A1A6,sty:STY3654,sty01100,map01100
P0A1A6,sty:STY3654,sty01110,map01110
P0A1A6,sty:STY3654,sty01210,map01210
P0A1A6,sty:STY3654,sty01230,map01230
P0A1A6,sty:STY3654,sty01240,map01240
P0A1F9,stt:t3981,stt00260,map00260
P0A1F9,stt:t3981,stt00261,map00261
P0A1F9,stt:t3981,stt00270,map00270
P0A1F9,stt:t3981,stt00300,map00300
P0A1F9,stt:t3981,stt01100,map01100
P0A1F9,stt:t3981,stt01110,map01110
P0A1F9,stt:t3981,stt01120,map01120
P0A1F9,stt:t3981,stt01210,map01210
P0A1F9,stt:t3981,stt01230,map01230
P0A1F9,sty:STY4271,sty00260,map00260
P0A1F9,sty:STY4271,sty00261,map00261
P0A1F9,sty:STY4271,sty00270,map00270
P0A1F9,sty:STY4271,sty00300,map00300
P0A1F9,sty:STY4271,sty01100,map01100
P0A1F9,sty:STY4271,sty01110,map01110
P0A1F9,sty:STY4271,sty01120,map01120
P0A1F9,sty:STY4271,sty01210,map01210
P0A1F9,sty:STY4271,sty01230,map01230
P0A1P7,stt:t3614,stt00220,map00220
P0A1P7,stt:t3614,stt00250,map00250
P0A1P7,stt:t3614,stt00630,map00630
P0A1P7,stt:t3614,stt00910,map00910
P0A1P7,stt:t3614,stt01100,map01100
P0A1P7,stt:t3614,stt01110,map01110
P0A1P7,stt:t3614,stt01120,map01120
P0A1P7,stt:t3614,stt01230,map01230
P0A1P7,stt:t3614,stt02020,map02020
P0A1P7,sty:STY3874,sty00220,map00220
P0A1P7,sty:STY3874,sty00250,map00250
P0A1P7,sty:STY3874,sty00630,map00630
P0A1P7,sty:STY3874,sty00910,map00910
P0A1P7,sty:STY3874,sty01100,map01100
P0A1P7,sty:STY3874,sty01110,map01110
P0A1P7,sty:STY3874,sty01120,map01120
P0A1P7,sty:STY3874,sty01230,map01230
P0A1P7,sty:STY3874,sty02020,map02020
P0A1V7,stt:t1096,stt00030,map00030
P0A1V7,stt:t1096,stt00230,map00230
P0A1V7,stt:t1096,stt01100,map01100
P0A1V7,stt:t1096,stt01110,map01110
P0A1V7,stt:t1096,stt01120,map01120
P0A1V7,stt:t1096,stt01200,map01200
P0A1V7,stt:t1096,stt01230,map01230
P0A1V7,sty:STY1906,sty00030,map00030
P0A1V7,sty:STY1906,sty00230,map00230
P0A1V7,sty:STY1906,sty01100,map01100
P0A1V7,sty:STY1906,sty01110,map01110
P0A1V7,sty:STY1906,sty01120,map01120
P0A1V7,sty:STY1906,sty01200,map01200
P0A1V7,sty:STY1906,sty01230,map01230
P0A1Y5,stt:t0541,stt00190,map00190
P0A1Y5,stt:t0541,stt01100,map01100
P0A1Y5,sty:STY2553,sty00190,map00190
P0A1Y5,sty:STY2553,sty01100,map01100
P0A232,stt:t3340,stt00564,map00564
P0A232,stt:t3340,stt00565,map00565
P0A232,stt:t3340,stt00592,map00592
P0A232,stt:t3340,stt01100,map01100
P0A232,stt:t3340,stt01110,map01110
P0A232,sty:STY3602,sty00564,map00564
P0A232,sty:STY3602,sty00565,map00565
P0A232,sty:STY3602,sty00592,map00592
P0A232,sty:STY3602,sty01100,map01100
P0A232,sty:STY3602,sty01110,map01110
P0A278,stt:t2533,stt00230,map00230
P0A278,stt:t2533,stt01100,map01100
P0A278,stt:t2533,stt01110,map01110
P0A278,stt:t2533,stt01232,map01232
P0A278,sty:STY0362,sty00230,map00230
P0A278,sty:STY0362,sty01100,map01100
P0A278,sty:STY0362,sty01110,map01110
P0A278,sty:STY0362,sty01232,map01232
P0A2F3,stt:t1699,stt00760,map00760
P0A2F3,stt:t1699,stt01100,map01100
P0A2F3,sty:STY1261,sty00760,map00760
P0A2F3,sty:STY1261,sty01100,map01100
P0DX97,stt:t3725,stt00030,map00030
P0DX97,stt:t3725,stt01100,map01100
P14169,stt:t0784,stt00541,map00541
P14169,stt:t0784,stt01100,map01100
P14169,stt:t0784,stt01250,map01250
P14169,sty:STY2298,sty00541,map00541
P14169,sty:STY2298,sty01100,map01100
P14169,sty:STY2298,sty01250,map01250
P60216,stt:t0208,stt00270,map00270
P60216,stt:t0208,stt01100,map01100
P60216,stt:t0208,stt01230,map01230
P60216,sty:STY0229,sty00270,map00270
P60216,sty:STY0229,sty01100,map01100
P60216,sty:STY0229,sty01230,map01230
P65693,stt:t3557,stt00010,map00010
P65693,stt:t3557,stt00030,map00030
P65693,stt:t3557,stt00051,map00051
P65693,stt:t3557,stt00052,map00052
P65693,stt:t3557,stt00680,map00680
P65693,stt:t3557,stt01100,map01100
P65693,stt:t3557,stt01110,map01110
P65693,stt:t3557,stt01120,map01120
P65693,stt:t3557,stt01200,map01200
P65693,stt:t3557,stt01230,map01230
P65693,stt:t3557,stt03018,map03018
P65693,sty:STY3809,sty00010,map00010
P65693,sty:STY3809,sty00030,map00030
P65693,sty:STY3809,sty00051,map00051
P65693,sty:STY3809,sty00052,map00052
P65693,sty:STY3809,sty00680,map00680
P65693,sty:STY3809,sty01100,map01100
P65693,sty:STY3809,sty01110,map01110
P65693,sty:STY3809,sty01120,map01120
P65693,sty:STY3809,sty01200,map01200
P65693,sty:STY3809,sty01230,map01230
P65693,sty:STY3809,sty03018,map03018
P65922,stt:t2854,stt00240,map00240
P65922,stt:t2854,stt01100,map01100
P65922,stt:t2854,stt01232,map01232
P65922,stt:t2854,stt01240,map01240
P65922,sty:STY3082,sty00240,map00240
P65922,sty:STY3082,sty01100,map01100
P65922,sty:STY3082,sty01232,map01232
P65922,sty:STY3082,sty01240,map01240
Q8XEW9,stt:t3120,stt00541,map00541
Q8XEW9,stt:t3120,stt01100,map01100
Q8XEW9,stt:t3120,stt01250,map01250
Q8XEW9,sty:STY3379,sty00541,map00541
Q8XEW9,sty:STY3379,sty01100,map01100
Q8XEW9,sty:STY3379,sty01250,map01250
Q8XGX8,stt:t0057,stt00620,map00620
Q8XGX8,stt:t0057,stt01100,map01100
Q8XGX8,stt:t3267,stt00620,map00620
Q8XGX8,stt:t3267,stt01100,map01100
Q8XGX8,sty:STY0064,sty00620,map00620
Q8XGX8,sty:STY0064,sty01100,map01100
Q8XGX8,sty:STY3532,sty00620,map00620
Q8XGX8,sty:STY3532,sty01100,map01100
Q8Z1Z3,stt:t4037,stt00220,map00220
Q8Z1Z3,stt:t4037,stt00300,map00300
Q8Z1Z3,stt:t4037,stt01100,map01100
Q8Z1Z3,stt:t4037,stt01110,map01110
Q8Z1Z3,stt:t4037,stt01120,map01120
Q8Z1Z3,stt:t4037,stt01210,map01210
Q8Z1Z3,stt:t4037,stt01230,map01230
Q8Z1Z3,sty:STY4328,sty00220,map00220
Q8Z1Z3,sty:STY4328,sty00300,map00300
Q8Z1Z3,sty:STY4328,sty01100,map01100
Q8Z1Z3,sty:STY4328,sty01110,map01110
Q8Z1Z3,sty:STY4328,sty01120,map01120
Q8Z1Z3,sty:STY4328,sty01210,map01210
Q8Z1Z3,sty:STY4328,sty01230,map01230
Q8Z201,stt:t4028,stt00860,map00860
Q8Z201,stt:t4028,stt01100,map01100
Q8Z201,stt:t4028,stt01110,map01110
Q8Z201,stt:t4028,stt01120,map01120
Q8Z201,stt:t4028,stt01240,map01240
Q8Z201,sty:STY4319,sty00860,map00860
Q8Z201,sty:STY4319,sty01100,map01100
Q8Z201,sty:STY4319,sty01110,map01110
Q8Z201,sty:STY4319,sty01120,map01120
Q8Z201,sty:STY4319,sty01240,map01240
Q8Z2Q3,stt:t3657,stt00520,map00520
Q8Z2Q3,stt:t3657,stt00541,map00541
Q8Z2Q3,stt:t3657,stt01100,map01100
Q8Z2Q3,stt:t3657,stt01250,map01250
Q8Z2Q3,sty:STY3916,sty00520,map00520
Q8Z2Q3,sty:STY3916,sty00541,map00541
Q8Z2Q3,sty:STY3916,sty01100,map01100
Q8Z2Q3,sty:STY3916,sty01250,map01250
Q8Z328,stt:t3465,stt00760,map00760
Q8Z328,stt:t3465,stt01100,map01100
Q8Z328,stt:t3465,stt04146,map04146
Q8Z328,sty:STY3719,sty00760,map00760
Q8Z328,sty:STY3719,sty01100,map01100
Q8Z328,sty:STY3719,sty04146,map04146
Q8Z381,stt:t3389,stt00290,map00290
Q8Z381,stt:t3389,stt00770,map00770
Q8Z381,stt:t3389,stt01100,map01100
Q8Z381,stt:t3389,stt01110,map01110
Q8Z381,stt:t3389,stt01210,map01210
Q8Z381,stt:t3389,stt01230,map01230
Q8Z381,sty:STY3648,sty00290,map00290
Q8Z381,sty:STY3648,sty00770,map00770
Q8Z381,sty:STY3648,sty01100,map01100
Q8Z381,sty:STY3648,sty01110,map01110
Q8Z381,sty:STY3648,sty01210,map01210
Q8Z381,sty:STY3648,sty01230,map01230
Q8Z386,stt:t3379,stt00542,map00542
Q8Z386,stt:t3379,stt00543,map00543
Q8Z386,stt:t3379,stt00552,map00552
Q8Z386,stt:t3379,stt01100,map01100
Q8Z386,sty:STY3637,sty00542,map00542
Q8Z386,sty:STY3637,sty00543,map00543
Q8Z386,sty:STY3637,sty00552,map00552
Q8Z386,sty:STY3637,sty01100,map01100
Q8Z3L9,stt:t3138,stt00310,map00310
Q8Z3L9,stt:t3138,stt00330,map00330
Q8Z3L9,stt:t3138,stt01100,map01100
Q8Z3L9,stt:t3138,stt01120,map01120
Q8Z3L9,sty:STY3396,sty00310,map00310
Q8Z3L9,sty:STY3396,sty00330,map00330
Q8Z3L9,sty:STY3396,sty01100,map01100
Q8Z3L9,sty:STY3396,sty01120,map01120
Q8Z3U6,stt:t3015,stt00230,map00230
Q8Z3U6,stt:t3015,stt01100,map01100
Q8Z3U6,stt:t3015,stt01232,map01232
Q8Z3U6,sty:STY3256,sty00230,map00230
Q8Z3U6,sty:STY3256,sty01100,map01100
Q8Z3U6,sty:STY3256,sty01232,map01232
Q8Z4L2,stt:t0286,stt00520,map00520
Q8Z4L2,stt:t0286,stt01100,map01100
Q8Z4L2,sty:STY2817,sty00520,map00520
Q8Z4L2,sty:STY2817,sty01100,map01100
Q8Z4W1,stt:t0423,stt00750,map00750
Q8Z4W1,stt:t0423,stt01100,map01100
Q8Z4W1,stt:t0423,stt01240,map01240
Q8Z4W1,sty:STY2672,sty00750,map00750
Q8Z4W1,sty:STY2672,sty01100,map01100
Q8Z4W1,sty:STY2672,sty01240,map01240
Q8Z4Z0,stt:t0476,stt00071,map00071
Q8Z4Z0,stt:t0476,stt00280,map00280
Q8Z4Z0,stt:t0476,stt00310,map00310
Q8Z4Z0,stt:t0476,stt00362,map00362
Q8Z4Z0,stt:t0476,stt00380,map00380
Q8Z4Z0,stt:t0476,stt00410,map00410
Q8Z4Z0,stt:t0476,stt00640,map00640
Q8Z4Z0,stt:t0476,stt00650,map00650
Q8Z4Z0,stt:t0476,stt00907,map00907
Q8Z4Z0,stt:t0476,stt00930,map00930
Q8Z4Z0,stt:t0476,stt01100,map01100
Q8Z4Z0,stt:t0476,stt01110,map01110
Q8Z4Z0,stt:t0476,stt01120,map01120
Q8Z4Z0,stt:t0476,stt01200,map01200
Q8Z4Z0,stt:t0476,stt01212,map01212
Q8Z4Z0,sty:STY2620,sty00071,map00071
Q8Z4Z0,sty:STY2620,sty00280,map00280
Q8Z4Z0,sty:STY2620,sty00310,map00310
Q8Z4Z0,sty:STY2620,sty00362,map00362
Q8Z4Z0,sty:STY2620,sty00380,map00380
Q8Z4Z0,sty:STY2620,sty00410,map00410
Q8Z4Z0,sty:STY2620,sty00640,map00640
Q8Z4Z0,sty:STY2620,sty00650,map00650
Q8Z4Z0,sty:STY2620,sty00907,map00907
Q8Z4Z0,sty:STY2620,sty00930,map00930
Q8Z4Z0,sty:STY2620,sty01100,map01100
Q8Z4Z0,sty:STY2620,sty01110,map01110
Q8Z4Z0,sty:STY2620,sty01120,map01120
Q8Z4Z0,sty:STY2620,sty01200,map01200
Q8Z4Z0,sty:STY2620,sty01212,map01212
Q8Z538,stt:t0562,stt00540,map00540
Q8Z538,stt:t0562,stt01503,map01503
Q8Z538,sty:STY2531,sty00540,map00540
Q8Z538,sty:STY2531,sty01503,map01503
Q8Z540,stt:t0564,stt00541,map00541
Q8Z540,stt:t0564,stt01100,map01100
Q8Z540,stt:t0564,stt01250,map01250
Q8Z540,stt:t0564,stt01503,map01503
Q8Z540,sty:STY2529,sty00541,map00541
Q8Z540,sty:STY2529,sty01100,map01100
Q8Z540,sty:STY2529,sty01250,map01250
Q8Z540,sty:STY2529,sty01503,map01503
Q8Z570,stt:t0605,stt00910,map00910
Q8Z570,stt:t0605,stt01100,map01100
Q8Z570,stt:t0605,stt01120,map01120
Q8Z570,stt:t0605,stt01310,map01310
Q8Z570,sty:STY2485,sty00910,map00910
Q8Z570,sty:STY2485,sty01100,map01100
Q8Z570,sty:STY2485,sty01120,map01120
Q8Z570,sty:STY2485,sty01310,map01310
Q8Z747,stt:t1506,stt00310,map00310
Q8Z747,stt:t1506,stt00330,map00330
Q8Z747,stt:t1506,stt00410,map00410
Q8Z747,stt:t1506,stt01100,map01100
Q8Z747,stt:t1506,stt01120,map01120
Q8Z747,sty:STY1467,sty00310,map00310
Q8Z747,sty:STY1467,sty00330,map00330
Q8Z747,sty:STY1467,sty00410,map00410
Q8Z747,sty:STY1467,sty01100,map01100
Q8Z747,sty:STY1467,sty01120,map01120
Q8Z7H3,stt:t1690,stt01503,map01503
Q8Z7H3,stt:t1690,stt02020,map02020
Q8Z7H3,sty:STY1270,sty01503,map01503
Q8Z7H3,sty:STY1270,sty02020,map02020
Q8Z8X1,stt:t2438,stt00730,map00730
Q8Z8X1,stt:t2438,stt01100,map01100
Q8Z8X1,stt:t2438,stt01240,map01240
Q8Z8X1,stt:t2438,stt04122,map04122
Q8Z8X1,sty:STY0464,sty00730,map00730
Q8Z8X1,sty:STY0464,sty01100,map01100
Q8Z8X1,sty:STY0464,sty01240,map01240
Q8Z8X1,sty:STY0464,sty04122,map04122
Q8Z8Y9,stt:t2473,stt00230,map00230
Q8Z8Y9,stt:t2473,stt00240,map00240
Q8Z8Y9,stt:t2473,stt01100,map01100
Q8Z8Y9,stt:t2473,stt01110,map01110
Q8Z8Y9,stt:t2473,stt01232,map01232
Q8Z8Y9,sty:STY0424,sty00230,map00230
Q8Z8Y9,sty:STY0424,sty00240,map00240
Q8Z8Y9,sty:STY0424,sty01100,map01100
Q8Z8Y9,sty:STY0424,sty01110,map01110
Q8Z8Y9,sty:STY0424,sty01232,map01232
Q8Z989,stt:t0251,stt00541,map00541
Q8Z989,stt:t0251,stt01100,map01100
Q8Z989,stt:t0251,stt01250,map01250
Q8Z989,sty:STY0275,sty00541,map00541
Q8Z989,sty:STY0275,sty01100,map01100
Q8Z989,sty:STY0275,sty01250,map01250
Q8Z9H3,stt:t0127,stt00300,map00300
Q8Z9H3,stt:t0127,stt00550,map00550
Q8Z9H3,stt:t0127,stt01100,map01100
Q8Z9H3,sty:STY0143,sty00300,map00300
Q8Z9H3,sty:STY0143,sty00550,map00550
Q8Z9H3,sty:STY0143,sty01100,map01100
Q8Z9L7,stt:t0068,stt00220,map00220
Q8Z9L7,stt:t0068,stt00240,map00240
Q8Z9L7,stt:t0068,stt00250,map00250
Q8Z9L7,stt:t0068,stt01100,map01100
Q8Z9L7,stt:t0068,stt01110,map01110
Q8Z9L7,stt:t0068,stt01240,map01240
Q8Z9L7,sty:STY0077,sty00220,map00220
Q8Z9L7,sty:STY0077,sty00240,map00240
Q8Z9L7,sty:STY0077,sty00250,map00250
Q8Z9L7,sty:STY0077,sty01100,map01100
Q8Z9L7,sty:STY0077,sty01110,map01110
Q8Z9L7,sty:STY0077,sty01240,map01240
Q8Z9L8,stt:t0067,stt00220,map00220
Q8Z9L8,stt:t0067,stt00240,map00240
Q8Z9L8,stt:t0067,stt00250,map00250
Q8Z9L8,stt:t0067,stt01100,map01100
Q8Z9L8,stt:t0067,stt01110,map01110
Q8Z9L8,stt:t0067,stt01240,map01240
Q8Z9L8,sty:STY0076,sty00220,map00220
Q8Z9L8,sty:STY0076,sty00240,map00240
Q8Z9L8,sty:STY0076,sty00250,map00250
Q8Z9L8,sty:STY0076,sty01100,map01100
Q8Z9L8,sty:STY0076,sty01110,map01110
Q8Z9L8,sty:STY0076,sty01240,map01240
O08430,stt:t4155,stt00740,map00740
O08430,stt:t4155,stt01100,map01100
O08430,sty:STY4445,sty00740,map00740
O08430,sty:STY4445,sty01100,map01100
P0A194,stt:t3961,stt02010,map02010
P0A194,stt:t3961,stt02024,map02024
P0A194,sty:STY4251,sty02010,map02010
P0A194,sty:STY4251,sty02024,map02024
P0A196,stt:t4160,stt03420,map03420
P0A196,sty:STY4450,sty03420,map03420
P0A1A4,stt:t4153,stt00470,map00470
P0A1A4,stt:t4153,stt01100,map01100
P0A1A4,stt:t4153,stt01502,map01502
P0A1A4,sty:STY4443,sty00470,map00470
P0A1A4,sty:STY4443,sty01100,map01100
P0A1A4,sty:STY4443,sty01502,map01502
P0A1A8,stt:t3358,stt00230,map00230
P0A1A8,stt:t3358,stt01100,map01100
P0A1A8,sty:STY3620,sty00230,map00230
P0A1A8,sty:STY3620,sty01100,map01100
P0A1B0,stt:t1181,stt03410,map03410
P0A1B0,sty:STY1812,sty03410,map03410
P0A1B6,stt:t2625,stt00400,map00400
P0A1B6,stt:t2625,stt01100,map01100
P0A1B6,stt:t2625,stt01110,map01110
P0A1B6,stt:t2625,stt01230,map01230
P0A1B6,stt:t2625,stt02024,map02024
P0A1B6,sty:STY2857,sty00400,map00400
P0A1B6,sty:STY2857,sty01100,map01100
P0A1B6,sty:STY2857,sty01110,map01110
P0A1B6,sty:STY2857,sty01230,map01230
P0A1B6,sty:STY2857,sty02024,map02024
P0A1B8,stt:t3655,stt00190,map00190
P0A1B8,stt:t3655,stt01100,map01100
P0A1B8,sty:STY3914,sty00190,map00190
P0A1B8,sty:STY3914,sty01100,map01100
P0A1C4,stt:t0233,stt00061,map00061
P0A1C4,stt:t0233,stt00620,map00620
P0A1C4,stt:t0233,stt00640,map00640
P0A1C4,stt:t0233,stt00720,map00720
P0A1C4,stt:t0233,stt01100,map01100
P0A1C4,stt:t0233,stt01110,map01110
P0A1C4,stt:t0233,stt01120,map01120
P0A1C4,stt:t0233,stt01200,map01200
P0A1C4,stt:t0233,stt01212,map01212
P0A1C4,sty:STY0255,sty00061,map00061
P0A1C4,sty:STY0255,sty00620,map00620
P0A1C4,sty:STY0255,sty00640,map00640
P0A1C4,sty:STY0255,sty00720,map00720
P0A1C4,sty:STY0255,sty01100,map01100
P0A1C4,sty:STY0255,sty01110,map01110
P0A1C4,sty:STY0255,sty01120,map01120
P0A1C4,sty:STY0255,sty01200,map01200
P0A1C4,sty:STY0255,sty01212,map01212
P0A1D4,stt:t4382,stt03018,map03018
P0A1D4,sty:STY4690,sty03018,map03018
P0A1E2,stt:t3617,stt00860,map00860
P0A1E2,stt:t3617,stt01100,map01100
P0A1E2,stt:t3617,stt01110,map01110
P0A1E2,stt:t3617,stt01240,map01240
P0A1E2,sty:STY3877,sty00860,map00860
P0A1E2,sty:STY3877,sty01100,map01100
P0A1E2,sty:STY3877,sty01110,map01110
P0A1E2,sty:STY3877,sty01240,map01240
P0A1E4,stt:t0427,stt00270,map00270
P0A1E4,stt:t0427,stt00920,map00920
P0A1E4,stt:t0427,stt01100,map01100
P0A1E4,stt:t0427,stt01110,map01110
P0A1E4,stt:t0427,stt01120,map01120
P0A1E4,stt:t0427,stt01200,map01200
P0A1E4,stt:t0427,stt01230,map01230
P0A1E4,stt:t0427,stt01320,map01320
P0A1E4,sty:STY2666,sty00270,map00270
P0A1E4,sty:STY2666,sty00920,map00920
P0A1E4,sty:STY2666,sty01100,map01100
P0A1E4,sty:STY2666,sty01110,map01110
P0A1E4,sty:STY2666,sty01120,map01120
P0A1E4,sty:STY2666,sty01200,map01200
P0A1E4,sty:STY2666,sty01230,map01230
P0A1E4,sty:STY2666,sty01320,map01320
P0A1F1,stt:t2484,stt00470,map00470
P0A1F1,stt:t2484,stt00550,map00550
P0A1F1,stt:t2484,stt01100,map01100
P0A1F1,stt:t2484,stt01502,map01502
P0A1F1,sty:STY0412,sty00470,map00470
P0A1F1,sty:STY0412,sty00550,map00550
P0A1F1,sty:STY0412,sty01100,map01100
P0A1F1,sty:STY0412,sty01502,map01502
P0A1F3,stt:t3350,stt00300,map00300
P0A1F3,stt:t3350,stt00470,map00470
P0A1F3,stt:t3350,stt01100,map01100
P0A1F3,stt:t3350,stt01110,map01110
P0A1F3,stt:t3350,stt01120,map01120
P0A1F3,stt:t3350,stt01230,map01230
P0A1F3,sty:STY3612,sty00300,map00300
P0A1F3,sty:STY3612,sty00470,map00470
P0A1F3,sty:STY3612,sty01100,map01100
P0A1F3,sty:STY3612,sty01110,map01110
P0A1F3,sty:STY3612,sty01120,map01120
P0A1F3,sty:STY3612,sty01230,map01230
P0A1F7,stt:t3329,stt00240,map00240
P0A1F7,stt:t3329,stt01100,map01100
P0A1F7,stt:t3329,stt01232,map01232
P0A1F7,sty:STY3591,sty00240,map00240
P0A1F7,sty:STY3591,sty01100,map01100
P0A1F7,sty:STY3591,sty01232,map01232
P0A1H0,stt:t2601,stt03030,map03030
P0A1H0,stt:t2601,stt03430,map03430
P0A1H0,stt:t2601,stt03440,map03440
P0A1H0,sty:STY0285,sty03030,map03030
P0A1H0,sty:STY0285,sty03430,map03430
P0A1H0,sty:STY0285,sty03440,map03440
P0A1I0,stt:t0228,stt00061,map00061
P0A1I0,stt:t0228,stt00780,map00780
P0A1I0,stt:t0228,stt01100,map01100
P0A1I0,stt:t0228,stt01212,map01212
P0A1I0,stt:t0228,stt01240,map01240
P0A1I0,sty:STY0250,sty00061,map00061
P0A1I0,sty:STY0250,sty00780,map00780
P0A1I0,sty:STY0250,sty01100,map01100
P0A1I0,sty:STY0250,sty01212,map01212
P0A1I0,sty:STY0250,sty01240,map01240
P0A1K0,stt:t0907,stt02030,map02030
P0A1K0,stt:t0907,stt02040,map02040
P0A1K0,sty:STY2178,sty02030,map02030
P0A1K0,sty:STY2178,sty02040,map02040
P0A1N9,stt:t1740,stt02040,map02040
P0A1N9,sty:STY1219,sty02040,map02040
P0A1P1,stt:t1169,stt00010,map00010
P0A1P1,stt:t1169,stt00710,map00710
P0A1P1,stt:t1169,stt01100,map01100
P0A1P1,stt:t1169,stt01110,map01110
P0A1P1,stt:t1169,stt01120,map01120
P0A1P1,stt:t1169,stt01200,map01200
P0A1P1,stt:t1169,stt01230,map01230
P0A1P1,stt:t1169,stt05132,map05132
P0A1P1,sty:STY1825,sty00010,map00010
P0A1P1,sty:STY1825,sty00710,map00710
P0A1P1,sty:STY1825,sty01100,map01100
P0A1P1,sty:STY1825,sty01110,map01110
P0A1P1,sty:STY1825,sty01120,map01120
P0A1P1,sty:STY1825,sty01200,map01200
P0A1P1,sty:STY1825,sty01230,map01230
P0A1P1,sty:STY1825,sty05132,map05132
P0A1P3,stt:t3819,stt00564,map00564
P0A1P3,stt:t3819,stt01100,map01100
P0A1P3,stt:t3819,stt01110,map01110
P0A1P3,sty:STY4095,sty00564,map00564
P0A1P3,sty:STY4095,sty01100,map01100
P0A1P3,sty:STY4095,sty01110,map01110
P0A1Q1,stt:t0949,stt00500,map00500
P0A1Q1,stt:t0949,stt01100,map01100
P0A1Q1,stt:t0949,stt01110,map01110
P0A1Q1,sty:STY2137,sty00500,map00500
P0A1Q1,sty:STY2137,sty01100,map01100
P0A1Q1,sty:STY2137,sty01110,map01110
P0A1Q3,stt:t1303,stt00620,map00620
P0A1Q3,stt:t1303,stt01100,map01100
P0A1Q3,sty:STY1687,sty00620,map00620
P0A1Q3,sty:STY1687,sty01100,map01100
P0A1Q5,stt:t4152,stt03030,map03030
P0A1Q5,sty:STY4442,sty03030,map03030
P0A1Q7,stt:t1099,stt00860,map00860
P0A1Q7,stt:t1099,stt01100,map01100
P0A1Q7,stt:t1099,stt01110,map01110
P0A1Q7,stt:t1099,stt01120,map01120
P0A1Q7,stt:t1099,stt01240,map01240
P0A1Q7,sty:STY1902,sty00860,map00860
P0A1Q7,sty:STY1902,sty01100,map01100
P0A1Q7,sty:STY1902,sty01110,map01110
P0A1Q7,sty:STY1902,sty01120,map01120
P0A1Q7,sty:STY1902,sty01240,map01240
P0A1Q9,stt:t3359,stt00860,map00860
P0A1Q9,stt:t3359,stt01100,map01100
P0A1Q9,stt:t3359,stt01110,map01110
P0A1Q9,stt:t3359,stt01120,map01120
P0A1Q9,stt:t3359,stt01240,map01240
P0A1Q9,sty:STY3621,sty00860,map00860
P0A1Q9,sty:STY3621,sty01100,map01100
P0A1Q9,sty:STY3621,sty01110,map01110
P0A1Q9,sty:STY3621,sty01120,map01120
P0A1Q9,sty:STY3621,sty01240,map01240
P0A1R1,stt:t4412,stt02024,map02024
P0A1R1,stt:t4412,stt03018,map03018
P0A1R1,sty:STY4718,sty02024,map02024
P0A1R1,sty:STY4718,sty03018,map03018
P0A1R3,stt:t0796,stt00340,map00340
P0A1R3,stt:t0796,stt01100,map01100
P0A1R3,stt:t0796,stt01110,map01110
P0A1R3,stt:t0796,stt01230,map01230
P0A1R3,sty:STY2286,sty00340,map00340
P0A1R3,sty:STY2286,sty01100,map01100
P0A1R3,sty:STY2286,sty01110,map01110
P0A1R3,sty:STY2286,sty01230,map01230
P0A1R5,stt:t0798,stt00340,map00340
P0A1R5,stt:t0798,stt01100,map01100
P0A1R5,stt:t0798,stt01110,map01110
P0A1R5,stt:t0798,stt01230,map01230
P0A1R5,sty:STY2284,sty00340,map00340
P0A1R5,sty:STY2284,sty01100,map01100
P0A1R5,sty:STY2284,sty01110,map01110
P0A1R5,sty:STY2284,sty01230,map01230
P0A1V5,stt:t2372,stt00230,map00230
P0A1V5,stt:t2372,stt00730,map00730
P0A1V5,stt:t2372,stt01100,map01100
P0A1V5,stt:t2372,stt01110,map01110
P0A1V5,stt:t2372,stt01232,map01232
P0A1V5,stt:t2372,stt01240,map01240
P0A1V5,sty:STY0532,sty00230,map00230
P0A1V5,sty:STY0532,sty00730,map00730
P0A1V5,sty:STY0532,sty01100,map01100
P0A1V5,sty:STY0532,sty01110,map01110
P0A1V5,sty:STY0532,sty01232,map01232
P0A1V5,sty:STY0532,sty01240,map01240
P0A1X5,stt:t0227,stt00540,map00540
P0A1X5,stt:t0227,stt01100,map01100
P0A1X5,sty:STY0249,sty00540,map00540
P0A1X5,sty:STY0249,sty01100,map01100
P0A1Y3,stt:t0306,stt00920,map00920
P0A1Y3,stt:t0306,stt01100,map01100
P0A1Y3,stt:t0306,stt01120,map01120
P0A1Y3,sty:STY2796,sty00920,map00920
P0A1Y3,sty:STY2796,sty01100,map01100
P0A1Y3,sty:STY2796,sty01120,map01120
P0A1Y7,stt:t0538,stt00190,map00190
P0A1Y7,stt:t0538,stt01100,map01100
P0A1Y7,sty:STY2556,sty00190,map00190
P0A1Y7,sty:STY2556,sty01100,map01100
P0A1Y9,stt:t0539,stt00190,map00190
P0A1Y9,stt:t0539,stt01100,map01100
P0A1Y9,sty:STY2555,sty00190,map00190
P0A1Y9,sty:STY2555,sty01100,map01100
P0A1Z5,stt:t4495,stt00240,map00240
P0A1Z5,stt:t4495,stt00250,map00250
P0A1Z5,stt:t4495,stt01100,map01100
P0A1Z5,stt:t4495,stt01240,map01240
P0A1Z5,sty:STY4800,sty00240,map00240
P0A1Z5,sty:STY4800,sty00250,map00250
P0A1Z5,sty:STY4800,sty01100,map01100
P0A1Z5,sty:STY4800,sty01240,map01240
P0A250,stt:t0425,stt02060,map02060
P0A258,stt:t3094,stt00561,map00561
P0A258,stt:t3094,stt00564,map00564
P0A258,stt:t3094,stt01100,map01100
P0A258,stt:t3094,stt01110,map01110
P0A258,sty:STY3350,sty00561,map00561
P0A258,sty:STY3350,sty00564,map00564
P0A258,sty:STY3350,sty01100,map01100
P0A258,sty:STY3350,sty01110,map01110
P0A260,stt:t1728,stt00561,map00561
P0A260,stt:t1728,stt01100,map01100
P0A260,stt:t1728,stt01110,map01110
P0A260,sty:STY1231,sty00561,map00561
P0A260,sty:STY1231,sty01100,map01100
P0A260,sty:STY1231,sty01110,map01110
P0A264,stt:t0597,stt01501,map01501
P0A264,stt:t0597,stt02020,map02020
P0A264,sty:STY2493,sty01501,map01501
P0A264,sty:STY2493,sty02020,map02020
P0A284,stt:t0424,stt00010,map00010
P0A284,stt:t0424,stt00500,map00500
P0A284,stt:t0424,stt00520,map00520
P0A284,stt:t0424,stt01100,map01100
P0A284,stt:t0424,stt02060,map02060
P0A284,sty:STY2670,sty00010,map00010
P0A284,sty:STY2670,sty00500,map00500
P0A284,sty:STY2670,sty00520,map00520
P0A284,sty:STY2670,sty01100,map01100
P0A284,sty:STY2670,sty02060,map02060
P0A292,stt:t4022,stt03430,map03430
P0A292,sty:STY4312,sty03430,map03430
P0A296,stt:t3380,stt03018,map03018
P0A296,sty:STY3638,sty03018,map03018
P0A2C0,stt:t2602,stt03030,map03030
P0A2C0,sty:STY0284,sty03030,map03030
P0A2C2,stt:t0231,stt03030,map03030
P0A2C2,sty:STY0253,sty03030,map03030
P0A2D0,stt:t1725,stt00061,map00061
P0A2D0,stt:t1725,stt00780,map00780
P0A2D0,stt:t1725,stt01100,map01100
P0A2D0,stt:t1725,stt01110,map01110
P0A2D0,stt:t1725,stt01212,map01212
P0A2D0,stt:t1725,stt01240,map01240
P0A2D0,sty:STY1234,sty00061,map00061
P0A2D0,sty:STY1234,sty00780,map00780
P0A2D0,sty:STY1234,sty01100,map01100
P0A2D0,sty:STY1234,sty01110,map01110
P0A2D0,sty:STY1234,sty01212,map01212
P0A2D0,sty:STY1234,sty01240,map01240
P0A2E0,stt:t3615,stt02020,map02020
P0A2E0,sty:STY3875,sty02020,map02020
P0A2E2,stt:t0301,stt00260,map00260
P0A2E2,stt:t0301,stt00460,map00460
P0A2E2,stt:t0301,stt00630,map00630
P0A2E2,stt:t0301,stt00670,map00670
P0A2E2,stt:t0301,stt00680,map00680
P0A2E2,stt:t0301,stt01100,map01100
P0A2E2,stt:t0301,stt01110,map01110
P0A2E2,stt:t0301,stt01120,map01120
P0A2E2,stt:t0301,stt01200,map01200
P0A2E2,stt:t0301,stt01230,map01230
P0A2E2,stt:t0301,stt01240,map01240
P0A2E2,stt:t0301,stt04981,map04981
P0A2E2,sty:STY2802,sty00260,map00260
P0A2E2,sty:STY2802,sty00460,map00460
P0A2E2,sty:STY2802,sty00630,map00630
P0A2E2,sty:STY2802,sty00670,map00670
P0A2E2,sty:STY2802,sty00680,map00680
P0A2E2,sty:STY2802,sty01100,map01100
P0A2E2,sty:STY2802,sty01110,map01110
P0A2E2,sty:STY2802,sty01120,map01120
P0A2E2,sty:STY2802,sty01200,map01200
P0A2E2,sty:STY2802,sty01230,map01230
P0A2E2,sty:STY2802,sty01240,map01240
P0A2E2,sty:STY2802,sty04981,map04981
P0A2E4,stt:t3131,stt02040,map02040
P0A2E4,sty:STY3390,sty02040,map02040
P0A2H2,stt:t0843,stt00860,map00860
P0A2H2,stt:t0843,stt01100,map01100
P0A2H2,stt:t0843,stt01240,map01240
P0A2H2,sty:STY2236,sty00860,map00860
P0A2H2,sty:STY2236,sty01100,map01100
P0A2H2,sty:STY2236,sty01240,map01240
P0A2H8,stt:t3316,stt00071,map00071
P0A2H8,stt:t3316,stt00280,map00280
P0A2H8,stt:t3316,stt00362,map00362
P0A2H8,stt:t3316,stt00592,map00592
P0A2H8,stt:t3316,stt00907,map00907
P0A2H8,stt:t3316,stt00984,map00984
P0A2H8,stt:t3316,stt01100,map01100
P0A2H8,stt:t3316,stt01110,map01110
P0A2H8,stt:t3316,stt01120,map01120
P0A2H8,stt:t3316,stt01212,map01212
P0A2H8,sty:STY3578,sty00071,map00071
P0A2H8,sty:STY3578,sty00280,map00280
P0A2H8,sty:STY3578,sty00362,map00362
P0A2H8,sty:STY3578,sty00592,map00592
P0A2H8,sty:STY3578,sty00907,map00907
P0A2H8,sty:STY3578,sty00984,map00984
P0A2H8,sty:STY3578,sty01100,map01100
P0A2H8,sty:STY3578,sty01110,map01110
P0A2H8,sty:STY3578,sty01120,map01120
P0A2H8,sty:STY3578,sty01212,map01212
P0A2J2,stt:t3959,stt02010,map02010
P0A2J2,stt:t3959,stt02024,map02024
P0A2J2,sty:STY4249,sty02010,map02010
P0A2J2,sty:STY4249,sty02024,map02024
P0A2K4,stt:t0442,stt00860,map00860
P0A2K4,stt:t0442,stt00970,map00970
P0A2K4,stt:t0442,stt01100,map01100
P0A2K4,stt:t0442,stt01110,map01110
P0A2K4,stt:t0442,stt01120,map01120
P0A2K4,stt:t0442,stt01240,map01240
P0A2K4,sty:STY2654,sty00860,map00860
P0A2K4,sty:STY2654,sty00970,map00970
P0A2K4,sty:STY2654,sty01100,map01100
P0A2K4,sty:STY2654,sty01110,map01110
P0A2K4,sty:STY2654,sty01120,map01120
P0A2K4,sty:STY2654,sty01240,map01240
P0A2K6,stt:t3327,stt00130,map00130
P0A2K6,stt:t3327,stt01100,map01100
P0A2K6,stt:t3327,stt01110,map01110
P0A2K6,stt:t3327,stt01240,map01240
P0A2K6,sty:STY3589,sty00130,map00130
P0A2K6,sty:STY3589,sty01100,map01100
P0A2K6,sty:STY3589,sty01110,map01110
P0A2K6,sty:STY3589,sty01240,map01240
P0A2K8,stt:t0774,stt00040,map00040
P0A2K8,stt:t0774,stt00052,map00052
P0A2K8,stt:t0774,stt00500,map00500
P0A2K8,stt:t0774,stt00520,map00520
P0A2K8,stt:t0774,stt00541,map00541
P0A2K8,stt:t0774,stt01100,map01100
P0A2K8,stt:t0774,stt01110,map01110
P0A2K8,stt:t0774,stt01120,map01120
P0A2K8,stt:t0774,stt01240,map01240
P0A2K8,stt:t0774,stt01250,map01250
P0A2K8,sty:STY2308,sty00040,map00040
P0A2K8,sty:STY2308,sty00052,map00052
P0A2K8,sty:STY2308,sty00500,map00500
P0A2K8,sty:STY2308,sty00520,map00520
P0A2K8,sty:STY2308,sty00541,map00541
P0A2K8,sty:STY2308,sty01100,map01100
P0A2K8,sty:STY2308,sty01110,map01110
P0A2K8,sty:STY2308,sty01120,map01120
P0A2K8,sty:STY2308,sty01240,map01240
P0A2K8,sty:STY2308,sty01250,map01250
P0A2M6,stt:t0359,stt00240,map00240
P0A2M6,stt:t0359,stt01100,map01100
P0A2M6,stt:t0359,stt01232,map01232
P0A2M6,sty:STY2739,sty00240,map00240
P0A2M6,sty:STY2739,sty01100,map01100
P0A2M6,sty:STY2739,sty01232,map01232
P0A2P1,stt:t3382,stt03018,map03018
P0A2P1,sty:STY3640,sty03018,map03018
P0A2P3,stt:t4024,stt00970,map00970
P0A2P3,sty:STY4315,sty00970,map00970
P0A2R5,stt:t3473,stt03020,map03020
P0A2R5,sty:STY3731,sty03020,map03020
P0A6B2,stt:t1724,stt01100,map01100
P0A6B2,stt:t1724,stt01110,map01110
P0A6B2,sty:STY1235,sty01100,map01100
P0A6B2,sty:STY1235,sty01110,map01110
P0A7S7,stt:t4057,stt03010,map03010
P0A7S7,sty:STY4350,sty03010,map03010
P0A7W5,stt:t4082,stt03010,map03010
P0A7W5,sty:STY4375,sty03010,map03010
P0A7Z8,stt:t4090,stt03020,map03020
P0A7Z8,sty:STY4383,sty03020,map03020
P0AA20,stt:t4004,stt02020,map02020
P0AA20,sty:STY4294,sty02020,map02020
P0AA29,stt:t3381,stt05132,map05132
P0AA29,sty:STY3639,sty05132,map05132
P16280,stt:t0480,stt00400,map00400
P16280,stt:t0480,stt01100,map01100
P16280,stt:t0480,stt01110,map01110
P16280,stt:t0480,stt01230,map01230
P16280,sty:STY2616,sty00400,map00400
P16280,sty:STY2616,sty01100,map01100
P16280,sty:STY2616,sty01110,map01110
P16280,sty:STY2616,sty01230,map01230
P19786,stt:t1956,stt00400,map00400
P19786,stt:t1956,stt01100,map01100
P19786,stt:t1956,stt01110,map01110
P19786,stt:t1956,stt01230,map01230
P19786,sty:STY0978,sty00400,map00400
P19786,sty:STY0978,sty01100,map01100
P19786,sty:STY0978,sty01110,map01110
P19786,sty:STY0978,sty01230,map01230
P41406,stt:t4005,stt02020,map02020
P41406,sty:STY4295,sty02020,map02020
P43110,stt:t4346,stt02010,map02010
P43110,sty:STY4653,sty02010,map02010
P43111,stt:t4345,stt02010,map02010
P43111,sty:STY4652,sty02010,map02010
P58485,stt:t0557,stt00130,map00130
P58485,stt:t0557,stt01100,map01100
P58485,stt:t0557,stt01110,map01110
P58485,stt:t0557,stt01240,map01240
P58485,sty:STY2536,sty00130,map00130
P58485,sty:STY2536,sty01100,map01100
P58485,sty:STY2536,sty01110,map01110
P58485,sty:STY2536,sty01240,map01240
P58539,stt:t0106,stt00040,map00040
P58539,stt:t0106,stt00052,map00052
P58539,stt:t0106,stt01100,map01100
P58539,sty:STY0119,sty00040,map00040
P58539,sty:STY0119,sty00052,map00052
P58539,sty:STY0119,sty01100,map01100
P58581,stt:t3007,stt00270,map00270
P58581,stt:t3007,stt00480,map00480
P58581,stt:t3007,stt01100,map01100
P58581,stt:t3007,stt01240,map01240
P58581,sty:STY3248,sty00270,map00270
P58581,sty:STY3248,sty00480,map00480
P58581,sty:STY3248,sty01100,map01100
P58581,sty:STY3248,sty01240,map01240
P58631,stt:t3286,stt00240,map00240
P58631,stt:t3286,stt01100,map01100
P58631,stt:t3286,stt01232,map01232
P58631,sty:STY3551,sty00240,map00240
P58631,sty:STY3551,sty01100,map01100
P58631,sty:STY3551,sty01232,map01232
P58643,stt:t1620,stt00240,map00240
P58643,stt:t1620,stt01100,map01100
P58643,stt:t1620,stt01240,map01240
P58643,sty:STY1344,sty00240,map00240
P58643,sty:STY1344,sty01100,map01100
P58643,sty:STY1344,sty01240,map01240
P58652,stt:t2224,stt00860,map00860
P58652,stt:t2224,stt01100,map01100
P58652,stt:t2224,stt01240,map01240
P58652,sty:STY0694,sty00860,map00860
P58652,sty:STY0694,sty01100,map01100
P58652,sty:STY0694,sty01240,map01240
P58670,stt:t0333,stt00900,map00900
P58670,stt:t0333,stt01100,map01100
P58670,stt:t0333,stt01110,map01110
P58670,sty:STY2768,sty00900,map00900
P58670,sty:STY2768,sty01100,map01100
P58670,sty:STY2768,sty01110,map01110
P58678,stt:t0051,stt00900,map00900
P58678,stt:t0051,stt01100,map01100
P58678,stt:t0051,stt01110,map01110
P58678,sty:STY0058,sty00900,map00900
P58678,sty:STY0058,sty01100,map01100
P58678,sty:STY0058,sty01110,map01110
P58715,stt:t0094,stt00750,map00750
P58715,stt:t0094,stt01100,map01100
P58715,stt:t0094,stt01240,map01240
P58715,sty:STY0106,sty00750,map00750
P58715,sty:STY0106,sty01100,map01100
P58715,sty:STY0106,sty01240,map01240
P64077,stt:t2853,stt00010,map00010
P64077,stt:t2853,stt00680,map00680
P64077,stt:t2853,stt01100,map01100
P64077,stt:t2853,stt01110,map01110
P64077,stt:t2853,stt01120,map01120
P64077,stt:t2853,stt01200,map01200
P64077,stt:t2853,stt01230,map01230
P64077,stt:t2853,stt03018,map03018
P64077,sty:STY3081,sty00010,map00010
P64077,sty:STY3081,sty00680,map00680
P64077,sty:STY3081,sty01100,map01100
P64077,sty:STY3081,sty01110,map01110
P64077,sty:STY3081,sty01120,map01120
P64077,sty:STY3081,sty01200,map01200
P64077,sty:STY3081,sty01230,map01230
P64077,sty:STY3081,sty03018,map03018
P64106,stt:t1853,stt00061,map00061
P64106,stt:t1853,stt01100,map01100
P64106,stt:t1853,stt01212,map01212
P64106,sty:STY1088,sty00061,map00061
P64106,sty:STY1088,sty01100,map01100
P64106,sty:STY1088,sty01212,map01212
P64210,stt:t0662,stt00790,map00790
P64210,stt:t0662,stt01100,map01100
P64210,stt:t0662,stt01240,map01240
P64210,sty:STY2427,sty00790,map00790
P64210,sty:STY2427,sty01100,map01100
P64210,sty:STY2427,sty01240,map01240
P65387,stt:t2085,stt00790,map00790
P65387,stt:t2085,stt01100,map01100
P65387,stt:t2085,stt01240,map01240
P65387,stt:t2085,stt04122,map04122
P65387,sty:STY0836,sty00790,map00790
P65387,sty:STY0836,sty01100,map01100
P65387,sty:STY0836,sty01240,map01240
P65387,sty:STY0836,sty04122,map04122
P65399,stt:t2081,stt00790,map00790
P65399,stt:t2081,stt01100,map01100
P65399,stt:t2081,stt01240,map01240
P65399,stt:t2081,stt04122,map04122
P65399,sty:STY0840,sty00790,map00790
P65399,sty:STY0840,sty01100,map01100
P65399,sty:STY0840,sty01240,map01240
P65399,sty:STY0840,sty04122,map04122
P65455,stt:t3224,stt00520,map00520
P65455,stt:t3224,stt00550,map00550
P65455,stt:t3224,stt01100,map01100
P65455,stt:t3224,stt01250,map01250
P65455,sty:STY3486,sty00520,map00520
P65455,sty:STY3486,sty00550,map00550
P65455,sty:STY3486,sty01100,map01100
P65455,sty:STY3486,sty01250,map01250
P65535,stt:t0330,stt00230,map00230
P65535,stt:t0330,stt00240,map00240
P65535,stt:t0330,stt01100,map01100
P65535,stt:t0330,stt01110,map01110
P65535,stt:t0330,stt01232,map01232
P65535,stt:t0330,stt01240,map01240
P65535,sty:STY2771,sty00230,map00230
P65535,sty:STY2771,sty00240,map00240
P65535,sty:STY2771,sty01100,map01100
P65535,sty:STY2771,sty01110,map01110
P65535,sty:STY2771,sty01232,map01232
P65535,sty:STY2771,sty01240,map01240
P65663,stt:t0181,stt00410,map00410
P65663,stt:t0181,stt00770,map00770
P65663,stt:t0181,stt01100,map01100
P65663,stt:t0181,stt01110,map01110
P65663,stt:t0181,stt01240,map01240
P65663,sty:STY0198,sty00410,map00410
P65663,sty:STY0198,sty00770,map00770
P65663,sty:STY0198,sty01100,map01100
P65663,sty:STY0198,sty01110,map01110
P65663,sty:STY0198,sty01240,map01240
P65673,stt:t2836,stt00230,map00230
P65673,stt:t2836,stt00261,map00261
P65673,stt:t2836,stt00450,map00450
P65673,stt:t2836,stt00920,map00920
P65673,stt:t2836,stt01100,map01100
P65673,stt:t2836,stt01110,map01110
P65673,stt:t2836,stt01120,map01120
P65673,stt:t2836,stt01320,map01320
P65673,sty:STY3060,sty00230,map00230
P65673,sty:STY3060,sty00261,map00261
P65673,sty:STY3060,sty00450,map00450
P65673,sty:STY3060,sty00920,map00920
P65673,sty:STY3060,sty01100,map01100
P65673,sty:STY3060,sty01110,map01110
P65673,sty:STY3060,sty01120,map01120
P65673,sty:STY3060,sty01320,map01320
P65703,stt:t2988,stt00010,map00010
P65703,stt:t2988,stt00710,map00710
P65703,stt:t2988,stt01100,map01100
P65703,stt:t2988,stt01110,map01110
P65703,stt:t2988,stt01120,map01120
P65703,stt:t2988,stt01200,map01200
P65703,stt:t2988,stt01230,map01230
P65703,sty:STY3227,sty00010,map00010
P65703,sty:STY3227,sty00710,map00710
P65703,sty:STY3227,sty01100,map01100
P65703,sty:STY3227,sty01110,map01110
P65703,sty:STY3227,sty01120,map01120
P65703,sty:STY3227,sty01200,map01200
P65703,sty:STY3227,sty01230,map01230
P65749,stt:t4468,stt00190,map00190
P65749,sty:STY4773,sty00190,map00190
P65775,stt:t2637,stt00760,map00760
P65775,stt:t2637,stt01100,map01100
P65775,stt:t2637,stt01240,map01240
P65775,sty:STY2869,sty00760,map00760
P65775,sty:STY2869,sty01100,map01100
P65775,sty:STY2869,sty01240,map01240
P65793,stt:t2529,stt00330,map00330
P65793,stt:t2529,stt00332,map00332
P65793,stt:t2529,stt01100,map01100
P65793,stt:t2529,stt01110,map01110
P65793,stt:t2529,stt01230,map01230
P65793,sty:STY0366,sty00330,map00330
P65793,sty:STY0366,sty00332,map00332
P65793,sty:STY0366,sty01100,map01100
P65793,sty:STY0366,sty01110,map01110
P65793,sty:STY0366,sty01230,map01230
P65883,stt:t4417,stt00230,map00230
P65883,stt:t4417,stt00250,map00250
P65883,stt:t4417,stt01100,map01100
P65883,stt:t4417,stt01232,map01232
P65883,stt:t4417,stt01240,map01240
P65883,sty:STY4723,sty00230,map00230
P65883,sty:STY4723,sty00250,map00250
P65883,sty:STY4723,sty01100,map01100
P65883,sty:STY4723,sty01232,map01232
P65883,sty:STY4723,sty01240,map01240
P65934,stt:t0219,stt00240,map00240
P65934,stt:t0219,stt01100,map01100
P65934,stt:t0219,stt01232,map01232
P65934,stt:t0219,stt01240,map01240
P65934,sty:STY0241,sty00240,map00240
P65934,sty:STY0241,sty01100,map01100
P65934,sty:STY0241,sty01232,map01232
P65934,sty:STY0241,sty01240,map01240
P65978,stt:t2730,stt03440,map03440
P65978,sty:STY2950,sty03440,map03440
P66009,stt:t3499,stt00760,map00760
P66009,stt:t3499,stt01100,map01100
P66009,sty:STY3748,sty00760,map00760
P66009,sty:STY3748,sty01100,map01100
P66031,stt:t1624,stt00740,map00740
P66031,stt:t1624,stt00790,map00790
P66031,stt:t1624,stt01100,map01100
P66031,stt:t1624,stt01110,map01110
P66031,stt:t1624,stt01240,map01240
P66031,stt:t1624,stt02024,map02024
P66031,sty:STY1340,sty00740,map00740
P66031,sty:STY1340,sty00790,map00790
P66031,sty:STY1340,sty01100,map01100
P66031,sty:STY1340,sty01110,map01110
P66031,sty:STY1340,sty01240,map01240
P66031,sty:STY1340,sty02024,map02024
P66033,stt:t3115,stt00740,map00740
P66033,stt:t3115,stt01100,map01100
P66033,stt:t3115,stt01110,map01110
P66033,stt:t3115,stt01240,map01240
P66033,sty:STY3373,sty00740,map00740
P66033,sty:STY3373,sty01100,map01100
P66033,sty:STY3373,sty01110,map01110
P66033,sty:STY3373,sty01240,map01240
P66039,stt:t2446,stt00740,map00740
P66039,stt:t2446,stt01100,map01100
P66039,stt:t2446,stt01110,map01110
P66039,stt:t2446,stt01240,map01240
P66039,sty:STY0456,sty00740,map00740
P66039,sty:STY0456,sty01100,map01100
P66039,sty:STY0456,sty01110,map01110
P66039,sty:STY0456,sty01240,map01240
P66693,stt:t2981,stt00030,map00030
P66693,stt:t2981,stt00710,map00710
P66693,stt:t2981,stt01100,map01100
P66693,stt:t2981,stt01110,map01110
P66693,stt:t2981,stt01120,map01120
P66693,stt:t2981,stt01200,map01200
P66693,stt:t2981,stt01230,map01230
P66693,sty:STY3219,sty00030,map00030
P66693,sty:STY3219,sty00710,map00710
P66693,sty:STY3219,sty01100,map01100
P66693,sty:STY3219,sty01110,map01110
P66693,sty:STY3219,sty01120,map01120
P66693,sty:STY3219,sty01200,map01200
P66693,sty:STY3219,sty01230,map01230
P66756,stt:t0983,stt03440,map03440
P66756,sty:STY2102,sty03440,map03440
P66763,stt:t0979,stt03440,map03440
P66763,sty:STY2106,sty03440,map03440
P66765,stt:t3002,stt00270,map00270
P66765,stt:t3002,stt00670,map00670
P66765,stt:t3002,stt00999,map00999
P66765,stt:t3002,stt01100,map01100
P66765,stt:t3002,stt01110,map01110
P66765,stt:t3002,stt01230,map01230
P66765,stt:t3002,stt01240,map01240
P66765,sty:STY3243,sty00270,map00270
P66765,sty:STY3243,sty00670,map00670
P66765,sty:STY3243,sty00999,map00999
P66765,sty:STY3243,sty01100,map01100
P66765,sty:STY3243,sty01110,map01110
P66765,sty:STY3243,sty01230,map01230
P66765,sty:STY3243,sty01240,map01240
P66870,stt:t2138,stt00020,map00020
P66870,stt:t2138,stt00640,map00640
P66870,stt:t2138,stt00660,map00660
P66870,stt:t2138,stt00720,map00720
P66870,stt:t2138,stt01100,map01100
P66870,stt:t2138,stt01110,map01110
P66870,stt:t2138,stt01120,map01120
P66870,stt:t2138,stt01200,map01200
P66870,sty:STY0781,sty00020,map00020
P66870,sty:STY0781,sty00640,map00640
P66870,sty:STY0781,sty00660,map00660
P66870,sty:STY0781,sty00720,map00720
P66870,sty:STY0781,sty01100,map01100
P66870,sty:STY0781,sty01110,map01110
P66870,sty:STY0781,sty01120,map01120
P66870,sty:STY0781,sty01200,map01200
P66882,stt:t2828,stt00230,map00230
P66882,stt:t2828,stt00240,map00240
P66882,stt:t2828,stt00760,map00760
P66882,stt:t2828,stt01100,map01100
P66882,stt:t2828,stt01110,map01110
P66882,stt:t2828,stt01232,map01232
P66882,sty:STY3052,sty00230,map00230
P66882,sty:STY3052,sty00240,map00240
P66882,sty:STY3052,sty00760,map00760
P66882,sty:STY3052,sty01100,map01100
P66882,sty:STY3052,sty01110,map01110
P66882,sty:STY3052,sty01232,map01232
