disease_name,uniprot_id
Pertussis,P04977
Pertussis,P0DKX7
Pertussis,P14283
Pertussis,P16575
Pertussis,Q7VYU0
Pertussis,P04978
Pertussis,P0A3I5
Pertussis,P35077
Pertussis,P41399
Pertussis,Q45338
Pertussis,Q45340
Pertussis,Q7TTP0
Pertussis,Q7VT27
Pertussis,Q7VUH1
Pertussis,Q7VW76
Pertussis,Q7VWK8
Pertussis,Q7VXX8
Pertussis,Q7VYK4
Pertussis,Q7VZ77
Pertussis,Q7VZU4
Pertussis,P04979
Pertussis,P04981
Pertussis,P0A323
Pertussis,P0A339
Pertussis,P0A3R5
Pertussis,P0A448
Pertussis,P0A4E5
Pertussis,P0A4H2
Pertussis,P0A4U8
Pertussis,P0DKX5
Pertussis,P0DKX8
Pertussis,P12421
Pertussis,P48210
Pertussis,P53642
Pertussis,P56865
Pertussis,P61034
Pertussis,P65622
Pertussis,P67678
Pertussis,P81549
Pertussis,Q04064
Pertussis,Q7TT91
Pertussis,Q7U358
Pertussis,Q7U359
Pertussis,Q7U363
Pertussis,Q7U365
Pertussis,Q7U366
Pertussis,Q7VRX7
Pertussis,Q7VRX8
Pertussis,Q7VRY0
Pertussis,Q7VRY3
Pertussis,Q7VRZ3
Pertussis,Q7VS43
Pertussis,Q7VS47
Pertussis,Q7VS76
Pertussis,Q7VS95
Pertussis,Q7VSA0
Pertussis,Q7VSE0
Pertussis,Q7VSE8
Pertussis,Q7VSF4
Pertussis,Q7VSH3
Pertussis,Q7VSM2
Pertussis,Q7VSN4
Pertussis,Q7VSR5
Pertussis,Q7VSU7
Pertussis,Q7VSV1
Pertussis,Q7VSV5
Pertussis,Q7VSW3
Pertussis,Q7VSX3
Pertussis,Q7VSX5
Pertussis,Q7VSX6
Pertussis,Q7VSX7
Pertussis,Q7VSX8
Pertussis,Q7VSX9
Pertussis,Q7VSY5
Pertussis,Q7VSY6
Pertussis,Q7VSY8
Pertussis,Q7VSZ1
Pertussis,Q7VSZ3
Pertussis,Q7VT61
Pertussis,Q7VT71
Pertussis,Q7VT93
Pertussis,Q7VT94
Pertussis,Q7VTE5
Pertussis,Q7VTJ7
Pertussis,Q7VTJ8
Pertussis,Q7VTJ9
Pertussis,Q7VTN4
Pertussis,Q7VTP4
Pertussis,Q7VTR9
Pertussis,Q7VTT6
Pertussis,Q7VTU0
Pertussis,Q7VU11
Pertussis,Q7VU12
Pertussis,Q7VU32
Pertussis,Q7VU41
Pertussis,Q7VU44
Pertussis,Q7VU46
Pertussis,Q7VU56
Pertussis,Q7VU66
Pertussis,Q7VU72
Pertussis,Q7VUD3
Pertussis,Q7VUE3
Pertussis,Q7VUE5
Pertussis,Q7VUF4
Pertussis,Q7VUG2
Pertussis,Q7VUG7
Pertussis,Q7VUH0
Pertussis,Q7VUH3
Pertussis,Q7VUJ5
Pertussis,Q7VUJ9
Pertussis,Q7VUK0
Pertussis,Q7VUL5
Pertussis,Q7VUL8
Pertussis,Q7VUN6
Pertussis,Q7VUP6
Pertussis,Q7VUQ0
Pertussis,Q7VUQ1
Pertussis,Q7VUQ3
Pertussis,Q7VUQ4
Pertussis,Q7VUQ5
Pertussis,Q7VUQ9
Pertussis,Q7VUR2
Pertussis,Q7VUS0
Pertussis,Q7VUS1
Pertussis,Q7VUS7
Pertussis,Q7VUU5
Pertussis,Q7VUW0
Pertussis,Q7VUW3
Pertussis,Q7VUW5
Pertussis,Q7VUW7
Pertussis,Q7VV53
Pertussis,Q7VV72
Pertussis,Q7VV87
Pertussis,Q7VVF1
Pertussis,Q7VVF8
Pertussis,Q7VVJ8
Pertussis,Q7VVM4
Pertussis,Q7VVR4
Pertussis,Q7VVR5
Pertussis,Q7VVR6
Pertussis,Q7VVU3
Pertussis,Q7VVU5
Pertussis,Q7VVU9
Pertussis,Q7VVW3
Pertussis,Q7VVX6
Pertussis,Q7VVX8
Pertussis,Q7VVY3
Pertussis,Q7VW08
Pertussis,Q7VW28
Pertussis,Q7VW29
Pertussis,Q7VW39
Pertussis,Q7VW40
Pertussis,Q7VW48
Pertussis,Q7VW79
Pertussis,Q7VW80
Pertussis,Q7VWC1
Pertussis,Q7VWD8
Pertussis,Q7VWE3
Pertussis,Q7VWE7
Pertussis,Q7VWH8
Pertussis,Q7VWK6
Pertussis,Q7VWK7
Pertussis,Q7VWL0
Pertussis,Q7VWM1
Pertussis,Q7VWP1
Pertussis,Q7VWV5
Pertussis,Q7VWV8
Pertussis,Q7VWW0
Pertussis,Q7VX46
Pertussis,Q7VX83
Pertussis,Q7VX94
Pertussis,Q7VX96
Pertussis,Q7VX99
Pertussis,Q7VXA0
Pertussis,Q7VXE1
Pertussis,Q7VXF8
Pertussis,Q7VXH4
Pertussis,Q7VXI6
Pertussis,Q7VXI7
Pertussis,Q7VXI8
Pertussis,Q7VXJ5
Pertussis,Q7VXK3
Pertussis,Q7VXM6
Pertussis,Q7VXN2
Pertussis,Q7VXN3
Pertussis,Q7VXN4
Pertussis,Q7VXY3
Pertussis,Q7VXZ3
Pertussis,Q7VXZ8
Pertussis,Q7VY62
Pertussis,Q7VY64
Pertussis,Q7VY73
Pertussis,Q7VY75
Pertussis,Q7VY88
Pertussis,Q7VY92
Pertussis,Q7VY99
Pertussis,Q7VYB6
Pertussis,Q7VYB9
Pertussis,Q7VYC4
Pertussis,Q7VYC8
Pertussis,Q7VYD2
Pertussis,Q7VYK0
Pertussis,Q7VYM4
Pertussis,Q7VYN2
Pertussis,Q7VYQ0
Pertussis,Q7VYQ1
Pertussis,Q7VYS2
Pertussis,Q7VYS5
Pertussis,Q7VYS6
Pertussis,Q7VYV6
Pertussis,Q7VZ05
Pertussis,Q7VZ31
Pertussis,Q7VZ37
Pertussis,Q7VZ47
Pertussis,Q7VZ56
Pertussis,Q7VZ59
Pertussis,Q7VZ66
Pertussis,Q7VZ72
Pertussis,Q7VZ79
Pertussis,Q7VZ86
Pertussis,Q7VZ94
Pertussis,Q7VZB8
Pertussis,Q7VZC8
Pertussis,Q7VZE5
Pertussis,Q7VZF5
Pertussis,Q7VZG1
Pertussis,Q7VZG4
Pertussis,Q7VZG7
Pertussis,Q7VZM9
Pertussis,Q7VZN1
Pertussis,Q7VZP5
Pertussis,Q7VZP7
Pertussis,Q7VZP8
Pertussis,Q7VZQ4
Pertussis,Q7VZT5
Pertussis,Q7VZU0
Pertussis,Q7VZX6
Pertussis,Q7VZX7
Pertussis,Q7W001
Pertussis,Q7W006
Pertussis,Q7W022
Pertussis,Q7W039
Pertussis,Q7W044
Pertussis,Q7W049
Pertussis,Q7W050
Pertussis,Q7W069
Pertussis,Q7W089
Pertussis,Q7W0A2
Pertussis,Q7W0A7
Pertussis,Q7W0D1
Pertussis,Q7W0D3
Pertussis,Q7W0D7
Pertussis,Q7W0E3
Pertussis,Q7W0F2
Pertussis,Q7W0F7
Pertussis,Q7W0H1
Pertussis,Q7W0K8
Pertussis,Q7W0K9
Pertussis,Q7W0P6
Pertussis,Q7W0R8
Pertussis,Q9X6Y8
Pertussis,Q9X6Y9
Pertussis,O30444
Pertussis,P05788
Pertussis,P09808
Pertussis,P0A320
Pertussis,P0A3E3
Pertussis,P0A3X2
Pertussis,P0A4C5
Pertussis,P0A4R4
Pertussis,P0DKX9
Pertussis,P0DKY0
Pertussis,P12255
Pertussis,P17835
Pertussis,P33409
Pertussis,P33410
Pertussis,P37369
Pertussis,P40415
Pertussis,P65199
Pertussis,P65852
Pertussis,P66846
Pertussis,P67673
Pertussis,P67690
Pertussis,Q00879
Pertussis,Q08530
Pertussis,Q45388
Pertussis,Q45390
Pertussis,Q45391
Pertussis,Q7U361
Pertussis,Q7VS46
Pertussis,Q7VS51
Pertussis,Q7VS88
Pertussis,Q7VS89
Pertussis,Q7VSD8
Pertussis,Q7VSD9
Pertussis,Q7VSN1
Pertussis,Q7VSN2
Pertussis,Q7VSN3
Pertussis,Q7VST8
Pertussis,Q7VSX4
Pertussis,Q7VSY1
Pertussis,Q7VSY2
Pertussis,Q7VSY4
Pertussis,Q7VSY7
Pertussis,Q7VSY9
Pertussis,Q7VSZ0
Pertussis,Q7VSZ2
Pertussis,Q7VT22
Pertussis,Q7VT92
Pertussis,Q7VT96
Pertussis,Q7VTA1
Pertussis,Q7VTA6
Pertussis,Q7VTA7
Pertussis,Q7VTA8
Pertussis,Q7VTA9
Pertussis,Q7VTB0
Pertussis,Q7VTB2
Pertussis,Q7VTB3
Pertussis,Q7VTB4
Pertussis,Q7VTB5
Pertussis,Q7VTB6
Pertussis,Q7VTB7
Pertussis,Q7VTB8
Pertussis,Q7VTB9
Pertussis,Q7VTC0
Pertussis,Q7VTC1
Pertussis,Q7VTC4
Pertussis,Q7VTC5
Pertussis,Q7VTC6
Pertussis,Q7VTC7
Pertussis,Q7VTC8
Pertussis,Q7VTC9
Pertussis,Q7VTD0
Pertussis,Q7VTD1
Pertussis,Q7VTD2
Pertussis,Q7VTD3
Pertussis,Q7VTD4
Pertussis,Q7VTD5
Pertussis,Q7VTD6
Pertussis,Q7VTD7
Pertussis,Q7VTF0
Pertussis,Q7VTF1
Pertussis,Q7VTF7
Pertussis,Q7VTK0
Pertussis,Q7VTK4
Pertussis,Q7VTM9
Pertussis,Q7VTN3
Pertussis,Q7VTR8
Pertussis,Q7VTT9
Pertussis,Q7VTZ7
Pertussis,Q7VTZ8
Pertussis,Q7VU03
Pertussis,Q7VU13
Pertussis,Q7VU17
Pertussis,Q7VU43
Pertussis,Q7VU45
Pertussis,Q7VU47
Pertussis,Q7VU48
Pertussis,Q7VU50
Pertussis,Q7VU58
Pertussis,Q7VU67
Pertussis,Q7VU93
Pertussis,Q7VU94
Pertussis,Q7VUD0
Pertussis,Q7VUD2
Pertussis,Q7VUD4
Pertussis,Q7VUD5
Pertussis,Q7VUG9
Pertussis,Q7VUH2
Pertussis,Q7VUM8
Pertussis,Q7VUN5
Pertussis,Q7VUP5
Pertussis,Q7VUP7
Pertussis,Q7VUQ6
Pertussis,Q7VUV5
Pertussis,Q7VUV8
Pertussis,Q7VUV9
Pertussis,Q7VUW2
Pertussis,Q7VUW8
Pertussis,Q7VV85
Pertussis,Q7VV88
Pertussis,Q7VV89
Pertussis,Q7VV91
Pertussis,Q7VV92
Pertussis,Q7VVA6
Pertussis,Q7VVB0
Pertussis,Q7VVB2
Pertussis,Q7VVB6
Pertussis,Q7VVC1
Pertussis,Q7VVG6
Pertussis,Q7VVH7
Pertussis,Q7VVH8
Pertussis,Q7VVR1
Pertussis,Q7VVR2
Pertussis,Q7VVR3
Pertussis,Q7VVS6
Pertussis,Q7VVX7
Pertussis,Q7VVY0
Pertussis,Q7VVY2
Pertussis,Q7VVZ9
Pertussis,Q7VW06
Pertussis,Q7VW25
Pertussis,Q7VW27
Pertussis,Q7VW32
Pertussis,Q7VW77
Pertussis,Q7VW97
Pertussis,Q7VWC4
Pertussis,Q7VWE4
Pertussis,Q7VWE6
Pertussis,Q7VWH2
Pertussis,Q7VWL1
Pertussis,Q7VWL3
Pertussis,Q7VWL4
Pertussis,Q7VWL5
Pertussis,Q7VWL6
Pertussis,Q7VWM0
Pertussis,Q7VWM3
Pertussis,Q7VWV7
Pertussis,Q7VWV9
Pertussis,Q7VWY1
Pertussis,Q7VWY2
Pertussis,Q7VWY7
Pertussis,Q7VWZ0
Pertussis,Q7VX16
Pertussis,Q7VX92
Pertussis,Q7VXD2
Pertussis,Q7VXD7
Pertussis,Q7VXD8
Pertussis,Q7VXG7
Pertussis,Q7VXG8
Pertussis,Q7VXJ6
Pertussis,Q7VXZ4
Pertussis,Q7VY01
Pertussis,Q7VY12
Pertussis,Q7VY13
Pertussis,Q7VY42
Pertussis,Q7VY63
Pertussis,Q7VY68
Pertussis,Q7VY74
Pertussis,Q7VYA8
Pertussis,Q7VYB4
Pertussis,Q7VYB7
Pertussis,Q7VYC0
Pertussis,Q7VYC6
Pertussis,Q7VYC7
Pertussis,Q7VYC9
Pertussis,Q7VYD0
Pertussis,Q7VYG2
Pertussis,Q7VYG3
Pertussis,Q7VYI1
Pertussis,Q7VYR1
Pertussis,Q7VYR2
Pertussis,Q7VYR4
Pertussis,Q7VYS4
Pertussis,Q7VYS7
Pertussis,Q7VZ35
Pertussis,Q7VZ81
Pertussis,Q7VZ88
Pertussis,Q7VZ92
Pertussis,Q7VZA1
Pertussis,Q7VZA3
Pertussis,Q7VZD6
Pertussis,Q7VZE0
Pertussis,Q7VZM5
Pertussis,Q7VZN2
Pertussis,Q7VZQ2
Pertussis,Q7VZQ3
Pertussis,Q7VZU1
Pertussis,Q7VZX4
Pertussis,Q7VZX5
Pertussis,Q7W014
Pertussis,Q7W023
Pertussis,Q7W025
Pertussis,Q7W041
Pertussis,Q7W045
Pertussis,Q7W066
Pertussis,Q7W079
Pertussis,Q7W0A6
Pertussis,Q7W0D0
Pertussis,Q7W0E4
Pertussis,Q7W0E5
Pertussis,Q7W0F8
Pertussis,Q7W0G3
Pertussis,Q7W0K0
Pertussis,Q7W0K2
Pertussis,Q7W0M8
Pertussis,Q7W0Q0
Pertussis,Q7W0Q6
Pertussis,Q7W0R9
Pertussis,Q7W0S0
Pertussis,Q7W0S1
Pertussis,Q7W0S2
Pertussis,Q7W0S3
Pertussis,Q7W0S9
Pertussis,Q7W0T0
Pertussis,O30446
Pertussis,P0A352
Pertussis,Q45389
Pertussis,Q7VSB4
Pertussis,Q7VSD7
Pertussis,Q7VSG7
Pertussis,Q7VU61
Pertussis,Q7VU91
Pertussis,Q7VUZ0
Pertussis,Q7VUZ9
Pertussis,Q7VV78
Pertussis,Q7VVB1
Pertussis,Q7VW21
Pertussis,Q7VWE9
Pertussis,Q7VWZ5
Pertussis,Q7VXB5
Pertussis,Q7VXL5
Pertussis,Q7VXL6
Pertussis,Q7VYV4
Pertussis,Q7W046
Pertussis,Q7W0L0
Pathogenic Escherichia coli infection,A5A616
Pathogenic Escherichia coli infection,O32583
Pathogenic Escherichia coli infection,P00350
Pathogenic Escherichia coli infection,P00363
Pathogenic Escherichia coli infection,P00370
Pathogenic Escherichia coli infection,P00393
Pathogenic Escherichia coli infection,P00448
Pathogenic Escherichia coli infection,P00452
Pathogenic Escherichia coli infection,P00490
Pathogenic Escherichia coli infection,P00509
Pathogenic Escherichia coli infection,P00550
Pathogenic Escherichia coli infection,P00561
Pathogenic Escherichia coli infection,P00562
Pathogenic Escherichia coli infection,P00579
Pathogenic Escherichia coli infection,P00582
Pathogenic Escherichia coli infection,P00634
Pathogenic Escherichia coli infection,P00722
Pathogenic Escherichia coli infection,P00803
Pathogenic Escherichia coli infection,P00804
Pathogenic Escherichia coli infection,P00805
Pathogenic Escherichia coli infection,P00811
Pathogenic Escherichia coli infection,P00861
Pathogenic Escherichia coli infection,P00864
Pathogenic Escherichia coli infection,P00893
Pathogenic Escherichia coli infection,P00894
Pathogenic Escherichia coli infection,P00903
Pathogenic Escherichia coli infection,P00904
Pathogenic Escherichia coli infection,P00914
Pathogenic Escherichia coli infection,P00926
Pathogenic Escherichia coli infection,P00935
Pathogenic Escherichia coli infection,P00936
Pathogenic Escherichia coli infection,P00946
Pathogenic Escherichia coli infection,P00956
Pathogenic Escherichia coli infection,P00957
Pathogenic Escherichia coli infection,P00959
Pathogenic Escherichia coli infection,P00962
Pathogenic Escherichia coli infection,P00963
Pathogenic Escherichia coli infection,P00968
Pathogenic Escherichia coli infection,P02358
Pathogenic Escherichia coli infection,P02359
Pathogenic Escherichia coli infection,P02916
Pathogenic Escherichia coli infection,P02918
Pathogenic Escherichia coli infection,P02919
Pathogenic Escherichia coli infection,P02920
Pathogenic Escherichia coli infection,P02921
Pathogenic Escherichia coli infection,P02925
Pathogenic Escherichia coli infection,P02929
Pathogenic Escherichia coli infection,P02930
Pathogenic Escherichia coli infection,P02931
Pathogenic Escherichia coli infection,P02942
Pathogenic Escherichia coli infection,P02943
Pathogenic Escherichia coli infection,P03004
Pathogenic Escherichia coli infection,P03007
Pathogenic Escherichia coli infection,P03018
Pathogenic Escherichia coli infection,P03023
Pathogenic Escherichia coli infection,P03819
Pathogenic Escherichia coli infection,P03959
Pathogenic Escherichia coli infection,P03960
Pathogenic Escherichia coli infection,P03961
Pathogenic Escherichia coli infection,P04036
Pathogenic Escherichia coli infection,P04079
Pathogenic Escherichia coli infection,P04152
Pathogenic Escherichia coli infection,P04391
Pathogenic Escherichia coli infection,P04395
Pathogenic Escherichia coli infection,P04425
Pathogenic Escherichia coli infection,P04693
Pathogenic Escherichia coli infection,P04805
Pathogenic Escherichia coli infection,P04825
Pathogenic Escherichia coli infection,P04968
Pathogenic Escherichia coli infection,P04982
Pathogenic Escherichia coli infection,P04983
Pathogenic Escherichia coli infection,P04993
Pathogenic Escherichia coli infection,P04994
Pathogenic Escherichia coli infection,P04995
Pathogenic Escherichia coli infection,P05020
Pathogenic Escherichia coli infection,P05041
Pathogenic Escherichia coli infection,P05042
Pathogenic Escherichia coli infection,P05050
Pathogenic Escherichia coli infection,P05055
Pathogenic Escherichia coli infection,P05194
Pathogenic Escherichia coli infection,P05458
Pathogenic Escherichia coli infection,P05523
Pathogenic Escherichia coli infection,P05637
Pathogenic Escherichia coli infection,P05704
Pathogenic Escherichia coli infection,P05791
Pathogenic Escherichia coli infection,P05793
Pathogenic Escherichia coli infection,P05804
Pathogenic Escherichia coli infection,P05824
Pathogenic Escherichia coli infection,P05825
Pathogenic Escherichia coli infection,P05852
Pathogenic Escherichia coli infection,P06129
Pathogenic Escherichia coli infection,P06134
Pathogenic Escherichia coli infection,P06136
Pathogenic Escherichia coli infection,P06149
Pathogenic Escherichia coli infection,P06609
Pathogenic Escherichia coli infection,P06611
Pathogenic Escherichia coli infection,P06612
Pathogenic Escherichia coli infection,P06616
Pathogenic Escherichia coli infection,P06709
Pathogenic Escherichia coli infection,P06710
Pathogenic Escherichia coli infection,P06715
Pathogenic Escherichia coli infection,P06721
Pathogenic Escherichia coli infection,P06722
Pathogenic Escherichia coli infection,P06959
Pathogenic Escherichia coli infection,P06960
Pathogenic Escherichia coli infection,P06961
Pathogenic Escherichia coli infection,P06968
Pathogenic Escherichia coli infection,P06971
Pathogenic Escherichia coli infection,P06972
Pathogenic Escherichia coli infection,P06974
Pathogenic Escherichia coli infection,P06983
Pathogenic Escherichia coli infection,P06988
Pathogenic Escherichia coli infection,P06992
Pathogenic Escherichia coli infection,P06993
Pathogenic Escherichia coli infection,P06996
Pathogenic Escherichia coli infection,P06999
Pathogenic Escherichia coli infection,P07001
Pathogenic Escherichia coli infection,P07003
Pathogenic Escherichia coli infection,P07004
Pathogenic Escherichia coli infection,P07012
Pathogenic Escherichia coli infection,P07013
Pathogenic Escherichia coli infection,P07014
Pathogenic Escherichia coli infection,P07017
Pathogenic Escherichia coli infection,P07024
Pathogenic Escherichia coli infection,P07102
Pathogenic Escherichia coli infection,P07117
Pathogenic Escherichia coli infection,P07118
Pathogenic Escherichia coli infection,P07330
Pathogenic Escherichia coli infection,P07363
Pathogenic Escherichia coli infection,P07395
Pathogenic Escherichia coli infection,P07464
Pathogenic Escherichia coli infection,P07604
Pathogenic Escherichia coli infection,P07623
Pathogenic Escherichia coli infection,P07639
Pathogenic Escherichia coli infection,P07648
Pathogenic Escherichia coli infection,P07649
Pathogenic Escherichia coli infection,P07658
Pathogenic Escherichia coli infection,P07821
Pathogenic Escherichia coli infection,P07822
Pathogenic Escherichia coli infection,P07862
Pathogenic Escherichia coli infection,P07913
Pathogenic Escherichia coli infection,P08142
Pathogenic Escherichia coli infection,P08179
Pathogenic Escherichia coli infection,P08191
Pathogenic Escherichia coli infection,P08192
Pathogenic Escherichia coli infection,P08200
Pathogenic Escherichia coli infection,P08201
Pathogenic Escherichia coli infection,P08202
Pathogenic Escherichia coli infection,P08203
Pathogenic Escherichia coli infection,P08244
Pathogenic Escherichia coli infection,P08312
Pathogenic Escherichia coli infection,P08337
Pathogenic Escherichia coli infection,P08373
Pathogenic Escherichia coli infection,P08394
Pathogenic Escherichia coli infection,P08395
Pathogenic Escherichia coli infection,P08506
Pathogenic Escherichia coli infection,P08622
Pathogenic Escherichia coli infection,P08660
Pathogenic Escherichia coli infection,P08839
Pathogenic Escherichia coli infection,P08956
Pathogenic Escherichia coli infection,P09029
Pathogenic Escherichia coli infection,P09030
Pathogenic Escherichia coli infection,P09099
Pathogenic Escherichia coli infection,P09147
Pathogenic Escherichia coli infection,P09148
Pathogenic Escherichia coli infection,P09152
Pathogenic Escherichia coli infection,P09158
Pathogenic Escherichia coli infection,P09169
Pathogenic Escherichia coli infection,P09323
Pathogenic Escherichia coli infection,P09348
Pathogenic Escherichia coli infection,P09372
Pathogenic Escherichia coli infection,P09373
Pathogenic Escherichia coli infection,P09377
Pathogenic Escherichia coli infection,P09391
Pathogenic Escherichia coli infection,P09394
Pathogenic Escherichia coli infection,P09546
Pathogenic Escherichia coli infection,P09831
Pathogenic Escherichia coli infection,P09832
Pathogenic Escherichia coli infection,P09835
Pathogenic Escherichia coli infection,P09980
Pathogenic Escherichia coli infection,P0A698
Pathogenic Escherichia coli infection,P0A6A0
Pathogenic Escherichia coli infection,P0A6A3
Pathogenic Escherichia coli infection,P0A6A8
Pathogenic Escherichia coli infection,P0A6B4
Pathogenic Escherichia coli infection,P0A6B7
Pathogenic Escherichia coli infection,P0A6C1
Pathogenic Escherichia coli infection,P0A6C8
Pathogenic Escherichia coli infection,P0A6D0
Pathogenic Escherichia coli infection,P0A6D3
Pathogenic Escherichia coli infection,P0A6D5
Pathogenic Escherichia coli infection,P0A6D7
Pathogenic Escherichia coli infection,P0A6E1
Pathogenic Escherichia coli infection,P0A6E4
Pathogenic Escherichia coli infection,P0A6E6
Pathogenic Escherichia coli infection,P0A6F1
Pathogenic Escherichia coli infection,P0A6F3
Pathogenic Escherichia coli infection,P0A6F5
Pathogenic Escherichia coli infection,P0A6F9
Pathogenic Escherichia coli infection,P0A6G7
Pathogenic Escherichia coli infection,P0A6H1
Pathogenic Escherichia coli infection,P0A6H5
Pathogenic Escherichia coli infection,P0A6H8
Pathogenic Escherichia coli infection,P0A6I0
Pathogenic Escherichia coli infection,P0A6I6
Pathogenic Escherichia coli infection,P0A6J3
Pathogenic Escherichia coli infection,P0A6J5
Pathogenic Escherichia coli infection,P0A6K1
Pathogenic Escherichia coli infection,P0A6K3
Pathogenic Escherichia coli infection,P0A6K6
Pathogenic Escherichia coli infection,P0A6L0
Pathogenic Escherichia coli infection,P0A6L2
Pathogenic Escherichia coli infection,P0A6L4
Pathogenic Escherichia coli infection,P0A6M2
Pathogenic Escherichia coli infection,P0A6M4
Pathogenic Escherichia coli infection,P0A6M8
Pathogenic Escherichia coli infection,P0A6N4
Pathogenic Escherichia coli infection,P0A6P1
Pathogenic Escherichia coli infection,P0A6P5
Pathogenic Escherichia coli infection,P0A6P9
Pathogenic Escherichia coli infection,P0A6Q3
Pathogenic Escherichia coli infection,P0A6Q6
Pathogenic Escherichia coli infection,P0A6R0
Pathogenic Escherichia coli infection,P0A6R3
Pathogenic Escherichia coli infection,P0A6S5
Pathogenic Escherichia coli infection,P0A6S7
Pathogenic Escherichia coli infection,P0A6T1
Pathogenic Escherichia coli infection,P0A6T3
Pathogenic Escherichia coli infection,P0A6T5
Pathogenic Escherichia coli infection,P0A6U3
Pathogenic Escherichia coli infection,P0A6U5
Pathogenic Escherichia coli infection,P0A6V1
Pathogenic Escherichia coli infection,P0A6V5
Pathogenic Escherichia coli infection,P0A6W3
Pathogenic Escherichia coli infection,P0A6X1
Pathogenic Escherichia coli infection,P0A6X3
Pathogenic Escherichia coli infection,P0A6X7
Pathogenic Escherichia coli infection,P0A6Y1
Pathogenic Escherichia coli infection,P0A6Y5
Pathogenic Escherichia coli infection,P0A6Y8
Pathogenic Escherichia coli infection,P0A6Z3
Pathogenic Escherichia coli infection,P0A6Z6
Pathogenic Escherichia coli infection,P0A700
Pathogenic Escherichia coli infection,P0A703
Pathogenic Escherichia coli infection,P0A705
Pathogenic Escherichia coli infection,P0A707
Pathogenic Escherichia coli infection,P0A710
Pathogenic Escherichia coli infection,P0A712
Pathogenic Escherichia coli infection,P0A715
Pathogenic Escherichia coli infection,P0A717
Pathogenic Escherichia coli infection,P0A720
Pathogenic Escherichia coli infection,P0A722
Pathogenic Escherichia coli infection,P0A725
Pathogenic Escherichia coli infection,P0A729
Pathogenic Escherichia coli infection,P0A731
Pathogenic Escherichia coli infection,P0A738
Pathogenic Escherichia coli infection,P0A742
Pathogenic Escherichia coli infection,P0A744
Pathogenic Escherichia coli infection,P0A746
Pathogenic Escherichia coli infection,P0A749
Pathogenic Escherichia coli infection,P0A754
Pathogenic Escherichia coli infection,P0A759
Pathogenic Escherichia coli infection,P0A763
Pathogenic Escherichia coli infection,P0A769
Pathogenic Escherichia coli infection,P0A776
Pathogenic Escherichia coli infection,P0A784
Pathogenic Escherichia coli infection,P0A786
Pathogenic Escherichia coli infection,P0A790
Pathogenic Escherichia coli infection,P0A794
Pathogenic Escherichia coli infection,P0A796
Pathogenic Escherichia coli infection,P0A799
Pathogenic Escherichia coli infection,P0A7A7
Pathogenic Escherichia coli infection,P0A7A9
Pathogenic Escherichia coli infection,P0A7B1
Pathogenic Escherichia coli infection,P0A7B3
Pathogenic Escherichia coli infection,P0A7B5
Pathogenic Escherichia coli infection,P0A7B8
Pathogenic Escherichia coli infection,P0A7C2
Pathogenic Escherichia coli infection,P0A7D1
Pathogenic Escherichia coli infection,P0A7D4
Pathogenic Escherichia coli infection,P0A7E1
Pathogenic Escherichia coli infection,P0A7E3
Pathogenic Escherichia coli infection,P0A7E5
Pathogenic Escherichia coli infection,P0A7E9
Pathogenic Escherichia coli infection,P0A7F6
Pathogenic Escherichia coli infection,P0A7F9
Pathogenic Escherichia coli infection,P0A7G2
Pathogenic Escherichia coli infection,P0A7G6
Pathogenic Escherichia coli infection,P0A7H0
Pathogenic Escherichia coli infection,P0A7I4
Pathogenic Escherichia coli infection,P0A7I7
Pathogenic Escherichia coli infection,P0A7J0
Pathogenic Escherichia coli infection,P0A7J3
Pathogenic Escherichia coli infection,P0A7J7
Pathogenic Escherichia coli infection,P0A7K2
Pathogenic Escherichia coli infection,P0A7K6
Pathogenic Escherichia coli infection,P0A7L0
Pathogenic Escherichia coli infection,P0A7L3
Pathogenic Escherichia coli infection,P0A7L8
Pathogenic Escherichia coli infection,P0A7M2
Pathogenic Escherichia coli infection,P0A7M6
Pathogenic Escherichia coli infection,P0A7M9
Pathogenic Escherichia coli infection,P0A7N4
Pathogenic Escherichia coli infection,P0A7N9
Pathogenic Escherichia coli infection,P0A7R1
Pathogenic Escherichia coli infection,P0A7R5
Pathogenic Escherichia coli infection,P0A7R9
Pathogenic Escherichia coli infection,P0A7S3
Pathogenic Escherichia coli infection,P0A7S9
Pathogenic Escherichia coli infection,P0A7T3
Pathogenic Escherichia coli infection,P0A7T7
Pathogenic Escherichia coli infection,P0A7U3
Pathogenic Escherichia coli infection,P0A7U7
Pathogenic Escherichia coli infection,P0A7V0
Pathogenic Escherichia coli infection,P0A7V3
Pathogenic Escherichia coli infection,P0A7V8
Pathogenic Escherichia coli infection,P0A7W1
Pathogenic Escherichia coli infection,P0A7W7
Pathogenic Escherichia coli infection,P0A7X3
Pathogenic Escherichia coli infection,P0A7X6
Pathogenic Escherichia coli infection,P0A7Y0
Pathogenic Escherichia coli infection,P0A7Y4
Pathogenic Escherichia coli infection,P0A7Z0
Pathogenic Escherichia coli infection,P0A7Z4
Pathogenic Escherichia coli infection,P0A800
Pathogenic Escherichia coli infection,P0A809
Pathogenic Escherichia coli infection,P0A812
Pathogenic Escherichia coli infection,P0A814
Pathogenic Escherichia coli infection,P0A817
Pathogenic Escherichia coli infection,P0A821
Pathogenic Escherichia coli infection,P0A825
Pathogenic Escherichia coli infection,P0A830
Pathogenic Escherichia coli infection,P0A832
Pathogenic Escherichia coli infection,P0A836
Pathogenic Escherichia coli infection,P0A840
Pathogenic Escherichia coli infection,P0A847
Pathogenic Escherichia coli infection,P0A850
Pathogenic Escherichia coli infection,P0A853
Pathogenic Escherichia coli infection,P0A855
Pathogenic Escherichia coli infection,P0A858
Pathogenic Escherichia coli infection,P0A862
Pathogenic Escherichia coli infection,P0A870
Pathogenic Escherichia coli infection,P0A873
Pathogenic Escherichia coli infection,P0A879
Pathogenic Escherichia coli infection,P0A884
Pathogenic Escherichia coli infection,P0A887
Pathogenic Escherichia coli infection,P0A890
Pathogenic Escherichia coli infection,P0A894
Pathogenic Escherichia coli infection,P0A898
Pathogenic Escherichia coli infection,P0A8B2
Pathogenic Escherichia coli infection,P0A8D6
Pathogenic Escherichia coli infection,P0A8E7
Pathogenic Escherichia coli infection,P0A8F0
Pathogenic Escherichia coli infection,P0A8F8
Pathogenic Escherichia coli infection,P0A8G0
Pathogenic Escherichia coli infection,P0A8G6
Pathogenic Escherichia coli infection,P0A8G9
Pathogenic Escherichia coli infection,P0A8H3
Pathogenic Escherichia coli infection,P0A8H6
Pathogenic Escherichia coli infection,P0A8I1
Pathogenic Escherichia coli infection,P0A8I5
Pathogenic Escherichia coli infection,P0A8I8
Pathogenic Escherichia coli infection,P0A8J2
Pathogenic Escherichia coli infection,P0A8J8
Pathogenic Escherichia coli infection,P0A8K1
Pathogenic Escherichia coli infection,P0A8L1
Pathogenic Escherichia coli infection,P0A8M0
Pathogenic Escherichia coli infection,P0A8M3
Pathogenic Escherichia coli infection,P0A8M6
Pathogenic Escherichia coli infection,P0A8N0
Pathogenic Escherichia coli infection,P0A8N3
Pathogenic Escherichia coli infection,P0A8N5
Pathogenic Escherichia coli infection,P0A8N7
Pathogenic Escherichia coli infection,P0A8P6
Pathogenic Escherichia coli infection,P0A8P8
Pathogenic Escherichia coli infection,P0A8Q0
Pathogenic Escherichia coli infection,P0A8Q3
Pathogenic Escherichia coli infection,P0A8R0
Pathogenic Escherichia coli infection,P0A8S1
Pathogenic Escherichia coli infection,P0A8S9
Pathogenic Escherichia coli infection,P0A8T7
Pathogenic Escherichia coli infection,P0A8V0
Pathogenic Escherichia coli infection,P0A8V2
Pathogenic Escherichia coli infection,P0A8V6
Pathogenic Escherichia coli infection,P0A8W0
Pathogenic Escherichia coli infection,P0A8X0
Pathogenic Escherichia coli infection,P0A8Y1
Pathogenic Escherichia coli infection,P0A8Y3
Pathogenic Escherichia coli infection,P0A8Y5
Pathogenic Escherichia coli infection,P0A8Y8
Pathogenic Escherichia coli infection,P0A903
Pathogenic Escherichia coli infection,P0A910
Pathogenic Escherichia coli infection,P0A912
Pathogenic Escherichia coli infection,P0A921
Pathogenic Escherichia coli infection,P0A924
Pathogenic Escherichia coli infection,P0A935
Pathogenic Escherichia coli infection,P0A937
Pathogenic Escherichia coli infection,P0A940
Pathogenic Escherichia coli infection,P0A944
Pathogenic Escherichia coli infection,P0A948
Pathogenic Escherichia coli infection,P0A951
Pathogenic Escherichia coli infection,P0A953
Pathogenic Escherichia coli infection,P0A955
Pathogenic Escherichia coli infection,P0A959
Pathogenic Escherichia coli infection,P0A962
Pathogenic Escherichia coli infection,P0A964
Pathogenic Escherichia coli infection,P0A968
Pathogenic Escherichia coli infection,P0A972
Pathogenic Escherichia coli infection,P0A988
Pathogenic Escherichia coli infection,P0A991
Pathogenic Escherichia coli infection,P0A993
Pathogenic Escherichia coli infection,P0A998
Pathogenic Escherichia coli infection,P0A9A6
Pathogenic Escherichia coli infection,P0A9A9
Pathogenic Escherichia coli infection,P0A9B2
Pathogenic Escherichia coli infection,P0A9B6
Pathogenic Escherichia coli infection,P0A9C0
Pathogenic Escherichia coli infection,P0A9C5
Pathogenic Escherichia coli infection,P0A9C9
Pathogenic Escherichia coli infection,P0A9D2
Pathogenic Escherichia coli infection,P0A9D8
Pathogenic Escherichia coli infection,P0A9E0
Pathogenic Escherichia coli infection,P0A9E5
Pathogenic Escherichia coli infection,P0A9G4
Pathogenic Escherichia coli infection,P0A9G6
Pathogenic Escherichia coli infection,P0A9G8
Pathogenic Escherichia coli infection,P0A9H3
Pathogenic Escherichia coli infection,P0A9H7
Pathogenic Escherichia coli infection,P0A9H9
Pathogenic Escherichia coli infection,P0A9J0
Pathogenic Escherichia coli infection,P0A9J4
Pathogenic Escherichia coli infection,P0A9J6
Pathogenic Escherichia coli infection,P0A9J8
Pathogenic Escherichia coli infection,P0A9K7
Pathogenic Escherichia coli infection,P0A9K9
Pathogenic Escherichia coli infection,P0A9L3
Pathogenic Escherichia coli infection,P0A9M0
Pathogenic Escherichia coli infection,P0A9M2
Pathogenic Escherichia coli infection,P0A9M5
Pathogenic Escherichia coli infection,P0A9M8
Pathogenic Escherichia coli infection,P0A9N4
Pathogenic Escherichia coli infection,P0A9N8
Pathogenic Escherichia coli infection,P0A9P0
Pathogenic Escherichia coli infection,P0A9P4
Pathogenic Escherichia coli infection,P0A9P6
Pathogenic Escherichia coli infection,P0A9Q1
Pathogenic Escherichia coli infection,P0A9Q5
Pathogenic Escherichia coli infection,P0A9Q7
Pathogenic Escherichia coli infection,P0A9Q9
Pathogenic Escherichia coli infection,P0A9R4
Pathogenic Escherichia coli infection,P0A9R7
Pathogenic Escherichia coli infection,P0A9S1
Pathogenic Escherichia coli infection,P0A9S5
Pathogenic Escherichia coli infection,P0A9S7
Pathogenic Escherichia coli infection,P0A9T0
Pathogenic Escherichia coli infection,P0A9V1
Pathogenic Escherichia coli infection,P0A9V8
Pathogenic Escherichia coli infection,P0A9W3
Pathogenic Escherichia coli infection,P0A9X4
Pathogenic Escherichia coli infection,P0A9X9
Pathogenic Escherichia coli infection,P0A9Y6
Pathogenic Escherichia coli infection,P0A9Z1
Pathogenic Escherichia coli infection,P0AA04
Pathogenic Escherichia coli infection,P0AA10
Pathogenic Escherichia coli infection,P0AA16
Pathogenic Escherichia coli infection,P0AA25
Pathogenic Escherichia coli infection,P0AA37
Pathogenic Escherichia coli infection,P0AA41
Pathogenic Escherichia coli infection,P0AA43
Pathogenic Escherichia coli infection,P0AA47
Pathogenic Escherichia coli infection,P0AA76
Pathogenic Escherichia coli infection,P0AA78
Pathogenic Escherichia coli infection,P0AA84
Pathogenic Escherichia coli infection,P0AA89
Pathogenic Escherichia coli infection,P0AA93
Pathogenic Escherichia coli infection,P0AAA9
Pathogenic Escherichia coli infection,P0AAB4
Pathogenic Escherichia coli infection,P0AAC6
Pathogenic Escherichia coli infection,P0AAC8
Pathogenic Escherichia coli infection,P0AAD6
Pathogenic Escherichia coli infection,P0AAD8
Pathogenic Escherichia coli infection,P0AAE0
Pathogenic Escherichia coli infection,P0AAE8
Pathogenic Escherichia coli infection,P0AAF1
Pathogenic Escherichia coli infection,P0AAG0
Pathogenic Escherichia coli infection,P0AAH0
Pathogenic Escherichia coli infection,P0AAH4
Pathogenic Escherichia coli infection,P0AAI3
Pathogenic Escherichia coli infection,P0AAI5
Pathogenic Escherichia coli infection,P0AAJ3
Pathogenic Escherichia coli infection,P0AAJ5
Pathogenic Escherichia coli infection,P0AAM1
Pathogenic Escherichia coli infection,P0AAM3
Pathogenic Escherichia coli infection,P0AAM7
Pathogenic Escherichia coli infection,P0AAN3
Pathogenic Escherichia coli infection,P0AAP3
Pathogenic Escherichia coli infection,P0AAR3
Pathogenic Escherichia coli infection,P0AAT4
Pathogenic Escherichia coli infection,P0AAT6
Pathogenic Escherichia coli infection,P0AAW9
Pathogenic Escherichia coli infection,P0AAX8
Pathogenic Escherichia coli infection,P0AAZ4
Pathogenic Escherichia coli infection,P0AB38
Pathogenic Escherichia coli infection,P0AB58
Pathogenic Escherichia coli infection,P0AB71
Pathogenic Escherichia coli infection,P0AB74
Pathogenic Escherichia coli infection,P0AB77
Pathogenic Escherichia coli infection,P0AB80
Pathogenic Escherichia coli infection,P0AB83
Pathogenic Escherichia coli infection,P0AB87
Pathogenic Escherichia coli infection,P0AB89
Pathogenic Escherichia coli infection,P0AB91
Pathogenic Escherichia coli infection,P0AB98
Pathogenic Escherichia coli infection,P0ABA6
Pathogenic Escherichia coli infection,P0ABB0
Pathogenic Escherichia coli infection,P0ABB4
Pathogenic Escherichia coli infection,P0ABB8
Pathogenic Escherichia coli infection,P0ABC7
Pathogenic Escherichia coli infection,P0ABD3
Pathogenic Escherichia coli infection,P0ABD5
Pathogenic Escherichia coli infection,P0ABD8
Pathogenic Escherichia coli infection,P0ABE5
Pathogenic Escherichia coli infection,P0ABF1
Pathogenic Escherichia coli infection,P0ABF6
Pathogenic Escherichia coli infection,P0ABG4
Pathogenic Escherichia coli infection,P0ABG7
Pathogenic Escherichia coli infection,P0ABH0
Pathogenic Escherichia coli infection,P0ABH7
Pathogenic Escherichia coli infection,P0ABH9
Pathogenic Escherichia coli infection,P0ABI4
Pathogenic Escherichia coli infection,P0ABI8
Pathogenic Escherichia coli infection,P0ABJ1
Pathogenic Escherichia coli infection,P0ABJ3
Pathogenic Escherichia coli infection,P0ABJ6
Pathogenic Escherichia coli infection,P0ABJ9
Pathogenic Escherichia coli infection,P0ABK2
Pathogenic Escherichia coli infection,P0ABK5
Pathogenic Escherichia coli infection,P0ABK7
Pathogenic Escherichia coli infection,P0ABK9
Pathogenic Escherichia coli infection,P0ABL3
Pathogenic Escherichia coli infection,P0ABN1
Pathogenic Escherichia coli infection,P0ABN5
Pathogenic Escherichia coli infection,P0ABN9
Pathogenic Escherichia coli infection,P0ABP3
Pathogenic Escherichia coli infection,P0ABP8
Pathogenic Escherichia coli infection,P0ABQ0
Pathogenic Escherichia coli infection,P0ABQ4
Pathogenic Escherichia coli infection,P0ABR9
Pathogenic Escherichia coli infection,P0ABS1
Pathogenic Escherichia coli infection,P0ABS5
Pathogenic Escherichia coli infection,P0ABS8
Pathogenic Escherichia coli infection,P0ABT2
Pathogenic Escherichia coli infection,P0ABU0
Pathogenic Escherichia coli infection,P0ABU2
Pathogenic Escherichia coli infection,P0ABU7
Pathogenic Escherichia coli infection,P0ABU9
Pathogenic Escherichia coli infection,P0ABV2
Pathogenic Escherichia coli infection,P0ABV6
Pathogenic Escherichia coli infection,P0ABY7
Pathogenic Escherichia coli infection,P0ABZ1
Pathogenic Escherichia coli infection,P0ABZ6
Pathogenic Escherichia coli infection,P0AC00
Pathogenic Escherichia coli infection,P0AC02
Pathogenic Escherichia coli infection,P0AC13
Pathogenic Escherichia coli infection,P0AC16
Pathogenic Escherichia coli infection,P0AC19
Pathogenic Escherichia coli infection,P0AC23
Pathogenic Escherichia coli infection,P0AC30
Pathogenic Escherichia coli infection,P0AC33
Pathogenic Escherichia coli infection,P0AC38
Pathogenic Escherichia coli infection,P0AC41
Pathogenic Escherichia coli infection,P0AC44
Pathogenic Escherichia coli infection,P0AC47
Pathogenic Escherichia coli infection,P0AC53
Pathogenic Escherichia coli infection,P0AC55
Pathogenic Escherichia coli infection,P0AC69
Pathogenic Escherichia coli infection,P0AC75
Pathogenic Escherichia coli infection,P0AC78
Pathogenic Escherichia coli infection,P0AC81
Pathogenic Escherichia coli infection,P0AC84
Pathogenic Escherichia coli infection,P0AC88
Pathogenic Escherichia coli infection,P0AC98
Pathogenic Escherichia coli infection,P0ACB0
Pathogenic Escherichia coli infection,P0ACB2
Pathogenic Escherichia coli infection,P0ACB4
Pathogenic Escherichia coli infection,P0ACC1
Pathogenic Escherichia coli infection,P0ACC3
Pathogenic Escherichia coli infection,P0ACC7
Pathogenic Escherichia coli infection,P0ACD4
Pathogenic Escherichia coli infection,P0ACD8
Pathogenic Escherichia coli infection,P0ACE0
Pathogenic Escherichia coli infection,P0ACE3
Pathogenic Escherichia coli infection,P0ACE7
Pathogenic Escherichia coli infection,P0ACF0
Pathogenic Escherichia coli infection,P0ACF4
Pathogenic Escherichia coli infection,P0ACF8
Pathogenic Escherichia coli infection,P0ACG1
Pathogenic Escherichia coli infection,P0ACG8
Pathogenic Escherichia coli infection,P0ACJ0
Pathogenic Escherichia coli infection,P0ACJ8
Pathogenic Escherichia coli infection,P0ACN4
Pathogenic Escherichia coli infection,P0ACP7
Pathogenic Escherichia coli infection,P0ACQ4
Pathogenic Escherichia coli infection,P0ACS2
Pathogenic Escherichia coli infection,P0ACV0
Pathogenic Escherichia coli infection,P0ACV6
Pathogenic Escherichia coli infection,P0ACY3
Pathogenic Escherichia coli infection,P0AD14
Pathogenic Escherichia coli infection,P0AD49
Pathogenic Escherichia coli infection,P0AD57
Pathogenic Escherichia coli infection,P0AD59
Pathogenic Escherichia coli infection,P0AD61
Pathogenic Escherichia coli infection,P0AD65
Pathogenic Escherichia coli infection,P0AD68
Pathogenic Escherichia coli infection,P0AD70
Pathogenic Escherichia coli infection,P0AD99
Pathogenic Escherichia coli infection,P0ADA1
Pathogenic Escherichia coli infection,P0ADA3
Pathogenic Escherichia coli infection,P0ADC1
Pathogenic Escherichia coli infection,P0ADE4
Pathogenic Escherichia coli infection,P0ADG4
Pathogenic Escherichia coli infection,P0ADG7
Pathogenic Escherichia coli infection,P0ADI4
Pathogenic Escherichia coli infection,P0ADL1
Pathogenic Escherichia coli infection,P0ADN0
Pathogenic Escherichia coli infection,P0ADN2
Pathogenic Escherichia coli infection,P0ADP0
Pathogenic Escherichia coli infection,P0ADP2
Pathogenic Escherichia coli infection,P0ADR8
Pathogenic Escherichia coli infection,P0ADS2
Pathogenic Escherichia coli infection,P0ADV1
Pathogenic Escherichia coli infection,P0ADV9
Pathogenic Escherichia coli infection,P0ADY1
Pathogenic Escherichia coli infection,P0ADY3
Pathogenic Escherichia coli infection,P0ADY7
Pathogenic Escherichia coli infection,P0ADZ0
Pathogenic Escherichia coli infection,P0ADZ4
Pathogenic Escherichia coli infection,P0AE01
Pathogenic Escherichia coli infection,P0AE06
Pathogenic Escherichia coli infection,P0AE08
Pathogenic Escherichia coli infection,P0AE12
Pathogenic Escherichia coli infection,P0AE16
Pathogenic Escherichia coli infection,P0AE18
Pathogenic Escherichia coli infection,P0AE22
Pathogenic Escherichia coli infection,P0AE24
Pathogenic Escherichia coli infection,P0AE52
Pathogenic Escherichia coli infection,P0AE67
Pathogenic Escherichia coli infection,P0AE70
Pathogenic Escherichia coli infection,P0AE72
Pathogenic Escherichia coli infection,P0AE82
Pathogenic Escherichia coli infection,P0AE85
Pathogenic Escherichia coli infection,P0AE88
Pathogenic Escherichia coli infection,P0AEA8
Pathogenic Escherichia coli infection,P0AEB2
Pathogenic Escherichia coli infection,P0AEC3
Pathogenic Escherichia coli infection,P0AEC5
Pathogenic Escherichia coli infection,P0AEC8
Pathogenic Escherichia coli infection,P0AED7
Pathogenic Escherichia coli infection,P0AEE3
Pathogenic Escherichia coli infection,P0AEE5
Pathogenic Escherichia coli infection,P0AEE8
Pathogenic Escherichia coli infection,P0AEF0
Pathogenic Escherichia coli infection,P0AEF8
Pathogenic Escherichia coli infection,P0AEG1
Pathogenic Escherichia coli infection,P0AEG4
Pathogenic Escherichia coli infection,P0AEG6
Pathogenic Escherichia coli infection,P0AEH1
Pathogenic Escherichia coli infection,P0AEI1
Pathogenic Escherichia coli infection,P0AEJ0
Pathogenic Escherichia coli infection,P0AEJ2
Pathogenic Escherichia coli infection,P0AEJ4
Pathogenic Escherichia coli infection,P0AEJ6
Pathogenic Escherichia coli infection,P0AEK2
Pathogenic Escherichia coli infection,P0AEK4
Pathogenic Escherichia coli infection,P0AEK7
Pathogenic Escherichia coli infection,P0AEL0
Pathogenic Escherichia coli infection,P0AEM0
Pathogenic Escherichia coli infection,P0AEM6
Pathogenic Escherichia coli infection,P0AEM9
Pathogenic Escherichia coli infection,P0AEN1
Pathogenic Escherichia coli infection,P0AEN4
Pathogenic Escherichia coli infection,P0AEN8
Pathogenic Escherichia coli infection,P0AEP3
Pathogenic Escherichia coli infection,P0AEP7
Pathogenic Escherichia coli infection,P0AEP9
Pathogenic Escherichia coli infection,P0AER0
Pathogenic Escherichia coli infection,P0AES0
Pathogenic Escherichia coli infection,P0AES2
Pathogenic Escherichia coli infection,P0AES4
Pathogenic Escherichia coli infection,P0AES6
Pathogenic Escherichia coli infection,P0AES9
Pathogenic Escherichia coli infection,P0AET2
Pathogenic Escherichia coli infection,P0AET8
Pathogenic Escherichia coli infection,P0AEU7
Pathogenic Escherichia coli infection,P0AEV1
Pathogenic Escherichia coli infection,P0AEV9
Pathogenic Escherichia coli infection,P0AEW6
Pathogenic Escherichia coli infection,P0AEW9
Pathogenic Escherichia coli infection,P0AEX7
Pathogenic Escherichia coli infection,P0AEX9
Pathogenic Escherichia coli infection,P0AEY3
Pathogenic Escherichia coli infection,P0AEY5
Pathogenic Escherichia coli infection,P0AEY8
Pathogenic Escherichia coli infection,P0AEZ1
Pathogenic Escherichia coli infection,P0AEZ3
Pathogenic Escherichia coli infection,P0AF06
Pathogenic Escherichia coli infection,P0AF12
Pathogenic Escherichia coli infection,P0AF16
Pathogenic Escherichia coli infection,P0AF18
Pathogenic Escherichia coli infection,P0AF24
Pathogenic Escherichia coli infection,P0AF28
Pathogenic Escherichia coli infection,P0AF32
Pathogenic Escherichia coli infection,P0AF36
Pathogenic Escherichia coli infection,P0AF52
Pathogenic Escherichia coli infection,P0AF61
Pathogenic Escherichia coli infection,P0AF67
Pathogenic Escherichia coli infection,P0AF90
Pathogenic Escherichia coli infection,P0AF93
Pathogenic Escherichia coli infection,P0AFA2
Pathogenic Escherichia coli infection,P0AFA7
Pathogenic Escherichia coli infection,P0AFB1
Pathogenic Escherichia coli infection,P0AFB5
Pathogenic Escherichia coli infection,P0AFB8
Pathogenic Escherichia coli infection,P0AFC0
Pathogenic Escherichia coli infection,P0AFC3
Pathogenic Escherichia coli infection,P0AFC7
Pathogenic Escherichia coli infection,P0AFD1
Pathogenic Escherichia coli infection,P0AFD4
Pathogenic Escherichia coli infection,P0AFD6
Pathogenic Escherichia coli infection,P0AFE0
Pathogenic Escherichia coli infection,P0AFE4
Pathogenic Escherichia coli infection,P0AFE8
Pathogenic Escherichia coli infection,P0AFF0
Pathogenic Escherichia coli infection,P0AFF2
Pathogenic Escherichia coli infection,P0AFF4
Pathogenic Escherichia coli infection,P0AFF6
Pathogenic Escherichia coli infection,P0AFG3
Pathogenic Escherichia coli infection,P0AFG6
Pathogenic Escherichia coli infection,P0AFG8
Pathogenic Escherichia coli infection,P0AFI0
Pathogenic Escherichia coli infection,P0AFI2
Pathogenic Escherichia coli infection,P0AFI5
Pathogenic Escherichia coli infection,P0AFI7
Pathogenic Escherichia coli infection,P0AFJ7
Pathogenic Escherichia coli infection,P0AFL3
Pathogenic Escherichia coli infection,P0AFL6
Pathogenic Escherichia coli infection,P0AFM2
Pathogenic Escherichia coli infection,P0AFM6
Pathogenic Escherichia coli infection,P0AFP6
Pathogenic Escherichia coli infection,P0AFQ5
Pathogenic Escherichia coli infection,P0AFR2
Pathogenic Escherichia coli infection,P0AFS3
Pathogenic Escherichia coli infection,P0AFS9
Pathogenic Escherichia coli infection,P0AFT2
Pathogenic Escherichia coli infection,P0AFU4
Pathogenic Escherichia coli infection,P0AFV4
Pathogenic Escherichia coli infection,P0AFW0
Pathogenic Escherichia coli infection,P0AFW2
Pathogenic Escherichia coli infection,P0AFX0
Pathogenic Escherichia coli infection,P0AFX7
Pathogenic Escherichia coli infection,P0AFX9
Pathogenic Escherichia coli infection,P0AFY6
Pathogenic Escherichia coli infection,P0AFY8
Pathogenic Escherichia coli infection,P0AFZ3
Pathogenic Escherichia coli infection,P0AFZ5
Pathogenic Escherichia coli infection,P0AG07
Pathogenic Escherichia coli infection,P0AG11
Pathogenic Escherichia coli infection,P0AG16
Pathogenic Escherichia coli infection,P0AG18
Pathogenic Escherichia coli infection,P0AG24
Pathogenic Escherichia coli infection,P0AG30
Pathogenic Escherichia coli infection,P0AG55
Pathogenic Escherichia coli infection,P0AG59
Pathogenic Escherichia coli infection,P0AG63
Pathogenic Escherichia coli infection,P0AG67
Pathogenic Escherichia coli infection,P0AG74
Pathogenic Escherichia coli infection,P0AG80
Pathogenic Escherichia coli infection,P0AG86
Pathogenic Escherichia coli infection,P0AG90
Pathogenic Escherichia coli infection,P0AG93
Pathogenic Escherichia coli infection,P0AG96
Pathogenic Escherichia coli infection,P0AG99
Pathogenic Escherichia coli infection,P0AGA2
Pathogenic Escherichia coli infection,P0AGB0
Pathogenic Escherichia coli infection,P0AGB3
Pathogenic Escherichia coli infection,P0AGB6
Pathogenic Escherichia coli infection,P0AGC0
Pathogenic Escherichia coli infection,P0AGC3
Pathogenic Escherichia coli infection,P0AGD1
Pathogenic Escherichia coli infection,P0AGD3
Pathogenic Escherichia coli infection,P0AGD7
Pathogenic Escherichia coli infection,P0AGE0
Pathogenic Escherichia coli infection,P0AGE4
Pathogenic Escherichia coli infection,P0AGE6
Pathogenic Escherichia coli infection,P0AGE9
Pathogenic Escherichia coli infection,P0AGF2
Pathogenic Escherichia coli infection,P0AGF4
Pathogenic Escherichia coli infection,P0AGF6
Pathogenic Escherichia coli infection,P0AGG0
Pathogenic Escherichia coli infection,P0AGG2
Pathogenic Escherichia coli infection,P0AGI1
Pathogenic Escherichia coli infection,P0AGJ9
Pathogenic Escherichia coli infection,P0AGK1
Pathogenic Escherichia coli infection,P0AGK8
Pathogenic Escherichia coli infection,P0AGM7
Pathogenic Escherichia coli infection,P0C018
Pathogenic Escherichia coli infection,P0C037
Pathogenic Escherichia coli infection,P0C054
Pathogenic Escherichia coli infection,P0C058
Pathogenic Escherichia coli infection,P0C077
Pathogenic Escherichia coli infection,P0C079
Pathogenic Escherichia coli infection,P0C093
Pathogenic Escherichia coli infection,P0C0K3
Pathogenic Escherichia coli infection,P0C0L2
Pathogenic Escherichia coli infection,P0C0L7
Pathogenic Escherichia coli infection,P0C0R7
Pathogenic Escherichia coli infection,P0C0S1
Pathogenic Escherichia coli infection,P0C0T5
Pathogenic Escherichia coli infection,P0C0V0
Pathogenic Escherichia coli infection,P0C7L2
Pathogenic Escherichia coli infection,P0CE47
Pathogenic Escherichia coli infection,P0CE48
Pathogenic Escherichia coli infection,P0CG19
Pathogenic Escherichia coli infection,P0DM85
Pathogenic Escherichia coli infection,P0DMC5
Pathogenic Escherichia coli infection,P0DMC7
Pathogenic Escherichia coli infection,P0DTT0
Pathogenic Escherichia coli infection,P0DTV7
Pathogenic Escherichia coli infection,P10121
Pathogenic Escherichia coli infection,P10378
Pathogenic Escherichia coli infection,P10408
Pathogenic Escherichia coli infection,P10443
Pathogenic Escherichia coli infection,P10902
Pathogenic Escherichia coli infection,P10903
Pathogenic Escherichia coli infection,P10905
Pathogenic Escherichia coli infection,P10906
Pathogenic Escherichia coli infection,P10907
Pathogenic Escherichia coli infection,P10908
Pathogenic Escherichia coli infection,P11071
Pathogenic Escherichia coli infection,P11349
Pathogenic Escherichia coli infection,P11350
Pathogenic Escherichia coli infection,P11454
Pathogenic Escherichia coli infection,P11458
Pathogenic Escherichia coli infection,P11551
Pathogenic Escherichia coli infection,P11557
Pathogenic Escherichia coli infection,P11667
Pathogenic Escherichia coli infection,P11868
Pathogenic Escherichia coli infection,P11880
Pathogenic Escherichia coli infection,P12008
Pathogenic Escherichia coli infection,P12281
Pathogenic Escherichia coli infection,P12282
Pathogenic Escherichia coli infection,P12295
Pathogenic Escherichia coli infection,P12758
Pathogenic Escherichia coli infection,P12995
Pathogenic Escherichia coli infection,P12996
Pathogenic Escherichia coli infection,P12998
Pathogenic Escherichia coli infection,P13000
Pathogenic Escherichia coli infection,P13001
Pathogenic Escherichia coli infection,P13009
Pathogenic Escherichia coli infection,P13029
Pathogenic Escherichia coli infection,P13035
Pathogenic Escherichia coli infection,P13036
Pathogenic Escherichia coli infection,P13039
Pathogenic Escherichia coli infection,P13445
Pathogenic Escherichia coli infection,P13458
Pathogenic Escherichia coli infection,P13482
Pathogenic Escherichia coli infection,P13518
Pathogenic Escherichia coli infection,P13656
Pathogenic Escherichia coli infection,P13738
Pathogenic Escherichia coli infection,P14081
Pathogenic Escherichia coli infection,P14175
Pathogenic Escherichia coli infection,P14176
Pathogenic Escherichia coli infection,P14294
Pathogenic Escherichia coli infection,P14375
Pathogenic Escherichia coli infection,P14377
Pathogenic Escherichia coli infection,P14407
Pathogenic Escherichia coli infection,P14900
Pathogenic Escherichia coli infection,P15005
Pathogenic Escherichia coli infection,P15028
Pathogenic Escherichia coli infection,P15029
Pathogenic Escherichia coli infection,P15030
Pathogenic Escherichia coli infection,P15034
Pathogenic Escherichia coli infection,P15042
Pathogenic Escherichia coli infection,P15043
Pathogenic Escherichia coli infection,P15047
Pathogenic Escherichia coli infection,P15067
Pathogenic Escherichia coli infection,P15254
Pathogenic Escherichia coli infection,P15288
Pathogenic Escherichia coli infection,P15373
Pathogenic Escherichia coli infection,P15640
Pathogenic Escherichia coli infection,P15723
Pathogenic Escherichia coli infection,P15770
Pathogenic Escherichia coli infection,P15877
Pathogenic Escherichia coli infection,P15993
Pathogenic Escherichia coli infection,P16384
Pathogenic Escherichia coli infection,P16456
Pathogenic Escherichia coli infection,P16528
Pathogenic Escherichia coli infection,P16659
Pathogenic Escherichia coli infection,P16686
Pathogenic Escherichia coli infection,P16687
Pathogenic Escherichia coli infection,P16688
Pathogenic Escherichia coli infection,P16692
Pathogenic Escherichia coli infection,P16703
Pathogenic Escherichia coli infection,P16869
Pathogenic Escherichia coli infection,P16926
Pathogenic Escherichia coli infection,P17109
Pathogenic Escherichia coli infection,P17115
Pathogenic Escherichia coli infection,P17117
Pathogenic Escherichia coli infection,P17169
Pathogenic Escherichia coli infection,P17411
Pathogenic Escherichia coli infection,P17443
Pathogenic Escherichia coli infection,P17444
Pathogenic Escherichia coli infection,P17445
Pathogenic Escherichia coli infection,P17846
Pathogenic Escherichia coli infection,P17854
Pathogenic Escherichia coli infection,P17888
Pathogenic Escherichia coli infection,P17952
Pathogenic Escherichia coli infection,P17993
Pathogenic Escherichia coli infection,P18196
Pathogenic Escherichia coli infection,P18200
Pathogenic Escherichia coli infection,P18335
Pathogenic Escherichia coli infection,P18775
Pathogenic Escherichia coli infection,P18776
Pathogenic Escherichia coli infection,P18843
Pathogenic Escherichia coli infection,P18956
Pathogenic Escherichia coli infection,P19318
Pathogenic Escherichia coli infection,P19319
Pathogenic Escherichia coli infection,P19624
Pathogenic Escherichia coli infection,P19636
Pathogenic Escherichia coli infection,P19925
Pathogenic Escherichia coli infection,P19926
Pathogenic Escherichia coli infection,P19934
Pathogenic Escherichia coli infection,P20083
Pathogenic Escherichia coli infection,P20966
Pathogenic Escherichia coli infection,P21151
Pathogenic Escherichia coli infection,P21156
Pathogenic Escherichia coli infection,P21165
Pathogenic Escherichia coli infection,P21170
Pathogenic Escherichia coli infection,P21177
Pathogenic Escherichia coli infection,P21179
Pathogenic Escherichia coli infection,P21338
Pathogenic Escherichia coli infection,P21369
Pathogenic Escherichia coli infection,P21437
Pathogenic Escherichia coli infection,P21499
Pathogenic Escherichia coli infection,P21507
Pathogenic Escherichia coli infection,P21513
Pathogenic Escherichia coli infection,P21514
Pathogenic Escherichia coli infection,P21599
Pathogenic Escherichia coli infection,P21645
Pathogenic Escherichia coli infection,P21693
Pathogenic Escherichia coli infection,P21829
Pathogenic Escherichia coli infection,P21865
Pathogenic Escherichia coli infection,P21888
Pathogenic Escherichia coli infection,P22106
Pathogenic Escherichia coli infection,P22188
Pathogenic Escherichia coli infection,P22255
Pathogenic Escherichia coli infection,P22256
Pathogenic Escherichia coli infection,P22259
Pathogenic Escherichia coli infection,P22333
Pathogenic Escherichia coli infection,P22523
Pathogenic Escherichia coli infection,P22525
Pathogenic Escherichia coli infection,P22564
Pathogenic Escherichia coli infection,P22634
Pathogenic Escherichia coli infection,P22729
Pathogenic Escherichia coli infection,P22731
Pathogenic Escherichia coli infection,P23003
Pathogenic Escherichia coli infection,P23256
Pathogenic Escherichia coli infection,P23367
Pathogenic Escherichia coli infection,P23484
Pathogenic Escherichia coli infection,P23522
Pathogenic Escherichia coli infection,P23538
Pathogenic Escherichia coli infection,P23721
Pathogenic Escherichia coli infection,P23827
Pathogenic Escherichia coli infection,P23830
Pathogenic Escherichia coli infection,P23836
Pathogenic Escherichia coli infection,P23837
Pathogenic Escherichia coli infection,P23843
Pathogenic Escherichia coli infection,P23845
Pathogenic Escherichia coli infection,P23847
Pathogenic Escherichia coli infection,P23857
Pathogenic Escherichia coli infection,P23862
Pathogenic Escherichia coli infection,P23865
Pathogenic Escherichia coli infection,P23872
Pathogenic Escherichia coli infection,P23873
Pathogenic Escherichia coli infection,P23874
Pathogenic Escherichia coli infection,P23882
Pathogenic Escherichia coli infection,P23883
Pathogenic Escherichia coli infection,P23886
Pathogenic Escherichia coli infection,P23890
Pathogenic Escherichia coli infection,P23893
Pathogenic Escherichia coli infection,P23894
Pathogenic Escherichia coli infection,P23895
Pathogenic Escherichia coli infection,P23908
Pathogenic Escherichia coli infection,P23909
Pathogenic Escherichia coli infection,P23930
Pathogenic Escherichia coli infection,P24171
Pathogenic Escherichia coli infection,P24173
Pathogenic Escherichia coli infection,P24177
Pathogenic Escherichia coli infection,P24182
Pathogenic Escherichia coli infection,P24183
Pathogenic Escherichia coli infection,P24186
Pathogenic Escherichia coli infection,P24188
Pathogenic Escherichia coli infection,P24192
Pathogenic Escherichia coli infection,P24193
Pathogenic Escherichia coli infection,P24203
Pathogenic Escherichia coli infection,P24205
Pathogenic Escherichia coli infection,P24207
Pathogenic Escherichia coli infection,P24215
Pathogenic Escherichia coli infection,P24224
Pathogenic Escherichia coli infection,P24228
Pathogenic Escherichia coli infection,P24230
Pathogenic Escherichia coli infection,P24232
Pathogenic Escherichia coli infection,P24554
Pathogenic Escherichia coli infection,P25397
Pathogenic Escherichia coli infection,P25437
Pathogenic Escherichia coli infection,P25516
Pathogenic Escherichia coli infection,P25519
Pathogenic Escherichia coli infection,P25522
Pathogenic Escherichia coli infection,P25524
Pathogenic Escherichia coli infection,P25526
Pathogenic Escherichia coli infection,P25527
Pathogenic Escherichia coli infection,P25534
Pathogenic Escherichia coli infection,P25535
Pathogenic Escherichia coli infection,P25536
Pathogenic Escherichia coli infection,P25539
Pathogenic Escherichia coli infection,P25552
Pathogenic Escherichia coli infection,P25553
Pathogenic Escherichia coli infection,P25665
Pathogenic Escherichia coli infection,P25714
Pathogenic Escherichia coli infection,P25718
Pathogenic Escherichia coli infection,P25737
Pathogenic Escherichia coli infection,P25740
Pathogenic Escherichia coli infection,P25745
Pathogenic Escherichia coli infection,P25888
Pathogenic Escherichia coli infection,P25889
Pathogenic Escherichia coli infection,P25894
Pathogenic Escherichia coli infection,P26458
Pathogenic Escherichia coli infection,P26459
Pathogenic Escherichia coli infection,P26602
Pathogenic Escherichia coli infection,P26616
Pathogenic Escherichia coli infection,P26648
Pathogenic Escherichia coli infection,P27125
Pathogenic Escherichia coli infection,P27128
Pathogenic Escherichia coli infection,P27243
Pathogenic Escherichia coli infection,P27249
Pathogenic Escherichia coli infection,P27250
Pathogenic Escherichia coli infection,P27278
Pathogenic Escherichia coli infection,P27296
Pathogenic Escherichia coli infection,P27302
Pathogenic Escherichia coli infection,P27303
Pathogenic Escherichia coli infection,P27306
Pathogenic Escherichia coli infection,P27431
Pathogenic Escherichia coli infection,P27434
Pathogenic Escherichia coli infection,P27550
Pathogenic Escherichia coli infection,P27828
Pathogenic Escherichia coli infection,P27829
Pathogenic Escherichia coli infection,P27830
Pathogenic Escherichia coli infection,P27833
Pathogenic Escherichia coli infection,P27837
Pathogenic Escherichia coli infection,P27838
Pathogenic Escherichia coli infection,P27848
Pathogenic Escherichia coli infection,P27859
Pathogenic Escherichia coli infection,P28246
Pathogenic Escherichia coli infection,P28248
Pathogenic Escherichia coli infection,P28305
Pathogenic Escherichia coli infection,P28306
Pathogenic Escherichia coli infection,P28629
Pathogenic Escherichia coli infection,P28630
Pathogenic Escherichia coli infection,P28631
Pathogenic Escherichia coli infection,P28632
Pathogenic Escherichia coli infection,P28861
Pathogenic Escherichia coli infection,P28903
Pathogenic Escherichia coli infection,P28905
Pathogenic Escherichia coli infection,P29018
Pathogenic Escherichia coli infection,P29131
Pathogenic Escherichia coli infection,P29745
Pathogenic Escherichia coli infection,P30011
Pathogenic Escherichia coli infection,P30014
Pathogenic Escherichia coli infection,P30015
Pathogenic Escherichia coli infection,P30125
Pathogenic Escherichia coli infection,P30131
Pathogenic Escherichia coli infection,P30138
Pathogenic Escherichia coli infection,P30139
Pathogenic Escherichia coli infection,P30140
Pathogenic Escherichia coli infection,P30147
Pathogenic Escherichia coli infection,P30176
Pathogenic Escherichia coli infection,P30178
Pathogenic Escherichia coli infection,P30745
Pathogenic Escherichia coli infection,P30748
Pathogenic Escherichia coli infection,P30749
Pathogenic Escherichia coli infection,P30750
Pathogenic Escherichia coli infection,P30844
Pathogenic Escherichia coli infection,P30847
Pathogenic Escherichia coli infection,P30850
Pathogenic Escherichia coli infection,P30855
Pathogenic Escherichia coli infection,P30863
Pathogenic Escherichia coli infection,P30870
Pathogenic Escherichia coli infection,P30958
Pathogenic Escherichia coli infection,P31057
Pathogenic Escherichia coli infection,P31069
Pathogenic Escherichia coli infection,P31119
Pathogenic Escherichia coli infection,P31120
Pathogenic Escherichia coli infection,P31129
Pathogenic Escherichia coli infection,P31133
Pathogenic Escherichia coli infection,P31134
Pathogenic Escherichia coli infection,P31142
Pathogenic Escherichia coli infection,P31224
Pathogenic Escherichia coli infection,P31460
Pathogenic Escherichia coli infection,P31466
Pathogenic Escherichia coli infection,P31473
Pathogenic Escherichia coli infection,P31545
Pathogenic Escherichia coli infection,P31547
Pathogenic Escherichia coli infection,P31550
Pathogenic Escherichia coli infection,P31551
Pathogenic Escherichia coli infection,P31552
Pathogenic Escherichia coli infection,P31553
Pathogenic Escherichia coli infection,P31554
Pathogenic Escherichia coli infection,P31572
Pathogenic Escherichia coli infection,P31658
Pathogenic Escherichia coli infection,P31660
Pathogenic Escherichia coli infection,P31663
Pathogenic Escherichia coli infection,P31667
Pathogenic Escherichia coli infection,P31677
Pathogenic Escherichia coli infection,P31678
Pathogenic Escherichia coli infection,P31806
Pathogenic Escherichia coli infection,P31979
Pathogenic Escherichia coli infection,P31992
Pathogenic Escherichia coli infection,P32055
Pathogenic Escherichia coli infection,P32056
Pathogenic Escherichia coli infection,P32099
Pathogenic Escherichia coli infection,P32131
Pathogenic Escherichia coli infection,P32138
Pathogenic Escherichia coli infection,P32140
Pathogenic Escherichia coli infection,P32143
Pathogenic Escherichia coli infection,P32156
Pathogenic Escherichia coli infection,P32169
Pathogenic Escherichia coli infection,P32170
Pathogenic Escherichia coli infection,P32171
Pathogenic Escherichia coli infection,P32173
Pathogenic Escherichia coli infection,P32176
Pathogenic Escherichia coli infection,P32177
Pathogenic Escherichia coli infection,P32662
Pathogenic Escherichia coli infection,P32664
Pathogenic Escherichia coli infection,P32684
Pathogenic Escherichia coli infection,P32695
Pathogenic Escherichia coli infection,P32705
Pathogenic Escherichia coli infection,P32717
Pathogenic Escherichia coli infection,P32719
Pathogenic Escherichia coli infection,P33013
Pathogenic Escherichia coli infection,P33015
Pathogenic Escherichia coli infection,P33018
Pathogenic Escherichia coli infection,P33022
Pathogenic Escherichia coli infection,P33025
Pathogenic Escherichia coli infection,P33195
Pathogenic Escherichia coli infection,P33219
Pathogenic Escherichia coli infection,P33221
Pathogenic Escherichia coli infection,P33224
Pathogenic Escherichia coli infection,P33225
Pathogenic Escherichia coli infection,P33226
Pathogenic Escherichia coli infection,P33231
Pathogenic Escherichia coli infection,P33232
Pathogenic Escherichia coli infection,P33371
Pathogenic Escherichia coli infection,P33599
Pathogenic Escherichia coli infection,P33602
Pathogenic Escherichia coli infection,P33607
Pathogenic Escherichia coli infection,P33643
Pathogenic Escherichia coli infection,P33644
Pathogenic Escherichia coli infection,P33647
Pathogenic Escherichia coli infection,P33650
Pathogenic Escherichia coli infection,P33667
Pathogenic Escherichia coli infection,P33919
Pathogenic Escherichia coli infection,P33937
Pathogenic Escherichia coli infection,P35340
Pathogenic Escherichia coli infection,P36548
Pathogenic Escherichia coli infection,P36553
Pathogenic Escherichia coli infection,P36566
Pathogenic Escherichia coli infection,P36649
Pathogenic Escherichia coli infection,P36655
Pathogenic Escherichia coli infection,P36672
Pathogenic Escherichia coli infection,P36675
Pathogenic Escherichia coli infection,P36680
Pathogenic Escherichia coli infection,P36683
Pathogenic Escherichia coli infection,P36837
Pathogenic Escherichia coli infection,P36929
Pathogenic Escherichia coli infection,P36937
Pathogenic Escherichia coli infection,P36979
Pathogenic Escherichia coli infection,P37001
Pathogenic Escherichia coli infection,P37002
Pathogenic Escherichia coli infection,P37013
Pathogenic Escherichia coli infection,P37019
Pathogenic Escherichia coli infection,P37025
Pathogenic Escherichia coli infection,P37028
Pathogenic Escherichia coli infection,P37051
Pathogenic Escherichia coli infection,P37095
Pathogenic Escherichia coli infection,P37128
Pathogenic Escherichia coli infection,P37177
Pathogenic Escherichia coli infection,P37188
Pathogenic Escherichia coli infection,P37197
Pathogenic Escherichia coli infection,P37313
Pathogenic Escherichia coli infection,P37329
Pathogenic Escherichia coli infection,P37330
Pathogenic Escherichia coli infection,P37339
Pathogenic Escherichia coli infection,P37340
Pathogenic Escherichia coli infection,P37344
Pathogenic Escherichia coli infection,P37349
Pathogenic Escherichia coli infection,P37351
Pathogenic Escherichia coli infection,P37595
Pathogenic Escherichia coli infection,P37597
Pathogenic Escherichia coli infection,P37610
Pathogenic Escherichia coli infection,P37613
Pathogenic Escherichia coli infection,P37617
Pathogenic Escherichia coli infection,P37624
Pathogenic Escherichia coli infection,P37634
Pathogenic Escherichia coli infection,P37637
Pathogenic Escherichia coli infection,P37647
Pathogenic Escherichia coli infection,P37653
Pathogenic Escherichia coli infection,P37666
Pathogenic Escherichia coli infection,P37672
Pathogenic Escherichia coli infection,P37677
Pathogenic Escherichia coli infection,P37685
Pathogenic Escherichia coli infection,P37689
Pathogenic Escherichia coli infection,P37690
Pathogenic Escherichia coli infection,P37744
Pathogenic Escherichia coli infection,P37745
Pathogenic Escherichia coli infection,P37747
Pathogenic Escherichia coli infection,P37758
Pathogenic Escherichia coli infection,P37769
Pathogenic Escherichia coli infection,P37773
Pathogenic Escherichia coli infection,P37774
Pathogenic Escherichia coli infection,P37794
Pathogenic Escherichia coli infection,P37902
Pathogenic Escherichia coli infection,P38036
Pathogenic Escherichia coli infection,P38038
Pathogenic Escherichia coli infection,P38051
Pathogenic Escherichia coli infection,P38054
Pathogenic Escherichia coli infection,P38135
Pathogenic Escherichia coli infection,P38489
Pathogenic Escherichia coli infection,P38506
Pathogenic Escherichia coli infection,P39099
Pathogenic Escherichia coli infection,P39172
Pathogenic Escherichia coli infection,P39176
Pathogenic Escherichia coli infection,P39177
Pathogenic Escherichia coli infection,P39180
Pathogenic Escherichia coli infection,P39276
Pathogenic Escherichia coli infection,P39277
Pathogenic Escherichia coli infection,P39286
Pathogenic Escherichia coli infection,P39301
Pathogenic Escherichia coli infection,P39304
Pathogenic Escherichia coli infection,P39315
Pathogenic Escherichia coli infection,P39321
Pathogenic Escherichia coli infection,P39344
Pathogenic Escherichia coli infection,P39353
Pathogenic Escherichia coli infection,P39371
Pathogenic Escherichia coli infection,P39377
Pathogenic Escherichia coli infection,P39386
Pathogenic Escherichia coli infection,P39394
Pathogenic Escherichia coli infection,P39396
Pathogenic Escherichia coli infection,P39405
Pathogenic Escherichia coli infection,P39406
Pathogenic Escherichia coli infection,P39411
Pathogenic Escherichia coli infection,P39414
Pathogenic Escherichia coli infection,P39452
Pathogenic Escherichia coli infection,P39453
Pathogenic Escherichia coli infection,P39831
Pathogenic Escherichia coli infection,P39838
Pathogenic Escherichia coli infection,P40191
Pathogenic Escherichia coli infection,P40710
Pathogenic Escherichia coli infection,P40711
Pathogenic Escherichia coli infection,P40874
Pathogenic Escherichia coli infection,P41036
Pathogenic Escherichia coli infection,P41052
Pathogenic Escherichia coli infection,P41407
Pathogenic Escherichia coli infection,P41409
Pathogenic Escherichia coli infection,P42588
Pathogenic Escherichia coli infection,P42593
Pathogenic Escherichia coli infection,P42620
Pathogenic Escherichia coli infection,P42632
Pathogenic Escherichia coli infection,P42641
Pathogenic Escherichia coli infection,P43341
Pathogenic Escherichia coli infection,P43671
Pathogenic Escherichia coli infection,P43672
Pathogenic Escherichia coli infection,P45395
Pathogenic Escherichia coli infection,P45424
Pathogenic Escherichia coli infection,P45425
Pathogenic Escherichia coli infection,P45464
Pathogenic Escherichia coli infection,P45470
Pathogenic Escherichia coli infection,P45475
Pathogenic Escherichia coli infection,P45508
Pathogenic Escherichia coli infection,P45527
Pathogenic Escherichia coli infection,P45541
Pathogenic Escherichia coli infection,P45562
Pathogenic Escherichia coli infection,P45563
Pathogenic Escherichia coli infection,P45568
Pathogenic Escherichia coli infection,P45577
Pathogenic Escherichia coli infection,P45748
Pathogenic Escherichia coli infection,P45955
Pathogenic Escherichia coli infection,P45956
Pathogenic Escherichia coli infection,P46022
Pathogenic Escherichia coli infection,P46133
Pathogenic Escherichia coli infection,P46136
Pathogenic Escherichia coli infection,P46139
Pathogenic Escherichia coli infection,P46849
Pathogenic Escherichia coli infection,P46850
Pathogenic Escherichia coli infection,P46883
Pathogenic Escherichia coli infection,P46889
Pathogenic Escherichia coli infection,P46891
Pathogenic Escherichia coli infection,P50456
Pathogenic Escherichia coli infection,P50457
Pathogenic Escherichia coli infection,P50465
Pathogenic Escherichia coli infection,P51981
Pathogenic Escherichia coli infection,P52006
Pathogenic Escherichia coli infection,P52061
Pathogenic Escherichia coli infection,P52073
Pathogenic Escherichia coli infection,P52074
Pathogenic Escherichia coli infection,P52095
Pathogenic Escherichia coli infection,P52101
Pathogenic Escherichia coli infection,P52106
Pathogenic Escherichia coli infection,P52126
Pathogenic Escherichia coli infection,P52129
Pathogenic Escherichia coli infection,P52643
Pathogenic Escherichia coli infection,P54745
Pathogenic Escherichia coli infection,P55135
Pathogenic Escherichia coli infection,P55734
Pathogenic Escherichia coli infection,P56100
Pathogenic Escherichia coli infection,P56580
Pathogenic Escherichia coli infection,P56976
Pathogenic Escherichia coli infection,P60061
Pathogenic Escherichia coli infection,P60240
Pathogenic Escherichia coli infection,P60340
Pathogenic Escherichia coli infection,P60422
Pathogenic Escherichia coli infection,P60438
Pathogenic Escherichia coli infection,P60472
Pathogenic Escherichia coli infection,P60560
Pathogenic Escherichia coli infection,P60595
Pathogenic Escherichia coli infection,P60624
Pathogenic Escherichia coli infection,P60651
Pathogenic Escherichia coli infection,P60664
Pathogenic Escherichia coli infection,P60716
Pathogenic Escherichia coli infection,P60720
Pathogenic Escherichia coli infection,P60723
Pathogenic Escherichia coli infection,P60752
Pathogenic Escherichia coli infection,P60785
Pathogenic Escherichia coli infection,P60844
Pathogenic Escherichia coli infection,P60955
Pathogenic Escherichia coli infection,P61175
Pathogenic Escherichia coli infection,P61316
Pathogenic Escherichia coli infection,P61320
Pathogenic Escherichia coli infection,P61887
Pathogenic Escherichia coli infection,P61889
Pathogenic Escherichia coli infection,P62399
Pathogenic Escherichia coli infection,P62617
Pathogenic Escherichia coli infection,P62620
Pathogenic Escherichia coli infection,P62623
Pathogenic Escherichia coli infection,P62707
Pathogenic Escherichia coli infection,P63020
Pathogenic Escherichia coli infection,P63183
Pathogenic Escherichia coli infection,P63224
Pathogenic Escherichia coli infection,P63228
Pathogenic Escherichia coli infection,P63235
Pathogenic Escherichia coli infection,P63284
Pathogenic Escherichia coli infection,P63386
Pathogenic Escherichia coli infection,P63883
Pathogenic Escherichia coli infection,P64423
Pathogenic Escherichia coli infection,P64461
Pathogenic Escherichia coli infection,P64467
Pathogenic Escherichia coli infection,P64483
Pathogenic Escherichia coli infection,P64512
Pathogenic Escherichia coli infection,P64524
Pathogenic Escherichia coli infection,P64534
Pathogenic Escherichia coli infection,P64588
Pathogenic Escherichia coli infection,P64594
Pathogenic Escherichia coli infection,P64596
Pathogenic Escherichia coli infection,P64602
Pathogenic Escherichia coli infection,P64604
Pathogenic Escherichia coli infection,P64606
Pathogenic Escherichia coli infection,P64612
Pathogenic Escherichia coli infection,P64636
Pathogenic Escherichia coli infection,P66817
Pathogenic Escherichia coli infection,P66899
Pathogenic Escherichia coli infection,P66948
Pathogenic Escherichia coli infection,P67095
Pathogenic Escherichia coli infection,P67430
Pathogenic Escherichia coli infection,P67444
Pathogenic Escherichia coli infection,P67603
Pathogenic Escherichia coli infection,P67910
Pathogenic Escherichia coli infection,P68183
Pathogenic Escherichia coli infection,P68187
Pathogenic Escherichia coli infection,P68398
Pathogenic Escherichia coli infection,P68679
Pathogenic Escherichia coli infection,P68688
Pathogenic Escherichia coli infection,P68699
Pathogenic Escherichia coli infection,P68739
Pathogenic Escherichia coli infection,P68767
Pathogenic Escherichia coli infection,P68919
Pathogenic Escherichia coli infection,P69054
Pathogenic Escherichia coli infection,P69210
Pathogenic Escherichia coli infection,P69212
Pathogenic Escherichia coli infection,P69228
Pathogenic Escherichia coli infection,P69346
Pathogenic Escherichia coli infection,P69348
Pathogenic Escherichia coli infection,P69380
Pathogenic Escherichia coli infection,P69411
Pathogenic Escherichia coli infection,P69423
Pathogenic Escherichia coli infection,P69425
Pathogenic Escherichia coli infection,P69428
Pathogenic Escherichia coli infection,P69441
Pathogenic Escherichia coli infection,P69451
Pathogenic Escherichia coli infection,P69490
Pathogenic Escherichia coli infection,P69681
Pathogenic Escherichia coli infection,P69739
Pathogenic Escherichia coli infection,P69741
Pathogenic Escherichia coli infection,P69776
Pathogenic Escherichia coli infection,P69783
Pathogenic Escherichia coli infection,P69786
Pathogenic Escherichia coli infection,P69791
Pathogenic Escherichia coli infection,P69795
Pathogenic Escherichia coli infection,P69797
Pathogenic Escherichia coli infection,P69801
Pathogenic Escherichia coli infection,P69805
Pathogenic Escherichia coli infection,P69822
Pathogenic Escherichia coli infection,P69828
Pathogenic Escherichia coli infection,P69831
Pathogenic Escherichia coli infection,P69853
Pathogenic Escherichia coli infection,P69856
Pathogenic Escherichia coli infection,P69874
Pathogenic Escherichia coli infection,P69902
Pathogenic Escherichia coli infection,P69908
Pathogenic Escherichia coli infection,P69910
Pathogenic Escherichia coli infection,P69913
Pathogenic Escherichia coli infection,P69922
Pathogenic Escherichia coli infection,P69924
Pathogenic Escherichia coli infection,P69931
Pathogenic Escherichia coli infection,P69937
Pathogenic Escherichia coli infection,P75682
Pathogenic Escherichia coli infection,P75691
Pathogenic Escherichia coli infection,P75792
Pathogenic Escherichia coli infection,P75804
Pathogenic Escherichia coli infection,P75809
Pathogenic Escherichia coli infection,P75820
Pathogenic Escherichia coli infection,P75823
Pathogenic Escherichia coli infection,P75825
Pathogenic Escherichia coli infection,P75830
Pathogenic Escherichia coli infection,P75831
Pathogenic Escherichia coli infection,P75849
Pathogenic Escherichia coli infection,P75862
Pathogenic Escherichia coli infection,P75864
Pathogenic Escherichia coli infection,P75876
Pathogenic Escherichia coli infection,P75892
Pathogenic Escherichia coli infection,P75898
Pathogenic Escherichia coli infection,P75906
Pathogenic Escherichia coli infection,P75908
Pathogenic Escherichia coli infection,P75913
Pathogenic Escherichia coli infection,P75914
Pathogenic Escherichia coli infection,P75949
Pathogenic Escherichia coli infection,P75957
Pathogenic Escherichia coli infection,P75959
Pathogenic Escherichia coli infection,P75960
Pathogenic Escherichia coli infection,P75990
Pathogenic Escherichia coli infection,P76008
Pathogenic Escherichia coli infection,P76010
Pathogenic Escherichia coli infection,P76014
Pathogenic Escherichia coli infection,P76015
Pathogenic Escherichia coli infection,P76037
Pathogenic Escherichia coli infection,P76038
Pathogenic Escherichia coli infection,P76045
Pathogenic Escherichia coli infection,P76055
Pathogenic Escherichia coli infection,P76077
Pathogenic Escherichia coli infection,P76081
Pathogenic Escherichia coli infection,P76082
Pathogenic Escherichia coli infection,P76084
Pathogenic Escherichia coli infection,P76104
Pathogenic Escherichia coli infection,P76108
Pathogenic Escherichia coli infection,P76113
Pathogenic Escherichia coli infection,P76129
Pathogenic Escherichia coli infection,P76141
Pathogenic Escherichia coli infection,P76149
Pathogenic Escherichia coli infection,P76193
Pathogenic Escherichia coli infection,P76194
Pathogenic Escherichia coli infection,P76216
Pathogenic Escherichia coli infection,P76236
Pathogenic Escherichia coli infection,P76251
Pathogenic Escherichia coli infection,P76256
Pathogenic Escherichia coli infection,P76257
Pathogenic Escherichia coli infection,P76272
Pathogenic Escherichia coli infection,P76316
Pathogenic Escherichia coli infection,P76318
Pathogenic Escherichia coli infection,P76330
Pathogenic Escherichia coli infection,P76334
Pathogenic Escherichia coli infection,P76339
Pathogenic Escherichia coli infection,P76341
Pathogenic Escherichia coli infection,P76342
Pathogenic Escherichia coli infection,P76343
Pathogenic Escherichia coli infection,P76344
Pathogenic Escherichia coli infection,P76346
Pathogenic Escherichia coli infection,P76364
Pathogenic Escherichia coli infection,P76387
Pathogenic Escherichia coli infection,P76399
Pathogenic Escherichia coli infection,P76407
Pathogenic Escherichia coli infection,P76422
Pathogenic Escherichia coli infection,P76440
Pathogenic Escherichia coli infection,P76445
Pathogenic Escherichia coli infection,P76458
Pathogenic Escherichia coli infection,P76459
Pathogenic Escherichia coli infection,P76469
Pathogenic Escherichia coli infection,P76474
Pathogenic Escherichia coli infection,P76491
Pathogenic Escherichia coli infection,P76503
Pathogenic Escherichia coli infection,P76535
Pathogenic Escherichia coli infection,P76541
Pathogenic Escherichia coli infection,P76558
Pathogenic Escherichia coli infection,P76562
Pathogenic Escherichia coli infection,P76576
Pathogenic Escherichia coli infection,P76577
Pathogenic Escherichia coli infection,P76594
Pathogenic Escherichia coli infection,P76621
Pathogenic Escherichia coli infection,P76632
Pathogenic Escherichia coli infection,P76658
Pathogenic Escherichia coli infection,P77044
Pathogenic Escherichia coli infection,P77150
Pathogenic Escherichia coli infection,P77165
Pathogenic Escherichia coli infection,P77172
Pathogenic Escherichia coli infection,P77173
Pathogenic Escherichia coli infection,P77182
Pathogenic Escherichia coli infection,P77202
Pathogenic Escherichia coli infection,P77211
Pathogenic Escherichia coli infection,P77212
Pathogenic Escherichia coli infection,P77214
Pathogenic Escherichia coli infection,P77215
Pathogenic Escherichia coli infection,P77218
Pathogenic Escherichia coli infection,P77239
Pathogenic Escherichia coli infection,P77243
Pathogenic Escherichia coli infection,P77247
Pathogenic Escherichia coli infection,P77256
Pathogenic Escherichia coli infection,P77258
Pathogenic Escherichia coli infection,P77302
Pathogenic Escherichia coli infection,P77324
Pathogenic Escherichia coli infection,P77335
Pathogenic Escherichia coli infection,P77348
Pathogenic Escherichia coli infection,P77364
Pathogenic Escherichia coli infection,P77366
Pathogenic Escherichia coli infection,P77395
Pathogenic Escherichia coli infection,P77398
Pathogenic Escherichia coli infection,P77399
Pathogenic Escherichia coli infection,P77425
Pathogenic Escherichia coli infection,P77434
Pathogenic Escherichia coli infection,P77444
Pathogenic Escherichia coli infection,P77454
Pathogenic Escherichia coli infection,P77455
Pathogenic Escherichia coli infection,P77485
Pathogenic Escherichia coli infection,P77488
Pathogenic Escherichia coli infection,P77489
Pathogenic Escherichia coli infection,P77499
Pathogenic Escherichia coli infection,P77510
Pathogenic Escherichia coli infection,P77526
Pathogenic Escherichia coli infection,P77529
Pathogenic Escherichia coli infection,P77541
Pathogenic Escherichia coli infection,P77544
Pathogenic Escherichia coli infection,P77555
Pathogenic Escherichia coli infection,P77567
Pathogenic Escherichia coli infection,P77581
Pathogenic Escherichia coli infection,P77589
Pathogenic Escherichia coli infection,P77625
Pathogenic Escherichia coli infection,P77649
Pathogenic Escherichia coli infection,P77667
Pathogenic Escherichia coli infection,P77671
Pathogenic Escherichia coli infection,P77674
Pathogenic Escherichia coli infection,P77712
Pathogenic Escherichia coli infection,P77718
Pathogenic Escherichia coli infection,P77748
Pathogenic Escherichia coli infection,P77754
Pathogenic Escherichia coli infection,P77766
Pathogenic Escherichia coli infection,P77774
Pathogenic Escherichia coli infection,P77781
Pathogenic Escherichia coli infection,P77788
Pathogenic Escherichia coli infection,P77791
Pathogenic Escherichia coli infection,P77806
Pathogenic Escherichia coli infection,P78055
Pathogenic Escherichia coli infection,P78061
Pathogenic Escherichia coli infection,P80645
Pathogenic Escherichia coli infection,P80668
Pathogenic Escherichia coli infection,Q06065
Pathogenic Escherichia coli infection,Q06067
Pathogenic Escherichia coli infection,Q46806
Pathogenic Escherichia coli infection,Q46810
Pathogenic Escherichia coli infection,Q46821
Pathogenic Escherichia coli infection,Q46822
Pathogenic Escherichia coli infection,Q46839
Pathogenic Escherichia coli infection,Q46845
Pathogenic Escherichia coli infection,Q46851
Pathogenic Escherichia coli infection,Q46856
Pathogenic Escherichia coli infection,Q46857
Pathogenic Escherichia coli infection,Q46864
Pathogenic Escherichia coli infection,Q46865
Pathogenic Escherichia coli infection,Q46868
Pathogenic Escherichia coli infection,Q46871
Pathogenic Escherichia coli infection,Q46877
Pathogenic Escherichia coli infection,Q46893
Pathogenic Escherichia coli infection,Q46896
Pathogenic Escherichia coli infection,Q46897
Pathogenic Escherichia coli infection,Q46898
Pathogenic Escherichia coli infection,Q46899
Pathogenic Escherichia coli infection,Q46901
Pathogenic Escherichia coli infection,Q46920
Pathogenic Escherichia coli infection,Q46925
Pathogenic Escherichia coli infection,Q46927
Pathogenic Escherichia coli infection,Q46938
Pathogenic Escherichia coli infection,Q46948
Pathogenic Escherichia coli infection,Q47146
Pathogenic Escherichia coli infection,Q47149
Pathogenic Escherichia coli infection,Q47150
Pathogenic Escherichia coli infection,Q47152
Pathogenic Escherichia coli infection,Q47155
Pathogenic Escherichia coli infection,Q47208
Pathogenic Escherichia coli infection,Q47319
Pathogenic Escherichia coli infection,Q47377
Pathogenic Escherichia coli infection,Q57261
Pathogenic Escherichia coli infection,Q59385
Pathogenic Escherichia coli infection,Q6BF16
Pathogenic Escherichia coli infection,Q6BF17
Pathogenic Escherichia coli infection,Q93K97
Pathogenic Escherichia coli infection,A5A627
Pathogenic Escherichia coli infection,P00547
Pathogenic Escherichia coli infection,P00816
Pathogenic Escherichia coli infection,P00887
Pathogenic Escherichia coli infection,P00888
Pathogenic Escherichia coli infection,P00895
Pathogenic Escherichia coli infection,P00909
Pathogenic Escherichia coli infection,P00934
Pathogenic Escherichia coli infection,P00944
Pathogenic Escherichia coli infection,P00954
Pathogenic Escherichia coli infection,P00961
Pathogenic Escherichia coli infection,P02413
Pathogenic Escherichia coli infection,P02924
Pathogenic Escherichia coli infection,P02932
Pathogenic Escherichia coli infection,P03014
Pathogenic Escherichia coli infection,P03024
Pathogenic Escherichia coli infection,P03817
Pathogenic Escherichia coli infection,P04335
Pathogenic Escherichia coli infection,P04816
Pathogenic Escherichia coli infection,P04951
Pathogenic Escherichia coli infection,P05100
Pathogenic Escherichia coli infection,P05459
Pathogenic Escherichia coli infection,P05706
Pathogenic Escherichia coli infection,P05707
Pathogenic Escherichia coli infection,P05719
Pathogenic Escherichia coli infection,P05847
Pathogenic Escherichia coli infection,P06610
Pathogenic Escherichia coli infection,P06720
Pathogenic Escherichia coli infection,P06864
Pathogenic Escherichia coli infection,P06986
Pathogenic Escherichia coli infection,P06987
Pathogenic Escherichia coli infection,P06989
Pathogenic Escherichia coli infection,P07018
Pathogenic Escherichia coli infection,P07023
Pathogenic Escherichia coli infection,P07109
Pathogenic Escherichia coli infection,P07364
Pathogenic Escherichia coli infection,P07650
Pathogenic Escherichia coli infection,P07762
Pathogenic Escherichia coli infection,P07813
Pathogenic Escherichia coli infection,P08178
Pathogenic Escherichia coli infection,P08189
Pathogenic Escherichia coli infection,P08190
Pathogenic Escherichia coli infection,P08194
Pathogenic Escherichia coli infection,P08204
Pathogenic Escherichia coli infection,P08331
Pathogenic Escherichia coli infection,P08365
Pathogenic Escherichia coli infection,P08368
Pathogenic Escherichia coli infection,P08400
Pathogenic Escherichia coli infection,P08401
Pathogenic Escherichia coli infection,P08722
Pathogenic Escherichia coli infection,P08957
Pathogenic Escherichia coli infection,P09053
Pathogenic Escherichia coli infection,P09151
Pathogenic Escherichia coli infection,P09184
Pathogenic Escherichia coli infection,P09378
Pathogenic Escherichia coli infection,P09549
Pathogenic Escherichia coli infection,P09551
Pathogenic Escherichia coli infection,P09836
Pathogenic Escherichia coli infection,P0A6A6
Pathogenic Escherichia coli infection,P0A6C5
Pathogenic Escherichia coli infection,P0A6E9
Pathogenic Escherichia coli infection,P0A6I3
Pathogenic Escherichia coli infection,P0A6I9
Pathogenic Escherichia coli infection,P0A6J1
Pathogenic Escherichia coli infection,P0A6J8
Pathogenic Escherichia coli infection,P0A6L9
Pathogenic Escherichia coli infection,P0A6S3
Pathogenic Escherichia coli infection,P0A6T9
Pathogenic Escherichia coli infection,P0A6U8
Pathogenic Escherichia coli infection,P0A6V8
Pathogenic Escherichia coli infection,P0A6W9
Pathogenic Escherichia coli infection,P0A6Z1
Pathogenic Escherichia coli infection,P0A734
Pathogenic Escherichia coli infection,P0A752
Pathogenic Escherichia coli infection,P0A756
Pathogenic Escherichia coli infection,P0A761
Pathogenic Escherichia coli infection,P0A766
Pathogenic Escherichia coli infection,P0A780
Pathogenic Escherichia coli infection,P0A7A5
Pathogenic Escherichia coli infection,P0A7D7
Pathogenic Escherichia coli infection,P0A7F3
Pathogenic Escherichia coli infection,P0A7H3
Pathogenic Escherichia coli infection,P0A7I0
Pathogenic Escherichia coli infection,P0A7N1
Pathogenic Escherichia coli infection,P0A7Q1
Pathogenic Escherichia coli infection,P0A7Q6
Pathogenic Escherichia coli infection,P0A7Y8
Pathogenic Escherichia coli infection,P0A805
Pathogenic Escherichia coli infection,P0A843
Pathogenic Escherichia coli infection,P0A877
Pathogenic Escherichia coli infection,P0A881
Pathogenic Escherichia coli infection,P0A8A4
Pathogenic Escherichia coli infection,P0A8A8
Pathogenic Escherichia coli infection,P0A8F4
Pathogenic Escherichia coli infection,P0A8H8
Pathogenic Escherichia coli infection,P0A8P1
Pathogenic Escherichia coli infection,P0A8Q6
Pathogenic Escherichia coli infection,P0A8T1
Pathogenic Escherichia coli infection,P0A8U6
Pathogenic Escherichia coli infection,P0A8W2
Pathogenic Escherichia coli infection,P0A8Z3
Pathogenic Escherichia coli infection,P0A908
Pathogenic Escherichia coli infection,P0A927
Pathogenic Escherichia coli infection,P0A996
Pathogenic Escherichia coli infection,P0A9C3
Pathogenic Escherichia coli infection,P0A9D4
Pathogenic Escherichia coli infection,P0A9E2
Pathogenic Escherichia coli infection,P0A9F1
Pathogenic Escherichia coli infection,P0A9F3
Pathogenic Escherichia coli infection,P0A9H1
Pathogenic Escherichia coli infection,P0A9H5
Pathogenic Escherichia coli infection,P0A9I1
Pathogenic Escherichia coli infection,P0A9I5
Pathogenic Escherichia coli infection,P0A9L5
Pathogenic Escherichia coli infection,P0A9L8
Pathogenic Escherichia coli infection,P0A9P9
Pathogenic Escherichia coli infection,P0A9S3
Pathogenic Escherichia coli infection,P0A9U1
Pathogenic Escherichia coli infection,P0A9W0
Pathogenic Escherichia coli infection,P0A9W6
Pathogenic Escherichia coli infection,P0A9X1
Pathogenic Escherichia coli infection,P0AA39
Pathogenic Escherichia coli infection,P0AA53
Pathogenic Escherichia coli infection,P0AA60
Pathogenic Escherichia coli infection,P0AA63
Pathogenic Escherichia coli infection,P0AA67
Pathogenic Escherichia coli infection,P0AA80
Pathogenic Escherichia coli infection,P0AA86
Pathogenic Escherichia coli infection,P0AAA7
Pathogenic Escherichia coli infection,P0AAC0
Pathogenic Escherichia coli infection,P0AAD2
Pathogenic Escherichia coli infection,P0AAD4
Pathogenic Escherichia coli infection,P0AAF3
Pathogenic Escherichia coli infection,P0AAF6
Pathogenic Escherichia coli infection,P0AAG5
Pathogenic Escherichia coli infection,P0AAG8
Pathogenic Escherichia coli infection,P0AAH8
Pathogenic Escherichia coli infection,P0AAJ8
Pathogenic Escherichia coli infection,P0AAK1
Pathogenic Escherichia coli infection,P0AAL0
Pathogenic Escherichia coli infection,P0AAL3
Pathogenic Escherichia coli infection,P0AAN9
Pathogenic Escherichia coli infection,P0AAP1
Pathogenic Escherichia coli infection,P0AAS5
Pathogenic Escherichia coli infection,P0AB01
Pathogenic Escherichia coli infection,P0AB06
Pathogenic Escherichia coli infection,P0AB10
Pathogenic Escherichia coli infection,P0AB18
Pathogenic Escherichia coli infection,P0AB24
Pathogenic Escherichia coli infection,P0AB40
Pathogenic Escherichia coli infection,P0AB65
Pathogenic Escherichia coli infection,P0AB67
Pathogenic Escherichia coli infection,P0AB85
Pathogenic Escherichia coli infection,P0AB93
Pathogenic Escherichia coli infection,P0ABA0
Pathogenic Escherichia coli infection,P0ABA4
Pathogenic Escherichia coli infection,P0ABC3
Pathogenic Escherichia coli infection,P0ABC9
Pathogenic Escherichia coli infection,P0ABE9
Pathogenic Escherichia coli infection,P0ABF4
Pathogenic Escherichia coli infection,P0ABF8
Pathogenic Escherichia coli infection,P0ABG1
Pathogenic Escherichia coli infection,P0ABL1
Pathogenic Escherichia coli infection,P0ABM1
Pathogenic Escherichia coli infection,P0ABM9
Pathogenic Escherichia coli infection,P0ABQ2
Pathogenic Escherichia coli infection,P0ABR5
Pathogenic Escherichia coli infection,P0ABR7
Pathogenic Escherichia coli infection,P0ABT5
Pathogenic Escherichia coli infection,P0ABT8
Pathogenic Escherichia coli infection,P0ABU5
Pathogenic Escherichia coli infection,P0ABW0
Pathogenic Escherichia coli infection,P0ABZ4
Pathogenic Escherichia coli infection,P0AC28
Pathogenic Escherichia coli infection,P0AC51
Pathogenic Escherichia coli infection,P0AC62
Pathogenic Escherichia coli infection,P0AC86
Pathogenic Escherichia coli infection,P0AC94
Pathogenic Escherichia coli infection,P0ACA3
Pathogenic Escherichia coli infection,P0ACA7
Pathogenic Escherichia coli infection,P0ACG4
Pathogenic Escherichia coli infection,P0ACH5
Pathogenic Escherichia coli infection,P0ACL5
Pathogenic Escherichia coli infection,P0ACL7
Pathogenic Escherichia coli infection,P0ACP1
Pathogenic Escherichia coli infection,P0ACQ0
Pathogenic Escherichia coli infection,P0ACR9
Pathogenic Escherichia coli infection,P0ACS5
Pathogenic Escherichia coli infection,P0ACS9
Pathogenic Escherichia coli infection,P0ACU0
Pathogenic Escherichia coli infection,P0ACU2
Pathogenic Escherichia coli infection,P0ACU5
Pathogenic Escherichia coli infection,P0ACV2
Pathogenic Escherichia coli infection,P0ACV4
Pathogenic Escherichia coli infection,P0ACZ4
Pathogenic Escherichia coli infection,P0ACZ8
Pathogenic Escherichia coli infection,P0AD01
Pathogenic Escherichia coli infection,P0AD03
Pathogenic Escherichia coli infection,P0AD42
Pathogenic Escherichia coli infection,P0AD89
Pathogenic Escherichia coli infection,P0AD96
Pathogenic Escherichia coli infection,P0ADC3
Pathogenic Escherichia coli infection,P0ADC6
Pathogenic Escherichia coli infection,P0ADD2
Pathogenic Escherichia coli infection,P0ADD5
Pathogenic Escherichia coli infection,P0ADE6
Pathogenic Escherichia coli infection,P0ADF6
Pathogenic Escherichia coli infection,P0ADF8
Pathogenic Escherichia coli infection,P0ADG1
Pathogenic Escherichia coli infection,P0ADN6
Pathogenic Escherichia coli infection,P0ADP5
Pathogenic Escherichia coli infection,P0ADP7
Pathogenic Escherichia coli infection,P0ADR6
Pathogenic Escherichia coli infection,P0ADU2
Pathogenic Escherichia coli infection,P0ADV7
Pathogenic Escherichia coli infection,P0ADW3
Pathogenic Escherichia coli infection,P0ADZ7
Pathogenic Escherichia coli infection,P0AE76
Pathogenic Escherichia coli infection,P0AEA2
Pathogenic Escherichia coli infection,P0AEA5
Pathogenic Escherichia coli infection,P0AEB5
Pathogenic Escherichia coli infection,P0AED0
Pathogenic Escherichia coli infection,P0AED5
Pathogenic Escherichia coli infection,P0AEE1
Pathogenic Escherichia coli infection,P0AEF4
Pathogenic Escherichia coli infection,P0AEH5
Pathogenic Escherichia coli infection,P0AEI4
Pathogenic Escherichia coli infection,P0AEI6
Pathogenic Escherichia coli infection,P0AEJ8
Pathogenic Escherichia coli infection,P0AEQ3
Pathogenic Escherichia coli infection,P0AER3
Pathogenic Escherichia coli infection,P0AER5
Pathogenic Escherichia coli infection,P0AER8
Pathogenic Escherichia coli infection,P0AEU0
Pathogenic Escherichia coli infection,P0AEZ7
Pathogenic Escherichia coli infection,P0AEZ9
Pathogenic Escherichia coli infection,P0AF03
Pathogenic Escherichia coli infection,P0AF26
Pathogenic Escherichia coli infection,P0AF98
Pathogenic Escherichia coli infection,P0AFA9
Pathogenic Escherichia coli infection,P0AFG0
Pathogenic Escherichia coli infection,P0AFH0
Pathogenic Escherichia coli infection,P0AFH2
Pathogenic Escherichia coli infection,P0AFH6
Pathogenic Escherichia coli infection,P0AFJ5
Pathogenic Escherichia coli infection,P0AFK4
Pathogenic Escherichia coli infection,P0AFK6
Pathogenic Escherichia coli infection,P0AFK9
Pathogenic Escherichia coli infection,P0AFL1
Pathogenic Escherichia coli infection,P0AFL9
Pathogenic Escherichia coli infection,P0AFN2
Pathogenic Escherichia coli infection,P0AFP2
Pathogenic Escherichia coli infection,P0AFP9
Pathogenic Escherichia coli infection,P0AFQ2
Pathogenic Escherichia coli infection,P0AFR9
Pathogenic Escherichia coli infection,P0AFS5
Pathogenic Escherichia coli infection,P0AFT5
Pathogenic Escherichia coli infection,P0AFU0
Pathogenic Escherichia coli infection,P0AFU8
Pathogenic Escherichia coli infection,P0AFW4
Pathogenic Escherichia coli infection,P0AFX4
Pathogenic Escherichia coli infection,P0AFZ7
Pathogenic Escherichia coli infection,P0AG00
Pathogenic Escherichia coli infection,P0AG03
Pathogenic Escherichia coli infection,P0AG20
Pathogenic Escherichia coli infection,P0AG40
Pathogenic Escherichia coli infection,P0AG44
Pathogenic Escherichia coli infection,P0AG48
Pathogenic Escherichia coli infection,P0AG51
Pathogenic Escherichia coli infection,P0AG76
Pathogenic Escherichia coli infection,P0AG78
Pathogenic Escherichia coli infection,P0AG82
Pathogenic Escherichia coli infection,P0AGA6
Pathogenic Escherichia coli infection,P0AGC5
Pathogenic Escherichia coli infection,P0AGG4
Pathogenic Escherichia coli infection,P0AGH3
Pathogenic Escherichia coli infection,P0AGH5
Pathogenic Escherichia coli infection,P0AGJ7
Pathogenic Escherichia coli infection,P0AGL2
Pathogenic Escherichia coli infection,P0AGL5
Pathogenic Escherichia coli infection,P0AGL7
Pathogenic Escherichia coli infection,P0AGM9
Pathogenic Escherichia coli infection,P0C066
Pathogenic Escherichia coli infection,P0C0L9
Pathogenic Escherichia coli infection,P0C0U4
Pathogenic Escherichia coli infection,P0C8J6
Pathogenic Escherichia coli infection,P0C960
Pathogenic Escherichia coli infection,P0CI31
Pathogenic Escherichia coli infection,P0DMC9
Pathogenic Escherichia coli infection,P0DW56
Pathogenic Escherichia coli infection,P10100
Pathogenic Escherichia coli infection,P10151
Pathogenic Escherichia coli infection,P10346
Pathogenic Escherichia coli infection,P10371
Pathogenic Escherichia coli infection,P10384
Pathogenic Escherichia coli infection,P10441
Pathogenic Escherichia coli infection,P10442
Pathogenic Escherichia coli infection,P11553
Pathogenic Escherichia coli infection,P13016
Pathogenic Escherichia coli infection,P13033
Pathogenic Escherichia coli infection,P13669
Pathogenic Escherichia coli infection,P13857
Pathogenic Escherichia coli infection,P15031
Pathogenic Escherichia coli infection,P15032
Pathogenic Escherichia coli infection,P15038
Pathogenic Escherichia coli infection,P15078
Pathogenic Escherichia coli infection,P16095
Pathogenic Escherichia coli infection,P16256
Pathogenic Escherichia coli infection,P16429
Pathogenic Escherichia coli infection,P16430
Pathogenic Escherichia coli infection,P16431
Pathogenic Escherichia coli infection,P16432
Pathogenic Escherichia coli infection,P16433
Pathogenic Escherichia coli infection,P16676
Pathogenic Escherichia coli infection,P16678
Pathogenic Escherichia coli infection,P16679
Pathogenic Escherichia coli infection,P16685
Pathogenic Escherichia coli infection,P16691
Pathogenic Escherichia coli infection,P16700
Pathogenic Escherichia coli infection,P17315
Pathogenic Escherichia coli infection,P17334
Pathogenic Escherichia coli infection,P17446
Pathogenic Escherichia coli infection,P17802
Pathogenic Escherichia coli infection,P18133
Pathogenic Escherichia coli infection,P18392
Pathogenic Escherichia coli infection,P18777
Pathogenic Escherichia coli infection,P19323
Pathogenic Escherichia coli infection,P19642
Pathogenic Escherichia coli infection,P20099
Pathogenic Escherichia coli infection,P21189
Pathogenic Escherichia coli infection,P21345
Pathogenic Escherichia coli infection,P21517
Pathogenic Escherichia coli infection,P21866
Pathogenic Escherichia coli infection,P21889
Pathogenic Escherichia coli infection,P22186
Pathogenic Escherichia coli infection,P22524
Pathogenic Escherichia coli infection,P22939
Pathogenic Escherichia coli infection,P23173
Pathogenic Escherichia coli infection,P23200
Pathogenic Escherichia coli infection,P23331
Pathogenic Escherichia coli infection,P23482
Pathogenic Escherichia coli infection,P23485
Pathogenic Escherichia coli infection,P23524
Pathogenic Escherichia coli infection,P23849
Pathogenic Escherichia coli infection,P23869
Pathogenic Escherichia coli infection,P23871
Pathogenic Escherichia coli infection,P23876
Pathogenic Escherichia coli infection,P23877
Pathogenic Escherichia coli infection,P23878
Pathogenic Escherichia coli infection,P23917
Pathogenic Escherichia coli infection,P24077
Pathogenic Escherichia coli infection,P24169
Pathogenic Escherichia coli infection,P24180
Pathogenic Escherichia coli infection,P24197
Pathogenic Escherichia coli infection,P24216
Pathogenic Escherichia coli infection,P24251
Pathogenic Escherichia coli infection,P24255
Pathogenic Escherichia coli infection,P24555
Pathogenic Escherichia coli infection,P25396
Pathogenic Escherichia coli infection,P25736
Pathogenic Escherichia coli infection,P25742
Pathogenic Escherichia coli infection,P25746
Pathogenic Escherichia coli infection,P25798
Pathogenic Escherichia coli infection,P25906
Pathogenic Escherichia coli infection,P26218
Pathogenic Escherichia coli infection,P26281
Pathogenic Escherichia coli infection,P26646
Pathogenic Escherichia coli infection,P26647
Pathogenic Escherichia coli infection,P27129
Pathogenic Escherichia coli infection,P27241
Pathogenic Escherichia coli infection,P27242
Pathogenic Escherichia coli infection,P27245
Pathogenic Escherichia coli infection,P27247
Pathogenic Escherichia coli infection,P27248
Pathogenic Escherichia coli infection,P27253
Pathogenic Escherichia coli infection,P27254
Pathogenic Escherichia coli infection,P27298
Pathogenic Escherichia coli infection,P27300
Pathogenic Escherichia coli infection,P27305
Pathogenic Escherichia coli infection,P27896
Pathogenic Escherichia coli infection,P28224
Pathogenic Escherichia coli infection,P28249
Pathogenic Escherichia coli infection,P28304
Pathogenic Escherichia coli infection,P28307
Pathogenic Escherichia coli infection,P28634
Pathogenic Escherichia coli infection,P28635
Pathogenic Escherichia coli infection,P28638
Pathogenic Escherichia coli infection,P28904
Pathogenic Escherichia coli infection,P29012
Pathogenic Escherichia coli infection,P29208
Pathogenic Escherichia coli infection,P29680
Pathogenic Escherichia coli infection,P30126
Pathogenic Escherichia coli infection,P30137
Pathogenic Escherichia coli infection,P30744
Pathogenic Escherichia coli infection,P30843
Pathogenic Escherichia coli infection,P30845
Pathogenic Escherichia coli infection,P30860
Pathogenic Escherichia coli infection,P30871
Pathogenic Escherichia coli infection,P31058
Pathogenic Escherichia coli infection,P31135
Pathogenic Escherichia coli infection,P31434
Pathogenic Escherichia coli infection,P31441
Pathogenic Escherichia coli infection,P31467
Pathogenic Escherichia coli infection,P31675
Pathogenic Escherichia coli infection,P31680
Pathogenic Escherichia coli infection,P31697
Pathogenic Escherichia coli infection,P31801
Pathogenic Escherichia coli infection,P32053
Pathogenic Escherichia coli infection,P32125
Pathogenic Escherichia coli infection,P32129
Pathogenic Escherichia coli infection,P32136
Pathogenic Escherichia coli infection,P32141
Pathogenic Escherichia coli infection,P32144
Pathogenic Escherichia coli infection,P32157
Pathogenic Escherichia coli infection,P32166
Pathogenic Escherichia coli infection,P32669
Pathogenic Escherichia coli infection,P32670
Pathogenic Escherichia coli infection,P32715
Pathogenic Escherichia coli infection,P32716
Pathogenic Escherichia coli infection,P32718
Pathogenic Escherichia coli infection,P32721
Pathogenic Escherichia coli infection,P33012
Pathogenic Escherichia coli infection,P33026
Pathogenic Escherichia coli infection,P33030
Pathogenic Escherichia coli infection,P33129
Pathogenic Escherichia coli infection,P33229
Pathogenic Escherichia coli infection,P33358
Pathogenic Escherichia coli infection,P33359
Pathogenic Escherichia coli infection,P33360
Pathogenic Escherichia coli infection,P33361
Pathogenic Escherichia coli infection,P33363
Pathogenic Escherichia coli infection,P33570
Pathogenic Escherichia coli infection,P33590
Pathogenic Escherichia coli infection,P33591
Pathogenic Escherichia coli infection,P33931
Pathogenic Escherichia coli infection,P33934
Pathogenic Escherichia coli infection,P33940
Pathogenic Escherichia coli infection,P33941
Pathogenic Escherichia coli infection,P36560
Pathogenic Escherichia coli infection,P36659
Pathogenic Escherichia coli infection,P36662
Pathogenic Escherichia coli infection,P36673
Pathogenic Escherichia coli infection,P36767
Pathogenic Escherichia coli infection,P36938
Pathogenic Escherichia coli infection,P36999
Pathogenic Escherichia coli infection,P37146
Pathogenic Escherichia coli infection,P37194
Pathogenic Escherichia coli infection,P37306
Pathogenic Escherichia coli infection,P37338
Pathogenic Escherichia coli infection,P37353
Pathogenic Escherichia coli infection,P37355
Pathogenic Escherichia coli infection,P37387
Pathogenic Escherichia coli infection,P37388
Pathogenic Escherichia coli infection,P37596
Pathogenic Escherichia coli infection,P37619
Pathogenic Escherichia coli infection,P37621
Pathogenic Escherichia coli infection,P37636
Pathogenic Escherichia coli infection,P37639
Pathogenic Escherichia coli infection,P37646
Pathogenic Escherichia coli infection,P37651
Pathogenic Escherichia coli infection,P37657
Pathogenic Escherichia coli infection,P37661
Pathogenic Escherichia coli infection,P37665
Pathogenic Escherichia coli infection,P37669
Pathogenic Escherichia coli infection,P37674
Pathogenic Escherichia coli infection,P37675
Pathogenic Escherichia coli infection,P37676
Pathogenic Escherichia coli infection,P37678
Pathogenic Escherichia coli infection,P37680
Pathogenic Escherichia coli infection,P37692
Pathogenic Escherichia coli infection,P37759
Pathogenic Escherichia coli infection,P37760
Pathogenic Escherichia coli infection,P37765
Pathogenic Escherichia coli infection,P38097
Pathogenic Escherichia coli infection,P38101
Pathogenic Escherichia coli infection,P38134
Pathogenic Escherichia coli infection,P38684
Pathogenic Escherichia coli infection,P39199
Pathogenic Escherichia coli infection,P39280
Pathogenic Escherichia coli infection,P39288
Pathogenic Escherichia coli infection,P39300
Pathogenic Escherichia coli infection,P39306
Pathogenic Escherichia coli infection,P39310
Pathogenic Escherichia coli infection,P39325
Pathogenic Escherichia coli infection,P39333
Pathogenic Escherichia coli infection,P39346
Pathogenic Escherichia coli infection,P39352
Pathogenic Escherichia coli infection,P39358
Pathogenic Escherichia coli infection,P39370
Pathogenic Escherichia coli infection,P39375
Pathogenic Escherichia coli infection,P39376
Pathogenic Escherichia coli infection,P39398
Pathogenic Escherichia coli infection,P39400
Pathogenic Escherichia coli infection,P39401
Pathogenic Escherichia coli infection,P39404
Pathogenic Escherichia coli infection,P39451
Pathogenic Escherichia coli infection,P39829
Pathogenic Escherichia coli infection,P39835
Pathogenic Escherichia coli infection,P40120
Pathogenic Escherichia coli infection,P40719
Pathogenic Escherichia coli infection,P41441
Pathogenic Escherichia coli infection,P42592
Pathogenic Escherichia coli infection,P42604
Pathogenic Escherichia coli infection,P42615
Pathogenic Escherichia coli infection,P42628
Pathogenic Escherichia coli infection,P43329
Pathogenic Escherichia coli infection,P43674
Pathogenic Escherichia coli infection,P43676
Pathogenic Escherichia coli infection,P45522
Pathogenic Escherichia coli infection,P45523
Pathogenic Escherichia coli infection,P45532
Pathogenic Escherichia coli infection,P45543
Pathogenic Escherichia coli infection,P45548
Pathogenic Escherichia coli infection,P45578
Pathogenic Escherichia coli infection,P45579
Pathogenic Escherichia coli infection,P45758
Pathogenic Escherichia coli infection,P45799
Pathogenic Escherichia coli infection,P46130
Pathogenic Escherichia coli infection,P46187
Pathogenic Escherichia coli infection,P46474
Pathogenic Escherichia coli infection,P46852
Pathogenic Escherichia coli infection,P46923
Pathogenic Escherichia coli infection,P50466
Pathogenic Escherichia coli infection,P51020
Pathogenic Escherichia coli infection,P51025
Pathogenic Escherichia coli infection,P52005
Pathogenic Escherichia coli infection,P52045
Pathogenic Escherichia coli infection,P52062
Pathogenic Escherichia coli infection,P52094
Pathogenic Escherichia coli infection,P52097
Pathogenic Escherichia coli infection,P52130
Pathogenic Escherichia coli infection,P52599
Pathogenic Escherichia coli infection,P52600
Pathogenic Escherichia coli infection,P52612
Pathogenic Escherichia coli infection,P52645
Pathogenic Escherichia coli infection,P52697
Pathogenic Escherichia coli infection,P55798
Pathogenic Escherichia coli infection,P55799
Pathogenic Escherichia coli infection,P58034
Pathogenic Escherichia coli infection,P60293
Pathogenic Escherichia coli infection,P60390
Pathogenic Escherichia coli infection,P60546
Pathogenic Escherichia coli infection,P60584
Pathogenic Escherichia coli infection,P60757
Pathogenic Escherichia coli infection,P60782
Pathogenic Escherichia coli infection,P60906
Pathogenic Escherichia coli infection,P60932
Pathogenic Escherichia coli infection,P61517
Pathogenic Escherichia coli infection,P61714
Pathogenic Escherichia coli infection,P61949
Pathogenic Escherichia coli infection,P62395
Pathogenic Escherichia coli infection,P62601
Pathogenic Escherichia coli infection,P62615
Pathogenic Escherichia coli infection,P63177
Pathogenic Escherichia coli infection,P63201
Pathogenic Escherichia coli infection,P63746
Pathogenic Escherichia coli infection,P64550
Pathogenic Escherichia coli infection,P64554
Pathogenic Escherichia coli infection,P64559
Pathogenic Escherichia coli infection,P64578
Pathogenic Escherichia coli infection,P64581
Pathogenic Escherichia coli infection,P64646
Pathogenic Escherichia coli infection,P65643
Pathogenic Escherichia coli infection,P65870
Pathogenic Escherichia coli infection,P67080
Pathogenic Escherichia coli infection,P67662
Pathogenic Escherichia coli infection,P67697
Pathogenic Escherichia coli infection,P67701
Pathogenic Escherichia coli infection,P68066
Pathogenic Escherichia coli infection,P68191
Pathogenic Escherichia coli infection,P68567
Pathogenic Escherichia coli infection,P69222
Pathogenic Escherichia coli infection,P69330
Pathogenic Escherichia coli infection,P69432
Pathogenic Escherichia coli infection,P69434
Pathogenic Escherichia coli infection,P69488
Pathogenic Escherichia coli infection,P69503
Pathogenic Escherichia coli infection,P69506
Pathogenic Escherichia coli infection,P69811
Pathogenic Escherichia coli infection,P69820
Pathogenic Escherichia coli infection,P69829
Pathogenic Escherichia coli infection,P71229
Pathogenic Escherichia coli infection,P71241
Pathogenic Escherichia coli infection,P75712
Pathogenic Escherichia coli infection,P75713
Pathogenic Escherichia coli infection,P75726
Pathogenic Escherichia coli infection,P75728
Pathogenic Escherichia coli infection,P75780
Pathogenic Escherichia coli infection,P75783
Pathogenic Escherichia coli infection,P75796
Pathogenic Escherichia coli infection,P75797
Pathogenic Escherichia coli infection,P75798
Pathogenic Escherichia coli infection,P75801
Pathogenic Escherichia coli infection,P75806
Pathogenic Escherichia coli infection,P75824
Pathogenic Escherichia coli infection,P75869
Pathogenic Escherichia coli infection,P75893
Pathogenic Escherichia coli infection,P75894
Pathogenic Escherichia coli infection,P75895
Pathogenic Escherichia coli infection,P75897
Pathogenic Escherichia coli infection,P75905
Pathogenic Escherichia coli infection,P75915
Pathogenic Escherichia coli infection,P75919
Pathogenic Escherichia coli infection,P75952
Pathogenic Escherichia coli infection,P75954
Pathogenic Escherichia coli infection,P75958
Pathogenic Escherichia coli infection,P75966
Pathogenic Escherichia coli infection,P75987
Pathogenic Escherichia coli infection,P75989
Pathogenic Escherichia coli infection,P75993
Pathogenic Escherichia coli infection,P76004
Pathogenic Escherichia coli infection,P76016
Pathogenic Escherichia coli infection,P76027
Pathogenic Escherichia coli infection,P76041
Pathogenic Escherichia coli infection,P76044
Pathogenic Escherichia coli infection,P76052
Pathogenic Escherichia coli infection,P76079
Pathogenic Escherichia coli infection,P76083
Pathogenic Escherichia coli infection,P76085
Pathogenic Escherichia coli infection,P76086
Pathogenic Escherichia coli infection,P76106
Pathogenic Escherichia coli infection,P76112
Pathogenic Escherichia coli infection,P76115
Pathogenic Escherichia coli infection,P76136
Pathogenic Escherichia coli infection,P76143
Pathogenic Escherichia coli infection,P76145
Pathogenic Escherichia coli infection,P76147
Pathogenic Escherichia coli infection,P76182
Pathogenic Escherichia coli infection,P76190
Pathogenic Escherichia coli infection,P76213
Pathogenic Escherichia coli infection,P76215
Pathogenic Escherichia coli infection,P76217
Pathogenic Escherichia coli infection,P76234
Pathogenic Escherichia coli infection,P76237
Pathogenic Escherichia coli infection,P76242
Pathogenic Escherichia coli infection,P76245
Pathogenic Escherichia coli infection,P76249
Pathogenic Escherichia coli infection,P76250
Pathogenic Escherichia coli infection,P76264
Pathogenic Escherichia coli infection,P76290
Pathogenic Escherichia coli infection,P76291
Pathogenic Escherichia coli infection,P76340
Pathogenic Escherichia coli infection,P76347
Pathogenic Escherichia coli infection,P76350
Pathogenic Escherichia coli infection,P76352
Pathogenic Escherichia coli infection,P76373
Pathogenic Escherichia coli infection,P76395
Pathogenic Escherichia coli infection,P76397
Pathogenic Escherichia coli infection,P76398
Pathogenic Escherichia coli infection,P76403
Pathogenic Escherichia coli infection,P76423
Pathogenic Escherichia coli infection,P76425
Pathogenic Escherichia coli infection,P76473
Pathogenic Escherichia coli infection,P76518
Pathogenic Escherichia coli infection,P76524
Pathogenic Escherichia coli infection,P76536
Pathogenic Escherichia coli infection,P76553
Pathogenic Escherichia coli infection,P76578
Pathogenic Escherichia coli infection,P76641
Pathogenic Escherichia coli infection,P76773
Pathogenic Escherichia coli infection,P76938
Pathogenic Escherichia coli infection,P77129
Pathogenic Escherichia coli infection,P77154
Pathogenic Escherichia coli infection,P77161
Pathogenic Escherichia coli infection,P77223
Pathogenic Escherichia coli infection,P77245
Pathogenic Escherichia coli infection,P77257
Pathogenic Escherichia coli infection,P77272
Pathogenic Escherichia coli infection,P77279
Pathogenic Escherichia coli infection,P77285
Pathogenic Escherichia coli infection,P77300
Pathogenic Escherichia coli infection,P77304
Pathogenic Escherichia coli infection,P77306
Pathogenic Escherichia coli infection,P77307
Pathogenic Escherichia coli infection,P77333
Pathogenic Escherichia coli infection,P77334
Pathogenic Escherichia coli infection,P77338
Pathogenic Escherichia coli infection,P77357
Pathogenic Escherichia coli infection,P77374
Pathogenic Escherichia coli infection,P77379
Pathogenic Escherichia coli infection,P77397
Pathogenic Escherichia coli infection,P77439
Pathogenic Escherichia coli infection,P77467
Pathogenic Escherichia coli infection,P77475
Pathogenic Escherichia coli infection,P77503
Pathogenic Escherichia coli infection,P77522
Pathogenic Escherichia coli infection,P77570
Pathogenic Escherichia coli infection,P77580
Pathogenic Escherichia coli infection,P77585
Pathogenic Escherichia coli infection,P77608
Pathogenic Escherichia coli infection,P77611
Pathogenic Escherichia coli infection,P77619
Pathogenic Escherichia coli infection,P77626
Pathogenic Escherichia coli infection,P77650
Pathogenic Escherichia coli infection,P77690
Pathogenic Escherichia coli infection,P77731
Pathogenic Escherichia coli infection,P77733
Pathogenic Escherichia coli infection,P77735
Pathogenic Escherichia coli infection,P77737
Pathogenic Escherichia coli infection,P77743
Pathogenic Escherichia coli infection,P77747
Pathogenic Escherichia coli infection,P77757
Pathogenic Escherichia coli infection,P77783
Pathogenic Escherichia coli infection,P77790
Pathogenic Escherichia coli infection,P78285
Pathogenic Escherichia coli infection,P80644
Pathogenic Escherichia coli infection,Q2EES9
Pathogenic Escherichia coli infection,Q46799
Pathogenic Escherichia coli infection,Q46800
Pathogenic Escherichia coli infection,Q46817
Pathogenic Escherichia coli infection,Q46829
Pathogenic Escherichia coli infection,Q46855
Pathogenic Escherichia coli infection,Q46916
Pathogenic Escherichia coli infection,Q47140
Pathogenic Escherichia coli infection,Q47141
Pathogenic Escherichia coli infection,Q47157
Pathogenic Escherichia coli infection,Q47538
Pathogenic Escherichia coli infection,Q47690
Pathogenic Escherichia coli infection,A5A618
Pathogenic Escherichia coli infection,C1P607
Pathogenic Escherichia coli infection,C1P615
Pathogenic Escherichia coli infection,C1P616
Pathogenic Escherichia coli infection,C1P617
Pathogenic Escherichia coli infection,O52982
Pathogenic Escherichia coli infection,P00960
Pathogenic Escherichia coli infection,P03030
Pathogenic Escherichia coli infection,P03813
Pathogenic Escherichia coli infection,P03825
Pathogenic Escherichia coli infection,P04128
Pathogenic Escherichia coli infection,P04846
Pathogenic Escherichia coli infection,P04949
Pathogenic Escherichia coli infection,P05052
Pathogenic Escherichia coli infection,P05827
Pathogenic Escherichia coli infection,P06282
Pathogenic Escherichia coli infection,P06846
Pathogenic Escherichia coli infection,P06966
Pathogenic Escherichia coli infection,P07000
Pathogenic Escherichia coli infection,P07026
Pathogenic Escherichia coli infection,P07654
Pathogenic Escherichia coli infection,P08550
Pathogenic Escherichia coli infection,P08555
Pathogenic Escherichia coli infection,P08997
Pathogenic Escherichia coli infection,P09126
Pathogenic Escherichia coli infection,P09155
Pathogenic Escherichia coli infection,P09163
Pathogenic Escherichia coli infection,P09424
Pathogenic Escherichia coli infection,P09833
Pathogenic Escherichia coli infection,P0A6G3
Pathogenic Escherichia coli infection,P0A6G5
Pathogenic Escherichia coli infection,P0A6L7
Pathogenic Escherichia coli infection,P0A6P7
Pathogenic Escherichia coli infection,P0A6S0
Pathogenic Escherichia coli infection,P0A6W0
Pathogenic Escherichia coli infection,P0A6W5
Pathogenic Escherichia coli infection,P0A7A2
Pathogenic Escherichia coli infection,P0A7C6
Pathogenic Escherichia coli infection,P0A7H6
Pathogenic Escherichia coli infection,P0A7P5
Pathogenic Escherichia coli infection,P0A823
Pathogenic Escherichia coli infection,P0A867
Pathogenic Escherichia coli infection,P0A8B5
Pathogenic Escherichia coli infection,P0A8C8
Pathogenic Escherichia coli infection,P0A8D0
Pathogenic Escherichia coli infection,P0A8G3
Pathogenic Escherichia coli infection,P0A8I3
Pathogenic Escherichia coli infection,P0A8P3
Pathogenic Escherichia coli infection,P0A8R9
Pathogenic Escherichia coli infection,P0A8S5
Pathogenic Escherichia coli infection,P0A8U0
Pathogenic Escherichia coli infection,P0A8Z0
Pathogenic Escherichia coli infection,P0A901
Pathogenic Escherichia coli infection,P0A915
Pathogenic Escherichia coli infection,P0A917
Pathogenic Escherichia coli infection,P0A930
Pathogenic Escherichia coli infection,P0A932
Pathogenic Escherichia coli infection,P0A9E9
Pathogenic Escherichia coli infection,P0A9F6
Pathogenic Escherichia coli infection,P0A9F9
Pathogenic Escherichia coli infection,P0A9G2
Pathogenic Escherichia coli infection,P0A9I3
Pathogenic Escherichia coli infection,P0A9I8
Pathogenic Escherichia coli infection,P0A9N0
Pathogenic Escherichia coli infection,P0A9T4
Pathogenic Escherichia coli infection,P0A9U6
Pathogenic Escherichia coli infection,P0AA57
Pathogenic Escherichia coli infection,P0AA73
Pathogenic Escherichia coli infection,P0AA82
Pathogenic Escherichia coli infection,P0AA99
Pathogenic Escherichia coli infection,P0AAB2
Pathogenic Escherichia coli infection,P0AAB6
Pathogenic Escherichia coli infection,P0AAB8
Pathogenic Escherichia coli infection,P0AAE2
Pathogenic Escherichia coli infection,P0AAG3
Pathogenic Escherichia coli infection,P0AAI1
Pathogenic Escherichia coli infection,P0AAI9
Pathogenic Escherichia coli infection,P0AAJ1
Pathogenic Escherichia coli infection,P0AAK7
Pathogenic Escherichia coli infection,P0AAR0
Pathogenic Escherichia coli infection,P0AAS7
Pathogenic Escherichia coli infection,P0AAV4
Pathogenic Escherichia coli infection,P0AAX6
Pathogenic Escherichia coli infection,P0AAY6
Pathogenic Escherichia coli infection,P0AB20
Pathogenic Escherichia coli infection,P0AB28
Pathogenic Escherichia coli infection,P0AB33
Pathogenic Escherichia coli infection,P0AB96
Pathogenic Escherichia coli infection,P0ABC0
Pathogenic Escherichia coli infection,P0ABD1
Pathogenic Escherichia coli infection,P0ABE2
Pathogenic Escherichia coli infection,P0ABH4
Pathogenic Escherichia coli infection,P0ABL5
Pathogenic Escherichia coli infection,P0ABL8
Pathogenic Escherichia coli infection,P0ABM5
Pathogenic Escherichia coli infection,P0ABP6
Pathogenic Escherichia coli infection,P0ABW3
Pathogenic Escherichia coli infection,P0ABW5
Pathogenic Escherichia coli infection,P0ABW9
Pathogenic Escherichia coli infection,P0ABX2
Pathogenic Escherichia coli infection,P0ABX5
Pathogenic Escherichia coli infection,P0ABX8
Pathogenic Escherichia coli infection,P0AC05
Pathogenic Escherichia coli infection,P0AC07
Pathogenic Escherichia coli infection,P0AC26
Pathogenic Escherichia coli infection,P0AC35
Pathogenic Escherichia coli infection,P0AC59
Pathogenic Escherichia coli infection,P0AC65
Pathogenic Escherichia coli infection,P0AC92
Pathogenic Escherichia coli infection,P0AC96
Pathogenic Escherichia coli infection,P0ACA1
Pathogenic Escherichia coli infection,P0ACB7
Pathogenic Escherichia coli infection,P0ACC9
Pathogenic Escherichia coli infection,P0ACD2
Pathogenic Escherichia coli infection,P0ACH8
Pathogenic Escherichia coli infection,P0ACI0
Pathogenic Escherichia coli infection,P0ACI6
Pathogenic Escherichia coli infection,P0ACJ5
Pathogenic Escherichia coli infection,P0ACK2
Pathogenic Escherichia coli infection,P0ACK5
Pathogenic Escherichia coli infection,P0ACK8
Pathogenic Escherichia coli infection,P0ACL0
Pathogenic Escherichia coli infection,P0ACL9
Pathogenic Escherichia coli infection,P0ACM5
Pathogenic Escherichia coli infection,P0ACN7
Pathogenic Escherichia coli infection,P0ACP5
Pathogenic Escherichia coli infection,P0ACQ7
Pathogenic Escherichia coli infection,P0ACR0
Pathogenic Escherichia coli infection,P0ACR2
Pathogenic Escherichia coli infection,P0ACS7
Pathogenic Escherichia coli infection,P0ACT2
Pathogenic Escherichia coli infection,P0ACT6
Pathogenic Escherichia coli infection,P0ACX3
Pathogenic Escherichia coli infection,P0ACX5
Pathogenic Escherichia coli infection,P0ACY1
Pathogenic Escherichia coli infection,P0ACZ2
Pathogenic Escherichia coli infection,P0ADB4
Pathogenic Escherichia coli infection,P0ADB7
Pathogenic Escherichia coli infection,P0ADE8
Pathogenic Escherichia coli infection,P0ADH5
Pathogenic Escherichia coli infection,P0ADH7
Pathogenic Escherichia coli infection,P0ADI0
Pathogenic Escherichia coli infection,P0ADQ2
Pathogenic Escherichia coli infection,P0ADQ7
Pathogenic Escherichia coli infection,P0ADT5
Pathogenic Escherichia coli infection,P0ADU5
Pathogenic Escherichia coli infection,P0ADW6
Pathogenic Escherichia coli infection,P0ADX9
Pathogenic Escherichia coli infection,P0AE26
Pathogenic Escherichia coli infection,P0AE30
Pathogenic Escherichia coli infection,P0AE34
Pathogenic Escherichia coli infection,P0AE37
Pathogenic Escherichia coli infection,P0AE39
Pathogenic Escherichia coli infection,P0AE45
Pathogenic Escherichia coli infection,P0AE56
Pathogenic Escherichia coli infection,P0AE60
Pathogenic Escherichia coli infection,P0AE95
Pathogenic Escherichia coli infection,P0AE98
Pathogenic Escherichia coli infection,P0AEB0
Pathogenic Escherichia coli infection,P0AED9
Pathogenic Escherichia coli infection,P0AEK0
Pathogenic Escherichia coli infection,P0AEL3
Pathogenic Escherichia coli infection,P0AEL6
Pathogenic Escherichia coli infection,P0AEM4
Pathogenic Escherichia coli infection,P0AEP1
Pathogenic Escherichia coli infection,P0AEQ6
Pathogenic Escherichia coli infection,P0AEU3
Pathogenic Escherichia coli infection,P0AEW1
Pathogenic Escherichia coli infection,P0AEW4
Pathogenic Escherichia coli infection,P0AEX3
Pathogenic Escherichia coli infection,P0AF01
Pathogenic Escherichia coli infection,P0AF08
Pathogenic Escherichia coli infection,P0AF10
Pathogenic Escherichia coli infection,P0AF20
Pathogenic Escherichia coli infection,P0AF40
Pathogenic Escherichia coli infection,P0AF43
Pathogenic Escherichia coli infection,P0AF63
Pathogenic Escherichia coli infection,P0AF96
Pathogenic Escherichia coli infection,P0AFA5
Pathogenic Escherichia coli infection,P0AFH8
Pathogenic Escherichia coli infection,P0AFK0
Pathogenic Escherichia coli infection,P0AFK2
Pathogenic Escherichia coli infection,P0AFM9
Pathogenic Escherichia coli infection,P0AFQ7
Pathogenic Escherichia coli infection,P0AFR7
Pathogenic Escherichia coli infection,P0AFS1
Pathogenic Escherichia coli infection,P0AFV2
Pathogenic Escherichia coli infection,P0AFV8
Pathogenic Escherichia coli infection,P0AFY2
Pathogenic Escherichia coli infection,P0AG14
Pathogenic Escherichia coli infection,P0AG34
Pathogenic Escherichia coli infection,P0AG38
Pathogenic Escherichia coli infection,P0AG84
Pathogenic Escherichia coli infection,P0AGG8
Pathogenic Escherichia coli infection,P0AGH8
Pathogenic Escherichia coli infection,P0AGI4
Pathogenic Escherichia coli infection,P0AGI8
Pathogenic Escherichia coli infection,P0AGJ2
Pathogenic Escherichia coli infection,P0AGK4
Pathogenic Escherichia coli infection,P0C8J8
Pathogenic Escherichia coli infection,P0C8K0
Pathogenic Escherichia coli infection,P0CB39
Pathogenic Escherichia coli infection,P0CE44
Pathogenic Escherichia coli infection,P0CF88
Pathogenic Escherichia coli infection,P0CK95
Pathogenic Escherichia coli infection,P0DKB3
Pathogenic Escherichia coli infection,P0DP21
Pathogenic Escherichia coli infection,P0DP70
Pathogenic Escherichia coli infection,P0DP89
Pathogenic Escherichia coli infection,P10423
Pathogenic Escherichia coli infection,P10805
Pathogenic Escherichia coli infection,P11072
Pathogenic Escherichia coli infection,P11446
Pathogenic Escherichia coli infection,P11875
Pathogenic Escherichia coli infection,P11988
Pathogenic Escherichia coli infection,P11989
Pathogenic Escherichia coli infection,P12999
Pathogenic Escherichia coli infection,P13024
Pathogenic Escherichia coli infection,P15006
Pathogenic Escherichia coli infection,P15070
Pathogenic Escherichia coli infection,P15082
Pathogenic Escherichia coli infection,P15639
Pathogenic Escherichia coli infection,P15977
Pathogenic Escherichia coli infection,P16525
Pathogenic Escherichia coli infection,P16677
Pathogenic Escherichia coli infection,P16682
Pathogenic Escherichia coli infection,P16689
Pathogenic Escherichia coli infection,P16690
Pathogenic Escherichia coli infection,P16701
Pathogenic Escherichia coli infection,P17410
Pathogenic Escherichia coli infection,P17583
Pathogenic Escherichia coli infection,P18393
Pathogenic Escherichia coli infection,P18811
Pathogenic Escherichia coli infection,P19317
Pathogenic Escherichia coli infection,P19769
Pathogenic Escherichia coli infection,P19930
Pathogenic Escherichia coli infection,P20605
Pathogenic Escherichia coli infection,P21169
Pathogenic Escherichia coli infection,P21367
Pathogenic Escherichia coli infection,P21420
Pathogenic Escherichia coli infection,P21515
Pathogenic Escherichia coli infection,P21893
Pathogenic Escherichia coli infection,P22586
Pathogenic Escherichia coli infection,P23839
Pathogenic Escherichia coli infection,P23841
Pathogenic Escherichia coli infection,P23842
Pathogenic Escherichia coli infection,P23898
Pathogenic Escherichia coli infection,P23910
Pathogenic Escherichia coli infection,P24174
Pathogenic Escherichia coli infection,P24175
Pathogenic Escherichia coli infection,P24181
Pathogenic Escherichia coli infection,P24200
Pathogenic Escherichia coli infection,P24202
Pathogenic Escherichia coli infection,P24218
Pathogenic Escherichia coli infection,P24240
Pathogenic Escherichia coli infection,P24241
Pathogenic Escherichia coli infection,P24242
Pathogenic Escherichia coli infection,P24244
Pathogenic Escherichia coli infection,P25549
Pathogenic Escherichia coli infection,P25741
Pathogenic Escherichia coli infection,P25744
Pathogenic Escherichia coli infection,P25748
Pathogenic Escherichia coli infection,P25772
Pathogenic Escherichia coli infection,P25960
Pathogenic Escherichia coli infection,P26266
Pathogenic Escherichia coli infection,P26365
Pathogenic Escherichia coli infection,P26612
Pathogenic Escherichia coli infection,P26649
Pathogenic Escherichia coli infection,P27111
Pathogenic Escherichia coli infection,P27126
Pathogenic Escherichia coli infection,P27127
Pathogenic Escherichia coli infection,P27240
Pathogenic Escherichia coli infection,P27832
Pathogenic Escherichia coli infection,P27835
Pathogenic Escherichia coli infection,P27836
Pathogenic Escherichia coli infection,P27862
Pathogenic Escherichia coli infection,P30128
Pathogenic Escherichia coli infection,P30130
Pathogenic Escherichia coli infection,P30136
Pathogenic Escherichia coli infection,P30235
Pathogenic Escherichia coli infection,P30859
Pathogenic Escherichia coli infection,P31060
Pathogenic Escherichia coli infection,P31068
Pathogenic Escherichia coli infection,P31122
Pathogenic Escherichia coli infection,P31125
Pathogenic Escherichia coli infection,P31126
Pathogenic Escherichia coli infection,P31436
Pathogenic Escherichia coli infection,P31440
Pathogenic Escherichia coli infection,P31442
Pathogenic Escherichia coli infection,P31452
Pathogenic Escherichia coli infection,P31459
Pathogenic Escherichia coli infection,P31462
Pathogenic Escherichia coli infection,P31463
Pathogenic Escherichia coli infection,P31474
Pathogenic Escherichia coli infection,P31548
Pathogenic Escherichia coli infection,P31549
Pathogenic Escherichia coli infection,P31574
Pathogenic Escherichia coli infection,P31600
Pathogenic Escherichia coli infection,P31665
Pathogenic Escherichia coli infection,P31802
Pathogenic Escherichia coli infection,P31825
Pathogenic Escherichia coli infection,P31826
Pathogenic Escherichia coli infection,P31828
Pathogenic Escherichia coli infection,P32137
Pathogenic Escherichia coli infection,P32154
Pathogenic Escherichia coli infection,P32155
Pathogenic Escherichia coli infection,P32672
Pathogenic Escherichia coli infection,P32675
Pathogenic Escherichia coli infection,P32676
Pathogenic Escherichia coli infection,P32696
Pathogenic Escherichia coli infection,P32701
Pathogenic Escherichia coli infection,P32710
Pathogenic Escherichia coli infection,P32711
Pathogenic Escherichia coli infection,P32714
Pathogenic Escherichia coli infection,P32720
Pathogenic Escherichia coli infection,P33014
Pathogenic Escherichia coli infection,P33021
Pathogenic Escherichia coli infection,P33024
Pathogenic Escherichia coli infection,P33128
Pathogenic Escherichia coli infection,P33135
Pathogenic Escherichia coli infection,P33136
Pathogenic Escherichia coli infection,P33222
Pathogenic Escherichia coli infection,P33228
Pathogenic Escherichia coli infection,P33230
Pathogenic Escherichia coli infection,P33234
Pathogenic Escherichia coli infection,P33340
Pathogenic Escherichia coli infection,P33341
Pathogenic Escherichia coli infection,P33342
Pathogenic Escherichia coli infection,P33343
Pathogenic Escherichia coli infection,P33362
Pathogenic Escherichia coli infection,P33369
Pathogenic Escherichia coli infection,P33593
Pathogenic Escherichia coli infection,P33594
Pathogenic Escherichia coli infection,P33595
Pathogenic Escherichia coli infection,P33596
Pathogenic Escherichia coli infection,P33913
Pathogenic Escherichia coli infection,P33915
Pathogenic Escherichia coli infection,P33916
Pathogenic Escherichia coli infection,P33920
Pathogenic Escherichia coli infection,P33927
Pathogenic Escherichia coli infection,P34749
Pathogenic Escherichia coli infection,P36561
Pathogenic Escherichia coli infection,P36562
Pathogenic Escherichia coli infection,P36647
Pathogenic Escherichia coli infection,P36667
Pathogenic Escherichia coli infection,P36678
Pathogenic Escherichia coli infection,P36771
Pathogenic Escherichia coli infection,P36879
Pathogenic Escherichia coli infection,P36995
Pathogenic Escherichia coli infection,P37009
Pathogenic Escherichia coli infection,P37016
Pathogenic Escherichia coli infection,P37017
Pathogenic Escherichia coli infection,P37018
Pathogenic Escherichia coli infection,P37024
Pathogenic Escherichia coli infection,P37047
Pathogenic Escherichia coli infection,P37049
Pathogenic Escherichia coli infection,P37050
Pathogenic Escherichia coli infection,P37127
Pathogenic Escherichia coli infection,P37147
Pathogenic Escherichia coli infection,P37180
Pathogenic Escherichia coli infection,P37182
Pathogenic Escherichia coli infection,P37195
Pathogenic Escherichia coli infection,P37309
Pathogenic Escherichia coli infection,P37326
Pathogenic Escherichia coli infection,P37590
Pathogenic Escherichia coli infection,P37623
Pathogenic Escherichia coli infection,P37631
Pathogenic Escherichia coli infection,P37645
Pathogenic Escherichia coli infection,P37649
Pathogenic Escherichia coli infection,P37652
Pathogenic Escherichia coli infection,P37662
Pathogenic Escherichia coli infection,P37664
Pathogenic Escherichia coli infection,P37671
Pathogenic Escherichia coli infection,P37679
Pathogenic Escherichia coli infection,P37746
Pathogenic Escherichia coli infection,P37749
Pathogenic Escherichia coli infection,P37750
Pathogenic Escherichia coli infection,P37757
Pathogenic Escherichia coli infection,P37766
Pathogenic Escherichia coli infection,P37772
Pathogenic Escherichia coli infection,P37906
Pathogenic Escherichia coli infection,P38035
Pathogenic Escherichia coli infection,P38052
Pathogenic Escherichia coli infection,P38393
Pathogenic Escherichia coli infection,P38683
Pathogenic Escherichia coli infection,P39160
Pathogenic Escherichia coli infection,P39163
Pathogenic Escherichia coli infection,P39173
Pathogenic Escherichia coli infection,P39196
Pathogenic Escherichia coli infection,P39206
Pathogenic Escherichia coli infection,P39208
Pathogenic Escherichia coli infection,P39265
Pathogenic Escherichia coli infection,P39285
Pathogenic Escherichia coli infection,P39297
Pathogenic Escherichia coli infection,P39298
Pathogenic Escherichia coli infection,P39305
Pathogenic Escherichia coli infection,P39328
Pathogenic Escherichia coli infection,P39334
Pathogenic Escherichia coli infection,P39347
Pathogenic Escherichia coli infection,P39359
Pathogenic Escherichia coli infection,P39362
Pathogenic Escherichia coli infection,P39363
Pathogenic Escherichia coli infection,P39365
Pathogenic Escherichia coli infection,P39380
Pathogenic Escherichia coli infection,P39399
Pathogenic Escherichia coli infection,P39408
Pathogenic Escherichia coli infection,P39409
Pathogenic Escherichia coli infection,P39410
Pathogenic Escherichia coli infection,P39830
Pathogenic Escherichia coli infection,P39832
Pathogenic Escherichia coli infection,P39902
Pathogenic Escherichia coli infection,P40876
Pathogenic Escherichia coli infection,P41442
Pathogenic Escherichia coli infection,P41443
Pathogenic Escherichia coli infection,P42596
Pathogenic Escherichia coli infection,P42601
Pathogenic Escherichia coli infection,P42624
Pathogenic Escherichia coli infection,P42626
Pathogenic Escherichia coli infection,P42630
Pathogenic Escherichia coli infection,P42640
Pathogenic Escherichia coli infection,P42904
Pathogenic Escherichia coli infection,P42905
Pathogenic Escherichia coli infection,P42907
Pathogenic Escherichia coli infection,P42909
Pathogenic Escherichia coli infection,P42910
Pathogenic Escherichia coli infection,P42911
Pathogenic Escherichia coli infection,P42912
Pathogenic Escherichia coli infection,P42913
Pathogenic Escherichia coli infection,P42914
Pathogenic Escherichia coli infection,P42915
Pathogenic Escherichia coli infection,P43319
Pathogenic Escherichia coli infection,P43337
Pathogenic Escherichia coli infection,P45428
Pathogenic Escherichia coli infection,P45463
Pathogenic Escherichia coli infection,P45530
Pathogenic Escherichia coli infection,P45531
Pathogenic Escherichia coli infection,P45539
Pathogenic Escherichia coli infection,P45544
Pathogenic Escherichia coli infection,P45565
Pathogenic Escherichia coli infection,P45750
Pathogenic Escherichia coli infection,P45751
Pathogenic Escherichia coli infection,P45753
Pathogenic Escherichia coli infection,P45756
Pathogenic Escherichia coli infection,P45759
Pathogenic Escherichia coli infection,P45760
Pathogenic Escherichia coli infection,P45761
Pathogenic Escherichia coli infection,P45762
Pathogenic Escherichia coli infection,P45763
Pathogenic Escherichia coli infection,P45766
Pathogenic Escherichia coli infection,P45767
Pathogenic Escherichia coli infection,P45768
Pathogenic Escherichia coli infection,P45769
Pathogenic Escherichia coli infection,P45800
Pathogenic Escherichia coli infection,P46068
Pathogenic Escherichia coli infection,P46118
Pathogenic Escherichia coli infection,P46481
Pathogenic Escherichia coli infection,P46482
Pathogenic Escherichia coli infection,P46837
Pathogenic Escherichia coli infection,P46846
Pathogenic Escherichia coli infection,P46854
Pathogenic Escherichia coli infection,P46859
Pathogenic Escherichia coli infection,P46888
Pathogenic Escherichia coli infection,P52043
Pathogenic Escherichia coli infection,P52067
Pathogenic Escherichia coli infection,P52076
Pathogenic Escherichia coli infection,P52086
Pathogenic Escherichia coli infection,P52102
Pathogenic Escherichia coli infection,P52108
Pathogenic Escherichia coli infection,P52119
Pathogenic Escherichia coli infection,P52127
Pathogenic Escherichia coli infection,P52140
Pathogenic Escherichia coli infection,P52143
Pathogenic Escherichia coli infection,P52613
Pathogenic Escherichia coli infection,P52614
Pathogenic Escherichia coli infection,P52627
Pathogenic Escherichia coli infection,P52647
Pathogenic Escherichia coli infection,P54746
Pathogenic Escherichia coli infection,P56258
Pathogenic Escherichia coli infection,P56579
Pathogenic Escherichia coli infection,P58035
Pathogenic Escherichia coli infection,P60566
Pathogenic Escherichia coli infection,P60778
Pathogenic Escherichia coli infection,P62517
Pathogenic Escherichia coli infection,P63204
Pathogenic Escherichia coli infection,P63389
Pathogenic Escherichia coli infection,P63417
Pathogenic Escherichia coli infection,P64426
Pathogenic Escherichia coli infection,P64448
Pathogenic Escherichia coli infection,P64453
Pathogenic Escherichia coli infection,P64530
Pathogenic Escherichia coli infection,P64599
Pathogenic Escherichia coli infection,P64634
Pathogenic Escherichia coli infection,P64638
Pathogenic Escherichia coli infection,P65367
Pathogenic Escherichia coli infection,P65556
Pathogenic Escherichia coli infection,P67087
Pathogenic Escherichia coli infection,P69367
Pathogenic Escherichia coli infection,P69789
Pathogenic Escherichia coli infection,P69808
Pathogenic Escherichia coli infection,P69816
Pathogenic Escherichia coli infection,P69824
Pathogenic Escherichia coli infection,P69826
Pathogenic Escherichia coli infection,P71298
Pathogenic Escherichia coli infection,P71301
Pathogenic Escherichia coli infection,P75683
Pathogenic Escherichia coli infection,P75685
Pathogenic Escherichia coli infection,P75687
Pathogenic Escherichia coli infection,P75715
Pathogenic Escherichia coli infection,P75733
Pathogenic Escherichia coli infection,P75736
Pathogenic Escherichia coli infection,P75742
Pathogenic Escherichia coli infection,P75745
Pathogenic Escherichia coli infection,P75746
Pathogenic Escherichia coli infection,P75749
Pathogenic Escherichia coli infection,P75757
Pathogenic Escherichia coli infection,P75777
Pathogenic Escherichia coli infection,P75782
Pathogenic Escherichia coli infection,P75785
Pathogenic Escherichia coli infection,P75794
Pathogenic Escherichia coli infection,P75799
Pathogenic Escherichia coli infection,P75800
Pathogenic Escherichia coli infection,P75811
Pathogenic Escherichia coli infection,P75817
Pathogenic Escherichia coli infection,P75826
Pathogenic Escherichia coli infection,P75838
Pathogenic Escherichia coli infection,P75843
Pathogenic Escherichia coli infection,P75851
Pathogenic Escherichia coli infection,P75853
Pathogenic Escherichia coli infection,P75855
Pathogenic Escherichia coli infection,P75856
Pathogenic Escherichia coli infection,P75857
Pathogenic Escherichia coli infection,P75858
Pathogenic Escherichia coli infection,P75901
Pathogenic Escherichia coli infection,P75920
Pathogenic Escherichia coli infection,P75925
Pathogenic Escherichia coli infection,P75938
Pathogenic Escherichia coli infection,P75942
Pathogenic Escherichia coli infection,P75948
Pathogenic Escherichia coli infection,P75969
Pathogenic Escherichia coli infection,P75995
Pathogenic Escherichia coli infection,P76002
Pathogenic Escherichia coli infection,P76007
Pathogenic Escherichia coli infection,P76017
Pathogenic Escherichia coli infection,P76043
Pathogenic Escherichia coli infection,P76046
Pathogenic Escherichia coli infection,P76056
Pathogenic Escherichia coli infection,P76062
Pathogenic Escherichia coli infection,P76078
Pathogenic Escherichia coli infection,P76080
Pathogenic Escherichia coli infection,P76097
Pathogenic Escherichia coli infection,P76102
Pathogenic Escherichia coli infection,P76114
Pathogenic Escherichia coli infection,P76128
Pathogenic Escherichia coli infection,P76135
Pathogenic Escherichia coli infection,P76142
Pathogenic Escherichia coli infection,P76159
Pathogenic Escherichia coli infection,P76168
Pathogenic Escherichia coli infection,P76173
Pathogenic Escherichia coli infection,P76175
Pathogenic Escherichia coli infection,P76187
Pathogenic Escherichia coli infection,P76192
Pathogenic Escherichia coli infection,P76204
Pathogenic Escherichia coli infection,P76224
Pathogenic Escherichia coli infection,P76241
Pathogenic Escherichia coli infection,P76254
Pathogenic Escherichia coli infection,P76261
Pathogenic Escherichia coli infection,P76268
Pathogenic Escherichia coli infection,P76270
Pathogenic Escherichia coli infection,P76273
Pathogenic Escherichia coli infection,P76298
Pathogenic Escherichia coli infection,P76299
Pathogenic Escherichia coli infection,P76329
Pathogenic Escherichia coli infection,P76345
Pathogenic Escherichia coli infection,P76372
Pathogenic Escherichia coli infection,P76393
Pathogenic Escherichia coli infection,P76446
Pathogenic Escherichia coli infection,P76461
Pathogenic Escherichia coli infection,P76472
Pathogenic Escherichia coli infection,P76498
Pathogenic Escherichia coli infection,P76499
Pathogenic Escherichia coli infection,P76500
Pathogenic Escherichia coli infection,P76501
Pathogenic Escherichia coli infection,P76502
Pathogenic Escherichia coli infection,P76506
Pathogenic Escherichia coli infection,P76540
Pathogenic Escherichia coli infection,P76542
Pathogenic Escherichia coli infection,P76551
Pathogenic Escherichia coli infection,P76552
Pathogenic Escherichia coli infection,P76555
Pathogenic Escherichia coli infection,P76556
Pathogenic Escherichia coli infection,P76655
Pathogenic Escherichia coli infection,P76909
Pathogenic Escherichia coli infection,P77156
Pathogenic Escherichia coli infection,P77170
Pathogenic Escherichia coli infection,P77171
Pathogenic Escherichia coli infection,P77179
Pathogenic Escherichia coli infection,P77183
Pathogenic Escherichia coli infection,P77196
Pathogenic Escherichia coli infection,P77213
Pathogenic Escherichia coli infection,P77228
Pathogenic Escherichia coli infection,P77231
Pathogenic Escherichia coli infection,P77249
Pathogenic Escherichia coli infection,P77265
Pathogenic Escherichia coli infection,P77268
Pathogenic Escherichia coli infection,P77269
Pathogenic Escherichia coli infection,P77288
Pathogenic Escherichia coli infection,P77293
Pathogenic Escherichia coli infection,P77295
Pathogenic Escherichia coli infection,P77308
Pathogenic Escherichia coli infection,P77315
Pathogenic Escherichia coli infection,P77318
Pathogenic Escherichia coli infection,P77319
Pathogenic Escherichia coli infection,P77329
Pathogenic Escherichia coli infection,P77365
Pathogenic Escherichia coli infection,P77368
Pathogenic Escherichia coli infection,P77375
Pathogenic Escherichia coli infection,P77377
Pathogenic Escherichia coli infection,P77390
Pathogenic Escherichia coli infection,P77400
Pathogenic Escherichia coli infection,P77409
Pathogenic Escherichia coli infection,P77416
Pathogenic Escherichia coli infection,P77432
Pathogenic Escherichia coli infection,P77437
Pathogenic Escherichia coli infection,P77445
Pathogenic Escherichia coli infection,P77463
Pathogenic Escherichia coli infection,P77468
Pathogenic Escherichia coli infection,P77473
Pathogenic Escherichia coli infection,P77481
Pathogenic Escherichia coli infection,P77494
Pathogenic Escherichia coli infection,P77509
Pathogenic Escherichia coli infection,P77549
Pathogenic Escherichia coli infection,P77561
Pathogenic Escherichia coli infection,P77579
Pathogenic Escherichia coli infection,P77596
Pathogenic Escherichia coli infection,P77599
Pathogenic Escherichia coli infection,P77622
Pathogenic Escherichia coli infection,P77672
Pathogenic Escherichia coli infection,P77682
Pathogenic Escherichia coli infection,P77689
Pathogenic Escherichia coli infection,P77692
Pathogenic Escherichia coli infection,P77716
Pathogenic Escherichia coli infection,P77744
Pathogenic Escherichia coli infection,P77756
Pathogenic Escherichia coli infection,P77768
Pathogenic Escherichia coli infection,P77795
Pathogenic Escherichia coli infection,P77804
Pathogenic Escherichia coli infection,P77858
Pathogenic Escherichia coli infection,P78067
Pathogenic Escherichia coli infection,Q46798
Pathogenic Escherichia coli infection,Q46801
Pathogenic Escherichia coli infection,Q46802
Pathogenic Escherichia coli infection,Q46803
Pathogenic Escherichia coli infection,Q46811
Pathogenic Escherichia coli infection,Q46814
Pathogenic Escherichia coli infection,Q46820
Pathogenic Escherichia coli infection,Q46824
Pathogenic Escherichia coli infection,Q46836
Pathogenic Escherichia coli infection,Q46863
Pathogenic Escherichia coli infection,Q46890
Pathogenic Escherichia coli infection,Q46891
Pathogenic Escherichia coli infection,Q46908
Pathogenic Escherichia coli infection,Q46911
Pathogenic Escherichia coli infection,Q46915
Pathogenic Escherichia coli infection,Q46939
Pathogenic Escherichia coli infection,Q46953
Pathogenic Escherichia coli infection,Q47005
Pathogenic Escherichia coli infection,Q47013
Pathogenic Escherichia coli infection,Q47083
Pathogenic Escherichia coli infection,Q47129
Pathogenic Escherichia coli infection,Q47142
Pathogenic Escherichia coli infection,Q47151
Pathogenic Escherichia coli infection,Q47156
Pathogenic Escherichia coli infection,Q47537
Pathogenic Escherichia coli infection,Q47539
Pathogenic Escherichia coli infection,Q47622
Pathogenic Escherichia coli infection,Q47689
Pathogenic Escherichia coli infection,Q47706
Pathogenic Escherichia coli infection,Q57083
Pathogenic Escherichia coli infection,Q6BEX0
Pathogenic Escherichia coli infection,A0A385XJ53
Pathogenic Escherichia coli infection,A0A385XJE6
Pathogenic Escherichia coli infection,A0A385XJL4
Pathogenic Escherichia coli infection,A5A605
Pathogenic Escherichia coli infection,A5A615
Pathogenic Escherichia coli infection,A5A624
Pathogenic Escherichia coli infection,A5A628
Pathogenic Escherichia coli infection,A5A630
Pathogenic Escherichia coli infection,A8DYP9
Pathogenic Escherichia coli infection,C1P5Z7
Pathogenic Escherichia coli infection,C1P5Z8
Pathogenic Escherichia coli infection,C1P601
Pathogenic Escherichia coli infection,C1P602
Pathogenic Escherichia coli infection,C1P603
Pathogenic Escherichia coli infection,C1P605
Pathogenic Escherichia coli infection,C1P608
Pathogenic Escherichia coli infection,C1P609
Pathogenic Escherichia coli infection,C1P610
Pathogenic Escherichia coli infection,C1P611
Pathogenic Escherichia coli infection,E2JKY7
Pathogenic Escherichia coli infection,G3MTW7
Pathogenic Escherichia coli infection,O32528
Pathogenic Escherichia coli infection,P03061
Pathogenic Escherichia coli infection,P03835
Pathogenic Escherichia coli infection,P03841
Pathogenic Escherichia coli infection,P06965
Pathogenic Escherichia coli infection,P07021
Pathogenic Escherichia coli infection,P08245
Pathogenic Escherichia coli infection,P08369
Pathogenic Escherichia coli infection,P08371
Pathogenic Escherichia coli infection,P08372
Pathogenic Escherichia coli infection,P08390
Pathogenic Escherichia coli infection,P09127
Pathogenic Escherichia coli infection,P09153
Pathogenic Escherichia coli infection,P09162
Pathogenic Escherichia coli infection,P09557
Pathogenic Escherichia coli infection,P0A6N8
Pathogenic Escherichia coli infection,P0A772
Pathogenic Escherichia coli infection,P0A7C8
Pathogenic Escherichia coli infection,P0A8A0
Pathogenic Escherichia coli infection,P0A8A2
Pathogenic Escherichia coli infection,P0A8C1
Pathogenic Escherichia coli infection,P0A8C4
Pathogenic Escherichia coli infection,P0A8D3
Pathogenic Escherichia coli infection,P0A8D9
Pathogenic Escherichia coli infection,P0A8E1
Pathogenic Escherichia coli infection,P0A8J4
Pathogenic Escherichia coli infection,P0A8K8
Pathogenic Escherichia coli infection,P0A8L7
Pathogenic Escherichia coli infection,P0A8R7
Pathogenic Escherichia coli infection,P0A8T5
Pathogenic Escherichia coli infection,P0A8U2
Pathogenic Escherichia coli infection,P0A8W5
Pathogenic Escherichia coli infection,P0A8W8
Pathogenic Escherichia coli infection,P0A8X2
Pathogenic Escherichia coli infection,P0A8X4
Pathogenic Escherichia coli infection,P0A8Z7
Pathogenic Escherichia coli infection,P0A905
Pathogenic Escherichia coli infection,P0A976
Pathogenic Escherichia coli infection,P0A978
Pathogenic Escherichia coli infection,P0A982
Pathogenic Escherichia coli infection,P0A986
Pathogenic Escherichia coli infection,P0A9A2
Pathogenic Escherichia coli infection,P0A9K1
Pathogenic Escherichia coli infection,P0A9K3
Pathogenic Escherichia coli infection,P0A9R2
Pathogenic Escherichia coli infection,P0A9T6
Pathogenic Escherichia coli infection,P0A9T8
Pathogenic Escherichia coli infection,P0A9U3
Pathogenic Escherichia coli infection,P0A9U8
Pathogenic Escherichia coli infection,P0A9V5
Pathogenic Escherichia coli infection,P0A9W9
Pathogenic Escherichia coli infection,P0AA31
Pathogenic Escherichia coli infection,P0AA49
Pathogenic Escherichia coli infection,P0AA70
Pathogenic Escherichia coli infection,P0AA91
Pathogenic Escherichia coli infection,P0AAA1
Pathogenic Escherichia coli infection,P0AAA3
Pathogenic Escherichia coli infection,P0AAA5
Pathogenic Escherichia coli infection,P0AAC4
Pathogenic Escherichia coli infection,P0AAE5
Pathogenic Escherichia coli infection,P0AAK4
Pathogenic Escherichia coli infection,P0AAL6
Pathogenic Escherichia coli infection,P0AAN1
Pathogenic Escherichia coli infection,P0AAP5
Pathogenic Escherichia coli infection,P0AAP7
Pathogenic Escherichia coli infection,P0AAQ0
Pathogenic Escherichia coli infection,P0AAQ2
Pathogenic Escherichia coli infection,P0AAR5
Pathogenic Escherichia coli infection,P0AAR8
Pathogenic Escherichia coli infection,P0AAS0
Pathogenic Escherichia coli infection,P0AAS3
Pathogenic Escherichia coli infection,P0AAU7
Pathogenic Escherichia coli infection,P0AAV0
Pathogenic Escherichia coli infection,P0AAW5
Pathogenic Escherichia coli infection,P0AAX3
Pathogenic Escherichia coli infection,P0AAY1
Pathogenic Escherichia coli infection,P0AAZ0
Pathogenic Escherichia coli infection,P0AB12
Pathogenic Escherichia coli infection,P0AB14
Pathogenic Escherichia coli infection,P0AB26
Pathogenic Escherichia coli infection,P0AB35
Pathogenic Escherichia coli infection,P0AB49
Pathogenic Escherichia coli infection,P0AB52
Pathogenic Escherichia coli infection,P0AB55
Pathogenic Escherichia coli infection,P0ABR1
Pathogenic Escherichia coli infection,P0ABY2
Pathogenic Escherichia coli infection,P0ABY4
Pathogenic Escherichia coli infection,P0AC73
Pathogenic Escherichia coli infection,P0ACG6
Pathogenic Escherichia coli infection,P0ACH1
Pathogenic Escherichia coli infection,P0ACI3
Pathogenic Escherichia coli infection,P0ACL2
Pathogenic Escherichia coli infection,P0ACM2
Pathogenic Escherichia coli infection,P0ACM9
Pathogenic Escherichia coli infection,P0ACN2
Pathogenic Escherichia coli infection,P0ACR4
Pathogenic Escherichia coli infection,P0ACR7
Pathogenic Escherichia coli infection,P0ACU7
Pathogenic Escherichia coli infection,P0ACX0
Pathogenic Escherichia coli infection,P0ACX9
Pathogenic Escherichia coli infection,P0ACY6
Pathogenic Escherichia coli infection,P0ACY9
Pathogenic Escherichia coli infection,P0AD12
Pathogenic Escherichia coli infection,P0AD17
Pathogenic Escherichia coli infection,P0AD19
Pathogenic Escherichia coli infection,P0AD24
Pathogenic Escherichia coli infection,P0AD27
Pathogenic Escherichia coli infection,P0AD30
Pathogenic Escherichia coli infection,P0AD35
Pathogenic Escherichia coli infection,P0AD44
Pathogenic Escherichia coli infection,P0AD47
Pathogenic Escherichia coli infection,P0AD72
Pathogenic Escherichia coli infection,P0AD79
Pathogenic Escherichia coli infection,P0AD83
Pathogenic Escherichia coli infection,P0AD86
Pathogenic Escherichia coli infection,P0AD92
Pathogenic Escherichia coli infection,P0ADA5
Pathogenic Escherichia coli infection,P0ADA7
Pathogenic Escherichia coli infection,P0ADB1
Pathogenic Escherichia coli infection,P0ADD7
Pathogenic Escherichia coli infection,P0ADE2
Pathogenic Escherichia coli infection,P0ADF3
Pathogenic Escherichia coli infection,P0ADI7
Pathogenic Escherichia coli infection,P0ADI9
Pathogenic Escherichia coli infection,P0ADJ3
Pathogenic Escherichia coli infection,P0ADJ5
Pathogenic Escherichia coli infection,P0ADJ8
Pathogenic Escherichia coli infection,P0ADK4
Pathogenic Escherichia coli infection,P0ADK6
Pathogenic Escherichia coli infection,P0ADK8
Pathogenic Escherichia coli infection,P0ADL6
Pathogenic Escherichia coli infection,P0ADM0
Pathogenic Escherichia coli infection,P0ADM4
Pathogenic Escherichia coli infection,P0ADM8
Pathogenic Escherichia coli infection,P0ADQ5
Pathogenic Escherichia coli infection,P0ADR0
Pathogenic Escherichia coli infection,P0ADR2
Pathogenic Escherichia coli infection,P0ADS6
Pathogenic Escherichia coli infection,P0ADT2
Pathogenic Escherichia coli infection,P0ADT8
Pathogenic Escherichia coli infection,P0ADX7
Pathogenic Escherichia coli infection,P0AE14
Pathogenic Escherichia coli infection,P0AE28
Pathogenic Escherichia coli infection,P0AE42
Pathogenic Escherichia coli infection,P0AE48
Pathogenic Escherichia coli infection,P0AE58
Pathogenic Escherichia coli infection,P0AE63
Pathogenic Escherichia coli infection,P0AE74
Pathogenic Escherichia coli infection,P0AE78
Pathogenic Escherichia coli infection,P0AE91
Pathogenic Escherichia coli infection,P0AEB7
Pathogenic Escherichia coli infection,P0AEC0
Pathogenic Escherichia coli infection,P0AEH3
Pathogenic Escherichia coli infection,P0AEH8
Pathogenic Escherichia coli infection,P0AEL8
Pathogenic Escherichia coli infection,P0AEQ1
Pathogenic Escherichia coli infection,P0AET5
Pathogenic Escherichia coli infection,P0AEV4
Pathogenic Escherichia coli infection,P0AEV7
Pathogenic Escherichia coli infection,P0AEX5
Pathogenic Escherichia coli infection,P0AEY1
Pathogenic Escherichia coli infection,P0AF45
Pathogenic Escherichia coli infection,P0AF54
Pathogenic Escherichia coli infection,P0AF78
Pathogenic Escherichia coli infection,P0AF80
Pathogenic Escherichia coli infection,P0AF82
Pathogenic Escherichia coli infection,P0AF86
Pathogenic Escherichia coli infection,P0AFI9
Pathogenic Escherichia coli infection,P0AFJ1
Pathogenic Escherichia coli infection,P0AFM4
Pathogenic Escherichia coli infection,P0AFN6
Pathogenic Escherichia coli infection,P0AFP0
Pathogenic Escherichia coli infection,P0AFP4
Pathogenic Escherichia coli infection,P0AFR0
Pathogenic Escherichia coli infection,P0AFR4
Pathogenic Escherichia coli infection,P0AFS7
Pathogenic Escherichia coli infection,P0AFU2
Pathogenic Escherichia coli infection,P0AFV0
Pathogenic Escherichia coli infection,P0AFW8
Pathogenic Escherichia coli infection,P0AFZ1
Pathogenic Escherichia coli infection,P0AG27
Pathogenic Escherichia coli infection,P0AG71
Pathogenic Escherichia coli infection,P0AGC7
Pathogenic Escherichia coli infection,P0AGH1
Pathogenic Escherichia coli infection,P0AGJ5
Pathogenic Escherichia coli infection,P0AGM0
Pathogenic Escherichia coli infection,P0AGM2
Pathogenic Escherichia coli infection,P0AGM5
Pathogenic Escherichia coli infection,P0CB62
Pathogenic Escherichia coli infection,P0CE49
Pathogenic Escherichia coli infection,P0CE50
Pathogenic Escherichia coli infection,P0CE51
Pathogenic Escherichia coli infection,P0CE52
Pathogenic Escherichia coli infection,P0CE53
Pathogenic Escherichia coli infection,P0CE54
Pathogenic Escherichia coli infection,P0CE55
Pathogenic Escherichia coli infection,P0CE56
Pathogenic Escherichia coli infection,P0CE57
Pathogenic Escherichia coli infection,P0CE58
Pathogenic Escherichia coli infection,P0CF07
Pathogenic Escherichia coli infection,P0CF08
Pathogenic Escherichia coli infection,P0CF09
Pathogenic Escherichia coli infection,P0CF10
Pathogenic Escherichia coli infection,P0CF11
Pathogenic Escherichia coli infection,P0CF12
Pathogenic Escherichia coli infection,P0CF25
Pathogenic Escherichia coli infection,P0CF26
Pathogenic Escherichia coli infection,P0CF27
Pathogenic Escherichia coli infection,P0CF28
Pathogenic Escherichia coli infection,P0CF29
Pathogenic Escherichia coli infection,P0CF40
Pathogenic Escherichia coli infection,P0CF41
Pathogenic Escherichia coli infection,P0CF42
Pathogenic Escherichia coli infection,P0CF43
Pathogenic Escherichia coli infection,P0CF44
Pathogenic Escherichia coli infection,P0CF45
Pathogenic Escherichia coli infection,P0CF53
Pathogenic Escherichia coli infection,P0CF54
Pathogenic Escherichia coli infection,P0CF55
Pathogenic Escherichia coli infection,P0CF56
Pathogenic Escherichia coli infection,P0CF57
Pathogenic Escherichia coli infection,P0CF58
Pathogenic Escherichia coli infection,P0CF60
Pathogenic Escherichia coli infection,P0CF66
Pathogenic Escherichia coli infection,P0CF67
Pathogenic Escherichia coli infection,P0CF68
Pathogenic Escherichia coli infection,P0CF69
Pathogenic Escherichia coli infection,P0CF70
Pathogenic Escherichia coli infection,P0CF79
Pathogenic Escherichia coli infection,P0CF80
Pathogenic Escherichia coli infection,P0CF81
Pathogenic Escherichia coli infection,P0CF82
Pathogenic Escherichia coli infection,P0CF83
Pathogenic Escherichia coli infection,P0CF86
Pathogenic Escherichia coli infection,P0CF89
Pathogenic Escherichia coli infection,P0CF90
Pathogenic Escherichia coli infection,P0CF91
Pathogenic Escherichia coli infection,P0CF92
Pathogenic Escherichia coli infection,P0CF93
Pathogenic Escherichia coli infection,P0DP22
Pathogenic Escherichia coli infection,P0DP63
Pathogenic Escherichia coli infection,P0DP64
Pathogenic Escherichia coli infection,P0DP69
Pathogenic Escherichia coli infection,P0DPC4
Pathogenic Escherichia coli infection,P0DPC5
Pathogenic Escherichia coli infection,P0DPC6
Pathogenic Escherichia coli infection,P0DPC7
Pathogenic Escherichia coli infection,P0DPD0
Pathogenic Escherichia coli infection,P0DPD1
Pathogenic Escherichia coli infection,P0DPO8
Pathogenic Escherichia coli infection,P0DPP2
Pathogenic Escherichia coli infection,P0DQD7
Pathogenic Escherichia coli infection,P0DSE4
Pathogenic Escherichia coli infection,P0DSG0
Pathogenic Escherichia coli infection,P0DSH2
Pathogenic Escherichia coli infection,P0DSH3
Pathogenic Escherichia coli infection,P0DUM3
Pathogenic Escherichia coli infection,P0DXX6
Pathogenic Escherichia coli infection,P11286
Pathogenic Escherichia coli infection,P11290
Pathogenic Escherichia coli infection,P11291
Pathogenic Escherichia coli infection,P11447
Pathogenic Escherichia coli infection,P11663
Pathogenic Escherichia coli infection,P11664
Pathogenic Escherichia coli infection,P11866
Pathogenic Escherichia coli infection,P12994
Pathogenic Escherichia coli infection,P15081
Pathogenic Escherichia coli infection,P15286
Pathogenic Escherichia coli infection,P16681
Pathogenic Escherichia coli infection,P16684
Pathogenic Escherichia coli infection,P16916
Pathogenic Escherichia coli infection,P16917
Pathogenic Escherichia coli infection,P16918
Pathogenic Escherichia coli infection,P16919
Pathogenic Escherichia coli infection,P18390
Pathogenic Escherichia coli infection,P19767
Pathogenic Escherichia coli infection,P19931
Pathogenic Escherichia coli infection,P19932
Pathogenic Escherichia coli infection,P21361
Pathogenic Escherichia coli infection,P21362
Pathogenic Escherichia coli infection,P21365
Pathogenic Escherichia coli infection,P21503
Pathogenic Escherichia coli infection,P22787
Pathogenic Escherichia coli infection,P23325
Pathogenic Escherichia coli infection,P23481
Pathogenic Escherichia coli infection,P23840
Pathogenic Escherichia coli infection,P24178
Pathogenic Escherichia coli infection,P24211
Pathogenic Escherichia coli infection,P25531
Pathogenic Escherichia coli infection,P25550
Pathogenic Escherichia coli infection,P25738
Pathogenic Escherichia coli infection,P25743
Pathogenic Escherichia coli infection,P25747
Pathogenic Escherichia coli infection,P26608
Pathogenic Escherichia coli infection,P27294
Pathogenic Escherichia coli infection,P27297
Pathogenic Escherichia coli infection,P27375
Pathogenic Escherichia coli infection,P27843
Pathogenic Escherichia coli infection,P27844
Pathogenic Escherichia coli infection,P28303
Pathogenic Escherichia coli infection,P28369
Pathogenic Escherichia coli infection,P28697
Pathogenic Escherichia coli infection,P28721
Pathogenic Escherichia coli infection,P28722
Pathogenic Escherichia coli infection,P28912
Pathogenic Escherichia coli infection,P28916
Pathogenic Escherichia coli infection,P28917
Pathogenic Escherichia coli infection,P29217
Pathogenic Escherichia coli infection,P29744
Pathogenic Escherichia coli infection,P30143
Pathogenic Escherichia coli infection,P30149
Pathogenic Escherichia coli infection,P30177
Pathogenic Escherichia coli infection,P30192
Pathogenic Escherichia coli infection,P30852
Pathogenic Escherichia coli infection,P30864
Pathogenic Escherichia coli infection,P30979
Pathogenic Escherichia coli infection,P31061
Pathogenic Escherichia coli infection,P31063
Pathogenic Escherichia coli infection,P31064
Pathogenic Escherichia coli infection,P31130
Pathogenic Escherichia coli infection,P31131
Pathogenic Escherichia coli infection,P31433
Pathogenic Escherichia coli infection,P31435
Pathogenic Escherichia coli infection,P31437
Pathogenic Escherichia coli infection,P31446
Pathogenic Escherichia coli infection,P31447
Pathogenic Escherichia coli infection,P31448
Pathogenic Escherichia coli infection,P31449
Pathogenic Escherichia coli infection,P31450
Pathogenic Escherichia coli infection,P31453
Pathogenic Escherichia coli infection,P31456
Pathogenic Escherichia coli infection,P31468
Pathogenic Escherichia coli infection,P31469
Pathogenic Escherichia coli infection,P31470
Pathogenic Escherichia coli infection,P31471
Pathogenic Escherichia coli infection,P31475
Pathogenic Escherichia coli infection,P31666
Pathogenic Escherichia coli infection,P31679
Pathogenic Escherichia coli infection,P31808
Pathogenic Escherichia coli infection,P31827
Pathogenic Escherichia coli infection,P32051
Pathogenic Escherichia coli infection,P32057
Pathogenic Escherichia coli infection,P32135
Pathogenic Escherichia coli infection,P32139
Pathogenic Escherichia coli infection,P32152
Pathogenic Escherichia coli infection,P32153
Pathogenic Escherichia coli infection,P32674
Pathogenic Escherichia coli infection,P32677
Pathogenic Escherichia coli infection,P32687
Pathogenic Escherichia coli infection,P32703
Pathogenic Escherichia coli infection,P32709
Pathogenic Escherichia coli infection,P32712
Pathogenic Escherichia coli infection,P33011
Pathogenic Escherichia coli infection,P33020
Pathogenic Escherichia coli infection,P33029
Pathogenic Escherichia coli infection,P33218
Pathogenic Escherichia coli infection,P33235
Pathogenic Escherichia coli infection,P33236
Pathogenic Escherichia coli infection,P33345
Pathogenic Escherichia coli infection,P33348
Pathogenic Escherichia coli infection,P33349
Pathogenic Escherichia coli infection,P33353
Pathogenic Escherichia coli infection,P33354
Pathogenic Escherichia coli infection,P33366
Pathogenic Escherichia coli infection,P33368
Pathogenic Escherichia coli infection,P33554
Pathogenic Escherichia coli infection,P33634
Pathogenic Escherichia coli infection,P33666
Pathogenic Escherichia coli infection,P33924
Pathogenic Escherichia coli infection,P33997
Pathogenic Escherichia coli infection,P34209
Pathogenic Escherichia coli infection,P36547
Pathogenic Escherichia coli infection,P36554
Pathogenic Escherichia coli infection,P36645
Pathogenic Escherichia coli infection,P36646
Pathogenic Escherichia coli infection,P36881
Pathogenic Escherichia coli infection,P36928
Pathogenic Escherichia coli infection,P36930
Pathogenic Escherichia coli infection,P36943
Pathogenic Escherichia coli infection,P37005
Pathogenic Escherichia coli infection,P37007
Pathogenic Escherichia coli infection,P37008
Pathogenic Escherichia coli infection,P37014
Pathogenic Escherichia coli infection,P37056
Pathogenic Escherichia coli infection,P37057
Pathogenic Escherichia coli infection,P37305
Pathogenic Escherichia coli infection,P37325
Pathogenic Escherichia coli infection,P37327
Pathogenic Escherichia coli infection,P37342
Pathogenic Escherichia coli infection,P37440
Pathogenic Escherichia coli infection,P37443
Pathogenic Escherichia coli infection,P37626
Pathogenic Escherichia coli infection,P37629
Pathogenic Escherichia coli infection,P37630
Pathogenic Escherichia coli infection,P37640
Pathogenic Escherichia coli infection,P37641
Pathogenic Escherichia coli infection,P37642
Pathogenic Escherichia coli infection,P37643
Pathogenic Escherichia coli infection,P37648
Pathogenic Escherichia coli infection,P37650
Pathogenic Escherichia coli infection,P37655
Pathogenic Escherichia coli infection,P37659
Pathogenic Escherichia coli infection,P37660
Pathogenic Escherichia coli infection,P37663
Pathogenic Escherichia coli infection,P37673
Pathogenic Escherichia coli infection,P37681
Pathogenic Escherichia coli infection,P37682
Pathogenic Escherichia coli infection,P37683
Pathogenic Escherichia coli infection,P37686
Pathogenic Escherichia coli infection,P37748
Pathogenic Escherichia coli infection,P37751
Pathogenic Escherichia coli infection,P37767
Pathogenic Escherichia coli infection,P37903
Pathogenic Escherichia coli infection,P37908
Pathogenic Escherichia coli infection,P37909
Pathogenic Escherichia coli infection,P38055
Pathogenic Escherichia coli infection,P38104
Pathogenic Escherichia coli infection,P38105
Pathogenic Escherichia coli infection,P38392
Pathogenic Escherichia coli infection,P38521
Pathogenic Escherichia coli infection,P39161
Pathogenic Escherichia coli infection,P39165
Pathogenic Escherichia coli infection,P39187
Pathogenic Escherichia coli infection,P39212
Pathogenic Escherichia coli infection,P39263
Pathogenic Escherichia coli infection,P39264
Pathogenic Escherichia coli infection,P39270
Pathogenic Escherichia coli infection,P39282
Pathogenic Escherichia coli infection,P39284
Pathogenic Escherichia coli infection,P39314
Pathogenic Escherichia coli infection,P39332
Pathogenic Escherichia coli infection,P39336
Pathogenic Escherichia coli infection,P39337
Pathogenic Escherichia coli infection,P39338
Pathogenic Escherichia coli infection,P39343
Pathogenic Escherichia coli infection,P39349
Pathogenic Escherichia coli infection,P39355
Pathogenic Escherichia coli infection,P39356
Pathogenic Escherichia coli infection,P39357
Pathogenic Escherichia coli infection,P39360
Pathogenic Escherichia coli infection,P39361
Pathogenic Escherichia coli infection,P39366
Pathogenic Escherichia coli infection,P39367
Pathogenic Escherichia coli infection,P39368
Pathogenic Escherichia coli infection,P39369
Pathogenic Escherichia coli infection,P39379
Pathogenic Escherichia coli infection,P39381
Pathogenic Escherichia coli infection,P39382
Pathogenic Escherichia coli infection,P39383
Pathogenic Escherichia coli infection,P39384
Pathogenic Escherichia coli infection,P39389
Pathogenic Escherichia coli infection,P39393
Pathogenic Escherichia coli infection,P39407
Pathogenic Escherichia coli infection,P39834
Pathogenic Escherichia coli infection,P39836
Pathogenic Escherichia coli infection,P39901
Pathogenic Escherichia coli infection,P41039
Pathogenic Escherichia coli infection,P42589
Pathogenic Escherichia coli infection,P42590
Pathogenic Escherichia coli infection,P42597
Pathogenic Escherichia coli infection,P42599
Pathogenic Escherichia coli infection,P42603
Pathogenic Escherichia coli infection,P42616
Pathogenic Escherichia coli infection,P42619
Pathogenic Escherichia coli infection,P42906
Pathogenic Escherichia coli infection,P43340
Pathogenic Escherichia coli infection,P43531
Pathogenic Escherichia coli infection,P43533
Pathogenic Escherichia coli infection,P43667
Pathogenic Escherichia coli infection,P45394
Pathogenic Escherichia coli infection,P45420
Pathogenic Escherichia coli infection,P45423
Pathogenic Escherichia coli infection,P45465
Pathogenic Escherichia coli infection,P45468
Pathogenic Escherichia coli infection,P45472
Pathogenic Escherichia coli infection,P45524
Pathogenic Escherichia coli infection,P45537
Pathogenic Escherichia coli infection,P45546
Pathogenic Escherichia coli infection,P45549
Pathogenic Escherichia coli infection,P45566
Pathogenic Escherichia coli infection,P45570
Pathogenic Escherichia coli infection,P45581
Pathogenic Escherichia coli infection,P45757
Pathogenic Escherichia coli infection,P45771
Pathogenic Escherichia coli infection,P45848
Pathogenic Escherichia coli infection,P46119
Pathogenic Escherichia coli infection,P46122
Pathogenic Escherichia coli infection,P46125
Pathogenic Escherichia coli infection,P46141
Pathogenic Escherichia coli infection,P46478
Pathogenic Escherichia coli infection,P46853
Pathogenic Escherichia coli infection,P51024
Pathogenic Escherichia coli infection,P52007
Pathogenic Escherichia coli infection,P52037
Pathogenic Escherichia coli infection,P52044
Pathogenic Escherichia coli infection,P52052
Pathogenic Escherichia coli infection,P52107
Pathogenic Escherichia coli infection,P52131
Pathogenic Escherichia coli infection,P52133
Pathogenic Escherichia coli infection,P52141
Pathogenic Escherichia coli infection,P52598
Pathogenic Escherichia coli infection,P52636
Pathogenic Escherichia coli infection,P52696
Pathogenic Escherichia coli infection,P55138
Pathogenic Escherichia coli infection,P55140
Pathogenic Escherichia coli infection,P56256
Pathogenic Escherichia coli infection,P56262
Pathogenic Escherichia coli infection,P56614
Pathogenic Escherichia coli infection,P57998
Pathogenic Escherichia coli infection,P58041
Pathogenic Escherichia coli infection,P58042
Pathogenic Escherichia coli infection,P60632
Pathogenic Escherichia coli infection,P60869
Pathogenic Escherichia coli infection,P60872
Pathogenic Escherichia coli infection,P60995
Pathogenic Escherichia coli infection,P62522
Pathogenic Escherichia coli infection,P62723
Pathogenic Escherichia coli infection,P63264
Pathogenic Escherichia coli infection,P63340
Pathogenic Escherichia coli infection,P64429
Pathogenic Escherichia coli infection,P64432
Pathogenic Escherichia coli infection,P64439
Pathogenic Escherichia coli infection,P64442
Pathogenic Escherichia coli infection,P64455
Pathogenic Escherichia coli infection,P64481
Pathogenic Escherichia coli infection,P64496
Pathogenic Escherichia coli infection,P64503
Pathogenic Escherichia coli infection,P64506
Pathogenic Escherichia coli infection,P64508
Pathogenic Escherichia coli infection,P64515
Pathogenic Escherichia coli infection,P64519
Pathogenic Escherichia coli infection,P64545
Pathogenic Escherichia coli infection,P64548
Pathogenic Escherichia coli infection,P64564
Pathogenic Escherichia coli infection,P64567
Pathogenic Escherichia coli infection,P64572
Pathogenic Escherichia coli infection,P64585
Pathogenic Escherichia coli infection,P64590
Pathogenic Escherichia coli infection,P64592
Pathogenic Escherichia coli infection,P64614
Pathogenic Escherichia coli infection,P65290
Pathogenic Escherichia coli infection,P65292
Pathogenic Escherichia coli infection,P65294
Pathogenic Escherichia coli infection,P65298
Pathogenic Escherichia coli infection,P65807
Pathogenic Escherichia coli infection,P67127
Pathogenic Escherichia coli infection,P67143
Pathogenic Escherichia coli infection,P67153
Pathogenic Escherichia coli infection,P67244
Pathogenic Escherichia coli infection,P67553
Pathogenic Escherichia coli infection,P67601
Pathogenic Escherichia coli infection,P67660
Pathogenic Escherichia coli infection,P67699
Pathogenic Escherichia coli infection,P67729
Pathogenic Escherichia coli infection,P67826
Pathogenic Escherichia coli infection,P68206
Pathogenic Escherichia coli infection,P68644
Pathogenic Escherichia coli infection,P68646
Pathogenic Escherichia coli infection,P68661
Pathogenic Escherichia coli infection,P71237
Pathogenic Escherichia coli infection,P71238
Pathogenic Escherichia coli infection,P71239
Pathogenic Escherichia coli infection,P71242
Pathogenic Escherichia coli infection,P71243
Pathogenic Escherichia coli infection,P71244
Pathogenic Escherichia coli infection,P75678
Pathogenic Escherichia coli infection,P75679
Pathogenic Escherichia coli infection,P75680
Pathogenic Escherichia coli infection,P75681
Pathogenic Escherichia coli infection,P75693
Pathogenic Escherichia coli infection,P75694
Pathogenic Escherichia coli infection,P75697
Pathogenic Escherichia coli infection,P75719
Pathogenic Escherichia coli infection,P75734
Pathogenic Escherichia coli infection,P75741
Pathogenic Escherichia coli infection,P75747
Pathogenic Escherichia coli infection,P75748
Pathogenic Escherichia coli infection,P75750
Pathogenic Escherichia coli infection,P75763
Pathogenic Escherichia coli infection,P75764
Pathogenic Escherichia coli infection,P75767
Pathogenic Escherichia coli infection,P75770
Pathogenic Escherichia coli infection,P75779
Pathogenic Escherichia coli infection,P75788
Pathogenic Escherichia coli infection,P75793
Pathogenic Escherichia coli infection,P75810
Pathogenic Escherichia coli infection,P75822
Pathogenic Escherichia coli infection,P75828
Pathogenic Escherichia coli infection,P75835
Pathogenic Escherichia coli infection,P75836
Pathogenic Escherichia coli infection,P75859
Pathogenic Escherichia coli infection,P75860
Pathogenic Escherichia coli infection,P75863
Pathogenic Escherichia coli infection,P75867
Pathogenic Escherichia coli infection,P75870
Pathogenic Escherichia coli infection,P75874
Pathogenic Escherichia coli infection,P75882
Pathogenic Escherichia coli infection,P75883
Pathogenic Escherichia coli infection,P75884
Pathogenic Escherichia coli infection,P75885
Pathogenic Escherichia coli infection,P75916
Pathogenic Escherichia coli infection,P75917
Pathogenic Escherichia coli infection,P75931
Pathogenic Escherichia coli infection,P75933
Pathogenic Escherichia coli infection,P75936
Pathogenic Escherichia coli infection,P75937
Pathogenic Escherichia coli infection,P75955
Pathogenic Escherichia coli infection,P75961
Pathogenic Escherichia coli infection,P75962
Pathogenic Escherichia coli infection,P75970
Pathogenic Escherichia coli infection,P75971
Pathogenic Escherichia coli infection,P75974
Pathogenic Escherichia coli infection,P75981
Pathogenic Escherichia coli infection,P75991
Pathogenic Escherichia coli infection,P75992
Pathogenic Escherichia coli infection,P76000
Pathogenic Escherichia coli infection,P76011
Pathogenic Escherichia coli infection,P76034
Pathogenic Escherichia coli infection,P76042
Pathogenic Escherichia coli infection,P76049
Pathogenic Escherichia coli infection,P76053
Pathogenic Escherichia coli infection,P76057
Pathogenic Escherichia coli infection,P76063
Pathogenic Escherichia coli infection,P76064
Pathogenic Escherichia coli infection,P76071
Pathogenic Escherichia coli infection,P76072
Pathogenic Escherichia coli infection,P76076
Pathogenic Escherichia coli infection,P76090
Pathogenic Escherichia coli infection,P76091
Pathogenic Escherichia coli infection,P76092
Pathogenic Escherichia coli infection,P76093
Pathogenic Escherichia coli infection,P76100
Pathogenic Escherichia coli infection,P76103
Pathogenic Escherichia coli infection,P76111
Pathogenic Escherichia coli infection,P76116
Pathogenic Escherichia coli infection,P76117
Pathogenic Escherichia coli infection,P76119
Pathogenic Escherichia coli infection,P76127
Pathogenic Escherichia coli infection,P76134
Pathogenic Escherichia coli infection,P76137
Pathogenic Escherichia coli infection,P76138
Pathogenic Escherichia coli infection,P76146
Pathogenic Escherichia coli infection,P76161
Pathogenic Escherichia coli infection,P76164
Pathogenic Escherichia coli infection,P76169
Pathogenic Escherichia coli infection,P76170
Pathogenic Escherichia coli infection,P76172
Pathogenic Escherichia coli infection,P76176
Pathogenic Escherichia coli infection,P76180
Pathogenic Escherichia coli infection,P76185
Pathogenic Escherichia coli infection,P76186
Pathogenic Escherichia coli infection,P76197
Pathogenic Escherichia coli infection,P76198
Pathogenic Escherichia coli infection,P76201
Pathogenic Escherichia coli infection,P76214
Pathogenic Escherichia coli infection,P76219
Pathogenic Escherichia coli infection,P76220
Pathogenic Escherichia coli infection,P76221
Pathogenic Escherichia coli infection,P76223
Pathogenic Escherichia coli infection,P76226
Pathogenic Escherichia coli infection,P76228
Pathogenic Escherichia coli infection,P76230
Pathogenic Escherichia coli infection,P76235
Pathogenic Escherichia coli infection,P76269
Pathogenic Escherichia coli infection,P76278
Pathogenic Escherichia coli infection,P76297
Pathogenic Escherichia coli infection,P76319
Pathogenic Escherichia coli infection,P76323
Pathogenic Escherichia coli infection,P76335
Pathogenic Escherichia coli infection,P76356
Pathogenic Escherichia coli infection,P76359
Pathogenic Escherichia coli infection,P76361
Pathogenic Escherichia coli infection,P76362
Pathogenic Escherichia coli infection,P76369
Pathogenic Escherichia coli infection,P76389
Pathogenic Escherichia coli infection,P76402
Pathogenic Escherichia coli infection,P76417
Pathogenic Escherichia coli infection,P76419
Pathogenic Escherichia coli infection,P76421
Pathogenic Escherichia coli infection,P76460
Pathogenic Escherichia coli infection,P76464
Pathogenic Escherichia coli infection,P76470
Pathogenic Escherichia coli infection,P76471
Pathogenic Escherichia coli infection,P76482
Pathogenic Escherichia coli infection,P76483
Pathogenic Escherichia coli infection,P76509
Pathogenic Escherichia coli infection,P76514
Pathogenic Escherichia coli infection,P76520
Pathogenic Escherichia coli infection,P76538
Pathogenic Escherichia coli infection,P76539
Pathogenic Escherichia coli infection,P76561
Pathogenic Escherichia coli infection,P76569
Pathogenic Escherichia coli infection,P76573
Pathogenic Escherichia coli infection,P76584
Pathogenic Escherichia coli infection,P76611
Pathogenic Escherichia coli infection,P76616
Pathogenic Escherichia coli infection,P76628
Pathogenic Escherichia coli infection,P76630
Pathogenic Escherichia coli infection,P76633
Pathogenic Escherichia coli infection,P76639
Pathogenic Escherichia coli infection,P76656
Pathogenic Escherichia coli infection,P76657
Pathogenic Escherichia coli infection,P77031
Pathogenic Escherichia coli infection,P77087
Pathogenic Escherichia coli infection,P77091
Pathogenic Escherichia coli infection,P77169
Pathogenic Escherichia coli infection,P77181
Pathogenic Escherichia coli infection,P77187
Pathogenic Escherichia coli infection,P77188
Pathogenic Escherichia coli infection,P77199
Pathogenic Escherichia coli infection,P77234
Pathogenic Escherichia coli infection,P77237
Pathogenic Escherichia coli infection,P77252
Pathogenic Escherichia coli infection,P77260
Pathogenic Escherichia coli infection,P77263
Pathogenic Escherichia coli infection,P77277
Pathogenic Escherichia coli infection,P77280
Pathogenic Escherichia coli infection,P77294
Pathogenic Escherichia coli infection,P77309
Pathogenic Escherichia coli infection,P77316
Pathogenic Escherichia coli infection,P77328
Pathogenic Escherichia coli infection,P77330
Pathogenic Escherichia coli infection,P77337
Pathogenic Escherichia coli infection,P77354
Pathogenic Escherichia coli infection,P77359
Pathogenic Escherichia coli infection,P77360
Pathogenic Escherichia coli infection,P77376
Pathogenic Escherichia coli infection,P77378
Pathogenic Escherichia coli infection,P77389
Pathogenic Escherichia coli infection,P77396
Pathogenic Escherichia coli infection,P77402
Pathogenic Escherichia coli infection,P77414
Pathogenic Escherichia coli infection,P77423
Pathogenic Escherichia coli infection,P77433
Pathogenic Escherichia coli infection,P77493
Pathogenic Escherichia coli infection,P77495
Pathogenic Escherichia coli infection,P77504
Pathogenic Escherichia coli infection,P77515
Pathogenic Escherichia coli infection,P77519
Pathogenic Escherichia coli infection,P77528
Pathogenic Escherichia coli infection,P77536
Pathogenic Escherichia coli infection,P77538
Pathogenic Escherichia coli infection,P77539
Pathogenic Escherichia coli infection,P77551
Pathogenic Escherichia coli infection,P77552
Pathogenic Escherichia coli infection,P77554
Pathogenic Escherichia coli infection,P77559
Pathogenic Escherichia coli infection,P77562
Pathogenic Escherichia coli infection,P77569
Pathogenic Escherichia coli infection,P77588
Pathogenic Escherichia coli infection,P77601
Pathogenic Escherichia coli infection,P77609
Pathogenic Escherichia coli infection,P77610
Pathogenic Escherichia coli infection,P77615
Pathogenic Escherichia coli infection,P77616
Pathogenic Escherichia coli infection,P77624
Pathogenic Escherichia coli infection,P77634
Pathogenic Escherichia coli infection,P77668
Pathogenic Escherichia coli infection,P77694
Pathogenic Escherichia coli infection,P77695
Pathogenic Escherichia coli infection,P77698
Pathogenic Escherichia coli infection,P77699
Pathogenic Escherichia coli infection,P77700
Pathogenic Escherichia coli infection,P77704
Pathogenic Escherichia coli infection,P77713
Pathogenic Escherichia coli infection,P77714
Pathogenic Escherichia coli infection,P77717
Pathogenic Escherichia coli infection,P77721
Pathogenic Escherichia coli infection,P77726
Pathogenic Escherichia coli infection,P77730
Pathogenic Escherichia coli infection,P77732
Pathogenic Escherichia coli infection,P77739
Pathogenic Escherichia coli infection,P77746
Pathogenic Escherichia coli infection,P77779
Pathogenic Escherichia coli infection,P77789
Pathogenic Escherichia coli infection,P77802
Pathogenic Escherichia coli infection,P77808
Pathogenic Escherichia coli infection,Q2EEQ2
Pathogenic Escherichia coli infection,Q2EES1
Pathogenic Escherichia coli infection,Q2EES6
Pathogenic Escherichia coli infection,Q2EET0
Pathogenic Escherichia coli infection,Q2EET2
Pathogenic Escherichia coli infection,Q2M5U1
Pathogenic Escherichia coli infection,Q46755
Pathogenic Escherichia coli infection,Q46790
Pathogenic Escherichia coli infection,Q46791
Pathogenic Escherichia coli infection,Q46795
Pathogenic Escherichia coli infection,Q46797
Pathogenic Escherichia coli infection,Q46807
Pathogenic Escherichia coli infection,Q46812
Pathogenic Escherichia coli infection,Q46819
Pathogenic Escherichia coli infection,Q46832
Pathogenic Escherichia coli infection,Q46833
Pathogenic Escherichia coli infection,Q46834
Pathogenic Escherichia coli infection,Q46835
Pathogenic Escherichia coli infection,Q46840
Pathogenic Escherichia coli infection,Q46841
Pathogenic Escherichia coli infection,Q46844
Pathogenic Escherichia coli infection,Q46861
Pathogenic Escherichia coli infection,Q46866
Pathogenic Escherichia coli infection,Q46867
Pathogenic Escherichia coli infection,Q46888
Pathogenic Escherichia coli infection,Q46889
Pathogenic Escherichia coli infection,Q46892
Pathogenic Escherichia coli infection,Q46904
Pathogenic Escherichia coli infection,Q46905
Pathogenic Escherichia coli infection,Q46907
Pathogenic Escherichia coli infection,Q46909
Pathogenic Escherichia coli infection,Q46942
Pathogenic Escherichia coli infection,Q47147
Pathogenic Escherichia coli infection,Q47153
Pathogenic Escherichia coli infection,Q47154
Pathogenic Escherichia coli infection,Q47158
Pathogenic Escherichia coli infection,Q47269
Pathogenic Escherichia coli infection,Q47274
Pathogenic Escherichia coli infection,Q47534
Pathogenic Escherichia coli infection,Q47536
Pathogenic Escherichia coli infection,Q47679
Pathogenic Escherichia coli infection,Q47684
Pathogenic Escherichia coli infection,Q47685
Pathogenic Escherichia coli infection,Q47688
Pathogenic Escherichia coli infection,Q47718
Pathogenic Escherichia coli infection,Q6BF25
Pathogenic Escherichia coli infection,Q6BF87
Pathogenic Escherichia coli infection,Q79E92
Pathogenic Escherichia coli infection,U3PVA8
Pathogenic Escherichia coli infection,A0A385XJK5
Pathogenic Escherichia coli infection,A0A385XJL2
Pathogenic Escherichia coli infection,A5A607
Pathogenic Escherichia coli infection,A5A611
Pathogenic Escherichia coli infection,A5A612
Pathogenic Escherichia coli infection,A5A613
Pathogenic Escherichia coli infection,A5A614
Pathogenic Escherichia coli infection,A5A617
Pathogenic Escherichia coli infection,A5A619
Pathogenic Escherichia coli infection,A5A621
Pathogenic Escherichia coli infection,A5A625
Pathogenic Escherichia coli infection,A8DYQ1
Pathogenic Escherichia coli infection,C1P5Z9
Pathogenic Escherichia coli infection,C1P600
Pathogenic Escherichia coli infection,C1P604
Pathogenic Escherichia coli infection,C1P606
Pathogenic Escherichia coli infection,C1P612
Pathogenic Escherichia coli infection,C1P613
Pathogenic Escherichia coli infection,C1P614
Pathogenic Escherichia coli infection,C1P618
Pathogenic Escherichia coli infection,C1P619
Pathogenic Escherichia coli infection,C1P620
Pathogenic Escherichia coli infection,C1P621
Pathogenic Escherichia coli infection,P02338
Pathogenic Escherichia coli infection,P07010
Pathogenic Escherichia coli infection,P08370
Pathogenic Escherichia coli infection,P09154
Pathogenic Escherichia coli infection,P09996
Pathogenic Escherichia coli infection,P0A828
Pathogenic Escherichia coli infection,P0A8E5
Pathogenic Escherichia coli infection,P0A8K5
Pathogenic Escherichia coli infection,P0A8L5
Pathogenic Escherichia coli infection,P0A8R4
Pathogenic Escherichia coli infection,P0AA95
Pathogenic Escherichia coli infection,P0AA97
Pathogenic Escherichia coli infection,P0AAL9
Pathogenic Escherichia coli infection,P0AAN5
Pathogenic Escherichia coli infection,P0AAQ6
Pathogenic Escherichia coli infection,P0AAS9
Pathogenic Escherichia coli infection,P0AAT2
Pathogenic Escherichia coli infection,P0AAT9
Pathogenic Escherichia coli infection,P0AAU2
Pathogenic Escherichia coli infection,P0AAU5
Pathogenic Escherichia coli infection,P0AAV6
Pathogenic Escherichia coli infection,P0AAV8
Pathogenic Escherichia coli infection,P0AAW1
Pathogenic Escherichia coli infection,P0AAY4
Pathogenic Escherichia coli infection,P0AAZ7
Pathogenic Escherichia coli infection,P0AB03
Pathogenic Escherichia coli infection,P0AB31
Pathogenic Escherichia coli infection,P0AB43
Pathogenic Escherichia coli infection,P0AB46
Pathogenic Escherichia coli infection,P0AB61
Pathogenic Escherichia coli infection,P0ACV8
Pathogenic Escherichia coli infection,P0ACW0
Pathogenic Escherichia coli infection,P0ACW2
Pathogenic Escherichia coli infection,P0ACW4
Pathogenic Escherichia coli infection,P0ACW6
Pathogenic Escherichia coli infection,P0ACW8
Pathogenic Escherichia coli infection,P0AD05
Pathogenic Escherichia coli infection,P0AD07
Pathogenic Escherichia coli infection,P0AD10
Pathogenic Escherichia coli infection,P0AD21
Pathogenic Escherichia coli infection,P0AD33
Pathogenic Escherichia coli infection,P0AD37
Pathogenic Escherichia coli infection,P0AD40
Pathogenic Escherichia coli infection,P0AD53
Pathogenic Escherichia coli infection,P0AD74
Pathogenic Escherichia coli infection,P0ADC8
Pathogenic Escherichia coli infection,P0ADD9
Pathogenic Escherichia coli infection,P0ADF0
Pathogenic Escherichia coli infection,P0ADK0
Pathogenic Escherichia coli infection,P0ADL3
Pathogenic Escherichia coli infection,P0ADM6
Pathogenic Escherichia coli infection,P0ADP9
Pathogenic Escherichia coli infection,P0ADS9
Pathogenic Escherichia coli infection,P0ADU7
Pathogenic Escherichia coli infection,P0ADV5
Pathogenic Escherichia coli infection,P0ADW8
Pathogenic Escherichia coli infection,P0ADX1
Pathogenic Escherichia coli infection,P0ADX5
Pathogenic Escherichia coli infection,P0AEG8
Pathogenic Escherichia coli infection,P0AF34
Pathogenic Escherichia coli infection,P0AF48
Pathogenic Escherichia coli infection,P0AF50
Pathogenic Escherichia coli infection,P0AF56
Pathogenic Escherichia coli infection,P0AF59
Pathogenic Escherichia coli infection,P0AF70
Pathogenic Escherichia coli infection,P0AF73
Pathogenic Escherichia coli infection,P0AF76
Pathogenic Escherichia coli infection,P0AFT8
Pathogenic Escherichia coli infection,P0AFU6
Pathogenic Escherichia coli infection,P0CD93
Pathogenic Escherichia coli infection,P0DN74
Pathogenic Escherichia coli infection,P0DPC8
Pathogenic Escherichia coli infection,P0DPC9
Pathogenic Escherichia coli infection,P0DPM5
Pathogenic Escherichia coli infection,P0DPM6
Pathogenic Escherichia coli infection,P0DPM7
Pathogenic Escherichia coli infection,P0DPM8
Pathogenic Escherichia coli infection,P0DPM9
Pathogenic Escherichia coli infection,P0DPN0
Pathogenic Escherichia coli infection,P0DPN1
Pathogenic Escherichia coli infection,P0DPN2
Pathogenic Escherichia coli infection,P0DPN3
Pathogenic Escherichia coli infection,P0DPN4
Pathogenic Escherichia coli infection,P0DPN5
Pathogenic Escherichia coli infection,P0DPN6
Pathogenic Escherichia coli infection,P0DPN7
Pathogenic Escherichia coli infection,P0DPN8
Pathogenic Escherichia coli infection,P0DPN9
Pathogenic Escherichia coli infection,P0DPO0
Pathogenic Escherichia coli infection,P0DPO1
Pathogenic Escherichia coli infection,P0DPO2
Pathogenic Escherichia coli infection,P0DPO3
Pathogenic Escherichia coli infection,P0DPO4
Pathogenic Escherichia coli infection,P0DPO5
Pathogenic Escherichia coli infection,P0DPO6
Pathogenic Escherichia coli infection,P0DPO7
Pathogenic Escherichia coli infection,P0DPO9
Pathogenic Escherichia coli infection,P0DPP0
Pathogenic Escherichia coli infection,P0DPP1
Pathogenic Escherichia coli infection,P0DPP3
Pathogenic Escherichia coli infection,P0DPP4
Pathogenic Escherichia coli infection,P0DPP5
Pathogenic Escherichia coli infection,P0DPP6
Pathogenic Escherichia coli infection,P0DPP7
Pathogenic Escherichia coli infection,P0DPP8
Pathogenic Escherichia coli infection,P0DSE3
Pathogenic Escherichia coli infection,P0DSE5
Pathogenic Escherichia coli infection,P0DSE6
Pathogenic Escherichia coli infection,P0DSE7
Pathogenic Escherichia coli infection,P0DSE8
Pathogenic Escherichia coli infection,P0DSE9
Pathogenic Escherichia coli infection,P0DSF0
Pathogenic Escherichia coli infection,P0DSF1
Pathogenic Escherichia coli infection,P0DSF2
Pathogenic Escherichia coli infection,P0DSF3
Pathogenic Escherichia coli infection,P0DSF4
Pathogenic Escherichia coli infection,P0DSF5
Pathogenic Escherichia coli infection,P0DSF6
Pathogenic Escherichia coli infection,P0DSF7
Pathogenic Escherichia coli infection,P0DSF8
Pathogenic Escherichia coli infection,P0DSF9
Pathogenic Escherichia coli infection,P0DSG1
Pathogenic Escherichia coli infection,P0DSG2
Pathogenic Escherichia coli infection,P0DSG3
Pathogenic Escherichia coli infection,P0DSG4
Pathogenic Escherichia coli infection,P0DSG5
Pathogenic Escherichia coli infection,P0DSG6
Pathogenic Escherichia coli infection,P0DSG7
Pathogenic Escherichia coli infection,P0DSG8
Pathogenic Escherichia coli infection,P0DSG9
Pathogenic Escherichia coli infection,P0DSH0
Pathogenic Escherichia coli infection,P0DSH1
Pathogenic Escherichia coli infection,P0DSH4
Pathogenic Escherichia coli infection,P0DSH5
Pathogenic Escherichia coli infection,P0DSH6
Pathogenic Escherichia coli infection,P0DSH7
Pathogenic Escherichia coli infection,P0DSH8
Pathogenic Escherichia coli infection,P0DSH9
Pathogenic Escherichia coli infection,P0DSI0
Pathogenic Escherichia coli infection,P0DUW0
Pathogenic Escherichia coli infection,P0DUW1
Pathogenic Escherichia coli infection,P0DUW2
Pathogenic Escherichia coli infection,P0DUW3
Pathogenic Escherichia coli infection,P0DUW4
Pathogenic Escherichia coli infection,P0DV19
Pathogenic Escherichia coli infection,P0DV20
Pathogenic Escherichia coli infection,P0DV21
Pathogenic Escherichia coli infection,P0DV22
Pathogenic Escherichia coli infection,P0DV23
Pathogenic Escherichia coli infection,P11289
Pathogenic Escherichia coli infection,P11864
Pathogenic Escherichia coli infection,P11865
Pathogenic Escherichia coli infection,P15033
Pathogenic Escherichia coli infection,P17994
Pathogenic Escherichia coli infection,P19768
Pathogenic Escherichia coli infection,P21363
Pathogenic Escherichia coli infection,P21418
Pathogenic Escherichia coli infection,P23305
Pathogenic Escherichia coli infection,P24238
Pathogenic Escherichia coli infection,P24252
Pathogenic Escherichia coli infection,P25666
Pathogenic Escherichia coli infection,P25728
Pathogenic Escherichia coli infection,P25907
Pathogenic Escherichia coli infection,P27238
Pathogenic Escherichia coli infection,P27840
Pathogenic Escherichia coli infection,P27842
Pathogenic Escherichia coli infection,P28696
Pathogenic Escherichia coli infection,P28911
Pathogenic Escherichia coli infection,P28915
Pathogenic Escherichia coli infection,P29009
Pathogenic Escherichia coli infection,P29010
Pathogenic Escherichia coli infection,P29013
Pathogenic Escherichia coli infection,P30866
Pathogenic Escherichia coli infection,P31062
Pathogenic Escherichia coli infection,P31121
Pathogenic Escherichia coli infection,P31443
Pathogenic Escherichia coli infection,P31455
Pathogenic Escherichia coli infection,P31991
Pathogenic Escherichia coli infection,P32106
Pathogenic Escherichia coli infection,P32108
Pathogenic Escherichia coli infection,P32109
Pathogenic Escherichia coli infection,P32128
Pathogenic Escherichia coli infection,P32134
Pathogenic Escherichia coli infection,P32151
Pathogenic Escherichia coli infection,P32160
Pathogenic Escherichia coli infection,P32162
Pathogenic Escherichia coli infection,P32167
Pathogenic Escherichia coli infection,P32668
Pathogenic Escherichia coli infection,P32680
Pathogenic Escherichia coli infection,P32681
Pathogenic Escherichia coli infection,P32685
Pathogenic Escherichia coli infection,P32688
Pathogenic Escherichia coli infection,P32689
Pathogenic Escherichia coli infection,P32690
Pathogenic Escherichia coli infection,P32693
Pathogenic Escherichia coli infection,P32694
Pathogenic Escherichia coli infection,P32700
Pathogenic Escherichia coli infection,P32704
Pathogenic Escherichia coli infection,P33227
Pathogenic Escherichia coli infection,P33344
Pathogenic Escherichia coli infection,P33346
Pathogenic Escherichia coli infection,P33347
Pathogenic Escherichia coli infection,P33352
Pathogenic Escherichia coli infection,P33355
Pathogenic Escherichia coli infection,P33668
Pathogenic Escherichia coli infection,P33669
Pathogenic Escherichia coli infection,P36661
Pathogenic Escherichia coli infection,P36677
Pathogenic Escherichia coli infection,P36682
Pathogenic Escherichia coli infection,P37003
Pathogenic Escherichia coli infection,P37052
Pathogenic Escherichia coli infection,P37348
Pathogenic Escherichia coli infection,P37614
Pathogenic Escherichia coli infection,P37615
Pathogenic Escherichia coli infection,P37627
Pathogenic Escherichia coli infection,P37635
Pathogenic Escherichia coli infection,P37691
Pathogenic Escherichia coli infection,P38394
Pathogenic Escherichia coli infection,P39220
Pathogenic Escherichia coli infection,P39221
Pathogenic Escherichia coli infection,P39267
Pathogenic Escherichia coli infection,P39274
Pathogenic Escherichia coli infection,P39279
Pathogenic Escherichia coli infection,P39283
Pathogenic Escherichia coli infection,P39293
Pathogenic Escherichia coli infection,P39295
Pathogenic Escherichia coli infection,P39308
Pathogenic Escherichia coli infection,P39309
Pathogenic Escherichia coli infection,P39317
Pathogenic Escherichia coli infection,P39342
Pathogenic Escherichia coli infection,P39351
Pathogenic Escherichia coli infection,P39354
Pathogenic Escherichia coli infection,P39364
Pathogenic Escherichia coli infection,P39374
Pathogenic Escherichia coli infection,P39385
Pathogenic Escherichia coli infection,P39390
Pathogenic Escherichia coli infection,P39391
Pathogenic Escherichia coli infection,P42591
Pathogenic Escherichia coli infection,P42598
Pathogenic Escherichia coli infection,P42625
Pathogenic Escherichia coli infection,P45421
Pathogenic Escherichia coli infection,P45422
Pathogenic Escherichia coli infection,P45469
Pathogenic Escherichia coli infection,P45505
Pathogenic Escherichia coli infection,P45545
Pathogenic Escherichia coli infection,P45550
Pathogenic Escherichia coli infection,P45551
Pathogenic Escherichia coli infection,P45552
Pathogenic Escherichia coli infection,P45564
Pathogenic Escherichia coli infection,P45736
Pathogenic Escherichia coli infection,P45795
Pathogenic Escherichia coli infection,P45804
Pathogenic Escherichia coli infection,P45807
Pathogenic Escherichia coli infection,P46126
Pathogenic Escherichia coli infection,P46142
Pathogenic Escherichia coli infection,P46144
Pathogenic Escherichia coli infection,P46855
Pathogenic Escherichia coli infection,P46856
Pathogenic Escherichia coli infection,P46857
Pathogenic Escherichia coli infection,P46879
Pathogenic Escherichia coli infection,P46887
Pathogenic Escherichia coli infection,P46890
Pathogenic Escherichia coli infection,P52048
Pathogenic Escherichia coli infection,P52060
Pathogenic Escherichia coli infection,P52096
Pathogenic Escherichia coli infection,P52123
Pathogenic Escherichia coli infection,P52124
Pathogenic Escherichia coli infection,P52125
Pathogenic Escherichia coli infection,P52128
Pathogenic Escherichia coli infection,P52132
Pathogenic Escherichia coli infection,P52134
Pathogenic Escherichia coli infection,P52135
Pathogenic Escherichia coli infection,P52138
Pathogenic Escherichia coli infection,P52139
Pathogenic Escherichia coli infection,P52644
Pathogenic Escherichia coli infection,P54901
Pathogenic Escherichia coli infection,P55914
Pathogenic Escherichia coli infection,P56257
Pathogenic Escherichia coli infection,P56259
Pathogenic Escherichia coli infection,P58033
Pathogenic Escherichia coli infection,P58036
Pathogenic Escherichia coli infection,P58037
Pathogenic Escherichia coli infection,P58094
Pathogenic Escherichia coli infection,P58095
Pathogenic Escherichia coli infection,P62066
Pathogenic Escherichia coli infection,P62672
Pathogenic Escherichia coli infection,P62768
Pathogenic Escherichia coli infection,P64435
Pathogenic Escherichia coli infection,P64445
Pathogenic Escherichia coli infection,P64451
Pathogenic Escherichia coli infection,P64459
Pathogenic Escherichia coli infection,P64463
Pathogenic Escherichia coli infection,P64471
Pathogenic Escherichia coli infection,P64474
Pathogenic Escherichia coli infection,P64476
Pathogenic Escherichia coli infection,P64479
Pathogenic Escherichia coli infection,P64485
Pathogenic Escherichia coli infection,P64488
Pathogenic Escherichia coli infection,P64490
Pathogenic Escherichia coli infection,P64493
Pathogenic Escherichia coli infection,P64499
Pathogenic Escherichia coli infection,P64517
Pathogenic Escherichia coli infection,P64521
Pathogenic Escherichia coli infection,P64526
Pathogenic Escherichia coli infection,P64536
Pathogenic Escherichia coli infection,P64540
Pathogenic Escherichia coli infection,P64542
Pathogenic Escherichia coli infection,P64557
Pathogenic Escherichia coli infection,P64562
Pathogenic Escherichia coli infection,P64570
Pathogenic Escherichia coli infection,P64574
Pathogenic Escherichia coli infection,P64610
Pathogenic Escherichia coli infection,P64616
Pathogenic Escherichia coli infection,P64619
Pathogenic Escherichia coli infection,P64622
Pathogenic Escherichia coli infection,P64624
Pathogenic Escherichia coli infection,P64627
Pathogenic Escherichia coli infection,P64631
Pathogenic Escherichia coli infection,P67338
Pathogenic Escherichia coli infection,P67624
Pathogenic Escherichia coli infection,P67762
Pathogenic Escherichia coli infection,P71296
Pathogenic Escherichia coli infection,P71297
Pathogenic Escherichia coli infection,P71311
Pathogenic Escherichia coli infection,P75616
Pathogenic Escherichia coli infection,P75617
Pathogenic Escherichia coli infection,P75620
Pathogenic Escherichia coli infection,P75672
Pathogenic Escherichia coli infection,P75675
Pathogenic Escherichia coli infection,P75676
Pathogenic Escherichia coli infection,P75677
Pathogenic Escherichia coli infection,P75684
Pathogenic Escherichia coli infection,P75688
Pathogenic Escherichia coli infection,P75692
Pathogenic Escherichia coli infection,P75704
Pathogenic Escherichia coli infection,P75711
Pathogenic Escherichia coli infection,P75717
Pathogenic Escherichia coli infection,P75718
Pathogenic Escherichia coli infection,P75737
Pathogenic Escherichia coli infection,P75769
Pathogenic Escherichia coli infection,P75791
Pathogenic Escherichia coli infection,P75818
Pathogenic Escherichia coli infection,P75821
Pathogenic Escherichia coli infection,P75829
Pathogenic Escherichia coli infection,P75839
Pathogenic Escherichia coli infection,P75910
Pathogenic Escherichia coli infection,P75946
Pathogenic Escherichia coli infection,P75967
Pathogenic Escherichia coli infection,P75968
Pathogenic Escherichia coli infection,P75972
Pathogenic Escherichia coli infection,P75973
Pathogenic Escherichia coli infection,P75975
Pathogenic Escherichia coli infection,P75976
Pathogenic Escherichia coli infection,P75977
Pathogenic Escherichia coli infection,P75978
Pathogenic Escherichia coli infection,P75979
Pathogenic Escherichia coli infection,P75980
Pathogenic Escherichia coli infection,P75982
Pathogenic Escherichia coli infection,P75988
Pathogenic Escherichia coli infection,P75994
Pathogenic Escherichia coli infection,P76001
Pathogenic Escherichia coli infection,P76012
Pathogenic Escherichia coli infection,P76023
Pathogenic Escherichia coli infection,P76035
Pathogenic Escherichia coli infection,P76061
Pathogenic Escherichia coli infection,P76065
Pathogenic Escherichia coli infection,P76066
Pathogenic Escherichia coli infection,P76068
Pathogenic Escherichia coli infection,P76069
Pathogenic Escherichia coli infection,P76073
Pathogenic Escherichia coli infection,P76096
Pathogenic Escherichia coli infection,P76118
Pathogenic Escherichia coli infection,P76121
Pathogenic Escherichia coli infection,P76122
Pathogenic Escherichia coli infection,P76123
Pathogenic Escherichia coli infection,P76148
Pathogenic Escherichia coli infection,P76150
Pathogenic Escherichia coli infection,P76154
Pathogenic Escherichia coli infection,P76155
Pathogenic Escherichia coli infection,P76156
Pathogenic Escherichia coli infection,P76157
Pathogenic Escherichia coli infection,P76158
Pathogenic Escherichia coli infection,P76160
Pathogenic Escherichia coli infection,P76162
Pathogenic Escherichia coli infection,P76163
Pathogenic Escherichia coli infection,P76165
Pathogenic Escherichia coli infection,P76177
Pathogenic Escherichia coli infection,P76196
Pathogenic Escherichia coli infection,P76205
Pathogenic Escherichia coli infection,P76206
Pathogenic Escherichia coli infection,P76208
Pathogenic Escherichia coli infection,P76210
Pathogenic Escherichia coli infection,P76222
Pathogenic Escherichia coli infection,P76227
Pathogenic Escherichia coli infection,P76231
Pathogenic Escherichia coli infection,P76239
Pathogenic Escherichia coli infection,P76243
Pathogenic Escherichia coli infection,P76275
Pathogenic Escherichia coli infection,P76280
Pathogenic Escherichia coli infection,P76296
Pathogenic Escherichia coli infection,P76308
Pathogenic Escherichia coli infection,P76322
Pathogenic Escherichia coli infection,P76349
Pathogenic Escherichia coli infection,P76394
Pathogenic Escherichia coli infection,P76396
Pathogenic Escherichia coli infection,P76406
Pathogenic Escherichia coli infection,P76418
Pathogenic Escherichia coli infection,P76462
Pathogenic Escherichia coli infection,P76463
Pathogenic Escherichia coli infection,P76466
Pathogenic Escherichia coli infection,P76481
Pathogenic Escherichia coli infection,P76484
Pathogenic Escherichia coli infection,P76485
Pathogenic Escherichia coli infection,P76486
Pathogenic Escherichia coli infection,P76505
Pathogenic Escherichia coli infection,P76507
Pathogenic Escherichia coli infection,P76508
Pathogenic Escherichia coli infection,P76510
Pathogenic Escherichia coli infection,P76512
Pathogenic Escherichia coli infection,P76513
Pathogenic Escherichia coli infection,P76515
Pathogenic Escherichia coli infection,P76516
Pathogenic Escherichia coli infection,P76521
Pathogenic Escherichia coli infection,P76537
Pathogenic Escherichia coli infection,P76543
Pathogenic Escherichia coli infection,P76544
Pathogenic Escherichia coli infection,P76545
Pathogenic Escherichia coli infection,P76546
Pathogenic Escherichia coli infection,P76547
Pathogenic Escherichia coli infection,P76548
Pathogenic Escherichia coli infection,P76549
Pathogenic Escherichia coli infection,P76550
Pathogenic Escherichia coli infection,P76559
Pathogenic Escherichia coli infection,P76575
Pathogenic Escherichia coli infection,P76585
Pathogenic Escherichia coli infection,P76586
Pathogenic Escherichia coli infection,P76612
Pathogenic Escherichia coli infection,P76613
Pathogenic Escherichia coli infection,P76692
Pathogenic Escherichia coli infection,P77136
Pathogenic Escherichia coli infection,P77147
Pathogenic Escherichia coli infection,P77148
Pathogenic Escherichia coli infection,P77162
Pathogenic Escherichia coli infection,P77163
Pathogenic Escherichia coli infection,P77174
Pathogenic Escherichia coli infection,P77180
Pathogenic Escherichia coli infection,P77184
Pathogenic Escherichia coli infection,P77206
Pathogenic Escherichia coli infection,P77216
Pathogenic Escherichia coli infection,P77219
Pathogenic Escherichia coli infection,P77221
Pathogenic Escherichia coli infection,P77286
Pathogenic Escherichia coli infection,P77296
Pathogenic Escherichia coli infection,P77297
Pathogenic Escherichia coli infection,P77301
Pathogenic Escherichia coli infection,P77326
Pathogenic Escherichia coli infection,P77339
Pathogenic Escherichia coli infection,P77381
Pathogenic Escherichia coli infection,P77393
Pathogenic Escherichia coli infection,P77427
Pathogenic Escherichia coli infection,P77453
Pathogenic Escherichia coli infection,P77460
Pathogenic Escherichia coli infection,P77506
Pathogenic Escherichia coli infection,P77546
Pathogenic Escherichia coli infection,P77564
Pathogenic Escherichia coli infection,P77598
Pathogenic Escherichia coli infection,P77607
Pathogenic Escherichia coli infection,P77627
Pathogenic Escherichia coli infection,P77656
Pathogenic Escherichia coli infection,P77657
Pathogenic Escherichia coli infection,P77658
Pathogenic Escherichia coli infection,P77688
Pathogenic Escherichia coli infection,P77736
Pathogenic Escherichia coli infection,P77759
Pathogenic Escherichia coli infection,P77775
Pathogenic Escherichia coli infection,P78271
Pathogenic Escherichia coli infection,Q2EEP9
Pathogenic Escherichia coli infection,Q2EEQ3
Pathogenic Escherichia coli infection,Q2EEQ8
Pathogenic Escherichia coli infection,Q2EER5
Pathogenic Escherichia coli infection,Q2EES0
Pathogenic Escherichia coli infection,Q2EES3
Pathogenic Escherichia coli infection,Q2EEU2
Pathogenic Escherichia coli infection,Q2M7M3
Pathogenic Escherichia coli infection,Q2M7R5
Pathogenic Escherichia coli infection,Q2M7X4
Pathogenic Escherichia coli infection,Q2MB16
Pathogenic Escherichia coli infection,Q46786
Pathogenic Escherichia coli infection,Q46787
Pathogenic Escherichia coli infection,Q46789
Pathogenic Escherichia coli infection,Q46793
Pathogenic Escherichia coli infection,Q46796
Pathogenic Escherichia coli infection,Q46808
Pathogenic Escherichia coli infection,Q46809
Pathogenic Escherichia coli infection,Q46831
Pathogenic Escherichia coli infection,Q46843
Pathogenic Escherichia coli infection,Q46858
Pathogenic Escherichia coli infection,Q46906
Pathogenic Escherichia coli infection,Q46919
Pathogenic Escherichia coli infection,Q46941
Pathogenic Escherichia coli infection,Q46943
Pathogenic Escherichia coli infection,Q47138
Pathogenic Escherichia coli infection,Q47268
Pathogenic Escherichia coli infection,Q47270
Pathogenic Escherichia coli infection,Q47272
Pathogenic Escherichia coli infection,Q47702
Pathogenic Escherichia coli infection,Q47710
Pathogenic Escherichia coli infection,Q47719
Pathogenic Escherichia coli infection,Q6BEX5
Pathogenic Escherichia coli infection,Q7DFU6
Pathogenic Escherichia coli infection,Q7DFV3
Pathogenic Escherichia coli infection,Q7DFV4
Pathogenic Escherichia coli infection,Q9XB42
Pathogenic Escherichia coli infection,Q9Z3A0
Pathogenic Escherichia coli infection,V9HVX0
Helicobacter pylori infection,O08314
Helicobacter pylori infection,O24915
Helicobacter pylori infection,O25001
Helicobacter pylori infection,O25067
Helicobacter pylori infection,O25080
Helicobacter pylori infection,O25119
Helicobacter pylori infection,O25149
Helicobacter pylori infection,O25338
Helicobacter pylori infection,O25503
Helicobacter pylori infection,O25533
Helicobacter pylori infection,O25560
Helicobacter pylori infection,O25830
Helicobacter pylori infection,O25916
Helicobacter pylori infection,O26057
Helicobacter pylori infection,O26061
Helicobacter pylori infection,P0DUM4
Helicobacter pylori infection,P14916
Helicobacter pylori infection,P42445
Helicobacter pylori infection,P43313
Helicobacter pylori infection,P56065
Helicobacter pylori infection,P56076
Helicobacter pylori infection,P69996
Helicobacter pylori infection,P96786
Helicobacter pylori infection,Q09068
Helicobacter pylori infection,Q59465
Helicobacter pylori infection,O05728
Helicobacter pylori infection,O07678
Helicobacter pylori infection,O24866
Helicobacter pylori infection,O24872
Helicobacter pylori infection,O24973
Helicobacter pylori infection,O24990
Helicobacter pylori infection,O25011
Helicobacter pylori infection,O25087
Helicobacter pylori infection,O25097
Helicobacter pylori infection,O25116
Helicobacter pylori infection,O25130
Helicobacter pylori infection,O25153
Helicobacter pylori infection,O25386
Helicobacter pylori infection,O25393
Helicobacter pylori infection,O25511
Helicobacter pylori infection,O25529
Helicobacter pylori infection,O25577
Helicobacter pylori infection,O25608
Helicobacter pylori infection,O25656
Helicobacter pylori infection,O25801
Helicobacter pylori infection,O25806
Helicobacter pylori infection,O25828
Helicobacter pylori infection,O25835
Helicobacter pylori infection,O25836
Helicobacter pylori infection,O25896
Helicobacter pylori infection,O25970
Helicobacter pylori infection,O26010
Helicobacter pylori infection,O26027
Helicobacter pylori infection,O26051
Helicobacter pylori infection,P0A0U4
Helicobacter pylori infection,P25177
Helicobacter pylori infection,P42383
Helicobacter pylori infection,P55989
Helicobacter pylori infection,P55991
Helicobacter pylori infection,P55995
Helicobacter pylori infection,P56029
Helicobacter pylori infection,P56064
Helicobacter pylori infection,P56073
Helicobacter pylori infection,P56081
Helicobacter pylori infection,P56118
Helicobacter pylori infection,P56119
Helicobacter pylori infection,P56122
Helicobacter pylori infection,P56138
Helicobacter pylori infection,P56176
Helicobacter pylori infection,P56184
Helicobacter pylori infection,P56185
Helicobacter pylori infection,P56418
Helicobacter pylori infection,P56459
Helicobacter pylori infection,P71403
Helicobacter pylori infection,P71408
Helicobacter pylori infection,P94846
Helicobacter pylori infection,Q07911
Helicobacter pylori infection,Q09066
Helicobacter pylori infection,Q48252
Helicobacter pylori infection,Q48255
Helicobacter pylori infection,O06758
Helicobacter pylori infection,O06913
Helicobacter pylori infection,O06914
Helicobacter pylori infection,O07025
Helicobacter pylori infection,O08315
Helicobacter pylori infection,O24854
Helicobacter pylori infection,O24867
Helicobacter pylori infection,O24913
Helicobacter pylori infection,O24926
Helicobacter pylori infection,O24931
Helicobacter pylori infection,O24958
Helicobacter pylori infection,O24968
Helicobacter pylori infection,O24972
Helicobacter pylori infection,O24976
Helicobacter pylori infection,O24982
Helicobacter pylori infection,O24993
Helicobacter pylori infection,O24994
Helicobacter pylori infection,O25002
Helicobacter pylori infection,O25004
Helicobacter pylori infection,O25008
Helicobacter pylori infection,O25021
Helicobacter pylori infection,O25026
Helicobacter pylori infection,O25029
Helicobacter pylori infection,O25046
Helicobacter pylori infection,O25074
Helicobacter pylori infection,O25089
Helicobacter pylori infection,O25093
Helicobacter pylori infection,O25095
Helicobacter pylori infection,O25096
Helicobacter pylori infection,O25103
Helicobacter pylori infection,O25121
Helicobacter pylori infection,O25122
Helicobacter pylori infection,O25136
Helicobacter pylori infection,O25151
Helicobacter pylori infection,O25152
Helicobacter pylori infection,O25165
Helicobacter pylori infection,O25225
Helicobacter pylori infection,O25235
Helicobacter pylori infection,O25236
Helicobacter pylori infection,O25242
Helicobacter pylori infection,O25249
Helicobacter pylori infection,O25253
Helicobacter pylori infection,O25283
Helicobacter pylori infection,O25290
Helicobacter pylori infection,O25294
Helicobacter pylori infection,O25296
Helicobacter pylori infection,O25320
Helicobacter pylori infection,O25325
Helicobacter pylori infection,O25336
Helicobacter pylori infection,O25337
Helicobacter pylori infection,O25340
Helicobacter pylori infection,O25342
Helicobacter pylori infection,O25343
Helicobacter pylori infection,O25356
Helicobacter pylori infection,O25360
Helicobacter pylori infection,O25372
Helicobacter pylori infection,O25376
Helicobacter pylori infection,O25396
Helicobacter pylori infection,O25408
Helicobacter pylori infection,O25424
Helicobacter pylori infection,O25434
Helicobacter pylori infection,O25443
Helicobacter pylori infection,O25458
Helicobacter pylori infection,O25475
Helicobacter pylori infection,O25484
Helicobacter pylori infection,O25502
Helicobacter pylori infection,O25514
Helicobacter pylori infection,O25515
Helicobacter pylori infection,O25516
Helicobacter pylori infection,O25526
Helicobacter pylori infection,O25528
Helicobacter pylori infection,O25531
Helicobacter pylori infection,O25536
Helicobacter pylori infection,O25544
Helicobacter pylori infection,O25549
Helicobacter pylori infection,O25584
Helicobacter pylori infection,O25587
Helicobacter pylori infection,O25595
Helicobacter pylori infection,O25609
Helicobacter pylori infection,O25613
Helicobacter pylori infection,O25614
Helicobacter pylori infection,O25626
Helicobacter pylori infection,O25627
Helicobacter pylori infection,O25654
Helicobacter pylori infection,O25655
Helicobacter pylori infection,O25657
Helicobacter pylori infection,O25664
Helicobacter pylori infection,O25678
Helicobacter pylori infection,O25679
Helicobacter pylori infection,O25681
Helicobacter pylori infection,O25683
Helicobacter pylori infection,O25686
Helicobacter pylori infection,O25692
Helicobacter pylori infection,O25698
Helicobacter pylori infection,O25699
Helicobacter pylori infection,O25711
Helicobacter pylori infection,O25716
Helicobacter pylori infection,O25722
Helicobacter pylori infection,O25728
Helicobacter pylori infection,O25748
Helicobacter pylori infection,O25770
Helicobacter pylori infection,O25781
Helicobacter pylori infection,O25792
Helicobacter pylori infection,O25812
Helicobacter pylori infection,O25817
Helicobacter pylori infection,O25823
Helicobacter pylori infection,O25825
Helicobacter pylori infection,O25827
Helicobacter pylori infection,O25841
Helicobacter pylori infection,O25849
Helicobacter pylori infection,O25851
Helicobacter pylori infection,O25857
Helicobacter pylori infection,O25858
Helicobacter pylori infection,O25860
Helicobacter pylori infection,O25867
Helicobacter pylori infection,O25868
Helicobacter pylori infection,O25869
Helicobacter pylori infection,O25883
Helicobacter pylori infection,O25890
Helicobacter pylori infection,O25893
Helicobacter pylori infection,O25899
Helicobacter pylori infection,O25901
Helicobacter pylori infection,O25903
Helicobacter pylori infection,O25909
Helicobacter pylori infection,O25910
Helicobacter pylori infection,O25911
Helicobacter pylori infection,O25917
Helicobacter pylori infection,O25918
Helicobacter pylori infection,O25926
Helicobacter pylori infection,O25927
Helicobacter pylori infection,O25928
Helicobacter pylori infection,O25936
Helicobacter pylori infection,O25944
Helicobacter pylori infection,O25956
Helicobacter pylori infection,O25959
Helicobacter pylori infection,O25961
Helicobacter pylori infection,O25963
Helicobacter pylori infection,O25972
Helicobacter pylori infection,O25984
Helicobacter pylori infection,O25985
Helicobacter pylori infection,O25989
Helicobacter pylori infection,O25991
Helicobacter pylori infection,O26004
Helicobacter pylori infection,O26009
Helicobacter pylori infection,O26018
Helicobacter pylori infection,O26039
Helicobacter pylori infection,O26043
Helicobacter pylori infection,O26060
Helicobacter pylori infection,O26066
Helicobacter pylori infection,O26091
Helicobacter pylori infection,O26096
Helicobacter pylori infection,O26102
Helicobacter pylori infection,O26103
Helicobacter pylori infection,P0A0R3
Helicobacter pylori infection,P0A0S1
Helicobacter pylori infection,P0A0V0
Helicobacter pylori infection,P0A0V6
Helicobacter pylori infection,P0A0X4
Helicobacter pylori infection,P0DUM5
Helicobacter pylori infection,P21762
Helicobacter pylori infection,P25178
Helicobacter pylori infection,P41259
Helicobacter pylori infection,P43312
Helicobacter pylori infection,P48285
Helicobacter pylori infection,P48370
Helicobacter pylori infection,P52093
Helicobacter pylori infection,P55971
Helicobacter pylori infection,P55972
Helicobacter pylori infection,P55979
Helicobacter pylori infection,P55980
Helicobacter pylori infection,P55981
Helicobacter pylori infection,P55982
Helicobacter pylori infection,P55983
Helicobacter pylori infection,P55984
Helicobacter pylori infection,P55985
Helicobacter pylori infection,P55987
Helicobacter pylori infection,P55988
Helicobacter pylori infection,P55990
Helicobacter pylori infection,P55992
Helicobacter pylori infection,P55993
Helicobacter pylori infection,P55994
Helicobacter pylori infection,P55996
Helicobacter pylori infection,P56000
Helicobacter pylori infection,P56001
Helicobacter pylori infection,P56003
Helicobacter pylori infection,P56005
Helicobacter pylori infection,P56007
Helicobacter pylori infection,P56011
Helicobacter pylori infection,P56059
Helicobacter pylori infection,P56061
Helicobacter pylori infection,P56063
Helicobacter pylori infection,P56067
Helicobacter pylori infection,P56068
Helicobacter pylori infection,P56069
Helicobacter pylori infection,P56070
Helicobacter pylori infection,P56071
Helicobacter pylori infection,P56074
Helicobacter pylori infection,P56075
Helicobacter pylori infection,P56077
Helicobacter pylori infection,P56084
Helicobacter pylori infection,P56087
Helicobacter pylori infection,P56088
Helicobacter pylori infection,P56089
Helicobacter pylori infection,P56096
Helicobacter pylori infection,P56097
Helicobacter pylori infection,P56098
Helicobacter pylori infection,P56102
Helicobacter pylori infection,P56104
Helicobacter pylori infection,P56105
Helicobacter pylori infection,P56106
Helicobacter pylori infection,P56107
Helicobacter pylori infection,P56109
Helicobacter pylori infection,P56110
Helicobacter pylori infection,P56111
Helicobacter pylori infection,P56115
Helicobacter pylori infection,P56116
Helicobacter pylori infection,P56120
Helicobacter pylori infection,P56121
Helicobacter pylori infection,P56123
Helicobacter pylori infection,P56124
Helicobacter pylori infection,P56125
Helicobacter pylori infection,P56126
Helicobacter pylori infection,P56127
Helicobacter pylori infection,P56129
Helicobacter pylori infection,P56131
Helicobacter pylori infection,P56133
Helicobacter pylori infection,P56137
Helicobacter pylori infection,P56139
Helicobacter pylori infection,P56140
Helicobacter pylori infection,P56143
Helicobacter pylori infection,P56144
Helicobacter pylori infection,P56145
Helicobacter pylori infection,P56146
Helicobacter pylori infection,P56148
Helicobacter pylori infection,P56149
Helicobacter pylori infection,P56153
Helicobacter pylori infection,P56155
Helicobacter pylori infection,P56156
Helicobacter pylori infection,P56162
Helicobacter pylori infection,P56188
Helicobacter pylori infection,P56189
Helicobacter pylori infection,P56191
Helicobacter pylori infection,P56195
Helicobacter pylori infection,P56196
Helicobacter pylori infection,P56197
Helicobacter pylori infection,P56396
Helicobacter pylori infection,P56411
Helicobacter pylori infection,P56414
Helicobacter pylori infection,P56415
Helicobacter pylori infection,P56417
Helicobacter pylori infection,P56419
Helicobacter pylori infection,P56420
Helicobacter pylori infection,P56422
Helicobacter pylori infection,P56427
Helicobacter pylori infection,P56428
Helicobacter pylori infection,P56429
Helicobacter pylori infection,P56431
Helicobacter pylori infection,P56452
Helicobacter pylori infection,P56456
Helicobacter pylori infection,P56458
Helicobacter pylori infection,P56460
Helicobacter pylori infection,P56462
Helicobacter pylori infection,P56463
Helicobacter pylori infection,P56464
Helicobacter pylori infection,P56465
Helicobacter pylori infection,P56466
Helicobacter pylori infection,P56467
Helicobacter pylori infection,P56468
Helicobacter pylori infection,P56474
Helicobacter pylori infection,P56737
Helicobacter pylori infection,P60325
Helicobacter pylori infection,P65185
Helicobacter pylori infection,P71404
Helicobacter pylori infection,P77872
Helicobacter pylori infection,P94842
Helicobacter pylori infection,P94844
Helicobacter pylori infection,P94845
Helicobacter pylori infection,P96551
Helicobacter pylori infection,P97245
Helicobacter pylori infection,Q09065
Helicobacter pylori infection,Q48260
Helicobacter pylori infection,Q48269
Helicobacter pylori infection,Q48271
Helicobacter pylori infection,O05730
Helicobacter pylori infection,O05731
Helicobacter pylori infection,O05732
Helicobacter pylori infection,O06912
Helicobacter pylori infection,O07680
Helicobacter pylori infection,O24853
Helicobacter pylori infection,O24855
Helicobacter pylori infection,O24864
Helicobacter pylori infection,O24876
Helicobacter pylori infection,O24924
Helicobacter pylori infection,O24933
Helicobacter pylori infection,O24980
Helicobacter pylori infection,O24991
Helicobacter pylori infection,O24999
Helicobacter pylori infection,O25016
Helicobacter pylori infection,O25018
Helicobacter pylori infection,O25028
Helicobacter pylori infection,O25039
Helicobacter pylori infection,O25042
Helicobacter pylori infection,O25045
Helicobacter pylori infection,O25088
Helicobacter pylori infection,O25092
Helicobacter pylori infection,O25094
Helicobacter pylori infection,O25098
Helicobacter pylori infection,O25099
Helicobacter pylori infection,O25101
Helicobacter pylori infection,O25114
Helicobacter pylori infection,O25138
Helicobacter pylori infection,O25150
Helicobacter pylori infection,O25154
Helicobacter pylori infection,O25156
Helicobacter pylori infection,O25173
Helicobacter pylori infection,O25254
Helicobacter pylori infection,O25300
Helicobacter pylori infection,O25369
Helicobacter pylori infection,O25371
Helicobacter pylori infection,O25411
Helicobacter pylori infection,O25425
Helicobacter pylori infection,O25427
Helicobacter pylori infection,O25428
Helicobacter pylori infection,O25436
Helicobacter pylori infection,O25441
Helicobacter pylori infection,O25455
Helicobacter pylori infection,O25474
Helicobacter pylori infection,O25488
Helicobacter pylori infection,O25505
Helicobacter pylori infection,O25506
Helicobacter pylori infection,O25525
Helicobacter pylori infection,O25534
Helicobacter pylori infection,O25537
Helicobacter pylori infection,O25551
Helicobacter pylori infection,O25578
Helicobacter pylori infection,O25581
Helicobacter pylori infection,O25582
Helicobacter pylori infection,O25597
Helicobacter pylori infection,O25603
Helicobacter pylori infection,O25610
Helicobacter pylori infection,O25620
Helicobacter pylori infection,O25629
Helicobacter pylori infection,O25671
Helicobacter pylori infection,O25680
Helicobacter pylori infection,O25685
Helicobacter pylori infection,O25687
Helicobacter pylori infection,O25688
Helicobacter pylori infection,O25690
Helicobacter pylori infection,O25693
Helicobacter pylori infection,O25700
Helicobacter pylori infection,O25701
Helicobacter pylori infection,O25702
Helicobacter pylori infection,O25703
Helicobacter pylori infection,O25730
Helicobacter pylori infection,O25731
Helicobacter pylori infection,O25751
Helicobacter pylori infection,O25754
Helicobacter pylori infection,O25758
Helicobacter pylori infection,O25766
Helicobacter pylori infection,O25767
Helicobacter pylori infection,O25769
Helicobacter pylori infection,O25773
Helicobacter pylori infection,O25775
Helicobacter pylori infection,O25776
Helicobacter pylori infection,O25788
Helicobacter pylori infection,O25797
Helicobacter pylori infection,O25826
Helicobacter pylori infection,O25832
Helicobacter pylori infection,O25838
Helicobacter pylori infection,O25842
Helicobacter pylori infection,O25847
Helicobacter pylori infection,O25853
Helicobacter pylori infection,O25879
Helicobacter pylori infection,O25895
Helicobacter pylori infection,O25897
Helicobacter pylori infection,O25898
Helicobacter pylori infection,O25929
Helicobacter pylori infection,O25930
Helicobacter pylori infection,O25943
Helicobacter pylori infection,O25966
Helicobacter pylori infection,O25971
Helicobacter pylori infection,O25982
Helicobacter pylori infection,O25983
Helicobacter pylori infection,O25986
Helicobacter pylori infection,O26011
Helicobacter pylori infection,O26016
Helicobacter pylori infection,O26024
Helicobacter pylori infection,O26073
Helicobacter pylori infection,O26074
Helicobacter pylori infection,O26075
Helicobacter pylori infection,O26076
Helicobacter pylori infection,O26087
Helicobacter pylori infection,P0A0Q7
Helicobacter pylori infection,P0A0S3
Helicobacter pylori infection,P50610
Helicobacter pylori infection,P55834
Helicobacter pylori infection,P55969
Helicobacter pylori infection,P55970
Helicobacter pylori infection,P55973
Helicobacter pylori infection,P55975
Helicobacter pylori infection,P55976
Helicobacter pylori infection,P55977
Helicobacter pylori infection,P55986
Helicobacter pylori infection,P55997
Helicobacter pylori infection,P55998
Helicobacter pylori infection,P55999
Helicobacter pylori infection,P56002
Helicobacter pylori infection,P56004
Helicobacter pylori infection,P56006
Helicobacter pylori infection,P56008
Helicobacter pylori infection,P56009
Helicobacter pylori infection,P56010
Helicobacter pylori infection,P56013
Helicobacter pylori infection,P56018
Helicobacter pylori infection,P56020
Helicobacter pylori infection,P56021
Helicobacter pylori infection,P56022
Helicobacter pylori infection,P56023
Helicobacter pylori infection,P56026
Helicobacter pylori infection,P56027
Helicobacter pylori infection,P56028
Helicobacter pylori infection,P56030
Helicobacter pylori infection,P56031
Helicobacter pylori infection,P56032
Helicobacter pylori infection,P56033
Helicobacter pylori infection,P56034
Helicobacter pylori infection,P56035
Helicobacter pylori infection,P56036
Helicobacter pylori infection,P56038
Helicobacter pylori infection,P56039
Helicobacter pylori infection,P56040
Helicobacter pylori infection,P56041
Helicobacter pylori infection,P56042
Helicobacter pylori infection,P56043
Helicobacter pylori infection,P56044
Helicobacter pylori infection,P56045
Helicobacter pylori infection,P56046
Helicobacter pylori infection,P56047
Helicobacter pylori infection,P56049
Helicobacter pylori infection,P56050
Helicobacter pylori infection,P56052
Helicobacter pylori infection,P56054
Helicobacter pylori infection,P56058
Helicobacter pylori infection,P56060
Helicobacter pylori infection,P56062
Helicobacter pylori infection,P56066
Helicobacter pylori infection,P56072
Helicobacter pylori infection,P56078
Helicobacter pylori infection,P56080
Helicobacter pylori infection,P56082
Helicobacter pylori infection,P56085
Helicobacter pylori infection,P56086
Helicobacter pylori infection,P56103
Helicobacter pylori infection,P56108
Helicobacter pylori infection,P56112
Helicobacter pylori infection,P56113
Helicobacter pylori infection,P56114
Helicobacter pylori infection,P56117
Helicobacter pylori infection,P56128
Helicobacter pylori infection,P56130
Helicobacter pylori infection,P56136
Helicobacter pylori infection,P56141
Helicobacter pylori infection,P56142
Helicobacter pylori infection,P56154
Helicobacter pylori infection,P56157
Helicobacter pylori infection,P56190
Helicobacter pylori infection,P56204
Helicobacter pylori infection,P56214
Helicobacter pylori infection,P56397
Helicobacter pylori infection,P56398
Helicobacter pylori infection,P56416
Helicobacter pylori infection,P56421
Helicobacter pylori infection,P56453
Helicobacter pylori infection,P56454
Helicobacter pylori infection,P56455
Helicobacter pylori infection,P56457
Helicobacter pylori infection,P56461
Helicobacter pylori infection,P64101
Helicobacter pylori infection,P64275
Helicobacter pylori infection,P64382
Helicobacter pylori infection,P65108
Helicobacter pylori infection,P65410
Helicobacter pylori infection,P66052
Helicobacter pylori infection,P66119
Helicobacter pylori infection,P66142
Helicobacter pylori infection,P66185
Helicobacter pylori infection,P66217
Helicobacter pylori infection,P66246
Helicobacter pylori infection,P66269
Helicobacter pylori infection,P66328
Helicobacter pylori infection,P66449
Helicobacter pylori infection,P66459
Helicobacter pylori infection,P66572
Helicobacter pylori infection,P66609
Helicobacter pylori infection,P66621
Helicobacter pylori infection,P66637
Helicobacter pylori infection,P66928
Helicobacter pylori infection,P67708
Helicobacter pylori infection,P71405
Helicobacter pylori infection,P94851
Helicobacter pylori infection,P97227
Helicobacter pylori infection,Q09064
Helicobacter pylori infection,Q09067
Helicobacter pylori infection,Q48248
Helicobacter pylori infection,Q48262
Helicobacter pylori infection,O24970
Helicobacter pylori infection,O24989
Helicobacter pylori infection,O25157
Helicobacter pylori infection,O25170
Helicobacter pylori infection,O25237
Helicobacter pylori infection,O25291
Helicobacter pylori infection,O25499
Helicobacter pylori infection,O25598
Helicobacter pylori infection,O25599
Helicobacter pylori infection,O25755
Helicobacter pylori infection,O25888
Helicobacter pylori infection,O25889
Helicobacter pylori infection,O25988
Helicobacter pylori infection,O26106
Helicobacter pylori infection,O26107
Helicobacter pylori infection,O87326
Helicobacter pylori infection,P56132
Helicobacter pylori infection,P57798
Helicobacter pylori infection,P64649
Helicobacter pylori infection,P64651
Helicobacter pylori infection,P64653
Helicobacter pylori infection,P64655
Helicobacter pylori infection,P64657
Helicobacter pylori infection,P64659
Helicobacter pylori infection,P64661
Helicobacter pylori infection,P64663
Helicobacter pylori infection,P64665
Helicobacter pylori infection,Q9WXL5
Legionellosis,P37032
Legionellosis,Q5ZRQ0
Legionellosis,Q5ZSQ3
Legionellosis,Q5ZTK4
Legionellosis,Q5ZTK6
Legionellosis,Q5ZUV9
Legionellosis,Q5ZV75
Legionellosis,Q5ZWR1
Legionellosis,Q5ZXN6
Legionellosis,Q5ZXP3
Legionellosis,Q5ZYX7
Legionellosis,Q5ZRK6
Legionellosis,Q5ZRX9
Legionellosis,Q5ZSN3
Legionellosis,Q5ZSQ2
Legionellosis,Q5ZSX7
Legionellosis,Q5ZT21
Legionellosis,Q5ZTX1
Legionellosis,Q5ZU17
Legionellosis,Q5ZU30
Legionellosis,Q5ZV93
Legionellosis,Q5ZWA4
Legionellosis,Q5ZXE0
Legionellosis,Q5ZYC7
Legionellosis,Q5ZZ17
Legionellosis,P31108
Legionellosis,Q3V870
Legionellosis,Q5ZR82
Legionellosis,Q5ZR97
Legionellosis,Q5ZR99
Legionellosis,Q5ZRA1
Legionellosis,Q5ZRA9
Legionellosis,Q5ZRC6
Legionellosis,Q5ZRD8
Legionellosis,Q5ZRE9
Legionellosis,Q5ZRF3
Legionellosis,Q5ZRF4
Legionellosis,Q5ZRH9
Legionellosis,Q5ZRJ5
Legionellosis,Q5ZRJ9
Legionellosis,Q5ZRL3
Legionellosis,Q5ZRP4
Legionellosis,Q5ZRQ7
Legionellosis,Q5ZRS2
Legionellosis,Q5ZRT1
Legionellosis,Q5ZRT4
Legionellosis,Q5ZRT6
Legionellosis,Q5ZRT9
Legionellosis,Q5ZRU1
Legionellosis,Q5ZRU5
Legionellosis,Q5ZRU6
Legionellosis,Q5ZRU8
Legionellosis,Q5ZRV6
Legionellosis,Q5ZRV8
Legionellosis,Q5ZRY6
Legionellosis,Q5ZS05
Legionellosis,Q5ZS08
Legionellosis,Q5ZS09
Legionellosis,Q5ZS23
Legionellosis,Q5ZS31
Legionellosis,Q5ZS57
Legionellosis,Q5ZS58
Legionellosis,Q5ZS66
Legionellosis,Q5ZS70
Legionellosis,Q5ZSA2
Legionellosis,Q5ZSA3
Legionellosis,Q5ZSA4
Legionellosis,Q5ZSA5
Legionellosis,Q5ZSA6
Legionellosis,Q5ZSA7
Legionellosis,Q5ZSB1
Legionellosis,Q5ZSN0
Legionellosis,Q5ZT08
Legionellosis,Q5ZT09
Legionellosis,Q5ZT17
Legionellosis,Q5ZT30
Legionellosis,Q5ZT34
Legionellosis,Q5ZT51
Legionellosis,Q5ZT56
Legionellosis,Q5ZT62
Legionellosis,Q5ZT75
Legionellosis,Q5ZT78
Legionellosis,Q5ZT84
Legionellosis,Q5ZTB9
Legionellosis,Q5ZTI6
Legionellosis,Q5ZTV7
Legionellosis,Q5ZTY0
Legionellosis,Q5ZTY3
Legionellosis,Q5ZTY4
Legionellosis,Q5ZTY6
Legionellosis,Q5ZTZ6
Legionellosis,Q5ZU04
Legionellosis,Q5ZU10
Legionellosis,Q5ZU79
Legionellosis,Q5ZU96
Legionellosis,Q5ZUD2
Legionellosis,Q5ZUD5
Legionellosis,Q5ZUD8
Legionellosis,Q5ZUD9
Legionellosis,Q5ZUE0
Legionellosis,Q5ZUF4
Legionellosis,Q5ZUG5
Legionellosis,Q5ZUH7
Legionellosis,Q5ZUH9
Legionellosis,Q5ZUI0
Legionellosis,Q5ZUJ7
Legionellosis,Q5ZUJ9
Legionellosis,Q5ZUL6
Legionellosis,Q5ZUM5
Legionellosis,Q5ZUS0
Legionellosis,Q5ZUS2
Legionellosis,Q5ZUT0
Legionellosis,Q5ZUT4
Legionellosis,Q5ZUT5
Legionellosis,Q5ZV19
Legionellosis,Q5ZV56
Legionellosis,Q5ZV64
Legionellosis,Q5ZV91
Legionellosis,Q5ZV92
Legionellosis,Q5ZVA6
Legionellosis,Q5ZVA8
Legionellosis,Q5ZVC9
Legionellosis,Q5ZVG2
Legionellosis,Q5ZVG5
Legionellosis,Q5ZVG6
Legionellosis,Q5ZVG8
Legionellosis,Q5ZVH3
Legionellosis,Q5ZVH7
Legionellosis,Q5ZVI4
Legionellosis,Q5ZVL5
Legionellosis,Q5ZVM1
Legionellosis,Q5ZVM2
Legionellosis,Q5ZVN7
Legionellosis,Q5ZVP8
Legionellosis,Q5ZVQ1
Legionellosis,Q5ZVQ7
Legionellosis,Q5ZVR0
Legionellosis,Q5ZVR7
Legionellosis,Q5ZVV6
Legionellosis,Q5ZVY1
Legionellosis,Q5ZVY6
Legionellosis,Q5ZVZ1
Legionellosis,Q5ZVZ3
Legionellosis,Q5ZW01
Legionellosis,Q5ZW72
Legionellosis,Q5ZW83
Legionellosis,Q5ZW87
Legionellosis,Q5ZW89
Legionellosis,Q5ZW90
Legionellosis,Q5ZWE4
Legionellosis,Q5ZWE8
Legionellosis,Q5ZWN7
Legionellosis,Q5ZWX6
Legionellosis,Q5ZWZ6
Legionellosis,Q5ZX00
Legionellosis,Q5ZX01
Legionellosis,Q5ZX15
Legionellosis,Q5ZX19
Legionellosis,Q5ZX22
Legionellosis,Q5ZX45
Legionellosis,Q5ZX46
Legionellosis,Q5ZX72
Legionellosis,Q5ZX76
Legionellosis,Q5ZX85
Legionellosis,Q5ZX98
Legionellosis,Q5ZXC4
Legionellosis,Q5ZXD1
Legionellosis,Q5ZXE6
Legionellosis,Q5ZXH2
Legionellosis,Q5ZXH8
Legionellosis,Q5ZXH9
Legionellosis,Q5ZXI0
Legionellosis,Q5ZXI1
Legionellosis,Q5ZXI6
Legionellosis,Q5ZXJ2
Legionellosis,Q5ZXK6
Legionellosis,Q5ZXL2
Legionellosis,Q5ZXM0
Legionellosis,Q5ZXM2
Legionellosis,Q5ZXM9
Legionellosis,Q5ZXN3
Legionellosis,Q5ZXN5
Legionellosis,Q5ZXN7
Legionellosis,Q5ZXP4
Legionellosis,Q5ZXP6
Legionellosis,Q5ZXU0
Legionellosis,Q5ZXU1
Legionellosis,Q5ZXU2
Legionellosis,Q5ZXU5
Legionellosis,Q5ZXZ2
Legionellosis,Q5ZY07
Legionellosis,Q5ZY18
Legionellosis,Q5ZY20
Legionellosis,Q5ZY26
Legionellosis,Q5ZY37
Legionellosis,Q5ZY48
Legionellosis,Q5ZY59
Legionellosis,Q5ZY62
Legionellosis,Q5ZY69
Legionellosis,Q5ZY71
Legionellosis,Q5ZY78
Legionellosis,Q5ZY86
Legionellosis,Q5ZYA8
Legionellosis,Q5ZYB7
Legionellosis,Q5ZYC6
Legionellosis,Q5ZYD0
Legionellosis,Q5ZYE7
Legionellosis,Q5ZYG0
Legionellosis,Q5ZYH6
Legionellosis,Q5ZYK6
Legionellosis,Q5ZYL8
Legionellosis,Q5ZYN0
Legionellosis,Q5ZYP5
Legionellosis,Q5ZYP8
Legionellosis,Q5ZYP9
Legionellosis,Q5ZYR3
Legionellosis,Q5ZYR7
Legionellosis,Q5ZZ30
Legionellosis,Q5ZZ74
Legionellosis,Q5ZZ80
Legionellosis,Q5ZZ93
Legionellosis,Q5ZZ97
Legionellosis,Q5ZZB1
Legionellosis,Q5ZZB7
Legionellosis,Q5ZZD9
Legionellosis,Q5ZZI2
Legionellosis,Q5ZZI5
Legionellosis,Q5ZZI8
Legionellosis,Q5ZZK8
Legionellosis,Q9S4T0
Legionellosis,Q9S4T3
Legionellosis,Q48806
Legionellosis,Q48833
Legionellosis,Q5ZR78
Legionellosis,Q5ZR81
Legionellosis,Q5ZR98
Legionellosis,Q5ZRA0
Legionellosis,Q5ZRA2
Legionellosis,Q5ZRC3
Legionellosis,Q5ZRD7
Legionellosis,Q5ZRF6
Legionellosis,Q5ZRJ1
Legionellosis,Q5ZRJ2
Legionellosis,Q5ZRK9
Legionellosis,Q5ZRL2
Legionellosis,Q5ZRP1
Legionellosis,Q5ZRP2
Legionellosis,Q5ZRP5
Legionellosis,Q5ZRQ9
Legionellosis,Q5ZRU0
Legionellosis,Q5ZRV2
Legionellosis,Q5ZRV4
Legionellosis,Q5ZRV5
Legionellosis,Q5ZRV7
Legionellosis,Q5ZRX0
Legionellosis,Q5ZRX1
Legionellosis,Q5ZRY0
Legionellosis,Q5ZS01
Legionellosis,Q5ZS07
Legionellosis,Q5ZS10
Legionellosis,Q5ZS12
Legionellosis,Q5ZS62
Legionellosis,Q5ZS67
Legionellosis,Q5ZS68
Legionellosis,Q5ZS69
Legionellosis,Q5ZS74
Legionellosis,Q5ZS83
Legionellosis,Q5ZS95
Legionellosis,Q5ZSC5
Legionellosis,Q5ZSH7
Legionellosis,Q5ZSM8
Legionellosis,Q5ZSP1
Legionellosis,Q5ZSY2
Legionellosis,Q5ZT07
Legionellosis,Q5ZT13
Legionellosis,Q5ZT29
Legionellosis,Q5ZT36
Legionellosis,Q5ZT57
Legionellosis,Q5ZTN5
Legionellosis,Q5ZTX2
Legionellosis,Q5ZTX7
Legionellosis,Q5ZTY2
Legionellosis,Q5ZTZ8
Legionellosis,Q5ZU09
Legionellosis,Q5ZU80
Legionellosis,Q5ZU88
Legionellosis,Q5ZUC1
Legionellosis,Q5ZUG1
Legionellosis,Q5ZUJ3
Legionellosis,Q5ZUM3
Legionellosis,Q5ZUQ6
Legionellosis,Q5ZUQ7
Legionellosis,Q5ZUS8
Legionellosis,Q5ZUS9
Legionellosis,Q5ZUT1
Legionellosis,Q5ZV33
Legionellosis,Q5ZV48
Legionellosis,Q5ZV49
Legionellosis,Q5ZV51
Legionellosis,Q5ZV69
Legionellosis,Q5ZV96
Legionellosis,Q5ZV99
Legionellosis,Q5ZVB2
Legionellosis,Q5ZVK0
Legionellosis,Q5ZVL0
Legionellosis,Q5ZVP1
Legionellosis,Q5ZVP9
Legionellosis,Q5ZVQ2
Legionellosis,Q5ZVR4
Legionellosis,Q5ZVR9
Legionellosis,Q5ZVS1
Legionellosis,Q5ZVU2
Legionellosis,Q5ZVU5
Legionellosis,Q5ZVY3
Legionellosis,Q5ZVY4
Legionellosis,Q5ZVY5
Legionellosis,Q5ZVZ5
Legionellosis,Q5ZW00
Legionellosis,Q5ZW64
Legionellosis,Q5ZW65
Legionellosis,Q5ZW88
Legionellosis,Q5ZW91
Legionellosis,Q5ZW98
Legionellosis,Q5ZWA3
Legionellosis,Q5ZWB8
Legionellosis,Q5ZWN4
Legionellosis,Q5ZWR3
Legionellosis,Q5ZWZ0
Legionellosis,Q5ZX20
Legionellosis,Q5ZX60
Legionellosis,Q5ZX66
Legionellosis,Q5ZX99
Legionellosis,Q5ZXA6
Legionellosis,Q5ZXB5
Legionellosis,Q5ZXE5
Legionellosis,Q5ZXK5
Legionellosis,Q5ZXT1
Legionellosis,Q5ZXZ3
Legionellosis,Q5ZY60
Legionellosis,Q5ZY77
Legionellosis,Q5ZY91
Legionellosis,Q5ZY93
Legionellosis,Q5ZY94
Legionellosis,Q5ZYB1
Legionellosis,Q5ZYF8
Legionellosis,Q5ZYH3
Legionellosis,Q5ZYH5
Legionellosis,Q5ZYH7
Legionellosis,Q5ZYL7
Legionellosis,Q5ZYL9
Legionellosis,Q5ZYM0
Legionellosis,Q5ZYM1
Legionellosis,Q5ZYM2
Legionellosis,Q5ZYM4
Legionellosis,Q5ZYM5
Legionellosis,Q5ZYM6
Legionellosis,Q5ZYM7
Legionellosis,Q5ZYM8
Legionellosis,Q5ZYM9
Legionellosis,Q5ZYN1
Legionellosis,Q5ZYN2
Legionellosis,Q5ZYN3
Legionellosis,Q5ZYN4
Legionellosis,Q5ZYN5
Legionellosis,Q5ZYN6
Legionellosis,Q5ZYN7
Legionellosis,Q5ZYN8
Legionellosis,Q5ZYP0
Legionellosis,Q5ZYP1
Legionellosis,Q5ZYP2
Legionellosis,Q5ZYP3
Legionellosis,Q5ZYP4
Legionellosis,Q5ZYP6
Legionellosis,Q5ZYP7
Legionellosis,Q5ZYQ0
Legionellosis,Q5ZYQ1
Legionellosis,Q5ZYQ2
Legionellosis,Q5ZYQ3
Legionellosis,Q5ZYQ4
Legionellosis,Q5ZYR4
Legionellosis,Q5ZYS4
Legionellosis,Q5ZYX0
Legionellosis,Q5ZYZ0
Legionellosis,Q5ZYZ5
Legionellosis,Q5ZZ31
Legionellosis,Q5ZZ86
Legionellosis,Q5ZZ94
Legionellosis,Q5ZZ95
Legionellosis,Q5ZZK1
Legionellosis,Q5ZZK4
Legionellosis,Q9X772
Legionellosis,P37033
Legionellosis,P37034
Legionellosis,Q5ZR80
Legionellosis,Q5ZR89
Legionellosis,Q5ZSJ6
Legionellosis,Q5ZSV1
Legionellosis,Q5ZU87
Legionellosis,Q5ZVS4
Legionellosis,Q5ZW02
Legionellosis,Q5ZXT8
Legionellosis,Q5ZXZ4
Legionellosis,Q5ZZ14
Legionellosis,Q5ZZC2
Tuberculosis,A0A089QRB9
Tuberculosis,I6WXK4
Tuberculosis,I6WZG6
Tuberculosis,I6X235
Tuberculosis,I6X8D2
Tuberculosis,I6XD65
Tuberculosis,I6XD69
Tuberculosis,I6XFS7
Tuberculosis,I6XHI4
Tuberculosis,I6XU97
Tuberculosis,I6Y0R5
Tuberculosis,I6Y2J4
Tuberculosis,I6Y3Q0
Tuberculosis,I6Y4D2
Tuberculosis,I6Y4U9
Tuberculosis,I6Y778
Tuberculosis,I6Y9J2
Tuberculosis,I6Y9Q3
Tuberculosis,I6YBQ3
Tuberculosis,I6YCA3
Tuberculosis,I6YFP0
Tuberculosis,I6YG32
Tuberculosis,I6YHB0
Tuberculosis,L0T905
Tuberculosis,L0T911
Tuberculosis,L0TC47
Tuberculosis,O05306
Tuberculosis,O05307
Tuberculosis,O05442
Tuberculosis,O05461
Tuberculosis,O05581
Tuberculosis,O05877
Tuberculosis,O06218
Tuberculosis,O06319
Tuberculosis,O06350
Tuberculosis,O06428
Tuberculosis,O06543
Tuberculosis,O06582
Tuberculosis,O06769
Tuberculosis,O07427
Tuberculosis,O07732
Tuberculosis,O07783
Tuberculosis,O33194
Tuberculosis,O33283
Tuberculosis,O33289
Tuberculosis,O33336
Tuberculosis,O33348
Tuberculosis,O33363
Tuberculosis,O50406
Tuberculosis,O53166
Tuberculosis,O53168
Tuberculosis,O53177
Tuberculosis,O53181
Tuberculosis,O53289
Tuberculosis,O53353
Tuberculosis,O53361
Tuberculosis,O53423
Tuberculosis,O53424
Tuberculosis,O53443
Tuberculosis,O53493
Tuberculosis,O53512
Tuberculosis,O53547
Tuberculosis,O53551
Tuberculosis,O53561
Tuberculosis,O53580
Tuberculosis,O53581
Tuberculosis,O53585
Tuberculosis,O53605
Tuberculosis,O53611
Tuberculosis,O53638
Tuberculosis,O53664
Tuberculosis,O53666
Tuberculosis,O53699
Tuberculosis,O53873
Tuberculosis,O53896
Tuberculosis,O53901
Tuberculosis,O65934
Tuberculosis,O69652
Tuberculosis,O69711
Tuberculosis,O69729
Tuberculosis,P71590
Tuberculosis,P71629
Tuberculosis,P71707
Tuberculosis,P71716
Tuberculosis,P71778
Tuberculosis,P71857
Tuberculosis,P71858
Tuberculosis,P71875
Tuberculosis,P71905
Tuberculosis,P95125
Tuberculosis,P95141
Tuberculosis,P95160
Tuberculosis,P95200
Tuberculosis,P96202
Tuberculosis,P96264
Tuberculosis,P96368
Tuberculosis,P96379
Tuberculosis,P96890
Tuberculosis,P9WF09
Tuberculosis,P9WF39
Tuberculosis,P9WF41
Tuberculosis,P9WF43
Tuberculosis,P9WF97
Tuberculosis,P9WFD7
Tuberculosis,P9WFF1
Tuberculosis,P9WFF5
Tuberculosis,P9WFF7
Tuberculosis,P9WFK7
Tuberculosis,P9WFR5
Tuberculosis,P9WFR9
Tuberculosis,P9WFU7
Tuberculosis,P9WFV7
Tuberculosis,P9WFX1
Tuberculosis,P9WFZ5
Tuberculosis,P9WG25
Tuberculosis,P9WG27
Tuberculosis,P9WG29
Tuberculosis,P9WG35
Tuberculosis,P9WG39
Tuberculosis,P9WG41
Tuberculosis,P9WG43
Tuberculosis,P9WG45
Tuberculosis,P9WG47
Tuberculosis,P9WG49
Tuberculosis,P9WG57
Tuberculosis,P9WG59
Tuberculosis,P9WG67
Tuberculosis,P9WGB7
Tuberculosis,P9WGD7
Tuberculosis,P9WGD9
Tuberculosis,P9WGE7
Tuberculosis,P9WGE9
Tuberculosis,P9WGG1
Tuberculosis,P9WGG3
Tuberculosis,P9WGG7
Tuberculosis,P9WGH1
Tuberculosis,P9WGH9
Tuberculosis,P9WGI1
Tuberculosis,P9WGI3
Tuberculosis,P9WGI5
Tuberculosis,P9WGI7
Tuberculosis,P9WGI9
Tuberculosis,P9WGJ9
Tuberculosis,P9WGK1
Tuberculosis,P9WGK3
Tuberculosis,P9WGK5
Tuberculosis,P9WGK9
Tuberculosis,P9WGL1
Tuberculosis,P9WGL3
Tuberculosis,P9WGL5
Tuberculosis,P9WGL9
Tuberculosis,P9WGM1
Tuberculosis,P9WGM3
Tuberculosis,P9WGM7
Tuberculosis,P9WGM9
Tuberculosis,P9WGP3
Tuberculosis,P9WGP5
Tuberculosis,P9WGR1
Tuberculosis,P9WGS9
Tuberculosis,P9WGT1
Tuberculosis,P9WGT3
Tuberculosis,P9WGT7
Tuberculosis,P9WGU1
Tuberculosis,P9WGU5
Tuberculosis,P9WGU9
Tuberculosis,P9WGV3
Tuberculosis,P9WGX7
Tuberculosis,P9WGY9
Tuberculosis,P9WGZ9
Tuberculosis,P9WH11
Tuberculosis,P9WH13
Tuberculosis,P9WH43
Tuberculosis,P9WH69
Tuberculosis,P9WH71
Tuberculosis,P9WH75
Tuberculosis,P9WHF1
Tuberculosis,P9WHF3
Tuberculosis,P9WHG9
Tuberculosis,P9WHH1
Tuberculosis,P9WHH3
Tuberculosis,P9WHH7
Tuberculosis,P9WHH9
Tuberculosis,P9WHJ3
Tuberculosis,P9WHK7
Tuberculosis,P9WHN5
Tuberculosis,P9WHN7
Tuberculosis,P9WHQ9
Tuberculosis,P9WHR3
Tuberculosis,P9WHR7
Tuberculosis,P9WHR9
Tuberculosis,P9WHS1
Tuberculosis,P9WHS3
Tuberculosis,P9WHT9
Tuberculosis,P9WHU1
Tuberculosis,P9WHV7
Tuberculosis,P9WHW5
Tuberculosis,P9WHY3
Tuberculosis,P9WI31
Tuberculosis,P9WI55
Tuberculosis,P9WI63
Tuberculosis,P9WI65
Tuberculosis,P9WI67
Tuberculosis,P9WI69
Tuberculosis,P9WI71
Tuberculosis,P9WI73
Tuberculosis,P9WI75
Tuberculosis,P9WI77
Tuberculosis,P9WI79
Tuberculosis,P9WI81
Tuberculosis,P9WI83
Tuberculosis,P9WIA1
Tuberculosis,P9WIB3
Tuberculosis,P9WIB5
Tuberculosis,P9WIB9
Tuberculosis,P9WIC1
Tuberculosis,P9WIC3
Tuberculosis,P9WIC7
Tuberculosis,P9WID3
Tuberculosis,P9WID5
Tuberculosis,P9WID7
Tuberculosis,P9WIE3
Tuberculosis,P9WIE5
Tuberculosis,P9WIF5
Tuberculosis,P9WIH3
Tuberculosis,P9WIH9
Tuberculosis,P9WII3
Tuberculosis,P9WIK3
Tuberculosis,P9WIK5
Tuberculosis,P9WIL3
Tuberculosis,P9WIL5
Tuberculosis,P9WIL7
Tuberculosis,P9WIN5
Tuberculosis,P9WIP7
Tuberculosis,P9WIQ1
Tuberculosis,P9WIQ3
Tuberculosis,P9WIR7
Tuberculosis,P9WIS5
Tuberculosis,P9WIS7
Tuberculosis,P9WIS9
Tuberculosis,P9WIU5
Tuberculosis,P9WIU7
Tuberculosis,P9WIV9
Tuberculosis,P9WJ03
Tuberculosis,P9WJ61
Tuberculosis,P9WJ63
Tuberculosis,P9WJ67
Tuberculosis,P9WJ69
Tuberculosis,P9WJ93
Tuberculosis,P9WJA1
Tuberculosis,P9WJA3
Tuberculosis,P9WJA7
Tuberculosis,P9WJA9
Tuberculosis,P9WJB7
Tuberculosis,P9WJD9
Tuberculosis,P9WJE1
Tuberculosis,P9WJF1
Tuberculosis,P9WJH7
Tuberculosis,P9WJI5
Tuberculosis,P9WJJ3
Tuberculosis,P9WJK3
Tuberculosis,P9WJM7
Tuberculosis,P9WJN1
Tuberculosis,P9WJN3
Tuberculosis,P9WJN5
Tuberculosis,P9WJQ1
Tuberculosis,P9WJQ3
Tuberculosis,P9WJU7
Tuberculosis,P9WJV5
Tuberculosis,P9WJW3
Tuberculosis,P9WJY3
Tuberculosis,P9WK09
Tuberculosis,P9WK17
Tuberculosis,P9WK19
Tuberculosis,P9WK21
Tuberculosis,P9WK45
Tuberculosis,P9WK47
Tuberculosis,P9WK61
Tuberculosis,P9WK65
Tuberculosis,P9WK83
Tuberculosis,P9WK87
Tuberculosis,P9WKC3
Tuberculosis,P9WKC7
Tuberculosis,P9WKC9
Tuberculosis,P9WKD1
Tuberculosis,P9WKD3
Tuberculosis,P9WKD7
Tuberculosis,P9WKE1
Tuberculosis,P9WKE3
Tuberculosis,P9WKF5
Tuberculosis,P9WKH1
Tuberculosis,P9WKH3
Tuberculosis,P9WKI7
Tuberculosis,P9WKI9
Tuberculosis,P9WKJ1
Tuberculosis,P9WKJ5
Tuberculosis,P9WKJ7
Tuberculosis,P9WKK7
Tuberculosis,P9WKL1
Tuberculosis,P9WKL5
Tuberculosis,P9WKQ1
Tuberculosis,P9WKY5
Tuberculosis,P9WKZ1
Tuberculosis,P9WLH5
Tuberculosis,P9WLL7
Tuberculosis,P9WLP9
Tuberculosis,P9WLZ7
Tuberculosis,P9WM39
Tuberculosis,P9WM67
Tuberculosis,P9WMC1
Tuberculosis,P9WMF5
Tuberculosis,P9WMF9
Tuberculosis,P9WMH1
Tuberculosis,P9WMH3
Tuberculosis,P9WMH7
Tuberculosis,P9WMI9
Tuberculosis,P9WMJ9
Tuberculosis,P9WMK1
Tuberculosis,P9WMK5
Tuberculosis,P9WMK7
Tuberculosis,P9WMK9
Tuberculosis,P9WML5
Tuberculosis,P9WML7
Tuberculosis,P9WMN3
Tuberculosis,P9WMN7
Tuberculosis,P9WMP9
Tuberculosis,P9WMQ1
Tuberculosis,P9WMQ3
Tuberculosis,P9WMQ7
Tuberculosis,P9WMR3
Tuberculosis,P9WMS7
Tuberculosis,P9WMT1
Tuberculosis,P9WMU1
Tuberculosis,P9WMU9
Tuberculosis,P9WMW9
Tuberculosis,P9WMX3
Tuberculosis,P9WMY3
Tuberculosis,P9WMZ1
Tuberculosis,P9WMZ5
Tuberculosis,P9WN03
Tuberculosis,P9WN05
Tuberculosis,P9WN11
Tuberculosis,P9WN21
Tuberculosis,P9WN23
Tuberculosis,P9WN25
Tuberculosis,P9WN39
Tuberculosis,P9WN45
Tuberculosis,P9WN69
Tuberculosis,P9WN83
Tuberculosis,P9WN85
Tuberculosis,P9WN93
Tuberculosis,P9WN95
Tuberculosis,P9WN99
Tuberculosis,P9WNB1
Tuberculosis,P9WNB3
Tuberculosis,P9WNB9
Tuberculosis,P9WNC1
Tuberculosis,P9WNC3
Tuberculosis,P9WNC5
Tuberculosis,P9WND1
Tuberculosis,P9WNE1
Tuberculosis,P9WNE5
Tuberculosis,P9WNF9
Tuberculosis,P9WNG3
Tuberculosis,P9WNH5
Tuberculosis,P9WNK5
Tuberculosis,P9WNK7
Tuberculosis,P9WNL1
Tuberculosis,P9WNL7
Tuberculosis,P9WNM5
Tuberculosis,P9WNP3
Tuberculosis,P9WNP5
Tuberculosis,P9WNP7
Tuberculosis,P9WNR7
Tuberculosis,P9WNU7
Tuberculosis,P9WNU9
Tuberculosis,P9WNV1
Tuberculosis,P9WNV3
Tuberculosis,P9WNV5
Tuberculosis,P9WNW3
Tuberculosis,P9WNW5
Tuberculosis,P9WNW7
Tuberculosis,P9WNW9
Tuberculosis,P9WNX1
Tuberculosis,P9WNX5
Tuberculosis,P9WNZ1
Tuberculosis,P9WNZ3
Tuberculosis,P9WP15
Tuberculosis,P9WP17
Tuberculosis,P9WP19
Tuberculosis,P9WP21
Tuberculosis,P9WP23
Tuberculosis,P9WP25
Tuberculosis,P9WP31
Tuberculosis,P9WP43
Tuberculosis,P9WP49
Tuberculosis,P9WP53
Tuberculosis,P9WP55
Tuberculosis,P9WP65
Tuberculosis,P9WP79
Tuberculosis,P9WPA3
Tuberculosis,P9WPA5
Tuberculosis,P9WPA9
Tuberculosis,P9WPB3
Tuberculosis,P9WPB5
Tuberculosis,P9WPB7
Tuberculosis,P9WPE5
Tuberculosis,P9WPE7
Tuberculosis,P9WPE9
Tuberculosis,P9WPF1
Tuberculosis,P9WPF3
Tuberculosis,P9WPG7
Tuberculosis,P9WPH3
Tuberculosis,P9WPH9
Tuberculosis,P9WPI9
Tuberculosis,P9WPJ7
Tuberculosis,P9WPJ9
Tuberculosis,P9WPL5
Tuberculosis,P9WPP1
Tuberculosis,P9WPP3
Tuberculosis,P9WPP7
Tuberculosis,P9WPP9
Tuberculosis,P9WPQ5
Tuberculosis,P9WPQ7
Tuberculosis,P9WPQ9
Tuberculosis,P9WPS3
Tuberculosis,P9WPT5
Tuberculosis,P9WPU1
Tuberculosis,P9WPX3
Tuberculosis,P9WPX5
Tuberculosis,P9WPX7
Tuberculosis,P9WPY1
Tuberculosis,P9WPY3
Tuberculosis,P9WPY5
Tuberculosis,P9WPZ3
Tuberculosis,P9WQ17
Tuberculosis,P9WQ19
Tuberculosis,P9WQ35
Tuberculosis,P9WQ37
Tuberculosis,P9WQ41
Tuberculosis,P9WQ43
Tuberculosis,P9WQ47
Tuberculosis,P9WQ51
Tuberculosis,P9WQ55
Tuberculosis,P9WQ59
Tuberculosis,P9WQ61
Tuberculosis,P9WQ63
Tuberculosis,P9WQ73
Tuberculosis,P9WQ75
Tuberculosis,P9WQ77
Tuberculosis,P9WQ81
Tuberculosis,P9WQ87
Tuberculosis,P9WQA9
Tuberculosis,P9WQB1
Tuberculosis,P9WQB3
Tuberculosis,P9WQB5
Tuberculosis,P9WQB7
Tuberculosis,P9WQD1
Tuberculosis,P9WQD5
Tuberculosis,P9WQD7
Tuberculosis,P9WQD9
Tuberculosis,P9WQE1
Tuberculosis,P9WQE3
Tuberculosis,P9WQE5
Tuberculosis,P9WQE7
Tuberculosis,P9WQE9
Tuberculosis,P9WQH3
Tuberculosis,P9WQH5
Tuberculosis,P9WQH7
Tuberculosis,P9WQI3
Tuberculosis,P9WQI9
Tuberculosis,P9WQJ5
Tuberculosis,P9WQJ7
Tuberculosis,P9WQJ9
Tuberculosis,P9WQK7
Tuberculosis,P9WQL9
Tuberculosis,P9WQN3
Tuberculosis,P9WQN5
Tuberculosis,P9WQN9
Tuberculosis,P9WQP1
Tuberculosis,P9WQP3
Tuberculosis,P9WQP7
Tuberculosis,Q50631
Tuberculosis,Q6MWZ7
Tuberculosis,Q6MX01
Tuberculosis,Q79FC3
Tuberculosis,Q79FV4
Tuberculosis,Q79FW0
Tuberculosis,Q79FW5
Tuberculosis,Q79FX6
Tuberculosis,Q79FX8
Tuberculosis,I6WZK7
Tuberculosis,I6X8R5
Tuberculosis,I6XA42
Tuberculosis,I6XEI5
Tuberculosis,I6XHI0
Tuberculosis,I6Y204
Tuberculosis,I6Y3T7
Tuberculosis,I6Y498
Tuberculosis,I6Y8I5
Tuberculosis,I6YBZ8
Tuberculosis,I6YEJ7
Tuberculosis,I6YF08
Tuberculosis,I6YGF8
Tuberculosis,L0TCG5
Tuberculosis,L7N648
Tuberculosis,L7N697
Tuberculosis,L7N6A5
Tuberculosis,L7N6B0
Tuberculosis,O05572
Tuberculosis,O05779
Tuberculosis,O05797
Tuberculosis,O05858
Tuberculosis,O05892
Tuberculosis,O06159
Tuberculosis,O06291
Tuberculosis,O06334
Tuberculosis,O06401
Tuberculosis,O06413
Tuberculosis,O06417
Tuberculosis,O06553
Tuberculosis,O06581
Tuberculosis,O06825
Tuberculosis,O07431
Tuberculosis,O07434
Tuberculosis,O07436
Tuberculosis,O07747
Tuberculosis,O07776
Tuberculosis,O07777
Tuberculosis,O07778
Tuberculosis,O07801
Tuberculosis,O33259
Tuberculosis,O33347
Tuberculosis,O33361
Tuberculosis,O50440
Tuberculosis,O50461
Tuberculosis,O50462
Tuberculosis,O53165
Tuberculosis,O53182
Tuberculosis,O53203
Tuberculosis,O53380
Tuberculosis,O53478
Tuberculosis,O53504
Tuberculosis,O53505
Tuberculosis,O53507
Tuberculosis,O53521
Tuberculosis,O53554
Tuberculosis,O53578
Tuberculosis,O53590
Tuberculosis,O53604
Tuberculosis,O53637
Tuberculosis,O53645
Tuberculosis,O53780
Tuberculosis,O53838
Tuberculosis,O69721
Tuberculosis,O69730
Tuberculosis,O86312
Tuberculosis,O86331
Tuberculosis,O86372
Tuberculosis,P0CH91
Tuberculosis,P71592
Tuberculosis,P71650
Tuberculosis,P71658
Tuberculosis,P71668
Tuberculosis,P71741
Tuberculosis,P71864
Tuberculosis,P71888
Tuberculosis,P95004
Tuberculosis,P95189
Tuberculosis,P95251
Tuberculosis,P96218
Tuberculosis,P96277
Tuberculosis,P96285
Tuberculosis,P96402
Tuberculosis,P96809
Tuberculosis,P96855
Tuberculosis,P96917
Tuberculosis,P9WF11
Tuberculosis,P9WF21
Tuberculosis,P9WF25
Tuberculosis,P9WF37
Tuberculosis,P9WFB9
Tuberculosis,P9WFC7
Tuberculosis,P9WFS9
Tuberculosis,P9WFU5
Tuberculosis,P9WFV3
Tuberculosis,P9WFX5
Tuberculosis,P9WFZ1
Tuberculosis,P9WG23
Tuberculosis,P9WG31
Tuberculosis,P9WG37
Tuberculosis,P9WG51
Tuberculosis,P9WG55
Tuberculosis,P9WG75
Tuberculosis,P9WG77
Tuberculosis,P9WGC5
Tuberculosis,P9WGD5
Tuberculosis,P9WGE1
Tuberculosis,P9WGE5
Tuberculosis,P9WGG5
Tuberculosis,P9WGG9
Tuberculosis,P9WGH5
Tuberculosis,P9WGH7
Tuberculosis,P9WGJ5
Tuberculosis,P9WGK7
Tuberculosis,P9WGM5
Tuberculosis,P9WGN1
Tuberculosis,P9WGT9
Tuberculosis,P9WGV1
Tuberculosis,P9WGW3
Tuberculosis,P9WGX5
Tuberculosis,P9WGY5
Tuberculosis,P9WGY7
Tuberculosis,P9WGZ1
Tuberculosis,P9WH03
Tuberculosis,P9WH05
Tuberculosis,P9WH09
Tuberculosis,P9WH15
Tuberculosis,P9WH63
Tuberculosis,P9WH77
Tuberculosis,P9WHE9
Tuberculosis,P9WHJ1
Tuberculosis,P9WHJ5
Tuberculosis,P9WHJ9
Tuberculosis,P9WHK5
Tuberculosis,P9WHL7
Tuberculosis,P9WHM5
Tuberculosis,P9WHP5
Tuberculosis,P9WHU5
Tuberculosis,P9WHV5
Tuberculosis,P9WHV9
Tuberculosis,P9WHW3
Tuberculosis,P9WHW9
Tuberculosis,P9WI05
Tuberculosis,P9WI27
Tuberculosis,P9WI47
Tuberculosis,P9WI87
Tuberculosis,P9WI95
Tuberculosis,P9WIA9
Tuberculosis,P9WIB1
Tuberculosis,P9WIC5
Tuberculosis,P9WIC9
Tuberculosis,P9WIE1
Tuberculosis,P9WIG3
Tuberculosis,P9WIG7
Tuberculosis,P9WII5
Tuberculosis,P9WII7
Tuberculosis,P9WII9
Tuberculosis,P9WIJ1
Tuberculosis,P9WIK1
Tuberculosis,P9WIK7
Tuberculosis,P9WIK9
Tuberculosis,P9WIN1
Tuberculosis,P9WIP3
Tuberculosis,P9WIP9
Tuberculosis,P9WIS1
Tuberculosis,P9WIT3
Tuberculosis,P9WIT9
Tuberculosis,P9WIX5
Tuberculosis,P9WIY1
Tuberculosis,P9WIY3
Tuberculosis,P9WIZ5
Tuberculosis,P9WIZ7
Tuberculosis,P9WJ71
Tuberculosis,P9WJ73
Tuberculosis,P9WJ83
Tuberculosis,P9WJ87
Tuberculosis,P9WJ99
Tuberculosis,P9WJA5
Tuberculosis,P9WJB5
Tuberculosis,P9WJC3
Tuberculosis,P9WJC5
Tuberculosis,P9WJD5
Tuberculosis,P9WJD7
Tuberculosis,P9WJF5
Tuberculosis,P9WJI7
Tuberculosis,P9WJI9
Tuberculosis,P9WJJ7
Tuberculosis,P9WJL3
Tuberculosis,P9WJM1
Tuberculosis,P9WJM5
Tuberculosis,P9WJM9
Tuberculosis,P9WJR9
Tuberculosis,P9WJS3
Tuberculosis,P9WJS7
Tuberculosis,P9WJU5
Tuberculosis,P9WJY7
Tuberculosis,P9WJZ7
Tuberculosis,P9WK13
Tuberculosis,P9WK15
Tuberculosis,P9WK41
Tuberculosis,P9WK91
Tuberculosis,P9WKA5
Tuberculosis,P9WKA7
Tuberculosis,P9WKA9
Tuberculosis,P9WKB1
Tuberculosis,P9WKB5
Tuberculosis,P9WKB7
Tuberculosis,P9WKB9
Tuberculosis,P9WKC5
Tuberculosis,P9WKD9
Tuberculosis,P9WKE5
Tuberculosis,P9WKE9
Tuberculosis,P9WKF7
Tuberculosis,P9WKF9
Tuberculosis,P9WKG1
Tuberculosis,P9WKG5
Tuberculosis,P9WKG7
Tuberculosis,P9WKG9
Tuberculosis,P9WKI1
Tuberculosis,P9WKI3
Tuberculosis,P9WKJ3
Tuberculosis,P9WKK9
Tuberculosis,P9WKV3
Tuberculosis,P9WKX3
Tuberculosis,P9WKX5
Tuberculosis,P9WKZ3
Tuberculosis,P9WKZ7
Tuberculosis,P9WL45
Tuberculosis,P9WLM7
Tuberculosis,P9WLQ1
Tuberculosis,P9WM25
Tuberculosis,P9WM53
Tuberculosis,P9WMB5
Tuberculosis,P9WME9
Tuberculosis,P9WMI1
Tuberculosis,P9WMI5
Tuberculosis,P9WMJ3
Tuberculosis,P9WMJ5
Tuberculosis,P9WMM5
Tuberculosis,P9WMN1
Tuberculosis,P9WMQ5
Tuberculosis,P9WMR5
Tuberculosis,P9WMR7
Tuberculosis,P9WMS9
Tuberculosis,P9WMV9
Tuberculosis,P9WMW5
Tuberculosis,P9WMY7
Tuberculosis,P9WMZ3
Tuberculosis,P9WN27
Tuberculosis,P9WN29
Tuberculosis,P9WN37
Tuberculosis,P9WN43
Tuberculosis,P9WN49
Tuberculosis,P9WN65
Tuberculosis,P9WN75
Tuberculosis,P9WN77
Tuberculosis,P9WN87
Tuberculosis,P9WN97
Tuberculosis,P9WNA3
Tuberculosis,P9WNA5
Tuberculosis,P9WND9
Tuberculosis,P9WNE3
Tuberculosis,P9WNE9
Tuberculosis,P9WNF3
Tuberculosis,P9WNF7
Tuberculosis,P9WNG5
Tuberculosis,P9WNK3
Tuberculosis,P9WNL5
Tuberculosis,P9WNL9
Tuberculosis,P9WNN1
Tuberculosis,P9WNQ7
Tuberculosis,P9WNS1
Tuberculosis,P9WNS3
Tuberculosis,P9WNS5
Tuberculosis,P9WNT3
Tuberculosis,P9WNT5
Tuberculosis,P9WNT9
Tuberculosis,P9WNU1
Tuberculosis,P9WNU5
Tuberculosis,P9WNV7
Tuberculosis,P9WNV9
Tuberculosis,P9WNW1
Tuberculosis,P9WNX3
Tuberculosis,P9WNY9
Tuberculosis,P9WNZ5
Tuberculosis,P9WP33
Tuberculosis,P9WP37
Tuberculosis,P9WP41
Tuberculosis,P9WP51
Tuberculosis,P9WP77
Tuberculosis,P9WPB1
Tuberculosis,P9WPB9
Tuberculosis,P9WPC3
Tuberculosis,P9WPC5
Tuberculosis,P9WPC9
Tuberculosis,P9WPF5
Tuberculosis,P9WPF7
Tuberculosis,P9WPF9
Tuberculosis,P9WPH1
Tuberculosis,P9WPI3
Tuberculosis,P9WPJ1
Tuberculosis,P9WPK3
Tuberculosis,P9WPK5
Tuberculosis,P9WPL1
Tuberculosis,P9WPN5
Tuberculosis,P9WPQ3
Tuberculosis,P9WPS1
Tuberculosis,P9WPU5
Tuberculosis,P9WPU7
Tuberculosis,P9WPV9
Tuberculosis,P9WPW1
Tuberculosis,P9WPX1
Tuberculosis,P9WPX9
Tuberculosis,P9WPZ5
Tuberculosis,P9WPZ7
Tuberculosis,P9WQ01
Tuberculosis,P9WQ09
Tuberculosis,P9WQ11
Tuberculosis,P9WQ23
Tuberculosis,P9WQ71
Tuberculosis,P9WQ89
Tuberculosis,P9WQA3
Tuberculosis,P9WQA5
Tuberculosis,P9WQB9
Tuberculosis,P9WQD3
Tuberculosis,P9WQF1
Tuberculosis,P9WQF3
Tuberculosis,P9WQG9
Tuberculosis,P9WQK3
Tuberculosis,P9WQK9
Tuberculosis,P9WQL1
Tuberculosis,P9WQL7
Tuberculosis,P9WQM1
Tuberculosis,Q10896
Tuberculosis,Q6MWW2
Tuberculosis,Q79FA4
Tuberculosis,Q79FE1
Tuberculosis,Q79FH3
Tuberculosis,Q79FN7
Tuberculosis,Q79FP0
Tuberculosis,Q79FR5
Tuberculosis,I6X486
Tuberculosis,I6X7F9
Tuberculosis,I6XHJ3
Tuberculosis,I6Y3P1
Tuberculosis,I6Y3V5
Tuberculosis,I6Y8F7
Tuberculosis,I6YA32
Tuberculosis,I6YA50
Tuberculosis,I6YC03
Tuberculosis,I6YC53
Tuberculosis,I6YC58
Tuberculosis,I6YCF0
Tuberculosis,I6YCF5
Tuberculosis,I6YDK7
Tuberculosis,I6YEE1
Tuberculosis,I6YGS0
Tuberculosis,L0T2H7
Tuberculosis,L0T5T4
Tuberculosis,L0T864
Tuberculosis,L0TDE1
Tuberculosis,L7N653
Tuberculosis,L7N667
Tuberculosis,L7N675
Tuberculosis,L7N680
Tuberculosis,L7N689
Tuberculosis,L7N695
Tuberculosis,L7N6B4
Tuberculosis,O05458
Tuberculosis,O05598
Tuberculosis,O05910
Tuberculosis,O06136
Tuberculosis,O06335
Tuberculosis,O06380
Tuberculosis,O06550
Tuberculosis,O06793
Tuberculosis,O07177
Tuberculosis,O07227
Tuberculosis,O07244
Tuberculosis,O07718
Tuberculosis,O07802
Tuberculosis,O08446
Tuberculosis,O33192
Tuberculosis,O33285
Tuberculosis,O33321
Tuberculosis,O50393
Tuberculosis,O50410
Tuberculosis,O50411
Tuberculosis,O50432
Tuberculosis,O53193
Tuberculosis,O53368
Tuberculosis,O53388
Tuberculosis,O53451
Tuberculosis,O53501
Tuberculosis,O53508
Tuberculosis,O53509
Tuberculosis,O53532
Tuberculosis,O53582
Tuberculosis,O53692
Tuberculosis,O53695
Tuberculosis,O53732
Tuberculosis,O53779
Tuberculosis,O53789
Tuberculosis,O53857
Tuberculosis,O53859
Tuberculosis,O53871
Tuberculosis,O53900
Tuberculosis,O53907
Tuberculosis,O53937
Tuberculosis,O53943
Tuberculosis,O53945
Tuberculosis,O69622
Tuberculosis,O69623
Tuberculosis,O69671
Tuberculosis,O69689
Tuberculosis,O69690
Tuberculosis,O69704
Tuberculosis,O86311
Tuberculosis,P0CL61
Tuberculosis,P0CL62
Tuberculosis,P0DOA7
Tuberculosis,P63907
Tuberculosis,P71615
Tuberculosis,P71623
Tuberculosis,P71635
Tuberculosis,P71725
Tuberculosis,P71730
Tuberculosis,P71785
Tuberculosis,P71820
Tuberculosis,P71847
Tuberculosis,P71889
Tuberculosis,P95231
Tuberculosis,P95257
Tuberculosis,P95272
Tuberculosis,P95283
Tuberculosis,P96210
Tuberculosis,P96374
Tuberculosis,P96419
Tuberculosis,P96825
Tuberculosis,P96843
Tuberculosis,P96847
Tuberculosis,P96856
Tuberculosis,P96877
Tuberculosis,P96886
Tuberculosis,P9WF19
Tuberculosis,P9WF31
Tuberculosis,P9WF33
Tuberculosis,P9WF35
Tuberculosis,P9WF45
Tuberculosis,P9WF49
Tuberculosis,P9WF55
Tuberculosis,P9WF59
Tuberculosis,P9WF61
Tuberculosis,P9WF63
Tuberculosis,P9WF67
Tuberculosis,P9WF69
Tuberculosis,P9WF73
Tuberculosis,P9WF75
Tuberculosis,P9WF77
Tuberculosis,P9WF79
Tuberculosis,P9WF81
Tuberculosis,P9WF83
Tuberculosis,P9WF85
Tuberculosis,P9WF91
Tuberculosis,P9WF93
Tuberculosis,P9WFA5
Tuberculosis,P9WFB7
Tuberculosis,P9WFC1
Tuberculosis,P9WFC5
Tuberculosis,P9WFE1
Tuberculosis,P9WFE3
Tuberculosis,P9WFE7
Tuberculosis,P9WFE9
Tuberculosis,P9WFF3
Tuberculosis,P9WFF9
Tuberculosis,P9WFG7
Tuberculosis,P9WFG9
Tuberculosis,P9WFJ5
Tuberculosis,P9WFN3
Tuberculosis,P9WFQ9
Tuberculosis,P9WFR1
Tuberculosis,P9WFR3
Tuberculosis,P9WFR7
Tuberculosis,P9WFT1
Tuberculosis,P9WFT3
Tuberculosis,P9WFT5
Tuberculosis,P9WFT7
Tuberculosis,P9WFT9
Tuberculosis,P9WFU1
Tuberculosis,P9WFU3
Tuberculosis,P9WFU9
Tuberculosis,P9WFV1
Tuberculosis,P9WFV5
Tuberculosis,P9WFV9
Tuberculosis,P9WFW1
Tuberculosis,P9WFW3
Tuberculosis,P9WFW7
Tuberculosis,P9WFW9
Tuberculosis,P9WFX3
Tuberculosis,P9WFX7
Tuberculosis,P9WFX9
Tuberculosis,P9WFY1
Tuberculosis,P9WFY7
Tuberculosis,P9WFY9
Tuberculosis,P9WFZ7
Tuberculosis,P9WFZ9
Tuberculosis,P9WG01
Tuberculosis,P9WG03
Tuberculosis,P9WG05
Tuberculosis,P9WG11
Tuberculosis,P9WG21
Tuberculosis,P9WG33
Tuberculosis,P9WG65
Tuberculosis,P9WG69
Tuberculosis,P9WG73
Tuberculosis,P9WG79
Tuberculosis,P9WG81
Tuberculosis,P9WG83
Tuberculosis,P9WG95
Tuberculosis,P9WG97
Tuberculosis,P9WG99
Tuberculosis,P9WGA1
Tuberculosis,P9WGB3
Tuberculosis,P9WGB5
Tuberculosis,P9WGB9
Tuberculosis,P9WGC7
Tuberculosis,P9WGC9
Tuberculosis,P9WGE3
Tuberculosis,P9WGF1
Tuberculosis,P9WGF3
Tuberculosis,P9WGF7
Tuberculosis,P9WGH3
Tuberculosis,P9WGJ3
Tuberculosis,P9WGN7
Tuberculosis,P9WGN9
Tuberculosis,P9WGP1
Tuberculosis,P9WGP9
Tuberculosis,P9WGU3
Tuberculosis,P9WGU7
Tuberculosis,P9WGV5
Tuberculosis,P9WGV9
Tuberculosis,P9WGW1
Tuberculosis,P9WGW5
Tuberculosis,P9WGW9
Tuberculosis,P9WGY1
Tuberculosis,P9WGY3
Tuberculosis,P9WGZ3
Tuberculosis,P9WGZ5
Tuberculosis,P9WGZ7
Tuberculosis,P9WH01
Tuberculosis,P9WH07
Tuberculosis,P9WH23
Tuberculosis,P9WH29
Tuberculosis,P9WH33
Tuberculosis,P9WH35
Tuberculosis,P9WH37
Tuberculosis,P9WH51
Tuberculosis,P9WH57
Tuberculosis,P9WH67
Tuberculosis,P9WH73
Tuberculosis,P9WH85
Tuberculosis,P9WHA5
Tuberculosis,P9WHB5
Tuberculosis,P9WHC1
Tuberculosis,P9WHC3
Tuberculosis,P9WHC7
Tuberculosis,P9WHD5
Tuberculosis,P9WHE1
Tuberculosis,P9WHE3
Tuberculosis,P9WHE5
Tuberculosis,P9WHF9
Tuberculosis,P9WHH5
Tuberculosis,P9WHI9
Tuberculosis,P9WHK9
Tuberculosis,P9WHL1
Tuberculosis,P9WHL3
Tuberculosis,P9WHL5
Tuberculosis,P9WHL9
Tuberculosis,P9WHM3
Tuberculosis,P9WHM7
Tuberculosis,P9WHM9
Tuberculosis,P9WHN3
Tuberculosis,P9WHN9
Tuberculosis,P9WHP1
Tuberculosis,P9WHP7
Tuberculosis,P9WHP9
Tuberculosis,P9WHQ5
Tuberculosis,P9WHQ7
Tuberculosis,P9WHR1
Tuberculosis,P9WHS5
Tuberculosis,P9WHS9
Tuberculosis,P9WHT3
Tuberculosis,P9WHT7
Tuberculosis,P9WHU7
Tuberculosis,P9WHU9
Tuberculosis,P9WHV1
Tuberculosis,P9WHV3
Tuberculosis,P9WHW1
Tuberculosis,P9WI39
Tuberculosis,P9WI43
Tuberculosis,P9WI51
Tuberculosis,P9WI53
Tuberculosis,P9WI57
Tuberculosis,P9WI99
Tuberculosis,P9WIA7
Tuberculosis,P9WID1
Tuberculosis,P9WID9
Tuberculosis,P9WIF1
Tuberculosis,P9WIH1
Tuberculosis,P9WII1
Tuberculosis,P9WIJ3
Tuberculosis,P9WIJ7
Tuberculosis,P9WIJ9
Tuberculosis,P9WIL1
Tuberculosis,P9WIL9
Tuberculosis,P9WIM1
Tuberculosis,P9WIM5
Tuberculosis,P9WIN3
Tuberculosis,P9WIN7
Tuberculosis,P9WIN9
Tuberculosis,P9WIQ5
Tuberculosis,P9WIQ7
Tuberculosis,P9WIR3
Tuberculosis,P9WIS3
Tuberculosis,P9WIT1
Tuberculosis,P9WIT5
Tuberculosis,P9WIT7
Tuberculosis,P9WIU9
Tuberculosis,P9WIV3
Tuberculosis,P9WIV5
Tuberculosis,P9WIV7
Tuberculosis,P9WIW1
Tuberculosis,P9WIW5
Tuberculosis,P9WIW7
Tuberculosis,P9WIW9
Tuberculosis,P9WIX1
Tuberculosis,P9WIX3
Tuberculosis,P9WIX7
Tuberculosis,P9WIX9
Tuberculosis,P9WIZ1
Tuberculosis,P9WJ79
Tuberculosis,P9WJC1
Tuberculosis,P9WJE5
Tuberculosis,P9WJE9
Tuberculosis,P9WJF3
Tuberculosis,P9WJF7
Tuberculosis,P9WJF9
Tuberculosis,P9WJG1
Tuberculosis,P9WJG3
Tuberculosis,P9WJG5
Tuberculosis,P9WJG7
Tuberculosis,P9WJG9
Tuberculosis,P9WJH1
Tuberculosis,P9WJH3
Tuberculosis,P9WJI1
Tuberculosis,P9WJJ5
Tuberculosis,P9WJJ9
Tuberculosis,P9WJK1
Tuberculosis,P9WJK5
Tuberculosis,P9WJK7
Tuberculosis,P9WJK9
Tuberculosis,P9WJL1
Tuberculosis,P9WJL5
Tuberculosis,P9WJL7
Tuberculosis,P9WJL9
Tuberculosis,P9WJM3
Tuberculosis,P9WJN7
Tuberculosis,P9WJP1
Tuberculosis,P9WJP3
Tuberculosis,P9WJQ7
Tuberculosis,P9WJQ9
Tuberculosis,P9WJR1
Tuberculosis,P9WJR3
Tuberculosis,P9WJR5
Tuberculosis,P9WJR7
Tuberculosis,P9WJS1
Tuberculosis,P9WJS5
Tuberculosis,P9WJS9
Tuberculosis,P9WJT9
Tuberculosis,P9WJU1
Tuberculosis,P9WJV1
Tuberculosis,P9WJV3
Tuberculosis,P9WJW1
Tuberculosis,P9WJW5
Tuberculosis,P9WJW9
Tuberculosis,P9WJX3
Tuberculosis,P9WJX7
Tuberculosis,P9WJX9
Tuberculosis,P9WJY9
Tuberculosis,P9WK05
Tuberculosis,P9WK07
Tuberculosis,P9WK11
Tuberculosis,P9WK25
Tuberculosis,P9WK27
Tuberculosis,P9WK35
Tuberculosis,P9WK37
Tuberculosis,P9WK55
Tuberculosis,P9WK73
Tuberculosis,P9WK85
Tuberculosis,P9WK93
Tuberculosis,P9WK95
Tuberculosis,P9WK97
Tuberculosis,P9WK99
Tuberculosis,P9WKA1
Tuberculosis,P9WKA3
Tuberculosis,P9WKB3
Tuberculosis,P9WKC1
Tuberculosis,P9WKD5
Tuberculosis,P9WKF3
Tuberculosis,P9WKG3
Tuberculosis,P9WKK1
Tuberculosis,P9WKK5
Tuberculosis,P9WKV1
Tuberculosis,P9WKW5
Tuberculosis,P9WL37
Tuberculosis,P9WLG1
Tuberculosis,P9WLJ1
Tuberculosis,P9WLN1
Tuberculosis,P9WLP1
Tuberculosis,P9WLP7
Tuberculosis,P9WLT1
Tuberculosis,P9WLT7
Tuberculosis,P9WLU3
Tuberculosis,P9WM65
Tuberculosis,P9WMA9
Tuberculosis,P9WMB9
Tuberculosis,P9WMC3
Tuberculosis,P9WMC9
Tuberculosis,P9WMD3
Tuberculosis,P9WME7
Tuberculosis,P9WMF1
Tuberculosis,P9WMG5
Tuberculosis,P9WMH5
Tuberculosis,P9WMJ7
Tuberculosis,P9WML9
Tuberculosis,P9WMM1
Tuberculosis,P9WMM3
Tuberculosis,P9WMM7
Tuberculosis,P9WMM9
Tuberculosis,P9WMN9
Tuberculosis,P9WMP1
Tuberculosis,P9WMP3
Tuberculosis,P9WMP5
Tuberculosis,P9WMP7
Tuberculosis,P9WMQ9
Tuberculosis,P9WMR1
Tuberculosis,P9WMR9
Tuberculosis,P9WMS1
Tuberculosis,P9WMS3
Tuberculosis,P9WMT5
Tuberculosis,P9WMT9
Tuberculosis,P9WMU3
Tuberculosis,P9WMU5
Tuberculosis,P9WMV3
Tuberculosis,P9WMW7
Tuberculosis,P9WMX7
Tuberculosis,P9WMY5
Tuberculosis,P9WMY9
Tuberculosis,P9WMZ7
Tuberculosis,P9WMZ9
Tuberculosis,P9WN01
Tuberculosis,P9WN09
Tuberculosis,P9WN15
Tuberculosis,P9WN19
Tuberculosis,P9WN31
Tuberculosis,P9WN33
Tuberculosis,P9WN35
Tuberculosis,P9WN41
Tuberculosis,P9WN47
Tuberculosis,P9WN51
Tuberculosis,P9WN53
Tuberculosis,P9WN57
Tuberculosis,P9WN59
Tuberculosis,P9WN61
Tuberculosis,P9WN63
Tuberculosis,P9WN67
Tuberculosis,P9WN71
Tuberculosis,P9WN73
Tuberculosis,P9WN81
Tuberculosis,P9WN89
Tuberculosis,P9WN91
Tuberculosis,P9WNA1
Tuberculosis,P9WNA9
Tuberculosis,P9WNC9
Tuberculosis,P9WND5
Tuberculosis,P9WND7
Tuberculosis,P9WNE7
Tuberculosis,P9WNF5
Tuberculosis,P9WNG9
Tuberculosis,P9WNI7
Tuberculosis,P9WNJ5
Tuberculosis,P9WNJ7
Tuberculosis,P9WNK9
Tuberculosis,P9WNL3
Tuberculosis,P9WNM7
Tuberculosis,P9WNP9
Tuberculosis,P9WNQ3
Tuberculosis,P9WNQ9
Tuberculosis,P9WNR3
Tuberculosis,P9WNS7
Tuberculosis,P9WNS9
Tuberculosis,P9WNT1
Tuberculosis,P9WNT7
Tuberculosis,P9WNX7
Tuberculosis,P9WNX9
Tuberculosis,P9WNZ7
Tuberculosis,P9WP01
Tuberculosis,P9WP03
Tuberculosis,P9WP11
Tuberculosis,P9WP13
Tuberculosis,P9WP27
Tuberculosis,P9WP29
Tuberculosis,P9WP35
Tuberculosis,P9WP39
Tuberculosis,P9WP57
Tuberculosis,P9WP59
Tuberculosis,P9WP61
Tuberculosis,P9WP63
Tuberculosis,P9WP69
Tuberculosis,P9WP71
Tuberculosis,P9WP73
Tuberculosis,P9WP81
Tuberculosis,P9WP83
Tuberculosis,P9WP91
Tuberculosis,P9WP97
Tuberculosis,P9WP99
Tuberculosis,P9WPA1
Tuberculosis,P9WPA7
Tuberculosis,P9WPD1
Tuberculosis,P9WPD5
Tuberculosis,P9WPE1
Tuberculosis,P9WPG3
Tuberculosis,P9WPG5
Tuberculosis,P9WPI1
Tuberculosis,P9WPJ3
Tuberculosis,P9WPJ5
Tuberculosis,P9WPK1
Tuberculosis,P9WPK7
Tuberculosis,P9WPL3
Tuberculosis,P9WPN7
Tuberculosis,P9WPR5
Tuberculosis,P9WPS5
Tuberculosis,P9WPS7
Tuberculosis,P9WPS9
Tuberculosis,P9WPT1
Tuberculosis,P9WPT3
Tuberculosis,P9WPT7
Tuberculosis,P9WPT9
Tuberculosis,P9WPU3
Tuberculosis,P9WPU9
Tuberculosis,P9WPV1
Tuberculosis,P9WPV3
Tuberculosis,P9WPV5
Tuberculosis,P9WPW7
Tuberculosis,P9WPW9
Tuberculosis,P9WPY9
Tuberculosis,P9WPZ1
Tuberculosis,P9WPZ9
Tuberculosis,P9WQ05
Tuberculosis,P9WQ07
Tuberculosis,P9WQ13
Tuberculosis,P9WQ21
Tuberculosis,P9WQ27
Tuberculosis,P9WQ39
Tuberculosis,P9WQ49
Tuberculosis,P9WQ57
Tuberculosis,P9WQ67
Tuberculosis,P9WQ69
Tuberculosis,P9WQ79
Tuberculosis,P9WQ83
Tuberculosis,P9WQ85
Tuberculosis,P9WQ91
Tuberculosis,P9WQC5
Tuberculosis,P9WQC7
Tuberculosis,P9WQF5
Tuberculosis,P9WQF7
Tuberculosis,P9WQF9
Tuberculosis,P9WQG3
Tuberculosis,P9WQG7
Tuberculosis,P9WQH1
Tuberculosis,P9WQH9
Tuberculosis,P9WQJ3
Tuberculosis,P9WQK1
Tuberculosis,P9WQK5
Tuberculosis,P9WQL3
Tuberculosis,P9WQL5
Tuberculosis,P9WQM7
Tuberculosis,P9WQN7
Tuberculosis,Q50703
Tuberculosis,Q6MWV0
Tuberculosis,Q6MX39
Tuberculosis,Q6MX43
Tuberculosis,Q6MX50
Tuberculosis,Q79FB3
Tuberculosis,Q79FI9
Tuberculosis,Q79FL8
Tuberculosis,Q79FP3
Tuberculosis,Q79FS8
Tuberculosis,Q79FU0
Tuberculosis,Q79FU2
Tuberculosis,Q79FU3
Tuberculosis,E2FZM4
Tuberculosis,I6X4W0
Tuberculosis,I6Y1I5
Tuberculosis,I6Y276
Tuberculosis,I6Y3I6
Tuberculosis,I6Y3U6
Tuberculosis,I6Y8K5
Tuberculosis,I6Y9F7
Tuberculosis,I6YB21
Tuberculosis,I6YBX3
Tuberculosis,I6YET7
Tuberculosis,L0T4W6
Tuberculosis,L0T550
Tuberculosis,L0T5V6
Tuberculosis,L0TAD5
Tuberculosis,O05318
Tuberculosis,O05443
Tuberculosis,O05769
Tuberculosis,O05883
Tuberculosis,O05886
Tuberculosis,O05897
Tuberculosis,O06179
Tuberculosis,O06342
Tuberculosis,O06391
Tuberculosis,O06797
Tuberculosis,O07226
Tuberculosis,O07717
Tuberculosis,O07737
Tuberculosis,O07750
Tuberculosis,O07779
Tuberculosis,O08343
Tuberculosis,O33317
Tuberculosis,O33341
Tuberculosis,O50434
Tuberculosis,O50456
Tuberculosis,O53150
Tuberculosis,O53167
Tuberculosis,O53176
Tuberculosis,O53219
Tuberculosis,O53281
Tuberculosis,O53328
Tuberculosis,O53332
Tuberculosis,O53333
Tuberculosis,O53335
Tuberculosis,O53379
Tuberculosis,O53405
Tuberculosis,O53438
Tuberculosis,O53467
Tuberculosis,O53553
Tuberculosis,O53778
Tuberculosis,O53811
Tuberculosis,O69668
Tuberculosis,O69670
Tuberculosis,O69687
Tuberculosis,O69726
Tuberculosis,O69732
Tuberculosis,O86318
Tuberculosis,O86332
Tuberculosis,O86365
Tuberculosis,P0CG95
Tuberculosis,P0CL60
Tuberculosis,P0CV93
Tuberculosis,P0CW33
Tuberculosis,P0DOA6
Tuberculosis,P0DV54
Tuberculosis,P0DXE9
Tuberculosis,P60230
Tuberculosis,P71622
Tuberculosis,P71838
Tuberculosis,P71977
Tuberculosis,P95006
Tuberculosis,P95007
Tuberculosis,P95149
Tuberculosis,P95225
Tuberculosis,P95279
Tuberculosis,P95280
Tuberculosis,P96274
Tuberculosis,P96284
Tuberculosis,P96831
Tuberculosis,P96857
Tuberculosis,P96873
Tuberculosis,P9WF13
Tuberculosis,P9WF15
Tuberculosis,P9WF17
Tuberculosis,P9WF23
Tuberculosis,P9WF29
Tuberculosis,P9WF47
Tuberculosis,P9WF51
Tuberculosis,P9WF53
Tuberculosis,P9WF57
Tuberculosis,P9WF65
Tuberculosis,P9WF71
Tuberculosis,P9WF87
Tuberculosis,P9WF89
Tuberculosis,P9WF95
Tuberculosis,P9WF99
Tuberculosis,P9WFA1
Tuberculosis,P9WFA3
Tuberculosis,P9WFA7
Tuberculosis,P9WFA9
Tuberculosis,P9WFB1
Tuberculosis,P9WFB3
Tuberculosis,P9WFB5
Tuberculosis,P9WFC3
Tuberculosis,P9WFC9
Tuberculosis,P9WFD1
Tuberculosis,P9WFD3
Tuberculosis,P9WFD5
Tuberculosis,P9WFD9
Tuberculosis,P9WFE5
Tuberculosis,P9WFG1
Tuberculosis,P9WFG3
Tuberculosis,P9WFH1
Tuberculosis,P9WFH3
Tuberculosis,P9WFH5
Tuberculosis,P9WFH7
Tuberculosis,P9WFH9
Tuberculosis,P9WFI1
Tuberculosis,P9WFI3
Tuberculosis,P9WFI5
Tuberculosis,P9WFI7
Tuberculosis,P9WFI9
Tuberculosis,P9WFJ1
Tuberculosis,P9WFJ3
Tuberculosis,P9WFJ7
Tuberculosis,P9WFJ9
Tuberculosis,P9WFK1
Tuberculosis,P9WFK3
Tuberculosis,P9WFK9
Tuberculosis,P9WFL3
Tuberculosis,P9WFL5
Tuberculosis,P9WFL7
Tuberculosis,P9WFM1
Tuberculosis,P9WFM7
Tuberculosis,P9WFN1
Tuberculosis,P9WFN9
Tuberculosis,P9WFP1
Tuberculosis,P9WFP3
Tuberculosis,P9WFP7
Tuberculosis,P9WFQ3
Tuberculosis,P9WFQ7
Tuberculosis,P9WFS1
Tuberculosis,P9WFS7
Tuberculosis,P9WFW5
Tuberculosis,P9WFY3
Tuberculosis,P9WFY5
Tuberculosis,P9WFZ3
Tuberculosis,P9WG07
Tuberculosis,P9WG09
Tuberculosis,P9WG13
Tuberculosis,P9WG15
Tuberculosis,P9WG17
Tuberculosis,P9WG19
Tuberculosis,P9WG53
Tuberculosis,P9WG61
Tuberculosis,P9WG63
Tuberculosis,P9WG71
Tuberculosis,P9WG85
Tuberculosis,P9WG87
Tuberculosis,P9WG89
Tuberculosis,P9WG91
Tuberculosis,P9WGA3
Tuberculosis,P9WGA7
Tuberculosis,P9WGA9
Tuberculosis,P9WGB1
Tuberculosis,P9WGD1
Tuberculosis,P9WGD3
Tuberculosis,P9WGF5
Tuberculosis,P9WGJ1
Tuberculosis,P9WGJ7
Tuberculosis,P9WGL7
Tuberculosis,P9WGN3
Tuberculosis,P9WGN5
Tuberculosis,P9WGP7
Tuberculosis,P9WGQ1
Tuberculosis,P9WGQ3
Tuberculosis,P9WGQ5
Tuberculosis,P9WGQ7
Tuberculosis,P9WGQ9
Tuberculosis,P9WGR3
Tuberculosis,P9WGR5
Tuberculosis,P9WGR7
Tuberculosis,P9WGR9
Tuberculosis,P9WGS1
Tuberculosis,P9WGS3
Tuberculosis,P9WGS5
Tuberculosis,P9WGS7
Tuberculosis,P9WGT5
Tuberculosis,P9WGV7
Tuberculosis,P9WGW7
Tuberculosis,P9WGX1
Tuberculosis,P9WGX3
Tuberculosis,P9WGX9
Tuberculosis,P9WH17
Tuberculosis,P9WH19
Tuberculosis,P9WH21
Tuberculosis,P9WH25
Tuberculosis,P9WH27
Tuberculosis,P9WH31
Tuberculosis,P9WH39
Tuberculosis,P9WH41
Tuberculosis,P9WH45
Tuberculosis,P9WH47
Tuberculosis,P9WH49
Tuberculosis,P9WH53
Tuberculosis,P9WH55
Tuberculosis,P9WH59
Tuberculosis,P9WH61
Tuberculosis,P9WH65
Tuberculosis,P9WH79
Tuberculosis,P9WH81
Tuberculosis,P9WH83
Tuberculosis,P9WH87
Tuberculosis,P9WH89
Tuberculosis,P9WH91
Tuberculosis,P9WH93
Tuberculosis,P9WH95
Tuberculosis,P9WH97
Tuberculosis,P9WH99
Tuberculosis,P9WHA1
Tuberculosis,P9WHA3
Tuberculosis,P9WHA7
Tuberculosis,P9WHA9
Tuberculosis,P9WHB1
Tuberculosis,P9WHB3
Tuberculosis,P9WHB7
Tuberculosis,P9WHB9
Tuberculosis,P9WHC5
Tuberculosis,P9WHC9
Tuberculosis,P9WHD1
Tuberculosis,P9WHD3
Tuberculosis,P9WHD7
Tuberculosis,P9WHD9
Tuberculosis,P9WHE7
Tuberculosis,P9WHF5
Tuberculosis,P9WHF7
Tuberculosis,P9WHG1
Tuberculosis,P9WHG3
Tuberculosis,P9WHG5
Tuberculosis,P9WHG7
Tuberculosis,P9WHI1
Tuberculosis,P9WHI3
Tuberculosis,P9WHI5
Tuberculosis,P9WHI7
Tuberculosis,P9WHJ7
Tuberculosis,P9WHK1
Tuberculosis,P9WHK3
Tuberculosis,P9WHM1
Tuberculosis,P9WHN1
Tuberculosis,P9WHP3
Tuberculosis,P9WHQ1
Tuberculosis,P9WHQ3
Tuberculosis,P9WHR5
Tuberculosis,P9WHS7
Tuberculosis,P9WHT1
Tuberculosis,P9WHT5
Tuberculosis,P9WHU3
Tuberculosis,P9WHX1
Tuberculosis,P9WHX3
Tuberculosis,P9WHX5
Tuberculosis,P9WHX7
Tuberculosis,P9WHY7
Tuberculosis,P9WHY9
Tuberculosis,P9WHZ1
Tuberculosis,P9WHZ3
Tuberculosis,P9WHZ5
Tuberculosis,P9WI01
Tuberculosis,P9WI03
Tuberculosis,P9WI09
Tuberculosis,P9WI13
Tuberculosis,P9WI21
Tuberculosis,P9WI23
Tuberculosis,P9WI29
Tuberculosis,P9WI35
Tuberculosis,P9WI41
Tuberculosis,P9WI45
Tuberculosis,P9WI49
Tuberculosis,P9WI59
Tuberculosis,P9WI61
Tuberculosis,P9WI85
Tuberculosis,P9WI93
Tuberculosis,P9WI97
Tuberculosis,P9WIA3
Tuberculosis,P9WIA5
Tuberculosis,P9WIB7
Tuberculosis,P9WIE7
Tuberculosis,P9WIF3
Tuberculosis,P9WIF9
Tuberculosis,P9WIG5
Tuberculosis,P9WIG9
Tuberculosis,P9WIH7
Tuberculosis,P9WIJ5
Tuberculosis,P9WIM3
Tuberculosis,P9WIM7
Tuberculosis,P9WIP1
Tuberculosis,P9WIQ9
Tuberculosis,P9WIR1
Tuberculosis,P9WIR5
Tuberculosis,P9WIR9
Tuberculosis,P9WIU1
Tuberculosis,P9WIU3
Tuberculosis,P9WIV1
Tuberculosis,P9WIW3
Tuberculosis,P9WIY5
Tuberculosis,P9WIY7
Tuberculosis,P9WIY9
Tuberculosis,P9WIZ3
Tuberculosis,P9WIZ9
Tuberculosis,P9WJ01
Tuberculosis,P9WJ05
Tuberculosis,P9WJ07
Tuberculosis,P9WJ09
Tuberculosis,P9WJ11
Tuberculosis,P9WJ13
Tuberculosis,P9WJ21
Tuberculosis,P9WJ23
Tuberculosis,P9WJ33
Tuberculosis,P9WJ35
Tuberculosis,P9WJ39
Tuberculosis,P9WJ43
Tuberculosis,P9WJ45
Tuberculosis,P9WJ59
Tuberculosis,P9WJ65
Tuberculosis,P9WJ75
Tuberculosis,P9WJ81
Tuberculosis,P9WJ85
Tuberculosis,P9WJ89
Tuberculosis,P9WJ91
Tuberculosis,P9WJB1
Tuberculosis,P9WJB3
Tuberculosis,P9WJB9
Tuberculosis,P9WJC7
Tuberculosis,P9WJC9
Tuberculosis,P9WJD1
Tuberculosis,P9WJD3
Tuberculosis,P9WJE3
Tuberculosis,P9WJE7
Tuberculosis,P9WJH5
Tuberculosis,P9WJI3
Tuberculosis,P9WJJ1
Tuberculosis,P9WJN9
Tuberculosis,P9WJP5
Tuberculosis,P9WJP7
Tuberculosis,P9WJP9
Tuberculosis,P9WJQ5
Tuberculosis,P9WJT1
Tuberculosis,P9WJT3
Tuberculosis,P9WJT5
Tuberculosis,P9WJT7
Tuberculosis,P9WJU3
Tuberculosis,P9WJV7
Tuberculosis,P9WJV9
Tuberculosis,P9WJW7
Tuberculosis,P9WJY1
Tuberculosis,P9WJY5
Tuberculosis,P9WJZ1
Tuberculosis,P9WK01
Tuberculosis,P9WK03
Tuberculosis,P9WK23
Tuberculosis,P9WK29
Tuberculosis,P9WK31
Tuberculosis,P9WK33
Tuberculosis,P9WK43
Tuberculosis,P9WK49
Tuberculosis,P9WK51
Tuberculosis,P9WK53
Tuberculosis,P9WK59
Tuberculosis,P9WK63
Tuberculosis,P9WK67
Tuberculosis,P9WK71
Tuberculosis,P9WK75
Tuberculosis,P9WK77
Tuberculosis,P9WK79
Tuberculosis,P9WK81
Tuberculosis,P9WK89
Tuberculosis,P9WKE7
Tuberculosis,P9WKF1
Tuberculosis,P9WKH7
Tuberculosis,P9WKH9
Tuberculosis,P9WKI5
Tuberculosis,P9WKJ9
Tuberculosis,P9WKK3
Tuberculosis,P9WKR5
Tuberculosis,P9WKT1
Tuberculosis,P9WKT3
Tuberculosis,P9WKU3
Tuberculosis,P9WKU5
Tuberculosis,P9WKV7
Tuberculosis,P9WKX7
Tuberculosis,P9WL01
Tuberculosis,P9WL07
Tuberculosis,P9WL21
Tuberculosis,P9WL29
Tuberculosis,P9WL31
Tuberculosis,P9WL35
Tuberculosis,P9WL41
Tuberculosis,P9WL43
Tuberculosis,P9WL63
Tuberculosis,P9WL75
Tuberculosis,P9WL77
Tuberculosis,P9WL79
Tuberculosis,P9WL81
Tuberculosis,P9WL85
Tuberculosis,P9WL89
Tuberculosis,P9WLA1
Tuberculosis,P9WLC7
Tuberculosis,P9WLD5
Tuberculosis,P9WLD7
Tuberculosis,P9WLE1
Tuberculosis,P9WLF9
Tuberculosis,P9WLI5
Tuberculosis,P9WLI7
Tuberculosis,P9WLJ5
Tuberculosis,P9WLL1
Tuberculosis,P9WLM1
Tuberculosis,P9WLN3
Tuberculosis,P9WLN7
Tuberculosis,P9WLQ5
Tuberculosis,P9WLQ7
Tuberculosis,P9WLQ9
Tuberculosis,P9WLS5
Tuberculosis,P9WLT5
Tuberculosis,P9WLV5
Tuberculosis,P9WLW9
Tuberculosis,P9WLX9
Tuberculosis,P9WLZ1
Tuberculosis,P9WM07
Tuberculosis,P9WM13
Tuberculosis,P9WM21
Tuberculosis,P9WM23
Tuberculosis,P9WM45
Tuberculosis,P9WM55
Tuberculosis,P9WM59
Tuberculosis,P9WM61
Tuberculosis,P9WM79
Tuberculosis,P9WM83
Tuberculosis,P9WM87
Tuberculosis,P9WMA7
Tuberculosis,P9WMB3
Tuberculosis,P9WMB7
Tuberculosis,P9WMC5
Tuberculosis,P9WMC7
Tuberculosis,P9WMD5
Tuberculosis,P9WMD7
Tuberculosis,P9WMD9
Tuberculosis,P9WME3
Tuberculosis,P9WME5
Tuberculosis,P9WMF3
Tuberculosis,P9WMF7
Tuberculosis,P9WMG1
Tuberculosis,P9WMH9
Tuberculosis,P9WMI7
Tuberculosis,P9WMJ1
Tuberculosis,P9WMK3
Tuberculosis,P9WMN5
Tuberculosis,P9WMS5
Tuberculosis,P9WMT3
Tuberculosis,P9WMT7
Tuberculosis,P9WMU7
Tuberculosis,P9WMV1
Tuberculosis,P9WMV5
Tuberculosis,P9WMV7
Tuberculosis,P9WMW1
Tuberculosis,P9WMW3
Tuberculosis,P9WMX1
Tuberculosis,P9WMX5
Tuberculosis,P9WN07
Tuberculosis,P9WN13
Tuberculosis,P9WN17
Tuberculosis,P9WN55
Tuberculosis,P9WN79
Tuberculosis,P9WNA7
Tuberculosis,P9WNB5
Tuberculosis,P9WNB7
Tuberculosis,P9WNC7
Tuberculosis,P9WND3
Tuberculosis,P9WNF1
Tuberculosis,P9WNG1
Tuberculosis,P9WNG7
Tuberculosis,P9WNH1
Tuberculosis,P9WNH3
Tuberculosis,P9WNH7
Tuberculosis,P9WNH9
Tuberculosis,P9WNI3
Tuberculosis,P9WNI5
Tuberculosis,P9WNI9
Tuberculosis,P9WNJ3
Tuberculosis,P9WNJ9
Tuberculosis,P9WNM1
Tuberculosis,P9WNM3
Tuberculosis,P9WNM9
Tuberculosis,P9WNN3
Tuberculosis,P9WNN5
Tuberculosis,P9WNN7
Tuberculosis,P9WNN9
Tuberculosis,P9WNP1
Tuberculosis,P9WNQ1
Tuberculosis,P9WNQ5
Tuberculosis,P9WNR1
Tuberculosis,P9WNR5
Tuberculosis,P9WNR9
Tuberculosis,P9WNU3
Tuberculosis,P9WNY1
Tuberculosis,P9WNY3
Tuberculosis,P9WNY5
Tuberculosis,P9WNY7
Tuberculosis,P9WNZ9
Tuberculosis,P9WP05
Tuberculosis,P9WP45
Tuberculosis,P9WP47
Tuberculosis,P9WP67
Tuberculosis,P9WP75
Tuberculosis,P9WP85
Tuberculosis,P9WP87
Tuberculosis,P9WP89
Tuberculosis,P9WP93
Tuberculosis,P9WP95
Tuberculosis,P9WPC1
Tuberculosis,P9WPD3
Tuberculosis,P9WPG1
Tuberculosis,P9WPG9
Tuberculosis,P9WPH5
Tuberculosis,P9WPH7
Tuberculosis,P9WPI5
Tuberculosis,P9WPK9
Tuberculosis,P9WPL7
Tuberculosis,P9WPL9
Tuberculosis,P9WPM1
Tuberculosis,P9WPM3
Tuberculosis,P9WPM5
Tuberculosis,P9WPM7
Tuberculosis,P9WPM9
Tuberculosis,P9WPN1
Tuberculosis,P9WPN3
Tuberculosis,P9WPN9
Tuberculosis,P9WPP5
Tuberculosis,P9WPQ1
Tuberculosis,P9WPR3
Tuberculosis,P9WPR7
Tuberculosis,P9WPR9
Tuberculosis,P9WPV7
Tuberculosis,P9WPW3
Tuberculosis,P9WPW5
Tuberculosis,P9WPY7
Tuberculosis,P9WQ03
Tuberculosis,P9WQ15
Tuberculosis,P9WQ25
Tuberculosis,P9WQ29
Tuberculosis,P9WQ31
Tuberculosis,P9WQ33
Tuberculosis,P9WQ45
Tuberculosis,P9WQ53
Tuberculosis,P9WQ65
Tuberculosis,P9WQ93
Tuberculosis,P9WQ95
Tuberculosis,P9WQ97
Tuberculosis,P9WQ99
Tuberculosis,P9WQA1
Tuberculosis,P9WQA7
Tuberculosis,P9WQC1
Tuberculosis,P9WQC3
Tuberculosis,P9WQC9
Tuberculosis,P9WQG1
Tuberculosis,P9WQI1
Tuberculosis,P9WQI5
Tuberculosis,P9WQI7
Tuberculosis,P9WQJ1
Tuberculosis,P9WQM3
Tuberculosis,P9WQM5
Tuberculosis,P9WQM9
Tuberculosis,P9WQN1
Tuberculosis,P9WQP5
Tuberculosis,Q50681
Tuberculosis,Q50700
Tuberculosis,Q50701
Tuberculosis,Q50702
Tuberculosis,Q6MWV1
Tuberculosis,Q6MWY2
Tuberculosis,Q6MX18
Tuberculosis,Q6MX40
Tuberculosis,Q79FK6
Tuberculosis,Q79FR3
Tuberculosis,Q79G04
Tuberculosis,V5QRX7
Tuberculosis,A0A089QKZ7
Tuberculosis,E2FZM5
Tuberculosis,I6WXS6
Tuberculosis,I6X961
Tuberculosis,I6XFZ8
Tuberculosis,I6YD99
Tuberculosis,L0TBY6
Tuberculosis,L0TGF0
Tuberculosis,O05453
Tuberculosis,O06242
Tuberculosis,O06349
Tuberculosis,O06775
Tuberculosis,O06777
Tuberculosis,O06779
Tuberculosis,O53334
Tuberculosis,O53464
Tuberculosis,O53465
Tuberculosis,O53468
Tuberculosis,O53500
Tuberculosis,O53518
Tuberculosis,O53565
Tuberculosis,O53672
Tuberculosis,O53803
Tuberculosis,O69659
Tuberculosis,O69717
Tuberculosis,O69720
Tuberculosis,O69731
Tuberculosis,P0CG96
Tuberculosis,P0CL57
Tuberculosis,P0CV86
Tuberculosis,P0CW29
Tuberculosis,P0CW31
Tuberculosis,P0CW32
Tuberculosis,P0DMM2
Tuberculosis,P0DMM3
Tuberculosis,P0DMM4
Tuberculosis,P0DMQ7
Tuberculosis,P0DMQ8
Tuberculosis,P0DN33
Tuberculosis,P0DV55
Tuberculosis,P64937
Tuberculosis,P71839
Tuberculosis,P72042
Tuberculosis,P95038
Tuberculosis,P95262
Tuberculosis,P9WF27
Tuberculosis,P9WFG5
Tuberculosis,P9WFK5
Tuberculosis,P9WFL1
Tuberculosis,P9WFL9
Tuberculosis,P9WFM3
Tuberculosis,P9WFM5
Tuberculosis,P9WFM9
Tuberculosis,P9WFN5
Tuberculosis,P9WFN7
Tuberculosis,P9WFP5
Tuberculosis,P9WFP9
Tuberculosis,P9WFQ1
Tuberculosis,P9WFQ5
Tuberculosis,P9WFS3
Tuberculosis,P9WFS5
Tuberculosis,P9WG93
Tuberculosis,P9WGA5
Tuberculosis,P9WGC1
Tuberculosis,P9WGC3
Tuberculosis,P9WGF9
Tuberculosis,P9WHW7
Tuberculosis,P9WHX9
Tuberculosis,P9WHY1
Tuberculosis,P9WHY5
Tuberculosis,P9WHZ7
Tuberculosis,P9WHZ9
Tuberculosis,P9WI07
Tuberculosis,P9WI11
Tuberculosis,P9WI15
Tuberculosis,P9WI17
Tuberculosis,P9WI19
Tuberculosis,P9WI25
Tuberculosis,P9WI33
Tuberculosis,P9WI37
Tuberculosis,P9WI89
Tuberculosis,P9WI91
Tuberculosis,P9WIE9
Tuberculosis,P9WIF7
Tuberculosis,P9WIG1
Tuberculosis,P9WIH5
Tuberculosis,P9WIM9
Tuberculosis,P9WIP5
Tuberculosis,P9WJ15
Tuberculosis,P9WJ17
Tuberculosis,P9WJ19
Tuberculosis,P9WJ25
Tuberculosis,P9WJ27
Tuberculosis,P9WJ29
Tuberculosis,P9WJ31
Tuberculosis,P9WJ37
Tuberculosis,P9WJ41
Tuberculosis,P9WJ47
Tuberculosis,P9WJ49
Tuberculosis,P9WJ51
Tuberculosis,P9WJ53
Tuberculosis,P9WJ55
Tuberculosis,P9WJ57
Tuberculosis,P9WJ77
Tuberculosis,P9WJ95
Tuberculosis,P9WJ97
Tuberculosis,P9WJH9
Tuberculosis,P9WJU9
Tuberculosis,P9WJX1
Tuberculosis,P9WJX5
Tuberculosis,P9WJZ3
Tuberculosis,P9WJZ5
Tuberculosis,P9WJZ9
Tuberculosis,P9WK39
Tuberculosis,P9WK57
Tuberculosis,P9WK69
Tuberculosis,P9WKH5
Tuberculosis,P9WKL3
Tuberculosis,P9WKL7
Tuberculosis,P9WKL9
Tuberculosis,P9WKM1
Tuberculosis,P9WKM3
Tuberculosis,P9WKM5
Tuberculosis,P9WKM7
Tuberculosis,P9WKM9
Tuberculosis,P9WKN1
Tuberculosis,P9WKN3
Tuberculosis,P9WKN5
Tuberculosis,P9WKN7
Tuberculosis,P9WKN9
Tuberculosis,P9WKP1
Tuberculosis,P9WKP3
Tuberculosis,P9WKP5
Tuberculosis,P9WKP7
Tuberculosis,P9WKP9
Tuberculosis,P9WKQ3
Tuberculosis,P9WKQ5
Tuberculosis,P9WKQ7
Tuberculosis,P9WKQ9
Tuberculosis,P9WKR1
Tuberculosis,P9WKR3
Tuberculosis,P9WKR7
Tuberculosis,P9WKR9
Tuberculosis,P9WKS1
Tuberculosis,P9WKS3
Tuberculosis,P9WKS5
Tuberculosis,P9WKS7
Tuberculosis,P9WKS9
Tuberculosis,P9WKT5
Tuberculosis,P9WKT7
Tuberculosis,P9WKT9
Tuberculosis,P9WKU1
Tuberculosis,P9WKU7
Tuberculosis,P9WKU9
Tuberculosis,P9WKV5
Tuberculosis,P9WKV9
Tuberculosis,P9WKW1
Tuberculosis,P9WKW3
Tuberculosis,P9WKW7
Tuberculosis,P9WKW9
Tuberculosis,P9WKX1
Tuberculosis,P9WKX9
Tuberculosis,P9WKY1
Tuberculosis,P9WKY3
Tuberculosis,P9WKY7
Tuberculosis,P9WKY9
Tuberculosis,P9WKZ5
Tuberculosis,P9WKZ9
Tuberculosis,P9WL03
Tuberculosis,P9WL05
Tuberculosis,P9WL09
Tuberculosis,P9WL11
Tuberculosis,P9WL13
Tuberculosis,P9WL15
Tuberculosis,P9WL17
Tuberculosis,P9WL19
Tuberculosis,P9WL23
Tuberculosis,P9WL25
Tuberculosis,P9WL27
Tuberculosis,P9WL33
Tuberculosis,P9WL39
Tuberculosis,P9WL47
Tuberculosis,P9WL49
Tuberculosis,P9WL51
Tuberculosis,P9WL53
Tuberculosis,P9WL55
Tuberculosis,P9WL57
Tuberculosis,P9WL59
Tuberculosis,P9WL61
Tuberculosis,P9WL65
Tuberculosis,P9WL67
Tuberculosis,P9WL69
Tuberculosis,P9WL71
Tuberculosis,P9WL73
Tuberculosis,P9WL83
Tuberculosis,P9WL87
Tuberculosis,P9WL91
Tuberculosis,P9WL93
Tuberculosis,P9WL95
Tuberculosis,P9WL97
Tuberculosis,P9WL99
Tuberculosis,P9WLA3
Tuberculosis,P9WLA5
Tuberculosis,P9WLA7
Tuberculosis,P9WLA9
Tuberculosis,P9WLB1
Tuberculosis,P9WLB3
Tuberculosis,P9WLB5
Tuberculosis,P9WLB7
Tuberculosis,P9WLB9
Tuberculosis,P9WLC1
Tuberculosis,P9WLC3
Tuberculosis,P9WLC5
Tuberculosis,P9WLC9
Tuberculosis,P9WLD1
Tuberculosis,P9WLD3
Tuberculosis,P9WLD9
Tuberculosis,P9WLE3
Tuberculosis,P9WLE5
Tuberculosis,P9WLE7
Tuberculosis,P9WLE9
Tuberculosis,P9WLF1
Tuberculosis,P9WLF3
Tuberculosis,P9WLF5
Tuberculosis,P9WLF7
Tuberculosis,P9WLG3
Tuberculosis,P9WLG5
Tuberculosis,P9WLG7
Tuberculosis,P9WLG9
Tuberculosis,P9WLH1
Tuberculosis,P9WLH3
Tuberculosis,P9WLH7
Tuberculosis,P9WLH9
Tuberculosis,P9WLI1
Tuberculosis,P9WLI3
Tuberculosis,P9WLI9
Tuberculosis,P9WLJ3
Tuberculosis,P9WLJ7
Tuberculosis,P9WLJ9
Tuberculosis,P9WLK1
Tuberculosis,P9WLK3
Tuberculosis,P9WLK5
Tuberculosis,P9WLK7
Tuberculosis,P9WLK9
Tuberculosis,P9WLL3
Tuberculosis,P9WLL5
Tuberculosis,P9WLL9
Tuberculosis,P9WLM3
Tuberculosis,P9WLM5
Tuberculosis,P9WLM9
Tuberculosis,P9WLN5
Tuberculosis,P9WLN9
Tuberculosis,P9WLP3
Tuberculosis,P9WLP5
Tuberculosis,P9WLQ3
Tuberculosis,P9WLR1
Tuberculosis,P9WLR3
Tuberculosis,P9WLR5
Tuberculosis,P9WLR7
Tuberculosis,P9WLR9
Tuberculosis,P9WLS1
Tuberculosis,P9WLS3
Tuberculosis,P9WLS7
Tuberculosis,P9WLS9
Tuberculosis,P9WLT3
Tuberculosis,P9WLT9
Tuberculosis,P9WLU1
Tuberculosis,P9WLU5
Tuberculosis,P9WLU7
Tuberculosis,P9WLU9
Tuberculosis,P9WLV1
Tuberculosis,P9WLV3
Tuberculosis,P9WLV7
Tuberculosis,P9WLV9
Tuberculosis,P9WLW1
Tuberculosis,P9WLW3
Tuberculosis,P9WLW5
Tuberculosis,P9WLW7
Tuberculosis,P9WLX1
Tuberculosis,P9WLX3
Tuberculosis,P9WLX5
Tuberculosis,P9WLX7
Tuberculosis,P9WLY1
Tuberculosis,P9WLY3
Tuberculosis,P9WLY5
Tuberculosis,P9WLY7
Tuberculosis,P9WLY9
Tuberculosis,P9WLZ3
Tuberculosis,P9WLZ5
Tuberculosis,P9WLZ9
Tuberculosis,P9WM01
Tuberculosis,P9WM03
Tuberculosis,P9WM05
Tuberculosis,P9WM09
Tuberculosis,P9WM11
Tuberculosis,P9WM15
Tuberculosis,P9WM17
Tuberculosis,P9WM19
Tuberculosis,P9WM27
Tuberculosis,P9WM29
Tuberculosis,P9WM31
Tuberculosis,P9WM33
Tuberculosis,P9WM35
Tuberculosis,P9WM37
Tuberculosis,P9WM41
Tuberculosis,P9WM43
Tuberculosis,P9WM47
Tuberculosis,P9WM49
Tuberculosis,P9WM51
Tuberculosis,P9WM57
Tuberculosis,P9WM63
Tuberculosis,P9WM69
Tuberculosis,P9WM71
Tuberculosis,P9WM73
Tuberculosis,P9WM75
Tuberculosis,P9WM77
Tuberculosis,P9WM81
Tuberculosis,P9WM85
Tuberculosis,P9WM89
Tuberculosis,P9WM91
Tuberculosis,P9WM93
Tuberculosis,P9WM95
Tuberculosis,P9WM97
Tuberculosis,P9WM99
Tuberculosis,P9WMA1
Tuberculosis,P9WMA3
Tuberculosis,P9WMA5
Tuberculosis,P9WMB1
Tuberculosis,P9WMD1
Tuberculosis,P9WME1
Tuberculosis,P9WMG3
Tuberculosis,P9WMG7
Tuberculosis,P9WMG9
Tuberculosis,P9WMI3
Tuberculosis,P9WML1
Tuberculosis,P9WML3
Tuberculosis,P9WMX9
Tuberculosis,P9WMY1
Tuberculosis,P9WNI1
Tuberculosis,P9WNJ1
Tuberculosis,P9WP07
Tuberculosis,P9WP09
Tuberculosis,P9WPC7
Tuberculosis,P9WPD7
Tuberculosis,P9WPD9
Tuberculosis,P9WPE3
Tuberculosis,P9WPI7
Tuberculosis,P9WPR1
Tuberculosis,P9WQG5
Tuberculosis,Q10690
Tuberculosis,Q10891
Tuberculosis,Q6MX07
Tuberculosis,V5QPS4
Shigellosis,A0A0H2US87
Shigellosis,A0A0H2USC0
Shigellosis,A0A0H2USG1
Shigellosis,A0A2S4N3N0
Shigellosis,P0A1C1
Shigellosis,P0A223
Shigellosis,P0A926
Shigellosis,P0AES1
Shigellosis,P18011
Shigellosis,P18012
Shigellosis,P18013
Shigellosis,P18014
Shigellosis,P33546
Shigellosis,P59332
Shigellosis,Q07566
Shigellosis,Q7BCK4
Shigellosis,Q83PG1
Shigellosis,Q8VSC3
Shigellosis,Q8VSJ7
Shigellosis,Q8VSL2
Shigellosis,Q8VSP9
Shigellosis,Q99PZ6
Shigellosis,A0A2S4MYF8
Shigellosis,A0A384KG77
Shigellosis,O06659
Shigellosis,O06662
Shigellosis,P09120
Shigellosis,P0A1X2
Shigellosis,P0A6B5
Shigellosis,P0A6Q5
Shigellosis,P0A798
Shigellosis,P0A7E8
Shigellosis,P0A923
Shigellosis,P0A958
Shigellosis,P0A9C8
Shigellosis,P0A9M4
Shigellosis,P0A9M7
Shigellosis,P0A9P8
Shigellosis,P0A9R1
Shigellosis,P0AAI4
Shigellosis,P0ABK1
Shigellosis,P0AC50
Shigellosis,P0AC80
Shigellosis,P0ADI6
Shigellosis,P0ADS1
Shigellosis,P0AE11
Shigellosis,P0AES8
Shigellosis,P0AFI4
Shigellosis,P0AFV7
Shigellosis,P0AGF9
Shigellosis,P0C040
Shigellosis,P18009
Shigellosis,P18010
Shigellosis,P19765
Shigellosis,P29698
Shigellosis,P37778
Shigellosis,P37780
Shigellosis,P59198
Shigellosis,P59321
Shigellosis,P59444
Shigellosis,P59746
Shigellosis,P63738
Shigellosis,Q04641
Shigellosis,Q54150
Shigellosis,Q54151
Shigellosis,Q54177
Shigellosis,Q7BU69
Shigellosis,Q7C0F9
Shigellosis,Q7UB34
Shigellosis,Q7UBI8
Shigellosis,Q7UC56
Shigellosis,Q821A6
Shigellosis,Q83IR6
Shigellosis,Q83IS3
Shigellosis,Q83IV7
Shigellosis,Q83IY3
Shigellosis,Q83JB3
Shigellosis,Q83JJ8
Shigellosis,Q83JS0
Shigellosis,Q83K42
Shigellosis,Q83K78
Shigellosis,Q83KB9
Shigellosis,Q83KM9
Shigellosis,Q83MG0
Shigellosis,Q83QN4
Shigellosis,Q83QP3
Shigellosis,Q83QQ0
Shigellosis,Q83QT8
Shigellosis,Q83QV0
Shigellosis,Q83RJ4
Shigellosis,Q83RR1
Shigellosis,Q83RR8
Shigellosis,Q83RW9
Shigellosis,Q83SG1
Shigellosis,A0A0H2USP8
Shigellosis,O33641
Shigellosis,P0A1I5
Shigellosis,P0A1K5
Shigellosis,P0A221
Shigellosis,P0A2U4
Shigellosis,P0A3B4
Shigellosis,P0A3C0
Shigellosis,P0A3M0
Shigellosis,P0A437
Shigellosis,P0A441
Shigellosis,P0A699
Shigellosis,P0A6A2
Shigellosis,P0A6B3
Shigellosis,P0A6C0
Shigellosis,P0A6E0
Shigellosis,P0A6E8
Shigellosis,P0A6F8
Shigellosis,P0A6G2
Shigellosis,P0A6H0
Shigellosis,P0A6H4
Shigellosis,P0A6H7
Shigellosis,P0A6I8
Shigellosis,P0A6K0
Shigellosis,P0A6K9
Shigellosis,P0A6L3
Shigellosis,P0A6L6
Shigellosis,P0A6M7
Shigellosis,P0A6Q2
Shigellosis,P0A6Q9
Shigellosis,P0A6T0
Shigellosis,P0A6T8
Shigellosis,P0A6V4
Shigellosis,P0A6W4
Shigellosis,P0A6X6
Shigellosis,P0A721
Shigellosis,P0A728
Shigellosis,P0A733
Shigellosis,P0A741
Shigellosis,P0A745
Shigellosis,P0A751
Shigellosis,P0A765
Shigellosis,P0A789
Shigellosis,P0A793
Shigellosis,P0A7A1
Shigellosis,P0A7A4
Shigellosis,P0A7B4
Shigellosis,P0A7C1
Shigellosis,P0A7C5
Shigellosis,P0A7F2
Shigellosis,P0A7F8
Shigellosis,P0A7G9
Shigellosis,P0A7I9
Shigellosis,P0A7J2
Shigellosis,P0A7J6
Shigellosis,P0A7S8
Shigellosis,P0A7W6
Shigellosis,P0A7Y3
Shigellosis,P0A7Y7
Shigellosis,P0A7Z3
Shigellosis,P0A7Z9
Shigellosis,P0A820
Shigellosis,P0A827
Shigellosis,P0A839
Shigellosis,P0A852
Shigellosis,P0A861
Shigellosis,P0A865
Shigellosis,P0A872
Shigellosis,P0A880
Shigellosis,P0A889
Shigellosis,P0A8A7
Shigellosis,P0A8F3
Shigellosis,P0A8F7
Shigellosis,P0A8G8
Shigellosis,P0A8I7
Shigellosis,P0A8K0
Shigellosis,P0A8K4
Shigellosis,P0A8L4
Shigellosis,P0A8M5
Shigellosis,P0A8P0
Shigellosis,P0A8P2
Shigellosis,P0A8T9
Shigellosis,P0A8V1
Shigellosis,P0A8V5
Shigellosis,P0A8Y4
Shigellosis,P0A8Y7
Shigellosis,P0A961
Shigellosis,P0A995
Shigellosis,P0A9A1
Shigellosis,P0A9B5
Shigellosis,P0A9B9
Shigellosis,P0A9C2
Shigellosis,P0A9C4
Shigellosis,P0A9D1
Shigellosis,P0A9D9
Shigellosis,P0A9G5
Shigellosis,P0A9H0
Shigellosis,P0A9J3
Shigellosis,P0A9J5
Shigellosis,P0A9K0
Shigellosis,P0A9L2
Shigellosis,P0A9L4
Shigellosis,P0A9M9
Shigellosis,P0A9N7
Shigellosis,P0A9P3
Shigellosis,P0A9S9
Shigellosis,P0A9T3
Shigellosis,P0A9V4
Shigellosis,P0A9W5
Shigellosis,P0AA21
Shigellosis,P0AA30
Shigellosis,P0AA38
Shigellosis,P0AA40
Shigellosis,P0AA46
Shigellosis,P0AA88
Shigellosis,P0AAF9
Shigellosis,P0AAG2
Shigellosis,P0AAG9
Shigellosis,P0AAH3
Shigellosis,P0AAI8
Shigellosis,P0AAJ4
Shigellosis,P0AAJ7
Shigellosis,P0AB70
Shigellosis,P0AB73
Shigellosis,P0AB79
Shigellosis,P0AB88
Shigellosis,P0ABA3
Shigellosis,P0ABB3
Shigellosis,P0ABB7
Shigellosis,P0ABC2
Shigellosis,P0ABD7
Shigellosis,P0ABE6
Shigellosis,P0ABF7
Shigellosis,P0ABG3
Shigellosis,P0ABG9
Shigellosis,P0ABI7
Shigellosis,P0ABJ5
Shigellosis,P0ABJ8
Shigellosis,P0ABN4
Shigellosis,P0ABN8
Shigellosis,P0ABP2
Shigellosis,P0ABQ6
Shigellosis,P0ABS7
Shigellosis,P0ABT4
Shigellosis,P0ABU4
Shigellosis,P0ABZ9
Shigellosis,P0AC01
Shigellosis,P0AC15
Shigellosis,P0AC18
Shigellosis,P0AC40
Shigellosis,P0AC46
Shigellosis,P0AC58
Shigellosis,P0AC83
Shigellosis,P0AC91
Shigellosis,P0ACB1
Shigellosis,P0ACB3
Shigellosis,P0ACC2
Shigellosis,P0ACD9
Shigellosis,P0ACE2
Shigellosis,P0ACG3
Shigellosis,P0ACK1
Shigellosis,P0ACP9
Shigellosis,P0ACV3
Shigellosis,P0AD16
Shigellosis,P0AD43
Shigellosis,P0ADA4
Shigellosis,P0ADG3
Shigellosis,P0ADG9
Shigellosis,P0AE03
Shigellosis,P0AE21
Shigellosis,P0AE23
Shigellosis,P0AE55
Shigellosis,P0AEC4
Shigellosis,P0AED8
Shigellosis,P0AEE7
Shigellosis,P0AEF3
Shigellosis,P0AEJ5
Shigellosis,P0AEK3
Shigellosis,P0AEK6
Shigellosis,P0AEK9
Shigellosis,P0AEM3
Shigellosis,P0AEP6
Shigellosis,P0AES5
Shigellosis,P0AEZ2
Shigellosis,P0AEZ6
Shigellosis,P0AF15
Shigellosis,P0AF39
Shigellosis,P0AF95
Shigellosis,P0AFA4
Shigellosis,P0AFB7
Shigellosis,P0AFC2
Shigellosis,P0AFC6
Shigellosis,P0AFD0
Shigellosis,P0AFD3
Shigellosis,P0AFD9
Shigellosis,P0AFE3
Shigellosis,P0AFE7
Shigellosis,P0AFF9
Shigellosis,P0AFH1
Shigellosis,P0AFI6
Shigellosis,P0AFI8
Shigellosis,P0AFT1
Shigellosis,P0AFZ9
Shigellosis,P0AG10
Shigellosis,P0AG17
Shigellosis,P0AG23
Shigellosis,P0AG26
Shigellosis,P0AG33
Shigellosis,P0AG43
Shigellosis,P0AGB2
Shigellosis,P0AGB9
Shigellosis,P0AGC6
Shigellosis,P0AGE3
Shigellosis,P0AGE8
Shigellosis,P0AGG7
Shigellosis,P0AGL1
Shigellosis,P0C094
Shigellosis,P0C0S0
Shigellosis,P0C0T6
Shigellosis,P28901
Shigellosis,P30851
Shigellosis,P31140
Shigellosis,P35540
Shigellosis,P37756
Shigellosis,P37777
Shigellosis,P37779
Shigellosis,P37784
Shigellosis,P37791
Shigellosis,P37792
Shigellosis,P37793
Shigellosis,P45607
Shigellosis,P48464
Shigellosis,P59132
Shigellosis,P59176
Shigellosis,P59197
Shigellosis,P59252
Shigellosis,P59293
Shigellosis,P59302
Shigellosis,P59310
Shigellosis,P59341
Shigellosis,P59342
Shigellosis,P59393
Shigellosis,P59394
Shigellosis,P59395
Shigellosis,P59401
Shigellosis,P59402
Shigellosis,P59405
Shigellosis,P59409
Shigellosis,P59437
Shigellosis,P59600
Shigellosis,P59609
Shigellosis,P59639
Shigellosis,P59663
Shigellosis,P59688
Shigellosis,P59714
Shigellosis,P59735
Shigellosis,P59736
Shigellosis,P59737
Shigellosis,P59738
Shigellosis,P59739
Shigellosis,P59740
Shigellosis,P59783
Shigellosis,P59815
Shigellosis,P60064
Shigellosis,P60429
Shigellosis,P60475
Shigellosis,P60587
Shigellosis,P60719
Shigellosis,P60788
Shigellosis,P61718
Shigellosis,P61888
Shigellosis,P62619
Shigellosis,P62710
Shigellosis,P63227
Shigellosis,P63230
Shigellosis,P63236
Shigellosis,P63487
Shigellosis,P63634
Shigellosis,P64149
Shigellosis,P64177
Shigellosis,P64556
Shigellosis,P64637
Shigellosis,P65324
Shigellosis,P65369
Shigellosis,P65553
Shigellosis,P65814
Shigellosis,P65835
Shigellosis,P65872
Shigellosis,P66683
Shigellosis,P66829
Shigellosis,P66949
Shigellosis,P67067
Shigellosis,P67387
Shigellosis,P67654
Shigellosis,P68397
Shigellosis,P68689
Shigellosis,P68705
Shigellosis,P69349
Shigellosis,P69493
Shigellosis,P69780
Shigellosis,P69785
Shigellosis,P69794
Shigellosis,P69800
Shigellosis,P69804
Shigellosis,P69819
Shigellosis,P69858
Shigellosis,P69877
Shigellosis,P69903
Shigellosis,P69912
Shigellosis,P69923
Shigellosis,P83844
Shigellosis,Q04640
Shigellosis,Q7C093
Shigellosis,Q7C1M3
Shigellosis,Q7C397
Shigellosis,Q7UAE6
Shigellosis,Q7UAE7
Shigellosis,Q7UAH4
Shigellosis,Q7UB84
Shigellosis,Q7UBC5
Shigellosis,Q7UBD0
Shigellosis,Q7UBD3
Shigellosis,Q7UBI7
Shigellosis,Q7UBT0
Shigellosis,Q7UBU3
Shigellosis,Q7UBW5
Shigellosis,Q7UC29
Shigellosis,Q7UC63
Shigellosis,Q7UC91
Shigellosis,Q7UCI6
Shigellosis,Q7UCI7
Shigellosis,Q7UCW4
Shigellosis,Q7UDD0
Shigellosis,Q7UDL2
Shigellosis,Q7UDT5
Shigellosis,Q7UDT8
Shigellosis,Q7UDU1
Shigellosis,Q7ZAL9
Shigellosis,Q7ZAM0
Shigellosis,Q7ZAM1
Shigellosis,Q820C5
Shigellosis,Q820C8
Shigellosis,Q820Z9
Shigellosis,Q821A9
Shigellosis,Q821B0
Shigellosis,Q821C1
Shigellosis,Q821C2
Shigellosis,Q83IH7
Shigellosis,Q83IJ0
Shigellosis,Q83IK0
Shigellosis,Q83IM2
Shigellosis,Q83IM5
Shigellosis,Q83IN1
Shigellosis,Q83IN9
Shigellosis,Q83IP5
Shigellosis,Q83IP6
Shigellosis,Q83IR9
Shigellosis,Q83IS4
Shigellosis,Q83IT3
Shigellosis,Q83IU3
Shigellosis,Q83IU4
Shigellosis,Q83IU5
Shigellosis,Q83IW0
Shigellosis,Q83IY4
Shigellosis,Q83J15
Shigellosis,Q83J28
Shigellosis,Q83J33
Shigellosis,Q83J77
Shigellosis,Q83J78
Shigellosis,Q83J89
Shigellosis,Q83J96
Shigellosis,Q83JA5
Shigellosis,Q83JC3
Shigellosis,Q83JC4
Shigellosis,Q83JD1
Shigellosis,Q83JF4
Shigellosis,Q83JF9
Shigellosis,Q83JG0
Shigellosis,Q83JU6
Shigellosis,Q83JV7
Shigellosis,Q83JW6
Shigellosis,Q83JW7
Shigellosis,Q83JW9
Shigellosis,Q83JX8
Shigellosis,Q83JX9
Shigellosis,Q83JY2
Shigellosis,Q83JY3
Shigellosis,Q83K04
Shigellosis,Q83K39
Shigellosis,Q83K43
Shigellosis,Q83K58
Shigellosis,Q83K75
Shigellosis,Q83K81
Shigellosis,Q83K84
Shigellosis,Q83K95
Shigellosis,Q83KA2
Shigellosis,Q83KB5
Shigellosis,Q83KB6
Shigellosis,Q83KB7
Shigellosis,Q83KD5
Shigellosis,Q83KF1
Shigellosis,Q83KH0
Shigellosis,Q83KH2
Shigellosis,Q83KI0
Shigellosis,Q83KJ5
Shigellosis,Q83KJ7
Shigellosis,Q83KK8
Shigellosis,Q83KM2
Shigellosis,Q83KP2
Shigellosis,Q83KR5
Shigellosis,Q83KR7
Shigellosis,Q83KS0
Shigellosis,Q83KS7
Shigellosis,Q83KV7
Shigellosis,Q83KX8
Shigellosis,Q83KY0
Shigellosis,Q83KY1
Shigellosis,Q83KY6
Shigellosis,Q83KZ1
Shigellosis,Q83L16
Shigellosis,Q83L33
Shigellosis,Q83L36
Shigellosis,Q83L37
Shigellosis,Q83L52
Shigellosis,Q83L66
Shigellosis,Q83LB6
Shigellosis,Q83LD8
Shigellosis,Q83LE1
Shigellosis,Q83LF7
Shigellosis,Q83LK4
Shigellosis,Q83LK9
Shigellosis,Q83LP0
Shigellosis,Q83LP1
Shigellosis,Q83LP3
Shigellosis,Q83LR7
Shigellosis,Q83LT1
Shigellosis,Q83LT3
Shigellosis,Q83LU7
Shigellosis,Q83LW9
Shigellosis,Q83LX4
Shigellosis,Q83LY3
Shigellosis,Q83LY4
Shigellosis,Q83LZ7
Shigellosis,Q83M01
Shigellosis,Q83M27
Shigellosis,Q83M28
Shigellosis,Q83M40
Shigellosis,Q83M51
Shigellosis,Q83M66
Shigellosis,Q83M86
Shigellosis,Q83MA0
Shigellosis,Q83MC1
Shigellosis,Q83MC5
Shigellosis,Q83MD3
Shigellosis,Q83MD4
Shigellosis,Q83MD6
Shigellosis,Q83MD7
Shigellosis,Q83ME5
Shigellosis,Q83MF0
Shigellosis,Q83MF7
Shigellosis,Q83MF8
Shigellosis,Q83MF9
Shigellosis,Q83MG3
Shigellosis,Q83MG8
Shigellosis,Q83MG9
Shigellosis,Q83MH1
Shigellosis,Q83MH2
Shigellosis,Q83MI1
Shigellosis,Q83MJ0
Shigellosis,Q83MJ8
Shigellosis,Q83MJ9
Shigellosis,Q83MK2
Shigellosis,Q83ML0
Shigellosis,Q83ML6
Shigellosis,Q83ML8
Shigellosis,Q83MN1
Shigellosis,Q83MN4
Shigellosis,Q83P00
Shigellosis,Q83P01
Shigellosis,Q83P02
Shigellosis,Q83P06
Shigellosis,Q83P19
Shigellosis,Q83P26
Shigellosis,Q83P27
Shigellosis,Q83P29
Shigellosis,Q83P33
Shigellosis,Q83P64
Shigellosis,Q83P93
Shigellosis,Q83P97
Shigellosis,Q83PB5
Shigellosis,Q83PB7
Shigellosis,Q83PB8
Shigellosis,Q83PB9
Shigellosis,Q83PC0
Shigellosis,Q83PC5
Shigellosis,Q83PC7
Shigellosis,Q83PD4
Shigellosis,Q83PD6
Shigellosis,Q83PD9
Shigellosis,Q83PE1
Shigellosis,Q83PG0
Shigellosis,Q83PG2
Shigellosis,Q83PG4
Shigellosis,Q83PH4
Shigellosis,Q83PH8
Shigellosis,Q83PI6
Shigellosis,Q83PJ1
Shigellosis,Q83PJ3
Shigellosis,Q83PL3
Shigellosis,Q83PN2
Shigellosis,Q83PP2
Shigellosis,Q83PP7
Shigellosis,Q83PQ6
Shigellosis,Q83PR1
Shigellosis,Q83PR3
Shigellosis,Q83PS8
Shigellosis,Q83PV3
Shigellosis,Q83PW0
Shigellosis,Q83PX0
Shigellosis,Q83PX1
Shigellosis,Q83PX9
Shigellosis,Q83PZ1
Shigellosis,Q83PZ3
Shigellosis,Q83PZ5
Shigellosis,Q83Q14
Shigellosis,Q83Q15
Shigellosis,Q83Q34
Shigellosis,Q83Q42
Shigellosis,Q83Q83
Shigellosis,Q83Q91
Shigellosis,Q83Q93
Shigellosis,Q83QA2
Shigellosis,Q83QB2
Shigellosis,Q83QC3
Shigellosis,Q83QC7
Shigellosis,Q83QD5
Shigellosis,Q83QD9
Shigellosis,Q83QE0
Shigellosis,Q83QE3
Shigellosis,Q83QI5
Shigellosis,Q83QJ8
Shigellosis,Q83QK5
Shigellosis,Q83QK7
Shigellosis,Q83QL1
Shigellosis,Q83QL4
Shigellosis,Q83QM8
Shigellosis,Q83QN1
Shigellosis,Q83QN3
Shigellosis,Q83QQ5
Shigellosis,Q83QQ8
Shigellosis,Q83QR1
Shigellosis,Q83QR3
Shigellosis,Q83QS4
Shigellosis,Q83QS6
Shigellosis,Q83QS9
Shigellosis,Q83QT2
Shigellosis,Q83QT6
Shigellosis,Q83QT9
Shigellosis,Q83QW6
Shigellosis,Q83QY5
Shigellosis,Q83QZ5
Shigellosis,Q83R03
Shigellosis,Q83R05
Shigellosis,Q83R13
Shigellosis,Q83R47
Shigellosis,Q83R52
Shigellosis,Q83R53
Shigellosis,Q83R81
Shigellosis,Q83R90
Shigellosis,Q83RA1
Shigellosis,Q83RA2
Shigellosis,Q83RB9
Shigellosis,Q83RC0
Shigellosis,Q83RE8
Shigellosis,Q83RG5
Shigellosis,Q83RJ3
Shigellosis,Q83RM1
Shigellosis,Q83RM8
Shigellosis,Q83RN5
Shigellosis,Q83RP1
Shigellosis,Q83RP6
Shigellosis,Q83RP9
Shigellosis,Q83RQ1
Shigellosis,Q83RR0
Shigellosis,Q83RR6
Shigellosis,Q83RR9
Shigellosis,Q83RS0
Shigellosis,Q83RS8
Shigellosis,Q83RS9
Shigellosis,Q83RT8
Shigellosis,Q83RX5
Shigellosis,Q83RX6
Shigellosis,Q83RY8
Shigellosis,Q83S00
Shigellosis,Q83S05
Shigellosis,Q83S14
Shigellosis,Q83S18
Shigellosis,Q83S40
Shigellosis,Q83S42
Shigellosis,Q83S45
Shigellosis,Q83S46
Shigellosis,Q83SC8
Shigellosis,Q83SD5
Shigellosis,Q83SE5
Shigellosis,Q83SF7
Shigellosis,Q83SG2
Shigellosis,Q83SM0
Shigellosis,Q83SM9
Shigellosis,Q83SN2
Shigellosis,Q83SP0
Shigellosis,Q83SP1
Shigellosis,Q83SQ0
Shigellosis,Q83SQ1
Shigellosis,Q83SQ3
Shigellosis,Q83SQ4
Shigellosis,Q83SQ9
Shigellosis,Q8VSL8
Shigellosis,Q93CP9
Shigellosis,Q99PY0
Shigellosis,Q99Q01
Shigellosis,A0A0H2UZX2
Shigellosis,O06663
Shigellosis,O51824
Shigellosis,O68874
Shigellosis,P0A199
Shigellosis,P0A1K3
Shigellosis,P0A1K9
Shigellosis,P0A1L3
Shigellosis,P0A1M4
Shigellosis,P0A1M6
Shigellosis,P0A1M8
Shigellosis,P0A225
Shigellosis,P0A227
Shigellosis,P0A247
Shigellosis,P0A2S7
Shigellosis,P0A2T1
Shigellosis,P0A4D2
Shigellosis,P0A4S0
Shigellosis,P0A6D2
Shigellosis,P0A6N7
Shigellosis,P0A6P4
Shigellosis,P0A6R8
Shigellosis,P0A6S2
Shigellosis,P0A6S4
Shigellosis,P0A6U2
Shigellosis,P0A6V7
Shigellosis,P0A6W8
Shigellosis,P0A6Y0
Shigellosis,P0A6Y4
Shigellosis,P0A6Z9
Shigellosis,P0A702
Shigellosis,P0A704
Shigellosis,P0A714
Shigellosis,P0A716
Shigellosis,P0A724
Shigellosis,P0A730
Shigellosis,P0A753
Shigellosis,P0A775
Shigellosis,P0A779
Shigellosis,P0A783
Shigellosis,P0A7D0
Shigellosis,P0A7E0
Shigellosis,P0A7G1
Shigellosis,P0A7G5
Shigellosis,P0A7H9
Shigellosis,P0A7I3
Shigellosis,P0A7K5
Shigellosis,P0A7K9
Shigellosis,P0A7M1
Shigellosis,P0A7M5
Shigellosis,P0A7N8
Shigellosis,P0A7P4
Shigellosis,P0A7Q0
Shigellosis,P0A7Q5
Shigellosis,P0A7R0
Shigellosis,P0A7R4
Shigellosis,P0A7R8
Shigellosis,P0A7S2
Shigellosis,P0A7T2
Shigellosis,P0A7T6
Shigellosis,P0A7U2
Shigellosis,P0A7U6
Shigellosis,P0A7X2
Shigellosis,P0A7X9
Shigellosis,P0A7Y9
Shigellosis,P0A808
Shigellosis,P0A835
Shigellosis,P0A846
Shigellosis,P0A854
Shigellosis,P0A876
Shigellosis,P0A878
Shigellosis,P0A883
Shigellosis,P0A893
Shigellosis,P0A897
Shigellosis,P0A899
Shigellosis,P0A8B1
Shigellosis,P0A8B4
Shigellosis,P0A8C0
Shigellosis,P0A8G5
Shigellosis,P0A8H2
Shigellosis,P0A8H7
Shigellosis,P0A8I0
Shigellosis,P0A8J1
Shigellosis,P0A8J3
Shigellosis,P0A8M2
Shigellosis,P0A8M9
Shigellosis,P0A8N2
Shigellosis,P0A8P5
Shigellosis,P0A8Q5
Shigellosis,P0A8Q9
Shigellosis,P0A8R3
Shigellosis,P0A8S0
Shigellosis,P0A8S4
Shigellosis,P0A8S8
Shigellosis,P0A8T4
Shigellosis,P0A8U9
Shigellosis,P0A8V9
Shigellosis,P0A8W1
Shigellosis,P0A8W4
Shigellosis,P0A8Z2
Shigellosis,P0A8Z6
Shigellosis,P0A904
Shigellosis,P0A907
Shigellosis,P0A909
Shigellosis,P0A914
Shigellosis,P0A916
Shigellosis,P0A920
Shigellosis,P0A929
Shigellosis,P0A934
Shigellosis,P0A939
Shigellosis,P0A943
Shigellosis,P0A947
Shigellosis,P0A950
Shigellosis,P0A967
Shigellosis,P0A971
Shigellosis,P0A975
Shigellosis,P0A981
Shigellosis,P0A9A5
Shigellosis,P0A9D7
Shigellosis,P0A9E8
Shigellosis,P0A9G1
Shigellosis,P0A9G3
Shigellosis,P0A9I4
Shigellosis,P0A9I7
Shigellosis,P0A9K6
Shigellosis,P0A9K8
Shigellosis,P0A9L9
Shigellosis,P0A9N3
Shigellosis,P0A9Q4
Shigellosis,P0A9R6
Shigellosis,P0A9S0
Shigellosis,P0A9T5
Shigellosis,P0A9U0
Shigellosis,P0A9U2
Shigellosis,P0A9U7
Shigellosis,P0A9V9
Shigellosis,P0A9W8
Shigellosis,P0A9X8
Shigellosis,P0A9Y4
Shigellosis,P0A9Z6
Shigellosis,P0AA09
Shigellosis,P0AA15
Shigellosis,P0AA42
Shigellosis,P0AA52
Shigellosis,P0AA59
Shigellosis,P0AA66
Shigellosis,P0AA75
Shigellosis,P0AAA8
Shigellosis,P0AAB1
Shigellosis,P0AAC3
Shigellosis,P0AAD1
Shigellosis,P0AAD3
Shigellosis,P0AAD5
Shigellosis,P0AAE7
Shigellosis,P0AAH7
Shigellosis,P0AAI0
Shigellosis,P0AAK0
Shigellosis,P0AAK3
Shigellosis,P0AAK9
Shigellosis,P0AAL5
Shigellosis,P0AAM6
Shigellosis,P0AAN0
Shigellosis,P0AAQ5
Shigellosis,P0AAR4
Shigellosis,P0AAR9
Shigellosis,P0AAS4
Shigellosis,P0AAS8
Shigellosis,P0AAT5
Shigellosis,P0AAT8
Shigellosis,P0AAW0
Shigellosis,P0AAX2
Shigellosis,P0AB09
Shigellosis,P0AB11
Shigellosis,P0AB19
Shigellosis,P0AB23
Shigellosis,P0AB25
Shigellosis,P0AB95
Shigellosis,P0AB97
Shigellosis,P0ABA9
Shigellosis,P0ABC6
Shigellosis,P0ABE1
Shigellosis,P0ABE4
Shigellosis,P0ABH3
Shigellosis,P0ABL4
Shigellosis,P0ABM4
Shigellosis,P0ABM8
Shigellosis,P0ABN0
Shigellosis,P0ABP5
Shigellosis,P0ABS4
Shigellosis,P0ABT1
Shigellosis,P0ABU6
Shigellosis,P0ABV1
Shigellosis,P0ABV5
Shigellosis,P0ABV9
Shigellosis,P0ABW2
Shigellosis,P0ABX1
Shigellosis,P0ABY1
Shigellosis,P0ABZ0
Shigellosis,P0AC10
Shigellosis,P0AC22
Shigellosis,P0AC27
Shigellosis,P0AC32
Shigellosis,P0AC37
Shigellosis,P0AC52
Shigellosis,P0AC68
Shigellosis,P0AC72
Shigellosis,P0AC87
Shigellosis,P0ACA0
Shigellosis,P0ACA6
Shigellosis,P0ACA9
Shigellosis,P0ACC0
Shigellosis,P0ACC6
Shigellosis,P0ACD1
Shigellosis,P0ACD3
Shigellosis,P0ACD7
Shigellosis,P0ACE6
Shigellosis,P0ACE9
Shigellosis,P0ACF3
Shigellosis,P0ACF7
Shigellosis,P0ACG5
Shigellosis,P0ACH4
Shigellosis,P0ACH7
Shigellosis,P0ACI2
Shigellosis,P0ACI9
Shigellosis,P0ACJ3
Shigellosis,P0ACK9
Shigellosis,P0ACL1
Shigellosis,P0ACL4
Shigellosis,P0ACL8
Shigellosis,P0ACM4
Shigellosis,P0ACN1
Shigellosis,P0ACP0
Shigellosis,P0ACP4
Shigellosis,P0ACQ3
Shigellosis,P0ACQ9
Shigellosis,P0ACR8
Shigellosis,P0ACS4
Shigellosis,P0ACT1
Shigellosis,P0ACT9
Shigellosis,P0ACU1
Shigellosis,P0ACU4
Shigellosis,P0ACU6
Shigellosis,P0ACV5
Shigellosis,P0ACX4
Shigellosis,P0ACX8
Shigellosis,P0ACZ7
Shigellosis,P0AD20
Shigellosis,P0AD48
Shigellosis,P0AD52
Shigellosis,P0AD58
Shigellosis,P0AD88
Shigellosis,P0ADB0
Shigellosis,P0ADB3
Shigellosis,P0ADC0
Shigellosis,P0ADD6
Shigellosis,P0ADE9
Shigellosis,P0ADH9
Shigellosis,P0ADJ2
Shigellosis,P0ADJ9
Shigellosis,P0ADL2
Shigellosis,P0ADN5
Shigellosis,P0ADN9
Shigellosis,P0ADP1
Shigellosis,P0ADP4
Shigellosis,P0ADP8
Shigellosis,P0ADR5
Shigellosis,P0ADS5
Shigellosis,P0ADT4
Shigellosis,P0ADU1
Shigellosis,P0ADU4
Shigellosis,P0ADV4
Shigellosis,P0ADV8
Shigellosis,P0ADW2
Shigellosis,P0ADY6
Shigellosis,P0ADZ3
Shigellosis,P0ADZ6
Shigellosis,P0AE00
Shigellosis,P0AE15
Shigellosis,P0AE27
Shigellosis,P0AE33
Shigellosis,P0AE36
Shigellosis,P0AE41
Shigellosis,P0AE62
Shigellosis,P0AE69
Shigellosis,P0AE81
Shigellosis,P0AE87
Shigellosis,P0AE90
Shigellosis,P0AED3
Shigellosis,P0AED6
Shigellosis,P0AEE2
Shigellosis,P0AEI9
Shigellosis,P0AEM5
Shigellosis,P0AEN7
Shigellosis,P0AEQ9
Shigellosis,P0AER9
Shigellosis,P0AET1
Shigellosis,P0AET4
Shigellosis,P0AEU6
Shigellosis,P0AEV0
Shigellosis,P0AEV3
Shigellosis,P0AEW3
Shigellosis,P0AEX2
Shigellosis,P0AEX4
Shigellosis,P0AEX6
Shigellosis,P0AEY2
Shigellosis,P0AF05
Shigellosis,P0AF23
Shigellosis,P0AF31
Shigellosis,P0AF44
Shigellosis,P0AF66
Shigellosis,P0AF69
Shigellosis,P0AF85
Shigellosis,P0AF92
Shigellosis,P0AFA1
Shigellosis,P0AFB4
Shigellosis,P0AFF5
Shigellosis,P0AFG2
Shigellosis,P0AFH5
Shigellosis,P0AFK3
Shigellosis,P0AFK5
Shigellosis,P0AFL0
Shigellosis,P0AFM1
Shigellosis,P0AFM8
Shigellosis,P0AFN5
Shigellosis,P0AFN9
Shigellosis,P0AFP3
Shigellosis,P0AFQ1
Shigellosis,P0AFR1
Shigellosis,P0AFR6
Shigellosis,P0AFR8
Shigellosis,P0AFS0
Shigellosis,P0AFS2
Shigellosis,P0AFS6
Shigellosis,P0AFS8
Shigellosis,P0AFT4
Shigellosis,P0AFU9
Shigellosis,P0AFW7
Shigellosis,P0AFX3
Shigellosis,P0AFX6
Shigellosis,P0AFY1
Shigellosis,P0AFY5
Shigellosis,P0AFZ0
Shigellosis,P0AG02
Shigellosis,P0AG13
Shigellosis,P0AG15
Shigellosis,P0AG37
Shigellosis,P0AG47
Shigellosis,P0AG50
Shigellosis,P0AG54
Shigellosis,P0AG58
Shigellosis,P0AG62
Shigellosis,P0AG66
Shigellosis,P0AG70
Shigellosis,P0AG73
Shigellosis,P0AG79
Shigellosis,P0AG83
Shigellosis,P0AG89
Shigellosis,P0AG92
Shigellosis,P0AGA5
Shigellosis,P0AGA9
Shigellosis,P0AGC2
Shigellosis,P0AGC8
Shigellosis,P0AGD6
Shigellosis,P0AGH0
Shigellosis,P0AGH2
Shigellosis,P0AGH7
Shigellosis,P0AGI0
Shigellosis,P0AGI7
Shigellosis,P0AGJ1
Shigellosis,P0AGJ4
Shigellosis,P0AGL4
Shigellosis,P0AGL6
Shigellosis,P0AGL9
Shigellosis,P0AGM4
Shigellosis,P0AGN2
Shigellosis,P0C021
Shigellosis,P0C057
Shigellosis,P0C060
Shigellosis,P0C078
Shigellosis,P0C080
Shigellosis,P0C0L3
Shigellosis,P0C0M1
Shigellosis,P0C0S3
Shigellosis,P0C887
Shigellosis,P33547
Shigellosis,P35530
Shigellosis,P37776
Shigellosis,P37781
Shigellosis,P37782
Shigellosis,P37783
Shigellosis,P37785
Shigellosis,P37786
Shigellosis,P43262
Shigellosis,P52235
Shigellosis,P59107
Shigellosis,P59184
Shigellosis,P59189
Shigellosis,P59194
Shigellosis,P59195
Shigellosis,P59196
Shigellosis,P59269
Shigellosis,P59330
Shigellosis,P59335
Shigellosis,P59339
Shigellosis,P59361
Shigellosis,P59403
Shigellosis,P59442
Shigellosis,P59445
Shigellosis,P59561
Shigellosis,P59585
Shigellosis,P59619
Shigellosis,P59638
Shigellosis,P59640
Shigellosis,P59673
Shigellosis,P59675
Shigellosis,P59699
Shigellosis,P59715
Shigellosis,P59728
Shigellosis,P59741
Shigellosis,P59784
Shigellosis,P60294
Shigellosis,P60447
Shigellosis,P60548
Shigellosis,P60634
Shigellosis,P60657
Shigellosis,P60874
Shigellosis,P60960
Shigellosis,P61319
Shigellosis,P61322
Shigellosis,P61518
Shigellosis,P62398
Shigellosis,P62519
Shigellosis,P62537
Shigellosis,P62572
Shigellosis,P62574
Shigellosis,P63023
Shigellosis,P63180
Shigellosis,P63203
Shigellosis,P63207
Shigellosis,P63422
Shigellosis,P63748
Shigellosis,P64428
Shigellosis,P64450
Shigellosis,P64470
Shigellosis,P64514
Shigellosis,P64533
Shigellosis,P64553
Shigellosis,P64580
Shigellosis,P64584
Shigellosis,P64603
Shigellosis,P64609
Shigellosis,P65959
Shigellosis,P66001
Shigellosis,P66025
Shigellosis,P66075
Shigellosis,P66608
Shigellosis,P66819
Shigellosis,P67027
Shigellosis,P67145
Shigellosis,P67156
Shigellosis,P67554
Shigellosis,P67560
Shigellosis,P67677
Shigellosis,P67703
Shigellosis,P67825
Shigellosis,P68186
Shigellosis,P68667
Shigellosis,P68685
Shigellosis,P68918
Shigellosis,P69214
Shigellosis,P69227
Shigellosis,P69410
Shigellosis,P69427
Shigellosis,P69431
Shigellosis,P69505
Shigellosis,P69790
Shigellosis,P69815
Shigellosis,P69855
Shigellosis,P69918
Shigellosis,P69934
Shigellosis,P69938
Shigellosis,P95745
Shigellosis,Q06081
Shigellosis,Q08860
Shigellosis,Q54155
Shigellosis,Q6XVY3
Shigellosis,Q7BZ80
Shigellosis,Q7BZ90
Shigellosis,Q7C0D0
Shigellosis,Q7C1E6
Shigellosis,Q7C1M5
Shigellosis,Q7C254
Shigellosis,Q7UAH8
Shigellosis,Q7UAJ5
Shigellosis,Q7UAV7
Shigellosis,Q7UBC6
Shigellosis,Q7UBE9
Shigellosis,Q7UBJ3
Shigellosis,Q7UBP8
Shigellosis,Q7UC61
Shigellosis,Q7UCD5
Shigellosis,Q7UCG7
Shigellosis,Q7UCH6
Shigellosis,Q7UCL3
Shigellosis,Q7UCT6
Shigellosis,Q7UCU1
Shigellosis,Q7UD30
Shigellosis,Q7UDF6
Shigellosis,Q7UDF9
Shigellosis,Q7UDG0
Shigellosis,Q7UDQ6
Shigellosis,Q7UDT6
Shigellosis,Q820Z6
Shigellosis,Q821A5
Shigellosis,Q821B1
Shigellosis,Q821B3
Shigellosis,Q821B6
Shigellosis,Q83IH3
Shigellosis,Q83II5
Shigellosis,Q83II8
Shigellosis,Q83II9
Shigellosis,Q83IJ9
Shigellosis,Q83IL8
Shigellosis,Q83IP7
Shigellosis,Q83IQ8
Shigellosis,Q83IS7
Shigellosis,Q83IU1
Shigellosis,Q83IX2
Shigellosis,Q83IX5
Shigellosis,Q83IX6
Shigellosis,Q83IY2
Shigellosis,Q83IZ9
Shigellosis,Q83J01
Shigellosis,Q83J38
Shigellosis,Q83J60
Shigellosis,Q83J92
Shigellosis,Q83J94
Shigellosis,Q83J98
Shigellosis,Q83JB1
Shigellosis,Q83JB2
Shigellosis,Q83JC0
Shigellosis,Q83JC1
Shigellosis,Q83JC2
Shigellosis,Q83JE1
Shigellosis,Q83JE2
Shigellosis,Q83JH9
Shigellosis,Q83JJ9
Shigellosis,Q83JL2
Shigellosis,Q83JS4
Shigellosis,Q83JS6
Shigellosis,Q83JU1
Shigellosis,Q83JU2
Shigellosis,Q83JY0
Shigellosis,Q83JZ0
Shigellosis,Q83JZ4
Shigellosis,Q83K21
Shigellosis,Q83K22
Shigellosis,Q83K24
Shigellosis,Q83K38
Shigellosis,Q83K44
Shigellosis,Q83K56
Shigellosis,Q83K86
Shigellosis,Q83KB1
Shigellosis,Q83KD8
Shigellosis,Q83KE6
Shigellosis,Q83KF5
Shigellosis,Q83KH7
Shigellosis,Q83KI4
Shigellosis,Q83KI5
Shigellosis,Q83KI8
Shigellosis,Q83KJ6
Shigellosis,Q83KJ8
Shigellosis,Q83KQ3
Shigellosis,Q83KQ5
Shigellosis,Q83KR4
Shigellosis,Q83KS1
Shigellosis,Q83KS5
Shigellosis,Q83KW2
Shigellosis,Q83KY5
Shigellosis,Q83KY7
Shigellosis,Q83KZ2
Shigellosis,Q83L10
Shigellosis,Q83L12
Shigellosis,Q83L15
Shigellosis,Q83L29
Shigellosis,Q83L38
Shigellosis,Q83L76
Shigellosis,Q83L78
Shigellosis,Q83LB2
Shigellosis,Q83LC9
Shigellosis,Q83LF6
Shigellosis,Q83LF8
Shigellosis,Q83LH9
Shigellosis,Q83LI8
Shigellosis,Q83LJ0
Shigellosis,Q83LK1
Shigellosis,Q83LK5
Shigellosis,Q83LK6
Shigellosis,Q83LK7
Shigellosis,Q83LK8
Shigellosis,Q83LL9
Shigellosis,Q83LM0
Shigellosis,Q83LN2
Shigellosis,Q83LN3
Shigellosis,Q83LN8
Shigellosis,Q83LP7
Shigellosis,Q83LU4
Shigellosis,Q83LU8
Shigellosis,Q83LX0
Shigellosis,Q83LX5
Shigellosis,Q83LY1
Shigellosis,Q83M14
Shigellosis,Q83M39
Shigellosis,Q83M42
Shigellosis,Q83M49
Shigellosis,Q83M63
Shigellosis,Q83M81
Shigellosis,Q83MA8
Shigellosis,Q83MC8
Shigellosis,Q83ME2
Shigellosis,Q83MF4
Shigellosis,Q83MF6
Shigellosis,Q83MG1
Shigellosis,Q83MG5
Shigellosis,Q83MH0
Shigellosis,Q83MH5
Shigellosis,Q83MH9
Shigellosis,Q83MJ2
Shigellosis,Q83MK8
Shigellosis,Q83MM7
Shigellosis,Q83P28
Shigellosis,Q83P30
Shigellosis,Q83P35
Shigellosis,Q83P38
Shigellosis,Q83P43
Shigellosis,Q83P53
Shigellosis,Q83P77
Shigellosis,Q83P81
Shigellosis,Q83P86
Shigellosis,Q83P87
Shigellosis,Q83P94
Shigellosis,Q83PC2
Shigellosis,Q83PC3
Shigellosis,Q83PD8
Shigellosis,Q83PE0
Shigellosis,Q83PE5
Shigellosis,Q83PE8
Shigellosis,Q83PF0
Shigellosis,Q83PF4
Shigellosis,Q83PI3
Shigellosis,Q83PJ2
Shigellosis,Q83PJ4
Shigellosis,Q83PJ6
Shigellosis,Q83PJ7
Shigellosis,Q83PJ8
Shigellosis,Q83PJ9
Shigellosis,Q83PL6
Shigellosis,Q83PM8
Shigellosis,Q83PM9
Shigellosis,Q83PN3
Shigellosis,Q83PQ0
Shigellosis,Q83PR0
Shigellosis,Q83PS4
Shigellosis,Q83PU5
Shigellosis,Q83PU6
Shigellosis,Q83PU7
Shigellosis,Q83PV4
Shigellosis,Q83PV6
Shigellosis,Q83PW3
Shigellosis,Q83PX4
Shigellosis,Q83PY0
Shigellosis,Q83PY4
Shigellosis,Q83PY5
Shigellosis,Q83PY6
Shigellosis,Q83PY7
Shigellosis,Q83PY8
Shigellosis,Q83PY9
Shigellosis,Q83PZ0
Shigellosis,Q83Q03
Shigellosis,Q83Q04
Shigellosis,Q83Q07
Shigellosis,Q83Q08
Shigellosis,Q83Q28
Shigellosis,Q83Q35
Shigellosis,Q83Q43
Shigellosis,Q83Q96
Shigellosis,Q83QB9
Shigellosis,Q83QC1
Shigellosis,Q83QD0
Shigellosis,Q83QE9
Shigellosis,Q83QI2
Shigellosis,Q83QI6
Shigellosis,Q83QK3
Shigellosis,Q83QK4
Shigellosis,Q83QL0
Shigellosis,Q83QN8
Shigellosis,Q83QN9
Shigellosis,Q83QP2
Shigellosis,Q83QT4
Shigellosis,Q83QU0
Shigellosis,Q83QV3
Shigellosis,Q83QZ0
Shigellosis,Q83R04
Shigellosis,Q83R14
Shigellosis,Q83R35
Shigellosis,Q83R41
Shigellosis,Q83R57
Shigellosis,Q83R85
Shigellosis,Q83RC9
Shigellosis,Q83RD1
Shigellosis,Q83RD2
Shigellosis,Q83RD8
Shigellosis,Q83RE0
Shigellosis,Q83RE1
Shigellosis,Q83RE2
Shigellosis,Q83RF3
Shigellosis,Q83RF4
Shigellosis,Q83RG1
Shigellosis,Q83RI9
Shigellosis,Q83RJ2
Shigellosis,Q83RK8
Shigellosis,Q83RQ0
Shigellosis,Q83RQ5
Shigellosis,Q83RR7
Shigellosis,Q83RT9
Shigellosis,Q83RU3
Shigellosis,Q83RV3
Shigellosis,Q83RV4
Shigellosis,Q83RX1
Shigellosis,Q83RY7
Shigellosis,Q83RZ5
Shigellosis,Q83RZ7
Shigellosis,Q83S20
Shigellosis,Q83S25
Shigellosis,Q83S26
Shigellosis,Q83S36
Shigellosis,Q83S79
Shigellosis,Q83S80
Shigellosis,Q83S83
Shigellosis,Q83S84
Shigellosis,Q83S86
Shigellosis,Q83SA2
Shigellosis,Q83SB6
Shigellosis,Q83SE1
Shigellosis,Q83SE6
Shigellosis,Q83SG7
Shigellosis,Q83SH9
Shigellosis,Q83SI1
Shigellosis,Q83SL3
Shigellosis,Q83SL4
Shigellosis,Q83SL9
Shigellosis,Q83SN7
Shigellosis,Q83SP3
Shigellosis,Q83SQ2
Shigellosis,Q83SQ7
Shigellosis,Q83SQ8
Shigellosis,Q83SR1
Shigellosis,Q83SR3
Shigellosis,P0A3F7
Shigellosis,P0A4P8
Shigellosis,P0A737
Shigellosis,P0A829
Shigellosis,P0A8C7
Shigellosis,P0A8E4
Shigellosis,P0A8I4
Shigellosis,P0A8J7
Shigellosis,P0A8K7
Shigellosis,P0A8L6
Shigellosis,P0A8U5
Shigellosis,P0A8W7
Shigellosis,P0A8X7
Shigellosis,P0A900
Shigellosis,P0A985
Shigellosis,P0A9X0
Shigellosis,P0AA36
Shigellosis,P0AA56
Shigellosis,P0AA98
Shigellosis,P0AAB9
Shigellosis,P0AAL8
Shigellosis,P0AAN8
Shigellosis,P0AAQ9
Shigellosis,P0AAR7
Shigellosis,P0AAS2
Shigellosis,P0AAT1
Shigellosis,P0AAU4
Shigellosis,P0AAU9
Shigellosis,P0AAV3
Shigellosis,P0AAV7
Shigellosis,P0AAW4
Shigellosis,P0AAW8
Shigellosis,P0AAX5
Shigellosis,P0AAY3
Shigellosis,P0AAY5
Shigellosis,P0AAY9
Shigellosis,P0AAZ3
Shigellosis,P0AB00
Shigellosis,P0AB05
Shigellosis,P0AB13
Shigellosis,P0AB17
Shigellosis,P0AB27
Shigellosis,P0AB37
Shigellosis,P0AB48
Shigellosis,P0AB54
Shigellosis,P0AB57
Shigellosis,P0AB64
Shigellosis,P0ABR4
Shigellosis,P0ACN3
Shigellosis,P0ACU9
Shigellosis,P0ACV9
Shigellosis,P0ACW5
Shigellosis,P0ACW7
Shigellosis,P0ACX2
Shigellosis,P0ACY8
Shigellosis,P0AD06
Shigellosis,P0AD09
Shigellosis,P0AD23
Shigellosis,P0AD39
Shigellosis,P0AD46
Shigellosis,P0AD56
Shigellosis,P0AD73
Shigellosis,P0AD78
Shigellosis,P0AD82
Shigellosis,P0AD95
Shigellosis,P0ADD1
Shigellosis,P0ADE1
Shigellosis,P0ADF2
Shigellosis,P0ADF5
Shigellosis,P0ADJ4
Shigellosis,P0ADK3
Shigellosis,P0ADL9
Shigellosis,P0ADM3
Shigellosis,P0ADM5
Shigellosis,P0ADM7
Shigellosis,P0ADQ6
Shigellosis,P0ADR1
Shigellosis,P0ADS8
Shigellosis,P0ADV0
Shigellosis,P0ADX4
Shigellosis,P0ADX8
Shigellosis,P0AE29
Shigellosis,P0AE51
Shigellosis,P0AE59
Shigellosis,P0AE66
Shigellosis,P0AE94
Shigellosis,P0AEB9
Shigellosis,P0AEH4
Shigellosis,P0AET7
Shigellosis,P0AEV6
Shigellosis,P0AF55
Shigellosis,P0AF58
Shigellosis,P0AF72
Shigellosis,P0AF75
Shigellosis,P0AF89
Shigellosis,P0AF97
Shigellosis,P0AFJ4
Shigellosis,P0AFU7
Shigellosis,P0AFW9
Shigellosis,P0AFZ2
Shigellosis,P0AGK7
Shigellosis,P0C266
Shigellosis,P33548
Shigellosis,P37775
Shigellosis,P37787
Shigellosis,P37788
Shigellosis,P37789
Shigellosis,P37790
Shigellosis,P38481
Shigellosis,P59193
Shigellosis,P59396
Shigellosis,P61473
Shigellosis,P62529
Shigellosis,P62551
Shigellosis,P62675
Shigellosis,P62725
Shigellosis,P62771
Shigellosis,P63266
Shigellosis,P64441
Shigellosis,P64444
Shigellosis,P64458
Shigellosis,P64466
Shigellosis,P64473
Shigellosis,P64475
Shigellosis,P64478
Shigellosis,P64482
Shigellosis,P64492
Shigellosis,P64495
Shigellosis,P64505
Shigellosis,P64507
Shigellosis,P64511
Shigellosis,P64539
Shigellosis,P64544
Shigellosis,P64547
Shigellosis,P64577
Shigellosis,P64587
Shigellosis,P64589
Shigellosis,P64611
Shigellosis,P64626
Shigellosis,P64630
Shigellosis,P64633
Shigellosis,P64635
Shigellosis,P65297
Shigellosis,P65299
Shigellosis,P67627
Shigellosis,P67763
Shigellosis,P68208
Shigellosis,Q07568
Shigellosis,Q7UBJ0
Shigellosis,Q7UBK4
Shigellosis,Q7UC94
Shigellosis,Q83IW8
Shigellosis,Q83IY9
Shigellosis,Q83IZ5
Shigellosis,Q83J37
Shigellosis,Q83JD2
Shigellosis,Q83JG5
Shigellosis,Q83JG9
Shigellosis,Q83JI4
Shigellosis,Q83JS1
Shigellosis,Q83JS7
Shigellosis,Q83K06
Shigellosis,Q83KC1
Shigellosis,Q83KD7
Shigellosis,Q83KI3
Shigellosis,Q83KK3
Shigellosis,Q83KN1
Shigellosis,Q83L09
Shigellosis,Q83L49
Shigellosis,Q83L69
Shigellosis,Q83L75
Shigellosis,Q83L82
Shigellosis,Q83LB9
Shigellosis,Q83LD1
Shigellosis,Q83LF2
Shigellosis,Q83LF3
Shigellosis,Q83LI5
Shigellosis,Q83LI7
Shigellosis,Q83LI9
Shigellosis,Q83LS2
Shigellosis,Q83M07
Shigellosis,Q83M36
Shigellosis,Q83M67
Shigellosis,Q83MH6
Shigellosis,Q83P61
Shigellosis,Q83PY1
Shigellosis,Q83QD1
Shigellosis,Q83QS1
Shigellosis,Q83R06
Shigellosis,Q83SQ6
Shigellosis,Q8VSE0
Shigellosis,Q9RCT3
Staphylococcus aureus infection,O33599
Staphylococcus aureus infection,O52582
Staphylococcus aureus infection,P02976
Staphylococcus aureus infection,P14738
Staphylococcus aureus infection,P69848
Staphylococcus aureus infection,Q2FUW1
Staphylococcus aureus infection,Q2FV54
Staphylococcus aureus infection,Q2FV64
Staphylococcus aureus infection,Q2FV99
Staphylococcus aureus infection,Q2FVE7
Staphylococcus aureus infection,Q2FVN3
Staphylococcus aureus infection,Q2FVT1
Staphylococcus aureus infection,Q2FWC5
Staphylococcus aureus infection,Q2FXM8
Staphylococcus aureus infection,Q2FXS9
Staphylococcus aureus infection,Q2FZ08
Staphylococcus aureus infection,Q2FZE6
Staphylococcus aureus infection,Q2FZE9
Staphylococcus aureus infection,Q2FZL2
Staphylococcus aureus infection,Q2FZP6
Staphylococcus aureus infection,Q2FZP8
Staphylococcus aureus infection,Q2FZQ3
Staphylococcus aureus infection,Q2FZV7
Staphylococcus aureus infection,Q2G015
Staphylococcus aureus infection,Q2G028
Staphylococcus aureus infection,Q2G0M7
Staphylococcus aureus infection,Q2G160
Staphylococcus aureus infection,Q2G1M5
Staphylococcus aureus infection,Q2G2M8
Staphylococcus aureus infection,Q53705
Staphylococcus aureus infection,Q8KQR1
Staphylococcus aureus infection,Q9F0R1
Staphylococcus aureus infection,O06446
Staphylococcus aureus infection,O50581
Staphylococcus aureus infection,P0A0B7
Staphylococcus aureus infection,P0A0J0
Staphylococcus aureus infection,P60611
Staphylococcus aureus infection,P72360
Staphylococcus aureus infection,P95689
Staphylococcus aureus infection,Q2FUW6
Staphylococcus aureus infection,Q2FUY2
Staphylococcus aureus infection,Q2FV31
Staphylococcus aureus infection,Q2FV59
Staphylococcus aureus infection,Q2FVE8
Staphylococcus aureus infection,Q2FVE9
Staphylococcus aureus infection,Q2FVF0
Staphylococcus aureus infection,Q2FVF1
Staphylococcus aureus infection,Q2FVK1
Staphylococcus aureus infection,Q2FWC7
Staphylococcus aureus infection,Q2FWD1
Staphylococcus aureus infection,Q2FWH4
Staphylococcus aureus infection,Q2FWH5
Staphylococcus aureus infection,Q2FWH7
Staphylococcus aureus infection,Q2FWK4
Staphylococcus aureus infection,Q2FWP1
Staphylococcus aureus infection,Q2FWX9
Staphylococcus aureus infection,Q2FXA5
Staphylococcus aureus infection,Q2FXC3
Staphylococcus aureus infection,Q2FXG9
Staphylococcus aureus infection,Q2FXJ0
Staphylococcus aureus infection,Q2FXT0
Staphylococcus aureus infection,Q2FYQ5
Staphylococcus aureus infection,Q2FYQ6
Staphylococcus aureus infection,Q2FYQ7
Staphylococcus aureus infection,Q2FYQ8
Staphylococcus aureus infection,Q2FYS4
Staphylococcus aureus infection,Q2FYS5
Staphylococcus aureus infection,Q2FZ19
Staphylococcus aureus infection,Q2FZ20
Staphylococcus aureus infection,Q2FZ22
Staphylococcus aureus infection,Q2FZ27
Staphylococcus aureus infection,Q2FZ32
Staphylococcus aureus infection,Q2FZ50
Staphylococcus aureus infection,Q2FZ66
Staphylococcus aureus infection,Q2FZ72
Staphylococcus aureus infection,Q2FZ92
Staphylococcus aureus infection,Q2FZ93
Staphylococcus aureus infection,Q2FZD3
Staphylococcus aureus infection,Q2FZE2
Staphylococcus aureus infection,Q2FZE3
Staphylococcus aureus infection,Q2FZF0
Staphylococcus aureus infection,Q2FZG9
Staphylococcus aureus infection,Q2FZK7
Staphylococcus aureus infection,Q2FZL3
Staphylococcus aureus infection,Q2FZP7
Staphylococcus aureus infection,Q2FZT5
Staphylococcus aureus infection,Q2G093
Staphylococcus aureus infection,Q2G0E0
Staphylococcus aureus infection,Q2G0J1
Staphylococcus aureus infection,Q2G0L4
Staphylococcus aureus infection,Q2G0P5
Staphylococcus aureus infection,Q2G0P6
Staphylococcus aureus infection,Q2G0P7
Staphylococcus aureus infection,Q2G0S3
Staphylococcus aureus infection,Q2G0U9
Staphylococcus aureus infection,Q2G0X7
Staphylococcus aureus infection,Q2G184
Staphylococcus aureus infection,Q2G1C0
Staphylococcus aureus infection,Q2G1J2
Staphylococcus aureus infection,Q2G1M6
Staphylococcus aureus infection,Q2G1M8
Staphylococcus aureus infection,Q2G1M9
Staphylococcus aureus infection,Q2G1N2
Staphylococcus aureus infection,Q2G1N3
Staphylococcus aureus infection,Q2G1U6
Staphylococcus aureus infection,Q2G297
Staphylococcus aureus infection,Q2G2C0
Staphylococcus aureus infection,Q2G2C4
Staphylococcus aureus infection,Q2G2F3
Staphylococcus aureus infection,Q2G2H5
Staphylococcus aureus infection,Q2G2M2
Staphylococcus aureus infection,Q2G2P5
Staphylococcus aureus infection,Q2G2Q0
Staphylococcus aureus infection,Q2G2R8
Staphylococcus aureus infection,Q2G2U4
Staphylococcus aureus infection,Q2G2X2
Staphylococcus aureus infection,Q53726
Staphylococcus aureus infection,Q53727
Staphylococcus aureus infection,Q93Q23
Staphylococcus aureus infection,O05204
Staphylococcus aureus infection,O07325
Staphylococcus aureus infection,O34090
Staphylococcus aureus infection,P0A084
Staphylococcus aureus infection,P0A086
Staphylococcus aureus infection,P0A0H0
Staphylococcus aureus infection,P0A0J3
Staphylococcus aureus infection,P0C0V7
Staphylococcus aureus infection,P47768
Staphylococcus aureus infection,P60393
Staphylococcus aureus infection,P60643
Staphylococcus aureus infection,P68805
Staphylococcus aureus infection,Q05615
Staphylococcus aureus infection,Q2FUQ1
Staphylococcus aureus infection,Q2FUQ2
Staphylococcus aureus infection,Q2FUR9
Staphylococcus aureus infection,Q2FUU5
Staphylococcus aureus infection,Q2FUW2
Staphylococcus aureus infection,Q2FUW3
Staphylococcus aureus infection,Q2FUW4
Staphylococcus aureus infection,Q2FUW5
Staphylococcus aureus infection,Q2FUY1
Staphylococcus aureus infection,Q2FV11
Staphylococcus aureus infection,Q2FV21
Staphylococcus aureus infection,Q2FV22
Staphylococcus aureus infection,Q2FV23
Staphylococcus aureus infection,Q2FV52
Staphylococcus aureus infection,Q2FV57
Staphylococcus aureus infection,Q2FV60
Staphylococcus aureus infection,Q2FV74
Staphylococcus aureus infection,Q2FV87
Staphylococcus aureus infection,Q2FVB8
Staphylococcus aureus infection,Q2FVC1
Staphylococcus aureus infection,Q2FVJ6
Staphylococcus aureus infection,Q2FVJ7
Staphylococcus aureus infection,Q2FVK5
Staphylococcus aureus infection,Q2FVK8
Staphylococcus aureus infection,Q2FVM6
Staphylococcus aureus infection,Q2FVQ8
Staphylococcus aureus infection,Q2FVR9
Staphylococcus aureus infection,Q2FVT2
Staphylococcus aureus infection,Q2FVT3
Staphylococcus aureus infection,Q2FVT6
Staphylococcus aureus infection,Q2FVV9
Staphylococcus aureus infection,Q2FVX9
Staphylococcus aureus infection,Q2FVY4
Staphylococcus aureus infection,Q2FVZ4
Staphylococcus aureus infection,Q2FW03
Staphylococcus aureus infection,Q2FW19
Staphylococcus aureus infection,Q2FW32
Staphylococcus aureus infection,Q2FW37
Staphylococcus aureus infection,Q2FW71
Staphylococcus aureus infection,Q2FWC1
Staphylococcus aureus infection,Q2FWC3
Staphylococcus aureus infection,Q2FWE1
Staphylococcus aureus infection,Q2FWE5
Staphylococcus aureus infection,Q2FWE6
Staphylococcus aureus infection,Q2FWE8
Staphylococcus aureus infection,Q2FWF0
Staphylococcus aureus infection,Q2FWF1
Staphylococcus aureus infection,Q2FWF5
Staphylococcus aureus infection,Q2FWF8
Staphylococcus aureus infection,Q2FWG0
Staphylococcus aureus infection,Q2FWG2
Staphylococcus aureus infection,Q2FWG3
Staphylococcus aureus infection,Q2FWG4
Staphylococcus aureus infection,Q2FWH3
Staphylococcus aureus infection,Q2FWH6
Staphylococcus aureus infection,Q2FWJ3
Staphylococcus aureus infection,Q2FWJ9
Staphylococcus aureus infection,Q2FWK1
Staphylococcus aureus infection,Q2FWK2
Staphylococcus aureus infection,Q2FWK3
Staphylococcus aureus infection,Q2FWK7
Staphylococcus aureus infection,Q2FWL2
Staphylococcus aureus infection,Q2FWN3
Staphylococcus aureus infection,Q2FWN4
Staphylococcus aureus infection,Q2FWY7
Staphylococcus aureus infection,Q2FWY8
Staphylococcus aureus infection,Q2FWZ2
Staphylococcus aureus infection,Q2FWZ8
Staphylococcus aureus infection,Q2FX09
Staphylococcus aureus infection,Q2FX77
Staphylococcus aureus infection,Q2FX88
Staphylococcus aureus infection,Q2FXA3
Staphylococcus aureus infection,Q2FXA4
Staphylococcus aureus infection,Q2FXB0
Staphylococcus aureus infection,Q2FXB1
Staphylococcus aureus infection,Q2FXC2
Staphylococcus aureus infection,Q2FXC4
Staphylococcus aureus infection,Q2FXC8
Staphylococcus aureus infection,Q2FXE5
Staphylococcus aureus infection,Q2FXE6
Staphylococcus aureus infection,Q2FXF2
Staphylococcus aureus infection,Q2FXG2
Staphylococcus aureus infection,Q2FXI2
Staphylococcus aureus infection,Q2FXJ2
Staphylococcus aureus infection,Q2FXJ5
Staphylococcus aureus infection,Q2FXL1
Staphylococcus aureus infection,Q2FXL5
Staphylococcus aureus infection,Q2FXM6
Staphylococcus aureus infection,Q2FXM7
Staphylococcus aureus infection,Q2FXM9
Staphylococcus aureus infection,Q2FXP7
Staphylococcus aureus infection,Q2FXQ6
Staphylococcus aureus infection,Q2FXQ7
Staphylococcus aureus infection,Q2FXQ9
Staphylococcus aureus infection,Q2FXR3
Staphylococcus aureus infection,Q2FXR4
Staphylococcus aureus infection,Q2FXR8
Staphylococcus aureus infection,Q2FXT1
Staphylococcus aureus infection,Q2FXT3
Staphylococcus aureus infection,Q2FXT4
Staphylococcus aureus infection,Q2FXT6
Staphylococcus aureus infection,Q2FXU0
Staphylococcus aureus infection,Q2FXU2
Staphylococcus aureus infection,Q2FXU3
Staphylococcus aureus infection,Q2FXU5
Staphylococcus aureus infection,Q2FXV6
Staphylococcus aureus infection,Q2FXV9
Staphylococcus aureus infection,Q2FXW6
Staphylococcus aureus infection,Q2FXX8
Staphylococcus aureus infection,Q2FXY1
Staphylococcus aureus infection,Q2FXY7
Staphylococcus aureus infection,Q2FXZ2
Staphylococcus aureus infection,Q2FXZ3
Staphylococcus aureus infection,Q2FY06
Staphylococcus aureus infection,Q2FY08
Staphylococcus aureus infection,Q2FY15
Staphylococcus aureus infection,Q2FY16
Staphylococcus aureus infection,Q2FY32
Staphylococcus aureus infection,Q2FY35
Staphylococcus aureus infection,Q2FY37
Staphylococcus aureus infection,Q2FY67
Staphylococcus aureus infection,Q2FY80
Staphylococcus aureus infection,Q2FYD8
Staphylococcus aureus infection,Q2FYF1
Staphylococcus aureus infection,Q2FYG1
Staphylococcus aureus infection,Q2FYG7
Staphylococcus aureus infection,Q2FYG9
Staphylococcus aureus infection,Q2FYH0
Staphylococcus aureus infection,Q2FYH5
Staphylococcus aureus infection,Q2FYJ3
Staphylococcus aureus infection,Q2FYJ6
Staphylococcus aureus infection,Q2FYK5
Staphylococcus aureus infection,Q2FYL5
Staphylococcus aureus infection,Q2FYM1
Staphylococcus aureus infection,Q2FYM2
Staphylococcus aureus infection,Q2FYM4
Staphylococcus aureus infection,Q2FYQ0
Staphylococcus aureus infection,Q2FYR1
Staphylococcus aureus infection,Q2FYR2
Staphylococcus aureus infection,Q2FYR7
Staphylococcus aureus infection,Q2FYS6
Staphylococcus aureus infection,Q2FYT3
Staphylococcus aureus infection,Q2FYT4
Staphylococcus aureus infection,Q2FYU1
Staphylococcus aureus infection,Q2FYU7
Staphylococcus aureus infection,Q2FYZ2
Staphylococcus aureus infection,Q2FYZ5
Staphylococcus aureus infection,Q2FZ02
Staphylococcus aureus infection,Q2FZ28
Staphylococcus aureus infection,Q2FZ29
Staphylococcus aureus infection,Q2FZ30
Staphylococcus aureus infection,Q2FZ31
Staphylococcus aureus infection,Q2FZ37
Staphylococcus aureus infection,Q2FZ38
Staphylococcus aureus infection,Q2FZ51
Staphylococcus aureus infection,Q2FZ55
Staphylococcus aureus infection,Q2FZ71
Staphylococcus aureus infection,Q2FZ75
Staphylococcus aureus infection,Q2FZ79
Staphylococcus aureus infection,Q2FZ82
Staphylococcus aureus infection,Q2FZ89
Staphylococcus aureus infection,Q2FZD0
Staphylococcus aureus infection,Q2FZD7
Staphylococcus aureus infection,Q2FZD9
Staphylococcus aureus infection,Q2FZF5
Staphylococcus aureus infection,Q2FZI6
Staphylococcus aureus infection,Q2FZI8
Staphylococcus aureus infection,Q2FZJ0
Staphylococcus aureus infection,Q2FZJ1
Staphylococcus aureus infection,Q2FZJ6
Staphylococcus aureus infection,Q2FZJ9
Staphylococcus aureus infection,Q2FZK0
Staphylococcus aureus infection,Q2FZK2
Staphylococcus aureus infection,Q2FZK3
Staphylococcus aureus infection,Q2FZL7
Staphylococcus aureus infection,Q2FZS0
Staphylococcus aureus infection,Q2FZT6
Staphylococcus aureus infection,Q2FZU0
Staphylococcus aureus infection,Q2FZU1
Staphylococcus aureus infection,Q2FZW3
Staphylococcus aureus infection,Q2FZW4
Staphylococcus aureus infection,Q2FZW6
Staphylococcus aureus infection,Q2FZX4
Staphylococcus aureus infection,Q2FZY8
Staphylococcus aureus infection,Q2FZZ2
Staphylococcus aureus infection,Q2G002
Staphylococcus aureus infection,Q2G026
Staphylococcus aureus infection,Q2G030
Staphylococcus aureus infection,Q2G031
Staphylococcus aureus infection,Q2G036
Staphylococcus aureus infection,Q2G044
Staphylococcus aureus infection,Q2G045
Staphylococcus aureus infection,Q2G055
Staphylococcus aureus infection,Q2G064
Staphylococcus aureus infection,Q2G069
Staphylococcus aureus infection,Q2G081
Staphylococcus aureus infection,Q2G0B1
Staphylococcus aureus infection,Q2G0B4
Staphylococcus aureus infection,Q2G0D1
Staphylococcus aureus infection,Q2G0D4
Staphylococcus aureus infection,Q2G0D9
Staphylococcus aureus infection,Q2G0I9
Staphylococcus aureus infection,Q2G0K8
Staphylococcus aureus infection,Q2G0L5
Staphylococcus aureus infection,Q2G0N0
Staphylococcus aureus infection,Q2G0N1
Staphylococcus aureus infection,Q2G0N5
Staphylococcus aureus infection,Q2G0P8
Staphylococcus aureus infection,Q2G0Q0
Staphylococcus aureus infection,Q2G0Q1
Staphylococcus aureus infection,Q2G0Q3
Staphylococcus aureus infection,Q2G0R8
Staphylococcus aureus infection,Q2G0R9
Staphylococcus aureus infection,Q2G0T0
Staphylococcus aureus infection,Q2G0T1
Staphylococcus aureus infection,Q2G0V2
Staphylococcus aureus infection,Q2G0Y6
Staphylococcus aureus infection,Q2G0Y7
Staphylococcus aureus infection,Q2G0Y9
Staphylococcus aureus infection,Q2G0Z5
Staphylococcus aureus infection,Q2G122
Staphylococcus aureus infection,Q2G140
Staphylococcus aureus infection,Q2G155
Staphylococcus aureus infection,Q2G179
Staphylococcus aureus infection,Q2G185
Staphylococcus aureus infection,Q2G1A5
Staphylococcus aureus infection,Q2G1B8
Staphylococcus aureus infection,Q2G1B9
Staphylococcus aureus infection,Q2G1C1
Staphylococcus aureus infection,Q2G1C2
Staphylococcus aureus infection,Q2G1C4
Staphylococcus aureus infection,Q2G1D7
Staphylococcus aureus infection,Q2G1D8
Staphylococcus aureus infection,Q2G1E0
Staphylococcus aureus infection,Q2G1E1
Staphylococcus aureus infection,Q2G1F2
Staphylococcus aureus infection,Q2G1G5
Staphylococcus aureus infection,Q2G1G6
Staphylococcus aureus infection,Q2G1G8
Staphylococcus aureus infection,Q2G1H4
Staphylococcus aureus infection,Q2G1H6
Staphylococcus aureus infection,Q2G1L8
Staphylococcus aureus infection,Q2G1N0
Staphylococcus aureus infection,Q2G1N1
Staphylococcus aureus infection,Q2G1N7
Staphylococcus aureus infection,Q2G1P1
Staphylococcus aureus infection,Q2G1Q2
Staphylococcus aureus infection,Q2G1T6
Staphylococcus aureus infection,Q2G1T7
Staphylococcus aureus infection,Q2G1T9
Staphylococcus aureus infection,Q2G1W2
Staphylococcus aureus infection,Q2G1W4
Staphylococcus aureus infection,Q2G1X0
Staphylococcus aureus infection,Q2G1X6
Staphylococcus aureus infection,Q2G1Y0
Staphylococcus aureus infection,Q2G1Y5
Staphylococcus aureus infection,Q2G1Z4
Staphylococcus aureus infection,Q2G1Z8
Staphylococcus aureus infection,Q2G1Z9
Staphylococcus aureus infection,Q2G203
Staphylococcus aureus infection,Q2G218
Staphylococcus aureus infection,Q2G227
Staphylococcus aureus infection,Q2G230
Staphylococcus aureus infection,Q2G236
Staphylococcus aureus infection,Q2G241
Staphylococcus aureus infection,Q2G261
Staphylococcus aureus infection,Q2G282
Staphylococcus aureus infection,Q2G283
Staphylococcus aureus infection,Q2G2A7
Staphylococcus aureus infection,Q2G2B1
Staphylococcus aureus infection,Q2G2B2
Staphylococcus aureus infection,Q2G2B9
Staphylococcus aureus infection,Q2G2D0
Staphylococcus aureus infection,Q2G2D5
Staphylococcus aureus infection,Q2G2F6
Staphylococcus aureus infection,Q2G2G2
Staphylococcus aureus infection,Q2G2I1
Staphylococcus aureus infection,Q2G2K5
Staphylococcus aureus infection,Q2G2L1
Staphylococcus aureus infection,Q2G2L3
Staphylococcus aureus infection,Q2G2M6
Staphylococcus aureus infection,Q2G2M9
Staphylococcus aureus infection,Q2G2P7
Staphylococcus aureus infection,Q2G2P8
Staphylococcus aureus infection,Q2G2Q3
Staphylococcus aureus infection,Q2G2S0
Staphylococcus aureus infection,Q2G2S6
Staphylococcus aureus infection,Q2G2U1
Staphylococcus aureus infection,Q2G2U6
Staphylococcus aureus infection,Q2G2U9
Staphylococcus aureus infection,Q2G2V3
Staphylococcus aureus infection,Q2G2X4
Staphylococcus aureus infection,Q2G2Y0
Staphylococcus aureus infection,Q53700
Staphylococcus aureus infection,Q7BHL7
Staphylococcus aureus infection,Q9EYW6
Staphylococcus aureus infection,Q9EZ08
Staphylococcus aureus infection,Q9EZ11
Staphylococcus aureus infection,Q9EZ12
Staphylococcus aureus infection,Q9KJN3
Staphylococcus aureus infection,Q9KJN4
Staphylococcus aureus infection,Q9RQP7
Staphylococcus aureus infection,Q9RQP9
Staphylococcus aureus infection,Q9ZAH5
Staphylococcus aureus infection,Q9ZNI1
Staphylococcus aureus infection,O05154
Staphylococcus aureus infection,O08387
Staphylococcus aureus infection,P0A011
Staphylococcus aureus infection,P0A088
Staphylococcus aureus infection,P0A0B9
Staphylococcus aureus infection,P0A0F4
Staphylococcus aureus infection,P0A0F8
Staphylococcus aureus infection,P0A0G2
Staphylococcus aureus infection,P0A0I4
Staphylococcus aureus infection,P0A0M9
Staphylococcus aureus infection,P0A0Q0
Staphylococcus aureus infection,P0C948
Staphylococcus aureus infection,P31337
Staphylococcus aureus infection,P48860
Staphylococcus aureus infection,P48940
Staphylococcus aureus infection,P52078
Staphylococcus aureus infection,P60070
Staphylococcus aureus infection,P60430
Staphylococcus aureus infection,P60639
Staphylococcus aureus infection,P60647
Staphylococcus aureus infection,P72358
Staphylococcus aureus infection,Q2FUQ0
Staphylococcus aureus infection,Q2FUQ3
Staphylococcus aureus infection,Q2FUQ4
Staphylococcus aureus infection,Q2FUS6
Staphylococcus aureus infection,Q2FUS7
Staphylococcus aureus infection,Q2FUS8
Staphylococcus aureus infection,Q2FUT6
Staphylococcus aureus infection,Q2FUT7
Staphylococcus aureus infection,Q2FUU0
Staphylococcus aureus infection,Q2FUU2
Staphylococcus aureus infection,Q2FUW9
Staphylococcus aureus infection,Q2FUX3
Staphylococcus aureus infection,Q2FUX7
Staphylococcus aureus infection,Q2FV17
Staphylococcus aureus infection,Q2FV39
Staphylococcus aureus infection,Q2FV42
Staphylococcus aureus infection,Q2FV55
Staphylococcus aureus infection,Q2FV56
Staphylococcus aureus infection,Q2FV58
Staphylococcus aureus infection,Q2FV63
Staphylococcus aureus infection,Q2FV67
Staphylococcus aureus infection,Q2FVA4
Staphylococcus aureus infection,Q2FVB2
Staphylococcus aureus infection,Q2FVC4
Staphylococcus aureus infection,Q2FVD5
Staphylococcus aureus infection,Q2FVH6
Staphylococcus aureus infection,Q2FVJ9
Staphylococcus aureus infection,Q2FVK2
Staphylococcus aureus infection,Q2FVM7
Staphylococcus aureus infection,Q2FVN1
Staphylococcus aureus infection,Q2FVP8
Staphylococcus aureus infection,Q2FVQ2
Staphylococcus aureus infection,Q2FVQ9
Staphylococcus aureus infection,Q2FVR0
Staphylococcus aureus infection,Q2FVR1
Staphylococcus aureus infection,Q2FVS1
Staphylococcus aureus infection,Q2FVW4
Staphylococcus aureus infection,Q2FVW5
Staphylococcus aureus infection,Q2FVX3
Staphylococcus aureus infection,Q2FVY9
Staphylococcus aureus infection,Q2FVZ6
Staphylococcus aureus infection,Q2FW06
Staphylococcus aureus infection,Q2FW07
Staphylococcus aureus infection,Q2FW08
Staphylococcus aureus infection,Q2FW10
Staphylococcus aureus infection,Q2FW11
Staphylococcus aureus infection,Q2FW12
Staphylococcus aureus infection,Q2FW13
Staphylococcus aureus infection,Q2FW14
Staphylococcus aureus infection,Q2FW15
Staphylococcus aureus infection,Q2FW16
Staphylococcus aureus infection,Q2FW17
Staphylococcus aureus infection,Q2FW18
Staphylococcus aureus infection,Q2FW20
Staphylococcus aureus infection,Q2FW21
Staphylococcus aureus infection,Q2FW22
Staphylococcus aureus infection,Q2FW23
Staphylococcus aureus infection,Q2FW28
Staphylococcus aureus infection,Q2FW29
Staphylococcus aureus infection,Q2FW30
Staphylococcus aureus infection,Q2FW31
Staphylococcus aureus infection,Q2FW33
Staphylococcus aureus infection,Q2FW34
Staphylococcus aureus infection,Q2FW35
Staphylococcus aureus infection,Q2FW38
Staphylococcus aureus infection,Q2FW39
Staphylococcus aureus infection,Q2FW52
Staphylococcus aureus infection,Q2FW66
Staphylococcus aureus infection,Q2FW70
Staphylococcus aureus infection,Q2FW72
Staphylococcus aureus infection,Q2FW84
Staphylococcus aureus infection,Q2FW96
Staphylococcus aureus infection,Q2FWD0
Staphylococcus aureus infection,Q2FWD6
Staphylococcus aureus infection,Q2FWD8
Staphylococcus aureus infection,Q2FWE0
Staphylococcus aureus infection,Q2FWE3
Staphylococcus aureus infection,Q2FWE7
Staphylococcus aureus infection,Q2FWH9
Staphylococcus aureus infection,Q2FWI1
Staphylococcus aureus infection,Q2FWI7
Staphylococcus aureus infection,Q2FWI8
Staphylococcus aureus infection,Q2FWJ6
Staphylococcus aureus infection,Q2FWK0
Staphylococcus aureus infection,Q2FWL6
Staphylococcus aureus infection,Q2FWM7
Staphylococcus aureus infection,Q2FWM8
Staphylococcus aureus infection,Q2FWN9
Staphylococcus aureus infection,Q2FWP0
Staphylococcus aureus infection,Q2FWV5
Staphylococcus aureus infection,Q2FWV6
Staphylococcus aureus infection,Q2FWY1
Staphylococcus aureus infection,Q2FWY4
Staphylococcus aureus infection,Q2FWY9
Staphylococcus aureus infection,Q2FWZ0
Staphylococcus aureus infection,Q2FX12
Staphylococcus aureus infection,Q2FXC5
Staphylococcus aureus infection,Q2FXC7
Staphylococcus aureus infection,Q2FXF5
Staphylococcus aureus infection,Q2FXH2
Staphylococcus aureus infection,Q2FXH9
Staphylococcus aureus infection,Q2FXK6
Staphylococcus aureus infection,Q2FXK8
Staphylococcus aureus infection,Q2FXL7
Staphylococcus aureus infection,Q2FXL9
Staphylococcus aureus infection,Q2FXP3
Staphylococcus aureus infection,Q2FXP4
Staphylococcus aureus infection,Q2FXP9
Staphylococcus aureus infection,Q2FXQ0
Staphylococcus aureus infection,Q2FXQ1
Staphylococcus aureus infection,Q2FXQ8
Staphylococcus aureus infection,Q2FXS8
Staphylococcus aureus infection,Q2FXT5
Staphylococcus aureus infection,Q2FXU4
Staphylococcus aureus infection,Q2FXW1
Staphylococcus aureus infection,Q2FXW7
Staphylococcus aureus infection,Q2FXX2
Staphylococcus aureus infection,Q2FXY3
Staphylococcus aureus infection,Q2FXY6
Staphylococcus aureus infection,Q2FXZ0
Staphylococcus aureus infection,Q2FXZ1
Staphylococcus aureus infection,Q2FXZ4
Staphylococcus aureus infection,Q2FXZ7
Staphylococcus aureus infection,Q2FXZ9
Staphylococcus aureus infection,Q2FY02
Staphylococcus aureus infection,Q2FY10
Staphylococcus aureus infection,Q2FY19
Staphylococcus aureus infection,Q2FY22
Staphylococcus aureus infection,Q2FY33
Staphylococcus aureus infection,Q2FY34
Staphylococcus aureus infection,Q2FY41
Staphylococcus aureus infection,Q2FY45
Staphylococcus aureus infection,Q2FY46
Staphylococcus aureus infection,Q2FY47
Staphylococcus aureus infection,Q2FY49
Staphylococcus aureus infection,Q2FY76
Staphylococcus aureus infection,Q2FY77
Staphylococcus aureus infection,Q2FY79
Staphylococcus aureus infection,Q2FYG0
Staphylococcus aureus infection,Q2FYH6
Staphylococcus aureus infection,Q2FYI5
Staphylococcus aureus infection,Q2FYJ2
Staphylococcus aureus infection,Q2FYJ5
Staphylococcus aureus infection,Q2FYK3
Staphylococcus aureus infection,Q2FYM9
Staphylococcus aureus infection,Q2FYN2
Staphylococcus aureus infection,Q2FYN3
Staphylococcus aureus infection,Q2FYN7
Staphylococcus aureus infection,Q2FYP3
Staphylococcus aureus infection,Q2FYP6
Staphylococcus aureus infection,Q2FYR3
Staphylococcus aureus infection,Q2FYR4
Staphylococcus aureus infection,Q2FYR5
Staphylococcus aureus infection,Q2FYR6
Staphylococcus aureus infection,Q2FYS1
Staphylococcus aureus infection,Q2FYU4
Staphylococcus aureus infection,Q2FYU5
Staphylococcus aureus infection,Q2FYU6
Staphylococcus aureus infection,Q2FYV2
Staphylococcus aureus infection,Q2FYZ4
Staphylococcus aureus infection,Q2FYZ9
Staphylococcus aureus infection,Q2FZ21
Staphylococcus aureus infection,Q2FZ23
Staphylococcus aureus infection,Q2FZ25
Staphylococcus aureus infection,Q2FZ42
Staphylococcus aureus infection,Q2FZ43
Staphylococcus aureus infection,Q2FZ44
Staphylococcus aureus infection,Q2FZ45
Staphylococcus aureus infection,Q2FZ60
Staphylococcus aureus infection,Q2FZ68
Staphylococcus aureus infection,Q2FZ77
Staphylococcus aureus infection,Q2FZ86
Staphylococcus aureus infection,Q2FZ91
Staphylococcus aureus infection,Q2FZ95
Staphylococcus aureus infection,Q2FZ97
Staphylococcus aureus infection,Q2FZ98
Staphylococcus aureus infection,Q2FZA9
Staphylococcus aureus infection,Q2FZC0
Staphylococcus aureus infection,Q2FZC6
Staphylococcus aureus infection,Q2FZD2
Staphylococcus aureus infection,Q2FZE5
Staphylococcus aureus infection,Q2FZF1
Staphylococcus aureus infection,Q2FZF4
Staphylococcus aureus infection,Q2FZG8
Staphylococcus aureus infection,Q2FZJ3
Staphylococcus aureus infection,Q2FZK1
Staphylococcus aureus infection,Q2FZP2
Staphylococcus aureus infection,Q2FZP4
Staphylococcus aureus infection,Q2FZP9
Staphylococcus aureus infection,Q2FZT9
Staphylococcus aureus infection,Q2FZU2
Staphylococcus aureus infection,Q2FZU9
Staphylococcus aureus infection,Q2FZV1
Staphylococcus aureus infection,Q2FZV2
Staphylococcus aureus infection,Q2FZV3
Staphylococcus aureus infection,Q2FZX0
Staphylococcus aureus infection,Q2FZX9
Staphylococcus aureus infection,Q2FZZ8
Staphylococcus aureus infection,Q2G023
Staphylococcus aureus infection,Q2G037
Staphylococcus aureus infection,Q2G039
Staphylococcus aureus infection,Q2G061
Staphylococcus aureus infection,Q2G079
Staphylococcus aureus infection,Q2G084
Staphylococcus aureus infection,Q2G087
Staphylococcus aureus infection,Q2G0E1
Staphylococcus aureus infection,Q2G0F8
Staphylococcus aureus infection,Q2G0G1
Staphylococcus aureus infection,Q2G0J7
Staphylococcus aureus infection,Q2G0K7
Staphylococcus aureus infection,Q2G0L1
Staphylococcus aureus infection,Q2G0L7
Staphylococcus aureus infection,Q2G0M6
Staphylococcus aureus infection,Q2G0N9
Staphylococcus aureus infection,Q2G0P0
Staphylococcus aureus infection,Q2G0P2
Staphylococcus aureus infection,Q2G0Q9
Staphylococcus aureus infection,Q2G0S5
Staphylococcus aureus infection,Q2G0S8
Staphylococcus aureus infection,Q2G0T3
Staphylococcus aureus infection,Q2G0T4
Staphylococcus aureus infection,Q2G0W1
Staphylococcus aureus infection,Q2G0W9
Staphylococcus aureus infection,Q2G0X1
Staphylococcus aureus infection,Q2G0X4
Staphylococcus aureus infection,Q2G0X9
Staphylococcus aureus infection,Q2G107
Staphylococcus aureus infection,Q2G111
Staphylococcus aureus infection,Q2G113
Staphylococcus aureus infection,Q2G124
Staphylococcus aureus infection,Q2G131
Staphylococcus aureus infection,Q2G157
Staphylococcus aureus infection,Q2G178
Staphylococcus aureus infection,Q2G181
Staphylococcus aureus infection,Q2G182
Staphylococcus aureus infection,Q2G188
Staphylococcus aureus infection,Q2G189
Staphylococcus aureus infection,Q2G1J0
Staphylococcus aureus infection,Q2G1P9
Staphylococcus aureus infection,Q2G1Q0
Staphylococcus aureus infection,Q2G1Q1
Staphylococcus aureus infection,Q2G1S6
Staphylococcus aureus infection,Q2G1S8
Staphylococcus aureus infection,Q2G1U0
Staphylococcus aureus infection,Q2G1U5
Staphylococcus aureus infection,Q2G210
Staphylococcus aureus infection,Q2G212
Staphylococcus aureus infection,Q2G213
Staphylococcus aureus infection,Q2G214
Staphylococcus aureus infection,Q2G222
Staphylococcus aureus infection,Q2G252
Staphylococcus aureus infection,Q2G272
Staphylococcus aureus infection,Q2G273
Staphylococcus aureus infection,Q2G275
Staphylococcus aureus infection,Q2G278
Staphylococcus aureus infection,Q2G296
Staphylococcus aureus infection,Q2G2D3
Staphylococcus aureus infection,Q2G2E1
Staphylococcus aureus infection,Q2G2F4
Staphylococcus aureus infection,Q2G2F8
Staphylococcus aureus infection,Q2G2G3
Staphylococcus aureus infection,Q2G2G9
Staphylococcus aureus infection,Q2G2H6
Staphylococcus aureus infection,Q2G2H7
Staphylococcus aureus infection,Q2G2H8
Staphylococcus aureus infection,Q2G2H9
Staphylococcus aureus infection,Q2G2J2
Staphylococcus aureus infection,Q2G2K6
Staphylococcus aureus infection,Q2G2K7
Staphylococcus aureus infection,Q2G2K8
Staphylococcus aureus infection,Q2G2M4
Staphylococcus aureus infection,Q2G2N4
Staphylococcus aureus infection,Q2G2Q1
Staphylococcus aureus infection,Q2G2Q4
Staphylococcus aureus infection,Q2G2R0
Staphylococcus aureus infection,Q2G2R4
Staphylococcus aureus infection,Q2G2T3
Staphylococcus aureus infection,Q2G2U8
Staphylococcus aureus infection,Q2G2X7
Staphylococcus aureus infection,Q59801
Staphylococcus aureus infection,Q7X2S2
Staphylococcus aureus infection,Q93T05
Staphylococcus aureus infection,Q9F1K0
Staphylococcus aureus infection,Q9RFJ6
Staphylococcus aureus infection,Q9RQP6
Staphylococcus aureus infection,Q9RQP8
Staphylococcus aureus infection,Q9RQQ0
Staphylococcus aureus infection,Q9ZAH6
Staphylococcus aureus infection,P0A0G6
Staphylococcus aureus infection,P0A0K3
Staphylococcus aureus infection,P0A0Q4
Staphylococcus aureus infection,P0C7Y1
Staphylococcus aureus infection,P0C7Z3
Staphylococcus aureus infection,P0C805
Staphylococcus aureus infection,P0C818
Staphylococcus aureus infection,Q2FUS9
Staphylococcus aureus infection,Q2FUT1
Staphylococcus aureus infection,Q2FVC5
Staphylococcus aureus infection,Q2FVD0
Staphylococcus aureus infection,Q2FVQ7
Staphylococcus aureus infection,Q2FVS6
Staphylococcus aureus infection,Q2FW79
Staphylococcus aureus infection,Q2FW81
Staphylococcus aureus infection,Q2FWE4
Staphylococcus aureus infection,Q2FWX8
Staphylococcus aureus infection,Q2FX03
Staphylococcus aureus infection,Q2FX13
Staphylococcus aureus infection,Q2FX99
Staphylococcus aureus infection,Q2FXA0
Staphylococcus aureus infection,Q2FXI7
Staphylococcus aureus infection,Q2FXL6
Staphylococcus aureus infection,Q2FXM0
Staphylococcus aureus infection,Q2FXT2
Staphylococcus aureus infection,Q2FXV1
Staphylococcus aureus infection,Q2FXW0
Staphylococcus aureus infection,Q2FXW2
Staphylococcus aureus infection,Q2FY55
Staphylococcus aureus infection,Q2FYH3
Staphylococcus aureus infection,Q2FYI4
Staphylococcus aureus infection,Q2FYK4
Staphylococcus aureus infection,Q2FYL1
Staphylococcus aureus infection,Q2FYM7
Staphylococcus aureus infection,Q2FYN6
Staphylococcus aureus infection,Q2FYS7
Staphylococcus aureus infection,Q2FZ47
Staphylococcus aureus infection,Q2FZ58
Staphylococcus aureus infection,Q2FZF8
Staphylococcus aureus infection,Q2FZT3
Staphylococcus aureus infection,Q2FZT4
Staphylococcus aureus infection,Q2FZV9
Staphylococcus aureus infection,Q2FZY3
Staphylococcus aureus infection,Q2FZY9
Staphylococcus aureus infection,Q2G012
Staphylococcus aureus infection,Q2G035
Staphylococcus aureus infection,Q2G0B6
Staphylococcus aureus infection,Q2G0D0
Staphylococcus aureus infection,Q2G0I5
Staphylococcus aureus infection,Q2G0J5
Staphylococcus aureus infection,Q2G0M5
Staphylococcus aureus infection,Q2G0X0
Staphylococcus aureus infection,Q2G1F3
Staphylococcus aureus infection,Q2G1P8
Staphylococcus aureus infection,Q2G1T3
Staphylococcus aureus infection,Q2G200
Staphylococcus aureus infection,Q2G247
Staphylococcus aureus infection,Q2G260
Staphylococcus aureus infection,Q2G2A2
Staphylococcus aureus infection,Q2G2C3
Staphylococcus aureus infection,Q2G2G7
Staphylococcus aureus infection,Q2G2J8
Staphylococcus aureus infection,Q2G2R9
Staphylococcus aureus infection,Q2G2V4
Staphylococcus aureus infection,Q2G2W7
Cholera,P01555
Cholera,P01556
Cholera,P09545
Cholera,P15493
Cholera,P23247
Cholera,P37093
Cholera,P45779
Cholera,Q9KL03
Cholera,Q9KL18
Cholera,Q9KL41
Cholera,Q9KLR1
Cholera,Q9KM24
Cholera,Q9KN86
Cholera,Q9KNI1
Cholera,Q9KQG2
Cholera,Q9KRA3
Cholera,Q9KS12
Cholera,Q9KS45
Cholera,Q9KSE5
Cholera,Q9KUL5
Cholera,Q9KUS8
Cholera,Q9KVG5
Cholera,Q9KVG6
Cholera,Q9KVG7
Cholera,Q9KVG8
Cholera,O32445
Cholera,O85187
Cholera,P0C6E9
Cholera,P41851
Cholera,P45773
Cholera,Q06963
Cholera,Q60153
Cholera,Q9KKY0
Cholera,Q9KLR4
Cholera,Q9KLX6
Cholera,Q9KM69
Cholera,Q9KMU6
Cholera,Q9KMV8
Cholera,Q9KMX5
Cholera,Q9KMY3
Cholera,Q9KN42
Cholera,Q9KNH7
Cholera,Q9KNI7
Cholera,Q9KNN1
Cholera,Q9KNP2
Cholera,Q9KNU5
Cholera,Q9KPC4
Cholera,Q9KPC6
Cholera,Q9KPH8
Cholera,Q9KPH9
Cholera,Q9KPT5
Cholera,Q9KPZ7
Cholera,Q9KQ22
Cholera,Q9KQR7
Cholera,Q9KQW9
Cholera,Q9KRB0
Cholera,Q9KRB2
Cholera,Q9KRL4
Cholera,Q9KT58
Cholera,Q9KTJ4
Cholera,Q9KTK0
Cholera,Q9KTK8
Cholera,Q9KTX3
Cholera,Q9KTX4
Cholera,Q9KU37
Cholera,Q9KU93
Cholera,Q9KUA9
Cholera,Q9KUC0
Cholera,Q9KUQ9
Cholera,Q9KUY6
Cholera,Q9KV27
Cholera,Q9KVC5
Cholera,Q9KVD1
Cholera,Q9KVE0
Cholera,Q9KVP9
Cholera,Q9KVT3
Cholera,Q9X4Q8
Cholera,Q9X6N4
Cholera,O34238
Cholera,O34241
Cholera,O34242
Cholera,O51804
Cholera,O52042
Cholera,O66108
Cholera,P0C6C2
Cholera,P0C6C3
Cholera,P0C6C6
Cholera,P0C6C7
Cholera,P0C6D2
Cholera,P0C6D3
Cholera,P0C6D6
Cholera,P0C6D7
Cholera,P0C6D9
Cholera,P0C6E0
Cholera,P0C6E1
Cholera,P0C6P9
Cholera,P0C6Q1
Cholera,P0C6Q2
Cholera,P0C6Q3
Cholera,P0C6Q7
Cholera,P0C6Q8
Cholera,P0C6R1
Cholera,P15795
Cholera,P22359
Cholera,P24153
Cholera,P29480
Cholera,P29485
Cholera,P32557
Cholera,P45383
Cholera,P45774
Cholera,P45775
Cholera,P45776
Cholera,P45777
Cholera,P45780
Cholera,P45781
Cholera,P45782
Cholera,P50529
Cholera,P52021
Cholera,P57066
Cholera,Q06951
Cholera,Q08790
Cholera,Q56632
Cholera,Q56648
Cholera,Q56652
Cholera,Q84I33
Cholera,Q9F854
Cholera,Q9F855
Cholera,Q9K2Y1
Cholera,Q9KKJ5
Cholera,Q9KKM4
Cholera,Q9KKP2
Cholera,Q9KKQ7
Cholera,Q9KKS5
Cholera,Q9KKW6
Cholera,Q9KKZ4
Cholera,Q9KL04
Cholera,Q9KL20
Cholera,Q9KL24
Cholera,Q9KL34
Cholera,Q9KL40
Cholera,Q9KL62
Cholera,Q9KL83
Cholera,Q9KLC2
Cholera,Q9KLC6
Cholera,Q9KLC7
Cholera,Q9KLD1
Cholera,Q9KLG0
Cholera,Q9KLJ3
Cholera,Q9KLJ9
Cholera,Q9KLK7
Cholera,Q9KLL9
Cholera,Q9KLP4
Cholera,Q9KLQ5
Cholera,Q9KLW7
Cholera,Q9KLX5
Cholera,Q9KLY5
Cholera,Q9KM17
Cholera,Q9KM23
Cholera,Q9KM62
Cholera,Q9KM65
Cholera,Q9KM66
Cholera,Q9KM67
Cholera,Q9KM70
Cholera,Q9KM71
Cholera,Q9KM72
Cholera,Q9KM76
Cholera,Q9KMN7
Cholera,Q9KMP4
Cholera,Q9KMQ9
Cholera,Q9KMT5
Cholera,Q9KMW1
Cholera,Q9KMW9
Cholera,Q9KMY6
Cholera,Q9KN16
Cholera,Q9KN37
Cholera,Q9KN38
Cholera,Q9KN41
Cholera,Q9KN92
Cholera,Q9KNA8
Cholera,Q9KNB2
Cholera,Q9KNC3
Cholera,Q9KNC5
Cholera,Q9KNE5
Cholera,Q9KNE8
Cholera,Q9KNF3
Cholera,Q9KNH0
Cholera,Q9KNH3
Cholera,Q9KNH5
Cholera,Q9KNH6
Cholera,Q9KNI0
Cholera,Q9KNJ2
Cholera,Q9KNJ7
Cholera,Q9KNK0
Cholera,Q9KNL4
Cholera,Q9KNM2
Cholera,Q9KNM3
Cholera,Q9KNM4
Cholera,Q9KNM9
Cholera,Q9KNQ6
Cholera,Q9KNR1
Cholera,Q9KNR6
Cholera,Q9KNR7
Cholera,Q9KNS6
Cholera,Q9KNT0
Cholera,Q9KNT4
Cholera,Q9KNT5
Cholera,Q9KNT6
Cholera,Q9KNT7
Cholera,Q9KNT8
Cholera,Q9KNV1
Cholera,Q9KNV2
Cholera,Q9KNV6
Cholera,Q9KNV7
Cholera,Q9KNW0
Cholera,Q9KNW2
Cholera,Q9KNX6
Cholera,Q9KNX8
Cholera,Q9KNY5
Cholera,Q9KP08
Cholera,Q9KP19
Cholera,Q9KP20
Cholera,Q9KP21
Cholera,Q9KP30
Cholera,Q9KP34
Cholera,Q9KP35
Cholera,Q9KP42
Cholera,Q9KP62
Cholera,Q9KP66
Cholera,Q9KP68
Cholera,Q9KP70
Cholera,Q9KP71
Cholera,Q9KP73
Cholera,Q9KP81
Cholera,Q9KP82
Cholera,Q9KP83
Cholera,Q9KP93
Cholera,Q9KPA4
Cholera,Q9KPB0
Cholera,Q9KPB2
Cholera,Q9KPB3
Cholera,Q9KPB5
Cholera,Q9KPC1
Cholera,Q9KPC5
Cholera,Q9KPD4
Cholera,Q9KPE3
Cholera,Q9KPE9
Cholera,Q9KPF6
Cholera,Q9KPF9
Cholera,Q9KPG4
Cholera,Q9KPG5
Cholera,Q9KPG7
Cholera,Q9KPG8
Cholera,Q9KPH2
Cholera,Q9KPH4
Cholera,Q9KPH7
Cholera,Q9KPI6
Cholera,Q9KPI8
Cholera,Q9KPK1
Cholera,Q9KPK7
Cholera,Q9KPL7
Cholera,Q9KPL8
Cholera,Q9KPL9
Cholera,Q9KPM0
Cholera,Q9KPM2
Cholera,Q9KPN7
Cholera,Q9KPQ4
Cholera,Q9KPQ9
Cholera,Q9KPR9
Cholera,Q9KPS2
Cholera,Q9KPS5
Cholera,Q9KPT8
Cholera,Q9KPT9
Cholera,Q9KPU4
Cholera,Q9KPV0
Cholera,Q9KPV4
Cholera,Q9KPV6
Cholera,Q9KPV8
Cholera,Q9KPW3
Cholera,Q9KPW8
Cholera,Q9KPX6
Cholera,Q9KPX8
Cholera,Q9KPY2
Cholera,Q9KPY6
Cholera,Q9KPY7
Cholera,Q9KQ13
Cholera,Q9KQ15
Cholera,Q9KQ21
Cholera,Q9KQ23
Cholera,Q9KQ24
Cholera,Q9KQ26
Cholera,Q9KQ30
Cholera,Q9KQ40
Cholera,Q9KQ47
Cholera,Q9KQ52
Cholera,Q9KQ63
Cholera,Q9KQ85
Cholera,Q9KQ91
Cholera,Q9KQ92
Cholera,Q9KQB5
Cholera,Q9KQB8
Cholera,Q9KQD5
Cholera,Q9KQD8
Cholera,Q9KQE3
Cholera,Q9KQE7
Cholera,Q9KQE9
Cholera,Q9KQF5
Cholera,Q9KQH0
Cholera,Q9KQH4
Cholera,Q9KQH5
Cholera,Q9KQH7
Cholera,Q9KQH8
Cholera,Q9KQH9
Cholera,Q9KQI0
Cholera,Q9KQI2
Cholera,Q9KQK0
Cholera,Q9KQM0
Cholera,Q9KQM3
Cholera,Q9KQM6
Cholera,Q9KQQ6
Cholera,Q9KQR9
Cholera,Q9KQS5
Cholera,Q9KQS6
Cholera,Q9KQS7
Cholera,Q9KQT2
Cholera,Q9KQT7
Cholera,Q9KQU8
Cholera,Q9KQX0
Cholera,Q9KQX2
Cholera,Q9KQZ7
Cholera,Q9KQZ9
Cholera,Q9KR00
Cholera,Q9KR01
Cholera,Q9KR02
Cholera,Q9KR14
Cholera,Q9KR33
Cholera,Q9KR61
Cholera,Q9KR64
Cholera,Q9KR65
Cholera,Q9KR66
Cholera,Q9KR69
Cholera,Q9KRA7
Cholera,Q9KRB5
Cholera,Q9KRC1
Cholera,Q9KRC6
Cholera,Q9KRC8
Cholera,Q9KRD8
Cholera,Q9KRF0
Cholera,Q9KRJ0
Cholera,Q9KRK5
Cholera,Q9KRL3
Cholera,Q9KRM5
Cholera,Q9KRP1
Cholera,Q9KRQ1
Cholera,Q9KRS6
Cholera,Q9KRT4
Cholera,Q9KRU4
Cholera,Q9KRV2
Cholera,Q9KRV8
Cholera,Q9KRX4
Cholera,Q9KRY1
Cholera,Q9KRZ2
Cholera,Q9KRZ5
Cholera,Q9KS00
Cholera,Q9KS29
Cholera,Q9KS33
Cholera,Q9KS43
Cholera,Q9KS59
Cholera,Q9KS67
Cholera,Q9KS71
Cholera,Q9KS93
Cholera,Q9KSC2
Cholera,Q9KSD1
Cholera,Q9KSJ3
Cholera,Q9KSJ9
Cholera,Q9KSL1
Cholera,Q9KSL4
Cholera,Q9KSL8
Cholera,Q9KSM5
Cholera,Q9KSM8
Cholera,Q9KSN4
Cholera,Q9KSN6
Cholera,Q9KSN7
Cholera,Q9KSQ1
Cholera,Q9KSQ2
Cholera,Q9KSQ3
Cholera,Q9KSQ4
Cholera,Q9KSR8
Cholera,Q9KSS7
Cholera,Q9KST2
Cholera,Q9KST3
Cholera,Q9KST4
Cholera,Q9KST5
Cholera,Q9KST9
Cholera,Q9KSU0
Cholera,Q9KSU7
Cholera,Q9KSW7
Cholera,Q9KSW8
Cholera,Q9KSX0
Cholera,Q9KSX1
Cholera,Q9KSX4
Cholera,Q9KSX8
Cholera,Q9KSZ1
Cholera,Q9KSZ3
Cholera,Q9KSZ4
Cholera,Q9KSZ6
Cholera,Q9KT00
Cholera,Q9KT07
Cholera,Q9KT08
Cholera,Q9KT52
Cholera,Q9KT59
Cholera,Q9KT67
Cholera,Q9KT69
Cholera,Q9KT77
Cholera,Q9KT79
Cholera,Q9KT81
Cholera,Q9KT84
Cholera,Q9KT87
Cholera,Q9KT88
Cholera,Q9KT90
Cholera,Q9KT93
Cholera,Q9KT97
Cholera,Q9KTA3
Cholera,Q9KTA4
Cholera,Q9KTB6
Cholera,Q9KTB7
Cholera,Q9KTD1
Cholera,Q9KTE0
Cholera,Q9KTE4
Cholera,Q9KTF4
Cholera,Q9KTF8
Cholera,Q9KTF9
Cholera,Q9KTG1
Cholera,Q9KTJ5
Cholera,Q9KTK4
Cholera,Q9KTL3
Cholera,Q9KTL4
Cholera,Q9KTN2
Cholera,Q9KTN5
Cholera,Q9KTP8
Cholera,Q9KTU4
Cholera,Q9KTW2
Cholera,Q9KTX1
Cholera,Q9KTX5
Cholera,Q9KTY2
Cholera,Q9KTY5
Cholera,Q9KTY9
Cholera,Q9KU04
Cholera,Q9KU07
Cholera,Q9KU18
Cholera,Q9KU20
Cholera,Q9KU25
Cholera,Q9KU27
Cholera,Q9KU28
Cholera,Q9KU38
Cholera,Q9KU39
Cholera,Q9KU44
Cholera,Q9KU46
Cholera,Q9KU47
Cholera,Q9KU60
Cholera,Q9KU76
Cholera,Q9KU78
Cholera,Q9KU80
Cholera,Q9KU84
Cholera,Q9KU87
Cholera,Q9KU92
Cholera,Q9KU97
Cholera,Q9KUA0
Cholera,Q9KUD0
Cholera,Q9KUD1
Cholera,Q9KUG4
Cholera,Q9KUH2
Cholera,Q9KUI0
Cholera,Q9KUI8
Cholera,Q9KUI9
Cholera,Q9KUJ0
Cholera,Q9KUJ1
Cholera,Q9KUJ4
Cholera,Q9KUJ7
Cholera,Q9KUM8
Cholera,Q9KUP2
Cholera,Q9KUP3
Cholera,Q9KUP7
Cholera,Q9KUQ0
Cholera,Q9KUR2
Cholera,Q9KUS0
Cholera,Q9KUS1
Cholera,Q9KUS2
Cholera,Q9KUT3
Cholera,Q9KUT4
Cholera,Q9KUU7
Cholera,Q9KUW2
Cholera,Q9KUW5
Cholera,Q9KUW9
Cholera,Q9KUX2
Cholera,Q9KUX3
Cholera,Q9KUX4
Cholera,Q9KUX9
Cholera,Q9KUY4
Cholera,Q9KUZ6
Cholera,Q9KV11
Cholera,Q9KV12
Cholera,Q9KV16
Cholera,Q9KV18
Cholera,Q9KV19
Cholera,Q9KV22
Cholera,Q9KV26
Cholera,Q9KV29
Cholera,Q9KV30
Cholera,Q9KV37
Cholera,Q9KV40
Cholera,Q9KV48
Cholera,Q9KV52
Cholera,Q9KV59
Cholera,Q9KV60
Cholera,Q9KV66
Cholera,Q9KV80
Cholera,Q9KV81
Cholera,Q9KVB9
Cholera,Q9KVC4
Cholera,Q9KVD2
Cholera,Q9KVD5
Cholera,Q9KVD6
Cholera,Q9KVD9
Cholera,Q9KVI4
Cholera,Q9KVI9
Cholera,Q9KVJ0
Cholera,Q9KVK6
Cholera,Q9KVL2
Cholera,Q9KVL4
Cholera,Q9KVL6
Cholera,Q9KVL7
Cholera,Q9KVM1
Cholera,Q9KVQ4
Cholera,Q9KVQ6
Cholera,Q9KVS4
Cholera,Q9KVS8
Cholera,Q9KVS9
Cholera,Q9KVT4
Cholera,Q9KVT5
Cholera,Q9KVT8
Cholera,Q9KVU3
Cholera,Q9KVU5
Cholera,Q9KVW0
Cholera,Q9KVX3
Cholera,Q9KVX6
Cholera,Q9KVY4
Cholera,Q9KVY5
Cholera,Q9X4Q6
Cholera,Q9X4Q7
Cholera,Q9X4W3
Cholera,O07350
Cholera,O07898
Cholera,O07899
Cholera,O30862
Cholera,O31020
Cholera,O34239
Cholera,O34419
Cholera,O52043
Cholera,O52044
Cholera,O68844
Cholera,O68845
Cholera,O87077
Cholera,P06111
Cholera,P08038
Cholera,P0A479
Cholera,P0A497
Cholera,P0C6C4
Cholera,P0C6C5
Cholera,P0C6C8
Cholera,P0C6C9
Cholera,P0C6D0
Cholera,P0C6D1
Cholera,P0C6D5
Cholera,P0C6D8
Cholera,P0C6F0
Cholera,P0C6Q0
Cholera,P0C6Q4
Cholera,P0C6Q5
Cholera,P0C6Q6
Cholera,P0C6Q9
Cholera,P0C6R0
Cholera,P15492
Cholera,P17266
Cholera,P23476
Cholera,P24003
Cholera,P29481
Cholera,P29484
Cholera,P29489
Cholera,P29490
Cholera,P29491
Cholera,P38441
Cholera,P38442
Cholera,P45784
Cholera,P50511
Cholera,P52022
Cholera,P52116
Cholera,P52692
Cholera,P52695
Cholera,P57051
Cholera,P57063
Cholera,P57069
Cholera,P57070
Cholera,P58093
Cholera,P64127
Cholera,P65128
Cholera,P66367
Cholera,P66532
Cholera,P78283
Cholera,Q06952
Cholera,Q07024
Cholera,Q56647
Cholera,Q9KKL3
Cholera,Q9KKL4
Cholera,Q9KKP3
Cholera,Q9KKQ6
Cholera,Q9KKU0
Cholera,Q9KKW4
Cholera,Q9KKY1
Cholera,Q9KL06
Cholera,Q9KL07
Cholera,Q9KL16
Cholera,Q9KL54
Cholera,Q9KL72
Cholera,Q9KL96
Cholera,Q9KLB8
Cholera,Q9KLB9
Cholera,Q9KLC1
Cholera,Q9KLC3
Cholera,Q9KLD5
Cholera,Q9KLE1
Cholera,Q9KLG8
Cholera,Q9KLJ6
Cholera,Q9KLK2
Cholera,Q9KLK6
Cholera,Q9KLL6
Cholera,Q9KLN2
Cholera,Q9KLS6
Cholera,Q9KLT6
Cholera,Q9KLW8
Cholera,Q9KLX7
Cholera,Q9KLX9
Cholera,Q9KLY7
Cholera,Q9KM09
Cholera,Q9KM59
Cholera,Q9KMA5
Cholera,Q9KMA6
Cholera,Q9KMG3
Cholera,Q9KMG4
Cholera,Q9KMG5
Cholera,Q9KMP5
Cholera,Q9KN00
Cholera,Q9KN05
Cholera,Q9KN48
Cholera,Q9KN67
Cholera,Q9KNC9
Cholera,Q9KNE4
Cholera,Q9KNE6
Cholera,Q9KNE7
Cholera,Q9KNG4
Cholera,Q9KNG5
Cholera,Q9KNG7
Cholera,Q9KNG8
Cholera,Q9KNG9
Cholera,Q9KNH1
Cholera,Q9KNH2
Cholera,Q9KNH4
Cholera,Q9KNK2
Cholera,Q9KNL2
Cholera,Q9KNL7
Cholera,Q9KNP5
Cholera,Q9KNP9
Cholera,Q9KNQ2
Cholera,Q9KNQ7
Cholera,Q9KNQ9
Cholera,Q9KNS1
Cholera,Q9KNS2
Cholera,Q9KNS3
Cholera,Q9KNS8
Cholera,Q9KNT9
Cholera,Q9KNW4
Cholera,Q9KNY1
Cholera,Q9KNY2
Cholera,Q9KNY3
Cholera,Q9KNY4
Cholera,Q9KNY6
Cholera,Q9KNY7
Cholera,Q9KNY8
Cholera,Q9KNY9
Cholera,Q9KNZ0
Cholera,Q9KNZ1
Cholera,Q9KNZ2
Cholera,Q9KNZ3
Cholera,Q9KNZ4
Cholera,Q9KNZ5
Cholera,Q9KNZ6
Cholera,Q9KNZ7
Cholera,Q9KNZ8
Cholera,Q9KNZ9
Cholera,Q9KP00
Cholera,Q9KP01
Cholera,Q9KP02
Cholera,Q9KP03
Cholera,Q9KP05
Cholera,Q9KP07
Cholera,Q9KP09
Cholera,Q9KP33
Cholera,Q9KP38
Cholera,Q9KP43
Cholera,Q9KP46
Cholera,Q9KP47
Cholera,Q9KP65
Cholera,Q9KP80
Cholera,Q9KPA1
Cholera,Q9KPA2
Cholera,Q9KPB4
Cholera,Q9KPB6
Cholera,Q9KPE1
Cholera,Q9KPE2
Cholera,Q9KPG0
Cholera,Q9KPG9
Cholera,Q9KPI4
Cholera,Q9KPI5
Cholera,Q9KPK4
Cholera,Q9KPK6
Cholera,Q9KPK8
Cholera,Q9KPM5
Cholera,Q9KPQ0
Cholera,Q9KPQ7
Cholera,Q9KPS0
Cholera,Q9KPS1
Cholera,Q9KPT1
Cholera,Q9KPT6
Cholera,Q9KPT7
Cholera,Q9KPU0
Cholera,Q9KPU5
Cholera,Q9KPV2
Cholera,Q9KPV3
Cholera,Q9KPV5
Cholera,Q9KPV9
Cholera,Q9KPW1
Cholera,Q9KPW2
Cholera,Q9KPW4
Cholera,Q9KPW5
Cholera,Q9KPX0
Cholera,Q9KPX2
Cholera,Q9KQ06
Cholera,Q9KQ14
Cholera,Q9KQ25
Cholera,Q9KQ29
Cholera,Q9KQ48
Cholera,Q9KQ65
Cholera,Q9KQ82
Cholera,Q9KQ83
Cholera,Q9KQA4
Cholera,Q9KQA7
Cholera,Q9KQC6
Cholera,Q9KQH1
Cholera,Q9KQH3
Cholera,Q9KQN7
Cholera,Q9KQN9
Cholera,Q9KQS0
Cholera,Q9KQS1
Cholera,Q9KQS9
Cholera,Q9KQT4
Cholera,Q9KQU6
Cholera,Q9KQU7
Cholera,Q9KR11
Cholera,Q9KR19
Cholera,Q9KR57
Cholera,Q9KR62
Cholera,Q9KRA6
Cholera,Q9KRB6
Cholera,Q9KRC2
Cholera,Q9KRC7
Cholera,Q9KRD1
Cholera,Q9KRE2
Cholera,Q9KRK0
Cholera,Q9KRM2
Cholera,Q9KRP7
Cholera,Q9KRQ4
Cholera,Q9KRR0
Cholera,Q9KRU5
Cholera,Q9KRY6
Cholera,Q9KRZ3
Cholera,Q9KS02
Cholera,Q9KS42
Cholera,Q9KS61
Cholera,Q9KSA1
Cholera,Q9KSA4
Cholera,Q9KSA5
Cholera,Q9KSB1
Cholera,Q9KSB2
Cholera,Q9KSB4
Cholera,Q9KSF9
Cholera,Q9KSG1
Cholera,Q9KSG8
Cholera,Q9KSG9
Cholera,Q9KSH1
Cholera,Q9KSJ7
Cholera,Q9KSL2
Cholera,Q9KSL9
Cholera,Q9KSN0
Cholera,Q9KSP2
Cholera,Q9KSP7
Cholera,Q9KSR6
Cholera,Q9KSS4
Cholera,Q9KST6
Cholera,Q9KST7
Cholera,Q9KSU2
Cholera,Q9KSU3
Cholera,Q9KSW0
Cholera,Q9KSW1
Cholera,Q9KSW3
Cholera,Q9KSW4
Cholera,Q9KSW9
Cholera,Q9KSX2
Cholera,Q9KSX9
Cholera,Q9KSY9
Cholera,Q9KT49
Cholera,Q9KT50
Cholera,Q9KT82
Cholera,Q9KT83
Cholera,Q9KT86
Cholera,Q9KT89
Cholera,Q9KT91
Cholera,Q9KTA6
Cholera,Q9KTD2
Cholera,Q9KTD3
Cholera,Q9KTD6
Cholera,Q9KTE2
Cholera,Q9KTE3
Cholera,Q9KTE6
Cholera,Q9KTF1
Cholera,Q9KTJ6
Cholera,Q9KTJ7
Cholera,Q9KTJ9
Cholera,Q9KTL1
Cholera,Q9KTM3
Cholera,Q9KTM4
Cholera,Q9KTM7
Cholera,Q9KTT7
Cholera,Q9KTT8
Cholera,Q9KTU1
Cholera,Q9KTU5
Cholera,Q9KTV1
Cholera,Q9KTW4
Cholera,Q9KTW7
Cholera,Q9KTW8
Cholera,Q9KTX0
Cholera,Q9KTX8
Cholera,Q9KTX9
Cholera,Q9KTY3
Cholera,Q9KTZ1
Cholera,Q9KU00
Cholera,Q9KU08
Cholera,Q9KU12
Cholera,Q9KU21
Cholera,Q9KU26
Cholera,Q9KU36
Cholera,Q9KU53
Cholera,Q9KU56
Cholera,Q9KU62
Cholera,Q9KU64
Cholera,Q9KU77
Cholera,Q9KU79
Cholera,Q9KU82
Cholera,Q9KU89
Cholera,Q9KU96
Cholera,Q9KUC7
Cholera,Q9KUD9
Cholera,Q9KUE0
Cholera,Q9KUF0
Cholera,Q9KUF1
Cholera,Q9KUF7
Cholera,Q9KUF8
Cholera,Q9KUF9
Cholera,Q9KUG0
Cholera,Q9KUG5
Cholera,Q9KUH3
Cholera,Q9KUI6
Cholera,Q9KUJ2
Cholera,Q9KUJ3
Cholera,Q9KUK8
Cholera,Q9KUN3
Cholera,Q9KUP4
Cholera,Q9KUP9
Cholera,Q9KUQ4
Cholera,Q9KUR1
Cholera,Q9KUR4
Cholera,Q9KUR8
Cholera,Q9KUR9
Cholera,Q9KUS4
Cholera,Q9KUS9
Cholera,Q9KUT0
Cholera,Q9KUU2
Cholera,Q9KUY9
Cholera,Q9KUZ0
Cholera,Q9KUZ1
Cholera,Q9KUZ2
Cholera,Q9KUZ7
Cholera,Q9KUZ8
Cholera,Q9KUZ9
Cholera,Q9KV02
Cholera,Q9KV08
Cholera,Q9KV09
Cholera,Q9KV13
Cholera,Q9KV17
Cholera,Q9KV31
Cholera,Q9KV32
Cholera,Q9KV33
Cholera,Q9KV34
Cholera,Q9KV35
Cholera,Q9KV36
Cholera,Q9KV38
Cholera,Q9KV53
Cholera,Q9KV64
Cholera,Q9KV83
Cholera,Q9KVC7
Cholera,Q9KVC8
Cholera,Q9KVC9
Cholera,Q9KVG9
Cholera,Q9KVI7
Cholera,Q9KVK7
Cholera,Q9KVL8
Cholera,Q9KVM7
Cholera,Q9KVN0
Cholera,Q9KVP1
Cholera,Q9KVP6
Cholera,Q9KVP7
Cholera,Q9KVP8
Cholera,Q9KVQ7
Cholera,Q9KVR6
Cholera,Q9KVT7
Cholera,Q9KVU4
Cholera,Q9KVW4
Cholera,Q9KVW7
Cholera,Q9KVW8
Cholera,Q9KVX4
Cholera,Q9KVX5
Cholera,Q9KVY1
Cholera,Q9KVY2
Cholera,Q9KVY6
Cholera,Q9X4G9
Cholera,Q9X4Q9
Cholera,Q9ZHV9
Cholera,P0C6D4
Cholera,P0C6P8
Cholera,P24550
Cholera,P38443
Cholera,Q9K323
Cholera,Q9KKZ9
Cholera,Q9KLK3
Cholera,Q9KLK4
Cholera,Q9KM20
Cholera,Q9KM50
Cholera,Q9KMJ4
Cholera,Q9KMM3
Cholera,Q9KN74
Cholera,Q9KND9
Cholera,Q9KNF8
Cholera,Q9KNJ6
Cholera,Q9KNW8
Cholera,Q9KP97
Cholera,Q9KPL2
Cholera,Q9KPU8
Cholera,Q9KPX4
Cholera,Q9KQ28
Cholera,Q9KQF8
Cholera,Q9KQF9
Cholera,Q9KQL9
Cholera,Q9KQP1
Cholera,Q9KQV6
Cholera,Q9KQX1
Cholera,Q9KQX4
Cholera,Q9KQX6
Cholera,Q9KQZ4
Cholera,Q9KQZ5
Cholera,Q9KR70
Cholera,Q9KRX5
Cholera,Q9KSM3
Cholera,Q9KSP8
Cholera,Q9KT06
Cholera,Q9KT47
Cholera,Q9KT48
Cholera,Q9KTF7
Cholera,Q9KTM1
Cholera,Q9KTN0
Cholera,Q9KUB7
Cholera,Q9KUC5
Cholera,Q9KUE1
Cholera,Q9KUP8
Cholera,Q9KUQ7
Cholera,Q9KUS3
Cholera,Q9KV01
Cholera,Q9KV06
Cholera,Q9KVD8
Cholera,Q9KVF1
Cholera,Q9KVR0
Cholera,Q9KVU0
Cholera,Q9KVY3
Yersinia infection,O68691
Yersinia infection,P17811
Yersinia infection,Q74Y23
Yersinia infection,Q8Z9S7
Yersinia infection,Q8Z9U1
Yersinia infection,Q8ZAN0
Yersinia infection,Q8ZCR0
Yersinia infection,Q9X6B0
Yersinia infection,O68703
Yersinia infection,O69169
Yersinia infection,O69172
Yersinia infection,P33086
Yersinia infection,P58680
Yersinia infection,P59324
Yersinia infection,Q56952
Yersinia infection,Q74RZ6
Yersinia infection,Q7ARI8
Yersinia infection,Q7CFU4
Yersinia infection,Q7CHH5
Yersinia infection,Q7CJM9
Yersinia infection,Q8D0M6
Yersinia infection,Q8ZAB3
Yersinia infection,Q8ZAE1
Yersinia infection,Q8ZAQ5
Yersinia infection,Q8ZBN1
Yersinia infection,Q8ZBN6
Yersinia infection,Q8ZC05
Yersinia infection,Q8ZC17
Yersinia infection,Q8ZC49
Yersinia infection,Q8ZCA7
Yersinia infection,Q8ZCF3
Yersinia infection,Q8ZCP8
Yersinia infection,Q8ZD45
Yersinia infection,Q8ZDA6
Yersinia infection,Q8ZDL2
Yersinia infection,Q8ZDX8
Yersinia infection,Q8ZE60
Yersinia infection,Q8ZEY2
Yersinia infection,Q8ZFL4
Yersinia infection,Q8ZFR1
Yersinia infection,Q8ZFU4
Yersinia infection,Q8ZG77
Yersinia infection,Q8ZH09
Yersinia infection,Q8ZHF4
Yersinia infection,Q8ZI60
Yersinia infection,Q8ZI64
Yersinia infection,Q8ZIF4
Yersinia infection,Q8ZIL4
Yersinia infection,Q8ZIL5
Yersinia infection,Q8ZJP0
Yersinia infection,Q9RI12
Yersinia infection,O68690
Yersinia infection,O68692
Yersinia infection,P17778
Yersinia infection,P26926
Yersinia infection,P31493
Yersinia infection,P31522
Yersinia infection,P37858
Yersinia infection,P40127
Yersinia infection,P46355
Yersinia infection,P46357
Yersinia infection,P46359
Yersinia infection,P58411
Yersinia infection,P58471
Yersinia infection,P58475
Yersinia infection,P58482
Yersinia infection,P58487
Yersinia infection,P58492
Yersinia infection,P58497
Yersinia infection,P58507
Yersinia infection,P58526
Yersinia infection,P58534
Yersinia infection,P58540
Yersinia infection,P58543
Yersinia infection,P58582
Yersinia infection,P58611
Yersinia infection,P58636
Yersinia infection,P58644
Yersinia infection,P58647
Yersinia infection,P58672
Yersinia infection,P58719
Yersinia infection,P61380
Yersinia infection,P68590
Yersinia infection,P68641
Yersinia infection,P68706
Yersinia infection,P69953
Yersinia infection,P69965
Yersinia infection,P69972
Yersinia infection,P69976
Yersinia infection,P69990
Yersinia infection,P69994
Yersinia infection,Q0W9V5
Yersinia infection,Q0WAP0
Yersinia infection,Q0WAP4
Yersinia infection,Q0WBC9
Yersinia infection,Q0WBF9
Yersinia infection,Q0WCB5
Yersinia infection,Q0WD07
Yersinia infection,Q0WD32
Yersinia infection,Q0WDC3
Yersinia infection,Q0WDR2
Yersinia infection,Q0WDX2
Yersinia infection,Q0WEF0
Yersinia infection,Q0WER5
Yersinia infection,Q0WF87
Yersinia infection,Q0WFU0
Yersinia infection,Q0WGE8
Yersinia infection,Q0WHW5
Yersinia infection,Q0WIC8
Yersinia infection,Q0WJ78
Yersinia infection,Q0WJE4
Yersinia infection,Q0WJP9
Yersinia infection,Q0WJT1
Yersinia infection,Q0WJY2
Yersinia infection,Q56953
Yersinia infection,Q56973
Yersinia infection,Q56974
Yersinia infection,Q56989
Yersinia infection,Q56993
Yersinia infection,Q60112
Yersinia infection,Q74PI5
Yersinia infection,Q74PY8
Yersinia infection,Q74R28
Yersinia infection,Q74R94
Yersinia infection,Q74RF8
Yersinia infection,Q74RQ9
Yersinia infection,Q74SF4
Yersinia infection,Q74SQ6
Yersinia infection,Q74TF8
Yersinia infection,Q74X11
Yersinia infection,Q74XX5
Yersinia infection,Q74Y45
Yersinia infection,Q74Y93
Yersinia infection,Q7CFM8
Yersinia infection,Q7CFR2
Yersinia infection,Q7CG00
Yersinia infection,Q7CG46
Yersinia infection,Q7CG56
Yersinia infection,Q7CG87
Yersinia infection,Q7CGB6
Yersinia infection,Q7CGD9
Yersinia infection,Q7CGS4
Yersinia infection,Q7CH07
Yersinia infection,Q7CH25
Yersinia infection,Q7CH65
Yersinia infection,Q7CH66
Yersinia infection,Q7CHF8
Yersinia infection,Q7CHI2
Yersinia infection,Q7CHK7
Yersinia infection,Q7CHQ3
Yersinia infection,Q7CHU1
Yersinia infection,Q7CHW4
Yersinia infection,Q7CI09
Yersinia infection,Q7CI10
Yersinia infection,Q7CIA2
Yersinia infection,Q7CIC2
Yersinia infection,Q7CIC6
Yersinia infection,Q7CIP8
Yersinia infection,Q7CIR8
Yersinia infection,Q7CIS2
Yersinia infection,Q7CIT9
Yersinia infection,Q7CIX9
Yersinia infection,Q7CIZ3
Yersinia infection,Q7CJ65
Yersinia infection,Q7CJ76
Yersinia infection,Q7CJ84
Yersinia infection,Q7CJ87
Yersinia infection,Q7CJ89
Yersinia infection,Q7CJ92
Yersinia infection,Q7CJ93
Yersinia infection,Q7CJ96
Yersinia infection,Q7CJF3
Yersinia infection,Q7CJG3
Yersinia infection,Q7CJI9
Yersinia infection,Q7CJM7
Yersinia infection,Q7CJN8
Yersinia infection,Q7CJV2
Yersinia infection,Q7CJY7
Yersinia infection,Q7CKD4
Yersinia infection,Q7CKG8
Yersinia infection,Q7CKJ6
Yersinia infection,Q7CKM4
Yersinia infection,Q7CLE5
Yersinia infection,Q8D091
Yersinia infection,Q8D0D7
Yersinia infection,Q8D0D8
Yersinia infection,Q8D0U3
Yersinia infection,Q8D0W8
Yersinia infection,Q8D124
Yersinia infection,Q8D1G8
Yersinia infection,Q8D1H3
Yersinia infection,Q8D1I3
Yersinia infection,Q8D1K0
Yersinia infection,Q8D1Q8
Yersinia infection,Q8Z9S4
Yersinia infection,Q8Z9S8
Yersinia infection,Q8Z9T1
Yersinia infection,Q8Z9U2
Yersinia infection,Q8Z9U3
Yersinia infection,Q8Z9U7
Yersinia infection,Q8Z9Y1
Yersinia infection,Q8ZA09
Yersinia infection,Q8ZA10
Yersinia infection,Q8ZA34
Yersinia infection,Q8ZA75
Yersinia infection,Q8ZA77
Yersinia infection,Q8ZA78
Yersinia infection,Q8ZA84
Yersinia infection,Q8ZA85
Yersinia infection,Q8ZA86
Yersinia infection,Q8ZA87
Yersinia infection,Q8ZA97
Yersinia infection,Q8ZAA0
Yersinia infection,Q8ZAA1
Yersinia infection,Q8ZAA2
Yersinia infection,Q8ZAC2
Yersinia infection,Q8ZAD8
Yersinia infection,Q8ZAE3
Yersinia infection,Q8ZAE4
Yersinia infection,Q8ZAF0
Yersinia infection,Q8ZAG5
Yersinia infection,Q8ZAI0
Yersinia infection,Q8ZAL3
Yersinia infection,Q8ZAM1
Yersinia infection,Q8ZAM9
Yersinia infection,Q8ZAN4
Yersinia infection,Q8ZAN8
Yersinia infection,Q8ZAP9
Yersinia infection,Q8ZAQ1
Yersinia infection,Q8ZAQ2
Yersinia infection,Q8ZAQ7
Yersinia infection,Q8ZAQ8
Yersinia infection,Q8ZAR2
Yersinia infection,Q8ZAR3
Yersinia infection,Q8ZAR4
Yersinia infection,Q8ZAR7
Yersinia infection,Q8ZAS2
Yersinia infection,Q8ZAS8
Yersinia infection,Q8ZAS9
Yersinia infection,Q8ZAW9
Yersinia infection,Q8ZAX0
Yersinia infection,Q8ZAX1
Yersinia infection,Q8ZAX7
Yersinia infection,Q8ZB39
Yersinia infection,Q8ZB47
Yersinia infection,Q8ZB56
Yersinia infection,Q8ZB72
Yersinia infection,Q8ZB94
Yersinia infection,Q8ZB98
Yersinia infection,Q8ZBB5
Yersinia infection,Q8ZBB8
Yersinia infection,Q8ZBC2
Yersinia infection,Q8ZBC4
Yersinia infection,Q8ZBG8
Yersinia infection,Q8ZBH1
Yersinia infection,Q8ZBH3
Yersinia infection,Q8ZBI0
Yersinia infection,Q8ZBI2
Yersinia infection,Q8ZBJ7
Yersinia infection,Q8ZBJ8
Yersinia infection,Q8ZBK0
Yersinia infection,Q8ZBK6
Yersinia infection,Q8ZBK7
Yersinia infection,Q8ZBK8
Yersinia infection,Q8ZBL9
Yersinia infection,Q8ZBM0
Yersinia infection,Q8ZBM3
Yersinia infection,Q8ZBN2
Yersinia infection,Q8ZBN7
Yersinia infection,Q8ZBP1
Yersinia infection,Q8ZBP2
Yersinia infection,Q8ZBP3
Yersinia infection,Q8ZBP7
Yersinia infection,Q8ZBP8
Yersinia infection,Q8ZBP9
Yersinia infection,Q8ZBQ0
Yersinia infection,Q8ZBT8
Yersinia infection,Q8ZBU3
Yersinia infection,Q8ZBU9
Yersinia infection,Q8ZBV7
Yersinia infection,Q8ZBY6
Yersinia infection,Q8ZBY7
Yersinia infection,Q8ZBZ1
Yersinia infection,Q8ZBZ2
Yersinia infection,Q8ZBZ5
Yersinia infection,Q8ZBZ9
Yersinia infection,Q8ZC08
Yersinia infection,Q8ZC15
Yersinia infection,Q8ZC33
Yersinia infection,Q8ZC41
Yersinia infection,Q8ZC45
Yersinia infection,Q8ZC51
Yersinia infection,Q8ZC64
Yersinia infection,Q8ZC65
Yersinia infection,Q8ZC66
Yersinia infection,Q8ZC72
Yersinia infection,Q8ZC94
Yersinia infection,Q8ZC98
Yersinia infection,Q8ZCA8
Yersinia infection,Q8ZCB8
Yersinia infection,Q8ZCC0
Yersinia infection,Q8ZCC3
Yersinia infection,Q8ZCD0
Yersinia infection,Q8ZCF9
Yersinia infection,Q8ZCG9
Yersinia infection,Q8ZCK0
Yersinia infection,Q8ZCM2
Yersinia infection,Q8ZCP4
Yersinia infection,Q8ZCQ2
Yersinia infection,Q8ZCR1
Yersinia infection,Q8ZCS5
Yersinia infection,Q8ZCT2
Yersinia infection,Q8ZCU4
Yersinia infection,Q8ZCX2
Yersinia infection,Q8ZCX5
Yersinia infection,Q8ZCX8
Yersinia infection,Q8ZCX9
Yersinia infection,Q8ZD27
Yersinia infection,Q8ZD36
Yersinia infection,Q8ZD40
Yersinia infection,Q8ZD41
Yersinia infection,Q8ZD46
Yersinia infection,Q8ZD52
Yersinia infection,Q8ZD54
Yersinia infection,Q8ZD58
Yersinia infection,Q8ZD71
Yersinia infection,Q8ZD72
Yersinia infection,Q8ZD74
Yersinia infection,Q8ZD80
Yersinia infection,Q8ZD86
Yersinia infection,Q8ZD97
Yersinia infection,Q8ZD98
Yersinia infection,Q8ZDB1
Yersinia infection,Q8ZDB2
Yersinia infection,Q8ZDD9
Yersinia infection,Q8ZDE1
Yersinia infection,Q8ZDG1
Yersinia infection,Q8ZDG6
Yersinia infection,Q8ZDG9
Yersinia infection,Q8ZDH0
Yersinia infection,Q8ZDH2
Yersinia infection,Q8ZDJ6
Yersinia infection,Q8ZDK3
Yersinia infection,Q8ZDL3
Yersinia infection,Q8ZDW5
Yersinia infection,Q8ZDX0
Yersinia infection,Q8ZDX1
Yersinia infection,Q8ZDX6
Yersinia infection,Q8ZDX7
Yersinia infection,Q8ZDX9
Yersinia infection,Q8ZDY0
Yersinia infection,Q8ZDY2
Yersinia infection,Q8ZDY4
Yersinia infection,Q8ZDZ6
Yersinia infection,Q8ZE08
Yersinia infection,Q8ZE19
Yersinia infection,Q8ZE20
Yersinia infection,Q8ZE42
Yersinia infection,Q8ZE46
Yersinia infection,Q8ZEB6
Yersinia infection,Q8ZEC9
Yersinia infection,Q8ZED2
Yersinia infection,Q8ZED3
Yersinia infection,Q8ZEF0
Yersinia infection,Q8ZEG0
Yersinia infection,Q8ZEG6
Yersinia infection,Q8ZEG7
Yersinia infection,Q8ZEG8
Yersinia infection,Q8ZEG9
Yersinia infection,Q8ZEI2
Yersinia infection,Q8ZEJ1
Yersinia infection,Q8ZEK1
Yersinia infection,Q8ZEK7
Yersinia infection,Q8ZES9
Yersinia infection,Q8ZEU5
Yersinia infection,Q8ZEU6
Yersinia infection,Q8ZEU7
Yersinia infection,Q8ZEV0
Yersinia infection,Q8ZEX9
Yersinia infection,Q8ZEY1
Yersinia infection,Q8ZEY4
Yersinia infection,Q8ZF51
Yersinia infection,Q8ZF52
Yersinia infection,Q8ZF61
Yersinia infection,Q8ZFB2
Yersinia infection,Q8ZFD6
Yersinia infection,Q8ZFH8
Yersinia infection,Q8ZFM0
Yersinia infection,Q8ZFQ3
Yersinia infection,Q8ZFQ5
Yersinia infection,Q8ZFR0
Yersinia infection,Q8ZFR4
Yersinia infection,Q8ZFS3
Yersinia infection,Q8ZFT4
Yersinia infection,Q8ZFT7
Yersinia infection,Q8ZFT8
Yersinia infection,Q8ZFU1
Yersinia infection,Q8ZFV7
Yersinia infection,Q8ZFV8
Yersinia infection,Q8ZFX4
Yersinia infection,Q8ZFX5
Yersinia infection,Q8ZFX7
Yersinia infection,Q8ZFX8
Yersinia infection,Q8ZFY0
Yersinia infection,Q8ZFY1
Yersinia infection,Q8ZFZ8
Yersinia infection,Q8ZFZ9
Yersinia infection,Q8ZG01
Yersinia infection,Q8ZG08
Yersinia infection,Q8ZG09
Yersinia infection,Q8ZG15
Yersinia infection,Q8ZG80
Yersinia infection,Q8ZG91
Yersinia infection,Q8ZG93
Yersinia infection,Q8ZG99
Yersinia infection,Q8ZGA1
Yersinia infection,Q8ZGA4
Yersinia infection,Q8ZGA8
Yersinia infection,Q8ZGA9
Yersinia infection,Q8ZGB3
Yersinia infection,Q8ZGB4
Yersinia infection,Q8ZGC4
Yersinia infection,Q8ZGC7
Yersinia infection,Q8ZGD2
Yersinia infection,Q8ZGE1
Yersinia infection,Q8ZGG1
Yersinia infection,Q8ZGH4
Yersinia infection,Q8ZGJ1
Yersinia infection,Q8ZGJ9
Yersinia infection,Q8ZGM2
Yersinia infection,Q8ZGR6
Yersinia infection,Q8ZGU5
Yersinia infection,Q8ZGV2
Yersinia infection,Q8ZGV9
Yersinia infection,Q8ZGW0
Yersinia infection,Q8ZGW2
Yersinia infection,Q8ZGW4
Yersinia infection,Q8ZGW5
Yersinia infection,Q8ZGW7
Yersinia infection,Q8ZGW9
Yersinia infection,Q8ZGX6
Yersinia infection,Q8ZGY3
Yersinia infection,Q8ZGY5
Yersinia infection,Q8ZGY8
Yersinia infection,Q8ZH00
Yersinia infection,Q8ZH30
Yersinia infection,Q8ZH36
Yersinia infection,Q8ZH37
Yersinia infection,Q8ZH38
Yersinia infection,Q8ZH52
Yersinia infection,Q8ZH54
Yersinia infection,Q8ZH57
Yersinia infection,Q8ZH59
Yersinia infection,Q8ZH61
Yersinia infection,Q8ZH62
Yersinia infection,Q8ZH64
Yersinia infection,Q8ZH68
Yersinia infection,Q8ZH69
Yersinia infection,Q8ZH72
Yersinia infection,Q8ZH75
Yersinia infection,Q8ZH78
Yersinia infection,Q8ZHE6
Yersinia infection,Q8ZHE9
Yersinia infection,Q8ZHG7
Yersinia infection,Q8ZHG8
Yersinia infection,Q8ZHH3
Yersinia infection,Q8ZHH8
Yersinia infection,Q8ZHI8
Yersinia infection,Q8ZHK1
Yersinia infection,Q8ZHK5
Yersinia infection,Q8ZHP0
Yersinia infection,Q8ZHV1
Yersinia infection,Q8ZI40
Yersinia infection,Q8ZI56
Yersinia infection,Q8ZI61
Yersinia infection,Q8ZI65
Yersinia infection,Q8ZI67
Yersinia infection,Q8ZIE3
Yersinia infection,Q8ZIE7
Yersinia infection,Q8ZIE8
Yersinia infection,Q8ZIE9
Yersinia infection,Q8ZIF1
Yersinia infection,Q8ZIF2
Yersinia infection,Q8ZIG8
Yersinia infection,Q8ZIG9
Yersinia infection,Q8ZIH0
Yersinia infection,Q8ZII0
Yersinia infection,Q8ZIK1
Yersinia infection,Q8ZIK5
Yersinia infection,Q8ZIL6
Yersinia infection,Q8ZIL9
Yersinia infection,Q8ZIM0
Yersinia infection,Q8ZIM6
Yersinia infection,Q8ZIM7
Yersinia infection,Q8ZIN2
Yersinia infection,Q8ZIN5
Yersinia infection,Q8ZIP0
Yersinia infection,Q8ZIP1
Yersinia infection,Q8ZIQ2
Yersinia infection,Q8ZIQ3
Yersinia infection,Q8ZIQ4
Yersinia infection,Q8ZIV4
Yersinia infection,Q8ZIV7
Yersinia infection,Q8ZIW2
Yersinia infection,Q8ZIW3
Yersinia infection,Q8ZIX0
Yersinia infection,Q8ZIX1
Yersinia infection,Q8ZIX3
Yersinia infection,Q8ZIY3
Yersinia infection,Q8ZIY4
Yersinia infection,Q8ZIY9
Yersinia infection,Q8ZJ00
Yersinia infection,Q8ZJ02
Yersinia infection,Q8ZJ03
Yersinia infection,Q8ZJ06
Yersinia infection,Q8ZJ07
Yersinia infection,Q8ZJ10
Yersinia infection,Q8ZJ14
Yersinia infection,Q8ZJ16
Yersinia infection,Q8ZJ18
Yersinia infection,Q8ZJ20
Yersinia infection,Q8ZJ74
Yersinia infection,Q8ZJ81
Yersinia infection,Q8ZJ87
Yersinia infection,Q8ZJB2
Yersinia infection,Q8ZJC5
Yersinia infection,Q8ZJD0
Yersinia infection,Q8ZJF2
Yersinia infection,Q8ZJF3
Yersinia infection,Q8ZJF6
Yersinia infection,Q8ZJF7
Yersinia infection,Q8ZJG9
Yersinia infection,Q8ZJI2
Yersinia infection,Q8ZJI3
Yersinia infection,Q8ZJJ4
Yersinia infection,Q8ZJK9
Yersinia infection,Q8ZJL6
Yersinia infection,Q8ZJL7
Yersinia infection,Q8ZJM6
Yersinia infection,Q8ZJN0
Yersinia infection,Q8ZJN2
Yersinia infection,Q8ZJN4
Yersinia infection,Q8ZJN9
Yersinia infection,Q8ZJP5
Yersinia infection,Q8ZJP6
Yersinia infection,Q8ZJP7
Yersinia infection,Q8ZJP8
Yersinia infection,Q8ZJS4
Yersinia infection,Q8ZJT1
Yersinia infection,Q93PE0
Yersinia infection,Q9F7D4
Yersinia infection,Q9X6B2
Yersinia infection,Q9ZC45
Yersinia infection,Q9ZC67
Yersinia infection,Q9ZC70
Yersinia infection,Q9ZC74
Yersinia infection,Q9ZFR9
Yersinia infection,O68770
Yersinia infection,O69170
Yersinia infection,P0A362
Yersinia infection,P0A3X0
Yersinia infection,P0C7U7
Yersinia infection,P0DM79
Yersinia infection,P21207
Yersinia infection,P26948
Yersinia infection,P26949
Yersinia infection,P26950
Yersinia infection,P28808
Yersinia infection,P31491
Yersinia infection,P31527
Yersinia infection,P37867
Yersinia infection,P42713
Yersinia infection,P46356
Yersinia infection,P58472
Yersinia infection,P58510
Yersinia infection,P58589
Yersinia infection,P58607
Yersinia infection,P58619
Yersinia infection,P58635
Yersinia infection,P58655
Yersinia infection,P58697
Yersinia infection,P58700
Yersinia infection,P58709
Yersinia infection,P60436
Yersinia infection,P60730
Yersinia infection,P61416
Yersinia infection,P61417
Yersinia infection,P61892
Yersinia infection,P63876
Yersinia infection,P65115
Yersinia infection,P67906
Yersinia infection,P68587
Yersinia infection,P68588
Yersinia infection,P68640
Yersinia infection,P68686
Yersinia infection,P69955
Yersinia infection,P69959
Yersinia infection,P69963
Yersinia infection,P69968
Yersinia infection,P69970
Yersinia infection,P69974
Yersinia infection,P69978
Yersinia infection,P69980
Yersinia infection,P69982
Yersinia infection,P69984
Yersinia infection,P69986
Yersinia infection,P69988
Yersinia infection,P69992
Yersinia infection,Q0WB88
Yersinia infection,Q0WBD7
Yersinia infection,Q0WBQ9
Yersinia infection,Q0WCK7
Yersinia infection,Q0WDE1
Yersinia infection,Q0WEG0
Yersinia infection,Q0WFT9
Yersinia infection,Q0WJ82
Yersinia infection,Q0WJC2
Yersinia infection,Q0WJP7
Yersinia infection,Q56954
Yersinia infection,Q56955
Yersinia infection,Q56956
Yersinia infection,Q56990
Yersinia infection,Q56991
Yersinia infection,Q56992
Yersinia infection,Q74PW2
Yersinia infection,Q74Q23
Yersinia infection,Q74Q30
Yersinia infection,Q74Q56
Yersinia infection,Q74RF9
Yersinia infection,Q74RU7
Yersinia infection,Q74SR9
Yersinia infection,Q74TH2
Yersinia infection,Q74U12
Yersinia infection,Q74XD3
Yersinia infection,Q7CFM3
Yersinia infection,Q7CFM4
Yersinia infection,Q7CFM5
Yersinia infection,Q7CFS8
Yersinia infection,Q7CFT2
Yersinia infection,Q7CFT4
Yersinia infection,Q7CFT7
Yersinia infection,Q7CFX5
Yersinia infection,Q7CFX8
Yersinia infection,Q7CG47
Yersinia infection,Q7CG48
Yersinia infection,Q7CG49
Yersinia infection,Q7CG77
Yersinia infection,Q7CGA7
Yersinia infection,Q7CGB1
Yersinia infection,Q7CGD8
Yersinia infection,Q7CGI0
Yersinia infection,Q7CGT3
Yersinia infection,Q7CGZ2
Yersinia infection,Q7CH39
Yersinia infection,Q7CH40
Yersinia infection,Q7CH67
Yersinia infection,Q7CHK5
Yersinia infection,Q7CHL5
Yersinia infection,Q7CHM0
Yersinia infection,Q7CHM1
Yersinia infection,Q7CHW2
Yersinia infection,Q7CIB6
Yersinia infection,Q7CIB7
Yersinia infection,Q7CJ14
Yersinia infection,Q7CJ72
Yersinia infection,Q7CJ75
Yersinia infection,Q7CJL1
Yersinia infection,Q7CJL3
Yersinia infection,Q7CJM5
Yersinia infection,Q7CK25
Yersinia infection,Q7CK59
Yersinia infection,Q7CKI5
Yersinia infection,Q7CKP5
Yersinia infection,Q7CKT7
Yersinia infection,Q7CKV5
Yersinia infection,Q7CKV6
Yersinia infection,Q7CKV7
Yersinia infection,Q7CL09
Yersinia infection,Q7CLB2
Yersinia infection,Q7CLC9
Yersinia infection,Q8CKC6
Yersinia infection,Q8CZS4
Yersinia infection,Q8CZY7
Yersinia infection,Q8D049
Yersinia infection,Q8D074
Yersinia infection,Q8D0B5
Yersinia infection,Q8D0P1
Yersinia infection,Q8D170
Yersinia infection,Q8D1E4
Yersinia infection,Q8Z9R8
Yersinia infection,Q8Z9R9
Yersinia infection,Q8Z9S5
Yersinia infection,Q8Z9U4
Yersinia infection,Q8Z9U5
Yersinia infection,Q8Z9U9
Yersinia infection,Q8Z9V5
Yersinia infection,Q8Z9V6
Yersinia infection,Q8Z9V7
Yersinia infection,Q8Z9W6
Yersinia infection,Q8Z9W7
Yersinia infection,Q8Z9X0
Yersinia infection,Q8Z9X7
Yersinia infection,Q8Z9Y0
Yersinia infection,Q8Z9Z1
Yersinia infection,Q8ZA28
Yersinia infection,Q8ZA46
Yersinia infection,Q8ZA49
Yersinia infection,Q8ZA50
Yersinia infection,Q8ZA76
Yersinia infection,Q8ZA88
Yersinia infection,Q8ZAA7
Yersinia infection,Q8ZAF1
Yersinia infection,Q8ZAF2
Yersinia infection,Q8ZAH6
Yersinia infection,Q8ZAL4
Yersinia infection,Q8ZAL8
Yersinia infection,Q8ZAM2
Yersinia infection,Q8ZAM3
Yersinia infection,Q8ZAN6
Yersinia infection,Q8ZAP0
Yersinia infection,Q8ZAP1
Yersinia infection,Q8ZAP2
Yersinia infection,Q8ZAP3
Yersinia infection,Q8ZAP4
Yersinia infection,Q8ZAP5
Yersinia infection,Q8ZAS3
Yersinia infection,Q8ZAU2
Yersinia infection,Q8ZAU5
Yersinia infection,Q8ZAU8
Yersinia infection,Q8ZAU9
Yersinia infection,Q8ZAX6
Yersinia infection,Q8ZAX8
Yersinia infection,Q8ZB04
Yersinia infection,Q8ZB38
Yersinia infection,Q8ZB41
Yersinia infection,Q8ZB62
Yersinia infection,Q8ZB74
Yersinia infection,Q8ZB81
Yersinia infection,Q8ZB82
Yersinia infection,Q8ZB83
Yersinia infection,Q8ZB84
Yersinia infection,Q8ZB88
Yersinia infection,Q8ZBA2
Yersinia infection,Q8ZBA7
Yersinia infection,Q8ZBB3
Yersinia infection,Q8ZBC0
Yersinia infection,Q8ZBC3
Yersinia infection,Q8ZBC5
Yersinia infection,Q8ZBH8
Yersinia infection,Q8ZBH9
Yersinia infection,Q8ZBL1
Yersinia infection,Q8ZBM5
Yersinia infection,Q8ZBP5
Yersinia infection,Q8ZBP6
Yersinia infection,Q8ZBQ3
Yersinia infection,Q8ZBU2
Yersinia infection,Q8ZBU7
Yersinia infection,Q8ZBU8
Yersinia infection,Q8ZBV0
Yersinia infection,Q8ZBV2
Yersinia infection,Q8ZBZ0
Yersinia infection,Q8ZBZ3
Yersinia infection,Q8ZC09
Yersinia infection,Q8ZC18
Yersinia infection,Q8ZC31
Yersinia infection,Q8ZC32
Yersinia infection,Q8ZC39
Yersinia infection,Q8ZC42
Yersinia infection,Q8ZC47
Yersinia infection,Q8ZC52
Yersinia infection,Q8ZC86
Yersinia infection,Q8ZC96
Yersinia infection,Q8ZC97
Yersinia infection,Q8ZCC1
Yersinia infection,Q8ZCD2
Yersinia infection,Q8ZCD6
Yersinia infection,Q8ZCG8
Yersinia infection,Q8ZCH3
Yersinia infection,Q8ZCK2
Yersinia infection,Q8ZCP5
Yersinia infection,Q8ZCS3
Yersinia infection,Q8ZCS4
Yersinia infection,Q8ZCT6
Yersinia infection,Q8ZCT9
Yersinia infection,Q8ZCU2
Yersinia infection,Q8ZCV9
Yersinia infection,Q8ZCW0
Yersinia infection,Q8ZCW1
Yersinia infection,Q8ZD12
Yersinia infection,Q8ZD43
Yersinia infection,Q8ZD70
Yersinia infection,Q8ZD84
Yersinia infection,Q8ZD85
Yersinia infection,Q8ZD89
Yersinia infection,Q8ZD91
Yersinia infection,Q8ZD92
Yersinia infection,Q8ZD96
Yersinia infection,Q8ZDC4
Yersinia infection,Q8ZDC6
Yersinia infection,Q8ZDF0
Yersinia infection,Q8ZDF8
Yersinia infection,Q8ZDG3
Yersinia infection,Q8ZDH1
Yersinia infection,Q8ZDP7
Yersinia infection,Q8ZDV4
Yersinia infection,Q8ZDW6
Yersinia infection,Q8ZDW7
Yersinia infection,Q8ZDW8
Yersinia infection,Q8ZDX2
Yersinia infection,Q8ZDX4
Yersinia infection,Q8ZDZ8
Yersinia infection,Q8ZE65
Yersinia infection,Q8ZE81
Yersinia infection,Q8ZE82
Yersinia infection,Q8ZEB3
Yersinia infection,Q8ZEC8
Yersinia infection,Q8ZED4
Yersinia infection,Q8ZED8
Yersinia infection,Q8ZEH0
Yersinia infection,Q8ZEH5
Yersinia infection,Q8ZEL7
Yersinia infection,Q8ZEL9
Yersinia infection,Q8ZEM1
Yersinia infection,Q8ZES5
Yersinia infection,Q8ZES7
Yersinia infection,Q8ZEU2
Yersinia infection,Q8ZEU8
Yersinia infection,Q8ZEV5
Yersinia infection,Q8ZEV7
Yersinia infection,Q8ZEW3
Yersinia infection,Q8ZEW6
Yersinia infection,Q8ZEX4
Yersinia infection,Q8ZEX8
Yersinia infection,Q8ZEY0
Yersinia infection,Q8ZF73
Yersinia infection,Q8ZF85
Yersinia infection,Q8ZFB1
Yersinia infection,Q8ZFD5
Yersinia infection,Q8ZFF8
Yersinia infection,Q8ZFJ7
Yersinia infection,Q8ZFJ9
Yersinia infection,Q8ZFQ6
Yersinia infection,Q8ZFT9
Yersinia infection,Q8ZFW5
Yersinia infection,Q8ZFX6
Yersinia infection,Q8ZFX9
Yersinia infection,Q8ZG65
Yersinia infection,Q8ZG71
Yersinia infection,Q8ZG78
Yersinia infection,Q8ZGB1
Yersinia infection,Q8ZGC3
Yersinia infection,Q8ZGC6
Yersinia infection,Q8ZGD5
Yersinia infection,Q8ZGH1
Yersinia infection,Q8ZGK7
Yersinia infection,Q8ZGK8
Yersinia infection,Q8ZGM4
Yersinia infection,Q8ZGM5
Yersinia infection,Q8ZGS0
Yersinia infection,Q8ZGS9
Yersinia infection,Q8ZGV8
Yersinia infection,Q8ZGX4
Yersinia infection,Q8ZGY6
Yersinia infection,Q8ZGZ1
Yersinia infection,Q8ZH14
Yersinia infection,Q8ZH39
Yersinia infection,Q8ZH40
Yersinia infection,Q8ZH50
Yersinia infection,Q8ZH55
Yersinia infection,Q8ZH56
Yersinia infection,Q8ZH58
Yersinia infection,Q8ZH63
Yersinia infection,Q8ZH65
Yersinia infection,Q8ZH66
Yersinia infection,Q8ZH86
Yersinia infection,Q8ZH96
Yersinia infection,Q8ZHE7
Yersinia infection,Q8ZHF1
Yersinia infection,Q8ZHG0
Yersinia infection,Q8ZHG2
Yersinia infection,Q8ZHG6
Yersinia infection,Q8ZHH6
Yersinia infection,Q8ZHI6
Yersinia infection,Q8ZHI7
Yersinia infection,Q8ZHJ5
Yersinia infection,Q8ZHK4
Yersinia infection,Q8ZHU5
Yersinia infection,Q8ZHU8
Yersinia infection,Q8ZHV0
Yersinia infection,Q8ZHZ4
Yersinia infection,Q8ZHZ5
Yersinia infection,Q8ZIC5
Yersinia infection,Q8ZIC6
Yersinia infection,Q8ZIE1
Yersinia infection,Q8ZIF7
Yersinia infection,Q8ZIF8
Yersinia infection,Q8ZIH1
Yersinia infection,Q8ZIK3
Yersinia infection,Q8ZIK7
Yersinia infection,Q8ZIM3
Yersinia infection,Q8ZIQ1
Yersinia infection,Q8ZIR0
Yersinia infection,Q8ZIW4
Yersinia infection,Q8ZIW9
Yersinia infection,Q8ZIX7
Yersinia infection,Q8ZIX8
Yersinia infection,Q8ZIY0
Yersinia infection,Q8ZIZ8
Yersinia infection,Q8ZIZ9
Yersinia infection,Q8ZJ73
Yersinia infection,Q8ZJ79
Yersinia infection,Q8ZJ80
Yersinia infection,Q8ZJ83
Yersinia infection,Q8ZJ88
Yersinia infection,Q8ZJ89
Yersinia infection,Q8ZJ90
Yersinia infection,Q8ZJ91
Yersinia infection,Q8ZJ93
Yersinia infection,Q8ZJ95
Yersinia infection,Q8ZJ96
Yersinia infection,Q8ZJ98
Yersinia infection,Q8ZJ99
Yersinia infection,Q8ZJA0
Yersinia infection,Q8ZJA1
Yersinia infection,Q8ZJA3
Yersinia infection,Q8ZJA4
Yersinia infection,Q8ZJA5
Yersinia infection,Q8ZJA6
Yersinia infection,Q8ZJA7
Yersinia infection,Q8ZJA8
Yersinia infection,Q8ZJA9
Yersinia infection,Q8ZJB3
Yersinia infection,Q8ZJB4
Yersinia infection,Q8ZJB5
Yersinia infection,Q8ZJB6
Yersinia infection,Q8ZJB7
Yersinia infection,Q8ZJB8
Yersinia infection,Q8ZJC1
Yersinia infection,Q8ZJC4
Yersinia infection,Q8ZJE6
Yersinia infection,Q8ZJG8
Yersinia infection,Q8ZJH2
Yersinia infection,Q8ZJI0
Yersinia infection,Q8ZJI8
Yersinia infection,Q8ZJJ5
Yersinia infection,Q8ZJJ7
Yersinia infection,Q8ZJM7
Yersinia infection,Q8ZJP1
Yersinia infection,Q8ZJP2
Yersinia infection,Q8ZJP3
Yersinia infection,Q8ZJQ2
Yersinia infection,Q8ZJQ3
Yersinia infection,Q8ZJR9
Yersinia infection,Q8ZJS0
Yersinia infection,Q8ZJT0
Yersinia infection,Q8ZJT2
Yersinia infection,Q8ZJT3
Yersinia infection,Q9L6X9
Yersinia infection,Q9X6B1
Yersinia infection,Q9XBV2
Yersinia infection,Q9ZC49
Yersinia infection,Q9ZC68
Yersinia infection,Q9ZFR5
Yersinia infection,Q9ZFR7
Yersinia infection,Q9ZFR8
Yersinia infection,Q9ZGW3
Yersinia infection,O68693
Yersinia infection,P58431
Yersinia infection,P58483
Yersinia infection,P58722
Yersinia infection,P61475
Yersinia infection,P69957
Yersinia infection,P69961
Yersinia infection,Q56978
Yersinia infection,Q74S44
Yersinia infection,Q74SD5
Yersinia infection,Q74VT6
Yersinia infection,Q7ARC3
Yersinia infection,Q7CG59
Yersinia infection,Q7CGH1
Yersinia infection,Q7CH99
Yersinia infection,Q7CID0
Yersinia infection,Q8D079
Yersinia infection,Q8D1L4
Yersinia infection,Q8ZAG3
Yersinia infection,Q8ZAV0
Yersinia infection,Q8ZB75
Yersinia infection,Q8ZBE1
Yersinia infection,Q8ZBE9
Yersinia infection,Q8ZBJ5
Yersinia infection,Q8ZCF8
Yersinia infection,Q8ZCG0
Yersinia infection,Q8ZCV6
Yersinia infection,Q8ZDG8
Yersinia infection,Q8ZDJ2
Yersinia infection,Q8ZDJ8
Yersinia infection,Q8ZDJ9
Yersinia infection,Q8ZDM8
Yersinia infection,Q8ZE38
Yersinia infection,Q8ZE68
Yersinia infection,Q8ZEH4
Yersinia infection,Q8ZEI3
Yersinia infection,Q8ZEJ5
Yersinia infection,Q8ZEL2
Yersinia infection,Q8ZES0
Yersinia infection,Q8ZFE0
Yersinia infection,Q8ZFF7
Yersinia infection,Q8ZFG9
Yersinia infection,Q8ZFN8
Yersinia infection,Q8ZFS2
Yersinia infection,Q8ZG70
Yersinia infection,Q8ZGJ0
Yersinia infection,Q8ZGM6
Yersinia infection,Q8ZH12
Yersinia infection,Q8ZH34
Yersinia infection,Q8ZH47
Yersinia infection,Q8ZHF5
Yersinia infection,Q8ZHG3
Yersinia infection,Q8ZHI2
Yersinia infection,Q8ZIK6
Yersinia infection,Q8ZIN3
Yersinia infection,Q8ZJ77
Yersinia infection,Q8ZJD4
Yersinia infection,Q8ZJR1
Yersinia infection,Q9RI18
Yersinia infection,Q9ZGW6
Typhoid fever,P24670
Typhoid fever,Q04972
Typhoid fever,Q04973
Typhoid fever,Q8Z3C6
Typhoid fever,Q8Z5I4
Typhoid fever,P0A1A6
Typhoid fever,P0A1F9
Typhoid fever,P0A1P7
Typhoid fever,P0A1V7
Typhoid fever,P0A1Y5
Typhoid fever,P0A232
Typhoid fever,P0A278
Typhoid fever,P0A282
Typhoid fever,P0A2F3
Typhoid fever,P0A2I2
Typhoid fever,P0DX97
Typhoid fever,P14169
Typhoid fever,P59697
Typhoid fever,P60216
Typhoid fever,P63344
Typhoid fever,P65693
Typhoid fever,P65922
Typhoid fever,Q8XEW9
Typhoid fever,Q8XFG0
Typhoid fever,Q8XFI1
Typhoid fever,Q8XGX8
Typhoid fever,Q8Z1Z3
Typhoid fever,Q8Z201
Typhoid fever,Q8Z2Q3
Typhoid fever,Q8Z328
Typhoid fever,Q8Z381
Typhoid fever,Q8Z386
Typhoid fever,Q8Z3L9
Typhoid fever,Q8Z3M9
Typhoid fever,Q8Z3U6
Typhoid fever,Q8Z4L2
Typhoid fever,Q8Z4M3
Typhoid fever,Q8Z4P2
Typhoid fever,Q8Z4W1
Typhoid fever,Q8Z4Z0
Typhoid fever,Q8Z538
Typhoid fever,Q8Z540
Typhoid fever,Q8Z544
Typhoid fever,Q8Z570
Typhoid fever,Q8Z5R0
Typhoid fever,Q8Z6H0
Typhoid fever,Q8Z727
Typhoid fever,Q8Z747
Typhoid fever,Q8Z7H3
Typhoid fever,Q8Z8S4
Typhoid fever,Q8Z8X1
Typhoid fever,Q8Z8Y9
Typhoid fever,Q8Z989
Typhoid fever,Q8Z9H3
Typhoid fever,Q8Z9L7
Typhoid fever,Q8Z9L8
Typhoid fever,O08430
Typhoid fever,P0A188
Typhoid fever,P0A194
Typhoid fever,P0A196
Typhoid fever,P0A198
Typhoid fever,P0A1A4
Typhoid fever,P0A1A8
Typhoid fever,P0A1B0
Typhoid fever,P0A1B6
Typhoid fever,P0A1B8
Typhoid fever,P0A1C0
Typhoid fever,P0A1C4
Typhoid fever,P0A1C6
Typhoid fever,P0A1D0
Typhoid fever,P0A1D4
Typhoid fever,P0A1D6
Typhoid fever,P0A1D8
Typhoid fever,P0A1E2
Typhoid fever,P0A1E4
Typhoid fever,P0A1F1
Typhoid fever,P0A1F3
Typhoid fever,P0A1F7
Typhoid fever,P0A1G8
Typhoid fever,P0A1H0
Typhoid fever,P0A1H6
Typhoid fever,P0A1I0
Typhoid fever,P0A1K0
Typhoid fever,P0A1N9
Typhoid fever,P0A1P1
Typhoid fever,P0A1P3
Typhoid fever,P0A1Q1
Typhoid fever,P0A1Q3
Typhoid fever,P0A1Q5
Typhoid fever,P0A1Q7
Typhoid fever,P0A1Q9
Typhoid fever,P0A1R1
Typhoid fever,P0A1R3
Typhoid fever,P0A1R5
Typhoid fever,P0A1S1
Typhoid fever,P0A1S3
Typhoid fever,P0A1S5
Typhoid fever,P0A1V5
Typhoid fever,P0A1W5
Typhoid fever,P0A1X5
Typhoid fever,P0A1X7
Typhoid fever,P0A1Y3
Typhoid fever,P0A1Y7
Typhoid fever,P0A1Y9
Typhoid fever,P0A1Z5
Typhoid fever,P0A250
Typhoid fever,P0A252
Typhoid fever,P0A258
Typhoid fever,P0A260
Typhoid fever,P0A264
Typhoid fever,P0A272
Typhoid fever,P0A274
Typhoid fever,P0A284
Typhoid fever,P0A292
Typhoid fever,P0A296
Typhoid fever,P0A2C0
Typhoid fever,P0A2C2
Typhoid fever,P0A2C4
Typhoid fever,P0A2D0
Typhoid fever,P0A2E0
Typhoid fever,P0A2E2
Typhoid fever,P0A2E4
Typhoid fever,P0A2E6
Typhoid fever,P0A2F1
Typhoid fever,P0A2F9
Typhoid fever,P0A2H2
Typhoid fever,P0A2H8
Typhoid fever,P0A2I4
Typhoid fever,P0A2I6
Typhoid fever,P0A2J2
Typhoid fever,P0A2K4
Typhoid fever,P0A2K6
Typhoid fever,P0A2K8
Typhoid fever,P0A2M6
Typhoid fever,P0A2P1
Typhoid fever,P0A2P3
Typhoid fever,P0A2P7
Typhoid fever,P0A2R1
Typhoid fever,P0A2R5
Typhoid fever,P0A2R7
Typhoid fever,P0A2R9
Typhoid fever,P0A2T0
Typhoid fever,P0A2U1
Typhoid fever,P0A2U3
Typhoid fever,P0A6B2
Typhoid fever,P0A7S7
Typhoid fever,P0A7W5
Typhoid fever,P0A7Z8
Typhoid fever,P0AA20
Typhoid fever,P0AA29
Typhoid fever,P0DW66
Typhoid fever,P16280
Typhoid fever,P19786
Typhoid fever,P41406
Typhoid fever,P43110
Typhoid fever,P43111
Typhoid fever,P58485
Typhoid fever,P58494
Typhoid fever,P58532
Typhoid fever,P58539
Typhoid fever,P58581
Typhoid fever,P58631
Typhoid fever,P58643
Typhoid fever,P58652
Typhoid fever,P58670
Typhoid fever,P58678
Typhoid fever,P58715
Typhoid fever,P58744
Typhoid fever,P59765
Typhoid fever,P60065
Typhoid fever,P60194
Typhoid fever,P60658
Typhoid fever,P60727
Typhoid fever,P60801
Typhoid fever,P61377
Typhoid fever,P61481
Typhoid fever,P62677
Typhoid fever,P63222
Typhoid fever,P63352
Typhoid fever,P63360
Typhoid fever,P63366
Typhoid fever,P63412
Typhoid fever,P63463
Typhoid fever,P63467
Typhoid fever,P63522
Typhoid fever,P63558
Typhoid fever,P63602
Typhoid fever,P63604
Typhoid fever,P63726
Typhoid fever,P63799
Typhoid fever,P63829
Typhoid fever,P63890
Typhoid fever,P63906
Typhoid fever,P63924
Typhoid fever,P63990
Typhoid fever,P64077
Typhoid fever,P64106
Typhoid fever,P64210
Typhoid fever,P65387
Typhoid fever,P65399
Typhoid fever,P65450
Typhoid fever,P65455
Typhoid fever,P65511
Typhoid fever,P65535
Typhoid fever,P65663
Typhoid fever,P65673
Typhoid fever,P65703
Typhoid fever,P65749
Typhoid fever,P65775
Typhoid fever,P65793
Typhoid fever,P65818
Typhoid fever,P65837
Typhoid fever,P65841
Typhoid fever,P65883
Typhoid fever,P65934
Typhoid fever,P65978
Typhoid fever,P66009
Typhoid fever,P66031
Typhoid fever,P66033
Typhoid fever,P66039
Typhoid fever,P66685
Typhoid fever,P66693
Typhoid fever,P66756
Typhoid fever,P66763
Typhoid fever,P66765
Typhoid fever,P66870
Typhoid fever,P66882
Typhoid fever,P66933
Typhoid fever,P66951
Typhoid fever,P66956
Typhoid fever,P66975
Typhoid fever,P67039
Typhoid fever,P67162
Typhoid fever,P67198
Typhoid fever,P67342
Typhoid fever,P67348
Typhoid fever,P67389
Typhoid fever,P67409
Typhoid fever,P67564
Typhoid fever,P67614
Typhoid fever,P67913
Typhoid fever,P68703
Typhoid fever,P68737
Typhoid fever,P69737
Typhoid fever,P69935
Typhoid fever,P74851
Typhoid fever,Q04976
Typhoid fever,Q56093
Typhoid fever,Q56112
Typhoid fever,Q56113
Typhoid fever,Q56114
Typhoid fever,Q56119
Typhoid fever,Q56128
Typhoid fever,Q56131
Typhoid fever,Q56134
Typhoid fever,Q56135
Typhoid fever,Q60006
Typhoid fever,Q7AMH5
Typhoid fever,Q8XEN3
Typhoid fever,Q8XEU3
Typhoid fever,Q8XEV3
Typhoid fever,Q8XF46
Typhoid fever,Q8XF56
Typhoid fever,Q8XF77
Typhoid fever,Q8XF78
Typhoid fever,Q8XF81
Typhoid fever,Q8XFA3
Typhoid fever,Q8XFD0
Typhoid fever,Q8XFD5
Typhoid fever,Q8XFE5
Typhoid fever,Q8XFG2
Typhoid fever,Q8XFI3
Typhoid fever,Q8XFJ5
Typhoid fever,Q8XFQ8
Typhoid fever,Q8XFY2
Typhoid fever,Q8XG64
Typhoid fever,Q8XG70
Typhoid fever,Q8XG95
Typhoid fever,Q8XGA4
Typhoid fever,Q8XGD7
Typhoid fever,Q8XGF9
Typhoid fever,Q8XGN7
Typhoid fever,Q8XGS2
Typhoid fever,Q8XGS6
Typhoid fever,Q8XGT6
Typhoid fever,Q8XGX4
Typhoid fever,Q8XGY4
Typhoid fever,Q8XGZ9
Typhoid fever,Q8Z0T4
Typhoid fever,Q8Z0U0
Typhoid fever,Q8Z0U2
Typhoid fever,Q8Z0U3
Typhoid fever,Q8Z0U8
Typhoid fever,Q8Z116
Typhoid fever,Q8Z118
Typhoid fever,Q8Z123
Typhoid fever,Q8Z127
Typhoid fever,Q8Z138
Typhoid fever,Q8Z146
Typhoid fever,Q8Z150
Typhoid fever,Q8Z153
Typhoid fever,Q8Z167
Typhoid fever,Q8Z169
Typhoid fever,Q8Z171
Typhoid fever,Q8Z186
Typhoid fever,Q8Z193
Typhoid fever,Q8Z194
Typhoid fever,Q8Z197
Typhoid fever,Q8Z1A8
Typhoid fever,Q8Z1Q9
Typhoid fever,Q8Z1R0
Typhoid fever,Q8Z1T1
Typhoid fever,Q8Z1T7
Typhoid fever,Q8Z1T9
Typhoid fever,Q8Z1U0
Typhoid fever,Q8Z1U7
Typhoid fever,Q8Z1V3
Typhoid fever,Q8Z1V8
Typhoid fever,Q8Z1W1
Typhoid fever,Q8Z1W5
Typhoid fever,Q8Z1W6
Typhoid fever,Q8Z1W9
Typhoid fever,Q8Z1X1
Typhoid fever,Q8Z202
Typhoid fever,Q8Z205
Typhoid fever,Q8Z216
Typhoid fever,Q8Z221
Typhoid fever,Q8Z227
Typhoid fever,Q8Z233
Typhoid fever,Q8Z234
Typhoid fever,Q8Z235
Typhoid fever,Q8Z245
Typhoid fever,Q8Z277
Typhoid fever,Q8Z289
Typhoid fever,Q8Z290
Typhoid fever,Q8Z291
Typhoid fever,Q8Z2A8
Typhoid fever,Q8Z2B3
Typhoid fever,Q8Z2C5
Typhoid fever,Q8Z2D8
Typhoid fever,Q8Z2E5
Typhoid fever,Q8Z2F0
Typhoid fever,Q8Z2F4
Typhoid fever,Q8Z2H1
Typhoid fever,Q8Z2H2
Typhoid fever,Q8Z2H4
Typhoid fever,Q8Z2H5
Typhoid fever,Q8Z2M4
Typhoid fever,Q8Z2N6
Typhoid fever,Q8Z2N7
Typhoid fever,Q8Z2N8
Typhoid fever,Q8Z2Q2
Typhoid fever,Q8Z2R1
Typhoid fever,Q8Z2R3
Typhoid fever,Q8Z2R4
Typhoid fever,Q8Z2R9
Typhoid fever,Q8Z2S0
Typhoid fever,Q8Z2V3
Typhoid fever,Q8Z2V4
Typhoid fever,Q8Z2V9
Typhoid fever,Q8Z2W4
Typhoid fever,Q8Z2Y0
Typhoid fever,Q8Z2Y2
Typhoid fever,Q8Z2Y6
Typhoid fever,Q8Z2Z0
Typhoid fever,Q8Z2Z9
Typhoid fever,Q8Z300
Typhoid fever,Q8Z303
Typhoid fever,Q8Z307
Typhoid fever,Q8Z308
Typhoid fever,Q8Z309
Typhoid fever,Q8Z313
Typhoid fever,Q8Z314
Typhoid fever,Q8Z315
Typhoid fever,Q8Z316
Typhoid fever,Q8Z322
Typhoid fever,Q8Z325
Typhoid fever,Q8Z326
Typhoid fever,Q8Z329
Typhoid fever,Q8Z332
Typhoid fever,Q8Z333
Typhoid fever,Q8Z334
Typhoid fever,Q8Z335
Typhoid fever,Q8Z377
Typhoid fever,Q8Z388
Typhoid fever,Q8Z389
Typhoid fever,Q8Z395
Typhoid fever,Q8Z3A8
Typhoid fever,Q8Z3B6
Typhoid fever,Q8Z3C3
Typhoid fever,Q8Z3D4
Typhoid fever,Q8Z3E5
Typhoid fever,Q8Z3F0
Typhoid fever,Q8Z3F1
Typhoid fever,Q8Z3G0
Typhoid fever,Q8Z3G5
Typhoid fever,Q8Z3G6
Typhoid fever,Q8Z3H1
Typhoid fever,Q8Z3H3
Typhoid fever,Q8Z3H5
Typhoid fever,Q8Z3H9
Typhoid fever,Q8Z3I0
Typhoid fever,Q8Z3K5
Typhoid fever,Q8Z3M6
Typhoid fever,Q8Z3N1
Typhoid fever,Q8Z3T9
Typhoid fever,Q8Z3U1
Typhoid fever,Q8Z3X0
Typhoid fever,Q8Z3X3
Typhoid fever,Q8Z3X8
Typhoid fever,Q8Z3X9
Typhoid fever,Q8Z3Z9
Typhoid fever,Q8Z406
Typhoid fever,Q8Z412
Typhoid fever,Q8Z418
Typhoid fever,Q8Z427
Typhoid fever,Q8Z429
Typhoid fever,Q8Z433
Typhoid fever,Q8Z437
Typhoid fever,Q8Z446
Typhoid fever,Q8Z458
Typhoid fever,Q8Z459
Typhoid fever,Q8Z460
Typhoid fever,Q8Z470
Typhoid fever,Q8Z472
Typhoid fever,Q8Z473
Typhoid fever,Q8Z474
Typhoid fever,Q8Z4C5
Typhoid fever,Q8Z4C7
Typhoid fever,Q8Z4D5
Typhoid fever,Q8Z4D7
Typhoid fever,Q8Z4G0
Typhoid fever,Q8Z4K0
Typhoid fever,Q8Z4K4
Typhoid fever,Q8Z4K5
Typhoid fever,Q8Z4K6
Typhoid fever,Q8Z4L5
Typhoid fever,Q8Z4L6
Typhoid fever,Q8Z4N0
Typhoid fever,Q8Z4N3
Typhoid fever,Q8Z4P3
Typhoid fever,Q8Z4Q3
Typhoid fever,Q8Z4R0
Typhoid fever,Q8Z4R2
Typhoid fever,Q8Z4R8
Typhoid fever,Q8Z4S2
Typhoid fever,Q8Z4T0
Typhoid fever,Q8Z4U3
Typhoid fever,Q8Z4U8
Typhoid fever,Q8Z4V6
Typhoid fever,Q8Z4W4
Typhoid fever,Q8Z4Y9
Typhoid fever,Q8Z4Z2
Typhoid fever,Q8Z4Z3
Typhoid fever,Q8Z500
Typhoid fever,Q8Z524
Typhoid fever,Q8Z527
Typhoid fever,Q8Z530
Typhoid fever,Q8Z533
Typhoid fever,Q8Z539
Typhoid fever,Q8Z541
Typhoid fever,Q8Z542
Typhoid fever,Q8Z548
Typhoid fever,Q8Z549
Typhoid fever,Q8Z550
Typhoid fever,Q8Z560
Typhoid fever,Q8Z591
Typhoid fever,Q8Z593
Typhoid fever,Q8Z5A6
Typhoid fever,Q8Z5A8
Typhoid fever,Q8Z5B2
Typhoid fever,Q8Z5C3
Typhoid fever,Q8Z5C8
Typhoid fever,Q8Z5G6
Typhoid fever,Q8Z5H2
Typhoid fever,Q8Z5J6
Typhoid fever,Q8Z5J8
Typhoid fever,Q8Z5K0
Typhoid fever,Q8Z5K1
Typhoid fever,Q8Z5N5
Typhoid fever,Q8Z5N8
Typhoid fever,Q8Z5Q0
Typhoid fever,Q8Z5V2
Typhoid fever,Q8Z5V3
Typhoid fever,Q8Z5W1
Typhoid fever,Q8Z5W6
Typhoid fever,Q8Z5X3
Typhoid fever,Q8Z662
Typhoid fever,Q8Z688
Typhoid fever,Q8Z699
Typhoid fever,Q8Z6A7
Typhoid fever,Q8Z6F3
Typhoid fever,Q8Z6F4
Typhoid fever,Q8Z6F5
Typhoid fever,Q8Z6F6
Typhoid fever,Q8Z6F9
Typhoid fever,Q8Z6G0
Typhoid fever,Q8Z6G1
Typhoid fever,Q8Z6G2
Typhoid fever,Q8Z6G3
Typhoid fever,Q8Z6G6
Typhoid fever,Q8Z6I2
Typhoid fever,Q8Z6I4
Typhoid fever,Q8Z6I8
Typhoid fever,Q8Z6I9
Typhoid fever,Q8Z6K1
Typhoid fever,Q8Z6K2
Typhoid fever,Q8Z6P1
Typhoid fever,Q8Z6Q0
Typhoid fever,Q8Z6Q2
Typhoid fever,Q8Z6Q3
Typhoid fever,Q8Z6R0
Typhoid fever,Q8Z6R2
Typhoid fever,Q8Z6R6
Typhoid fever,Q8Z6X9
Typhoid fever,Q8Z728
Typhoid fever,Q8Z765
Typhoid fever,Q8Z783
Typhoid fever,Q8Z787
Typhoid fever,Q8Z7A8
Typhoid fever,Q8Z7D5
Typhoid fever,Q8Z7D9
Typhoid fever,Q8Z7G9
Typhoid fever,Q8Z7H2
Typhoid fever,Q8Z7H6
Typhoid fever,Q8Z7H7
Typhoid fever,Q8Z7H9
Typhoid fever,Q8Z7I6
Typhoid fever,Q8Z7J6
Typhoid fever,Q8Z7J7
Typhoid fever,Q8Z7L2
Typhoid fever,Q8Z7L5
Typhoid fever,Q8Z7M6
Typhoid fever,Q8Z7N0
Typhoid fever,Q8Z7N9
Typhoid fever,Q8Z7P9
Typhoid fever,Q8Z7Q5
Typhoid fever,Q8Z7Q6
Typhoid fever,Q8Z7S0
Typhoid fever,Q8Z7S6
Typhoid fever,Q8Z7S9
Typhoid fever,Q8Z7Z5
Typhoid fever,Q8Z7Z7
Typhoid fever,Q8Z800
Typhoid fever,Q8Z803
Typhoid fever,Q8Z814
Typhoid fever,Q8Z824
Typhoid fever,Q8Z829
Typhoid fever,Q8Z841
Typhoid fever,Q8Z861
Typhoid fever,Q8Z864
Typhoid fever,Q8Z887
Typhoid fever,Q8Z889
Typhoid fever,Q8Z890
Typhoid fever,Q8Z892
Typhoid fever,Q8Z893
Typhoid fever,Q8Z897
Typhoid fever,Q8Z899
Typhoid fever,Q8Z8A0
Typhoid fever,Q8Z8A4
Typhoid fever,Q8Z8B0
Typhoid fever,Q8Z8B2
Typhoid fever,Q8Z8B8
Typhoid fever,Q8Z8D2
Typhoid fever,Q8Z8E5
Typhoid fever,Q8Z8F8
Typhoid fever,Q8Z8G0
Typhoid fever,Q8Z8G5
Typhoid fever,Q8Z8G7
Typhoid fever,Q8Z8H6
Typhoid fever,Q8Z8H8
Typhoid fever,Q8Z8I0
Typhoid fever,Q8Z8I2
Typhoid fever,Q8Z8I3
Typhoid fever,Q8Z8I4
Typhoid fever,Q8Z8L9
Typhoid fever,Q8Z8P6
Typhoid fever,Q8Z8P7
Typhoid fever,Q8Z8R4
Typhoid fever,Q8Z8R5
Typhoid fever,Q8Z8S3
Typhoid fever,Q8Z8T2
Typhoid fever,Q8Z8V1
Typhoid fever,Q8Z8V5
Typhoid fever,Q8Z8W3
Typhoid fever,Q8Z8W5
Typhoid fever,Q8Z8X3
Typhoid fever,Q8Z8Y0
Typhoid fever,Q8Z903
Typhoid fever,Q8Z937
Typhoid fever,Q8Z983
Typhoid fever,Q8Z988
Typhoid fever,Q8Z990
Typhoid fever,Q8Z9A4
Typhoid fever,Q8Z9A5
Typhoid fever,Q8Z9A6
Typhoid fever,Q8Z9A7
Typhoid fever,Q8Z9A8
Typhoid fever,Q8Z9B2
Typhoid fever,Q8Z9B3
Typhoid fever,Q8Z9B4
Typhoid fever,Q8Z9C3
Typhoid fever,Q8Z9D2
Typhoid fever,Q8Z9D3
Typhoid fever,Q8Z9E1
Typhoid fever,Q8Z9E2
Typhoid fever,Q8Z9E3
Typhoid fever,Q8Z9F9
Typhoid fever,Q8Z9G3
Typhoid fever,Q8Z9G5
Typhoid fever,Q8Z9G7
Typhoid fever,Q8Z9G8
Typhoid fever,Q8Z9G9
Typhoid fever,Q8Z9H0
Typhoid fever,Q8Z9H1
Typhoid fever,Q8Z9I0
Typhoid fever,Q8Z9I1
Typhoid fever,Q8Z9I2
Typhoid fever,Q8Z9I6
Typhoid fever,Q8Z9J4
Typhoid fever,Q8Z9J5
Typhoid fever,Q8Z9J7
Typhoid fever,Q8Z9K0
Typhoid fever,Q8Z9K1
Typhoid fever,Q8Z9L2
Typhoid fever,Q8Z9L3
Typhoid fever,Q8Z9L4
Typhoid fever,Q8Z9L5
Typhoid fever,Q8Z9L9
Typhoid fever,Q8Z9M6
Typhoid fever,Q8Z9N1
Typhoid fever,Q8Z9N2
Typhoid fever,Q8Z9R1
Typhoid fever,Q9L6L4
Typhoid fever,P0A190
Typhoid fever,P0A192
Typhoid fever,P0A1A2
Typhoid fever,P0A1B2
Typhoid fever,P0A1B4
Typhoid fever,P0A1C8
Typhoid fever,P0A1D2
Typhoid fever,P0A1E6
Typhoid fever,P0A1F5
Typhoid fever,P0A1G6
Typhoid fever,P0A1H2
Typhoid fever,P0A1H4
Typhoid fever,P0A1H8
Typhoid fever,P0A1I2
Typhoid fever,P0A1I4
Typhoid fever,P0A1I8
Typhoid fever,P0A1J0
Typhoid fever,P0A1J2
Typhoid fever,P0A1J4
Typhoid fever,P0A1J6
Typhoid fever,P0A1J8
Typhoid fever,P0A1K2
Typhoid fever,P0A1L2
Typhoid fever,P0A1L6
Typhoid fever,P0A1L8
Typhoid fever,P0A1N3
Typhoid fever,P0A1N7
Typhoid fever,P0A1P9
Typhoid fever,P0A1R7
Typhoid fever,P0A1R9
Typhoid fever,P0A1S9
Typhoid fever,P0A1T3
Typhoid fever,P0A1T5
Typhoid fever,P0A1T7
Typhoid fever,P0A1U1
Typhoid fever,P0A1U3
Typhoid fever,P0A1U7
Typhoid fever,P0A1W3
Typhoid fever,P0A1W7
Typhoid fever,P0A1W9
Typhoid fever,P0A1X1
Typhoid fever,P0A1X9
Typhoid fever,P0A1Y1
Typhoid fever,P0A1Z1
Typhoid fever,P0A1Z3
Typhoid fever,P0A1Z7
Typhoid fever,P0A205
Typhoid fever,P0A207
Typhoid fever,P0A209
Typhoid fever,P0A211
Typhoid fever,P0A213
Typhoid fever,P0A230
Typhoid fever,P0A234
Typhoid fever,P0A236
Typhoid fever,P0A238
Typhoid fever,P0A242
Typhoid fever,P0A246
Typhoid fever,P0A262
Typhoid fever,P0A266
Typhoid fever,P0A268
Typhoid fever,P0A270
Typhoid fever,P0A280
Typhoid fever,P0A286
Typhoid fever,P0A288
Typhoid fever,P0A290
Typhoid fever,P0A294
Typhoid fever,P0A298
Typhoid fever,P0A2A0
Typhoid fever,P0A2A2
Typhoid fever,P0A2A4
Typhoid fever,P0A2A6
Typhoid fever,P0A2A8
Typhoid fever,P0A2B0
Typhoid fever,P0A2B2
Typhoid fever,P0A2B4
Typhoid fever,P0A2B6
Typhoid fever,P0A2B8
Typhoid fever,P0A2C6
Typhoid fever,P0A2C8
Typhoid fever,P0A2D2
Typhoid fever,P0A2D4
Typhoid fever,P0A2D6
Typhoid fever,P0A2D8
Typhoid fever,P0A2E9
Typhoid fever,P0A2F5
Typhoid fever,P0A2F7
Typhoid fever,P0A2G2
Typhoid fever,P0A2G4
Typhoid fever,P0A2G6
Typhoid fever,P0A2G8
Typhoid fever,P0A2H0
Typhoid fever,P0A2H4
Typhoid fever,P0A2H6
Typhoid fever,P0A2I8
Typhoid fever,P0A2J0
Typhoid fever,P0A2J4
Typhoid fever,P0A2J6
Typhoid fever,P0A2J8
Typhoid fever,P0A2K0
Typhoid fever,P0A2K2
Typhoid fever,P0A2L0
Typhoid fever,P0A2L4
Typhoid fever,P0A2L6
Typhoid fever,P0A2M2
Typhoid fever,P0A2M8
Typhoid fever,P0A2N5
Typhoid fever,P0A2N7
Typhoid fever,P0A2N9
Typhoid fever,P0A2P9
Typhoid fever,P0A2Q1
Typhoid fever,P0A2Q3
Typhoid fever,P0A2Q5
Typhoid fever,P0A2R3
Typhoid fever,P0A2S3
Typhoid fever,P0A2S5
Typhoid fever,P0A2T5
Typhoid fever,P0A6R7
Typhoid fever,P0A6U1
Typhoid fever,P0A7K1
Typhoid fever,P0A7L7
Typhoid fever,P0A7N7
Typhoid fever,P0A7P3
Typhoid fever,P0A7P9
Typhoid fever,P0A7Q4
Typhoid fever,P0A7Q9
Typhoid fever,P0A7U1
Typhoid fever,P0A7V7
Typhoid fever,P0A7X1
Typhoid fever,P0A804
Typhoid fever,P0A8B9
Typhoid fever,P0A9X7
Typhoid fever,P0A9Y3
Typhoid fever,P0A9Z0
Typhoid fever,P0A9Z5
Typhoid fever,P0AA03
Typhoid fever,P0AA08
Typhoid fever,P0AA14
Typhoid fever,P14168
Typhoid fever,P37920
Typhoid fever,P43016
Typhoid fever,P43109
Typhoid fever,P43112
Typhoid fever,P58479
Typhoid fever,P58508
Typhoid fever,P58524
Typhoid fever,P58530
Typhoid fever,P58536
Typhoid fever,P58542
Typhoid fever,P58587
Typhoid fever,P58618
Typhoid fever,P58628
Typhoid fever,P58699
Typhoid fever,P58716
Typhoid fever,P58721
Typhoid fever,P58726
Typhoid fever,P60189
Typhoid fever,P60318
Typhoid fever,P60427
Typhoid fever,P60445
Typhoid fever,P60635
Typhoid fever,P60655
Typhoid fever,P60668
Typhoid fever,P60828
Typhoid fever,P60958
Typhoid fever,P61091
Typhoid fever,P61178
Typhoid fever,P62404
Typhoid fever,P63262
Typhoid fever,P63424
Typhoid fever,P63728
Typhoid fever,P63867
Typhoid fever,P63994
Typhoid fever,P64009
Typhoid fever,P64037
Typhoid fever,P64047
Typhoid fever,P64053
Typhoid fever,P64069
Typhoid fever,P64096
Typhoid fever,P64163
Typhoid fever,P64223
Typhoid fever,P64238
Typhoid fever,P64252
Typhoid fever,P64282
Typhoid fever,P64395
Typhoid fever,P64414
Typhoid fever,P64420
Typhoid fever,P64422
Typhoid fever,P65198
Typhoid fever,P65208
Typhoid fever,P65216
Typhoid fever,P65227
Typhoid fever,P65247
Typhoid fever,P65351
Typhoid fever,P65360
Typhoid fever,P65364
Typhoid fever,P65418
Typhoid fever,P65525
Typhoid fever,P65541
Typhoid fever,P65543
Typhoid fever,P65555
Typhoid fever,P65560
Typhoid fever,P65600
Typhoid fever,P65890
Typhoid fever,P65961
Typhoid fever,P65974
Typhoid fever,P65993
Typhoid fever,P66074
Typhoid fever,P66132
Typhoid fever,P66171
Typhoid fever,P66192
Typhoid fever,P66194
Typhoid fever,P66297
Typhoid fever,P66314
Typhoid fever,P66410
Typhoid fever,P66432
Typhoid fever,P66452
Typhoid fever,P66492
Typhoid fever,P66542
Typhoid fever,P66594
Typhoid fever,P66644
Typhoid fever,P66687
Typhoid fever,P66739
Typhoid fever,P66747
Typhoid fever,P66796
Typhoid fever,P67074
Typhoid fever,P67101
Typhoid fever,P67180
Typhoid fever,P67219
Typhoid fever,P67247
Typhoid fever,P67271
Typhoid fever,P67459
Typhoid fever,P67471
Typhoid fever,P67482
Typhoid fever,P67521
Typhoid fever,P67525
Typhoid fever,P67558
Typhoid fever,P67606
Typhoid fever,P67618
Typhoid fever,P67639
Typhoid fever,P67646
Typhoid fever,P67650
Typhoid fever,P67652
Typhoid fever,P67687
Typhoid fever,P67689
Typhoid fever,P67694
Typhoid fever,P67711
Typhoid fever,P67715
Typhoid fever,P67736
Typhoid fever,P67905
Typhoid fever,P68683
Typhoid fever,P69065
Typhoid fever,P69225
Typhoid fever,P69342
Typhoid fever,P69916
Typhoid fever,P74849
Typhoid fever,P81891
Typhoid fever,P96061
Typhoid fever,Q04974
Typhoid fever,Q04975
Typhoid fever,Q08456
Typhoid fever,Q56022
Typhoid fever,Q56023
Typhoid fever,Q56052
Typhoid fever,Q56083
Typhoid fever,Q56110
Typhoid fever,Q56111
Typhoid fever,Q56127
Typhoid fever,Q56136
Typhoid fever,Q7C637
Typhoid fever,Q7CB38
Typhoid fever,Q83ST5
Typhoid fever,Q83SW5
Typhoid fever,Q8XEK5
Typhoid fever,Q8XEM4
Typhoid fever,Q8XEN6
Typhoid fever,Q8XEQ0
Typhoid fever,Q8XET6
Typhoid fever,Q8XEV9
Typhoid fever,Q8XEW6
Typhoid fever,Q8XEY8
Typhoid fever,Q8XEY9
Typhoid fever,Q8XEZ7
Typhoid fever,Q8XEZ8
Typhoid fever,Q8XF02
Typhoid fever,Q8XF03
Typhoid fever,Q8XF25
Typhoid fever,Q8XF83
Typhoid fever,Q8XF88
Typhoid fever,Q8XFC1
Typhoid fever,Q8XFE0
Typhoid fever,Q8XFE7
Typhoid fever,Q8XFF3
Typhoid fever,Q8XFF4
Typhoid fever,Q8XFL2
Typhoid fever,Q8XFM9
Typhoid fever,Q8XFV2
Typhoid fever,Q8XFX8
Typhoid fever,Q8XFZ8
Typhoid fever,Q8XG12
Typhoid fever,Q8XG16
Typhoid fever,Q8XG49
Typhoid fever,Q8XG51
Typhoid fever,Q8XG55
Typhoid fever,Q8XG71
Typhoid fever,Q8XG77
Typhoid fever,Q8XG78
Typhoid fever,Q8XG87
Typhoid fever,Q8XG96
Typhoid fever,Q8XGA0
Typhoid fever,Q8XGC2
Typhoid fever,Q8XGD6
Typhoid fever,Q8XGE0
Typhoid fever,Q8XGG5
Typhoid fever,Q8XGJ8
Typhoid fever,Q8XGM6
Typhoid fever,Q8XGN1
Typhoid fever,Q8XGP4
Typhoid fever,Q8XGR5
Typhoid fever,Q8XGT4
Typhoid fever,Q8XGT8
Typhoid fever,Q8XGW7
Typhoid fever,Q8XGW8
Typhoid fever,Q8XGZ7
Typhoid fever,Q8XH11
Typhoid fever,Q8Z0T9
Typhoid fever,Q8Z0V2
Typhoid fever,Q8Z0W0
Typhoid fever,Q8Z0W2
Typhoid fever,Q8Z0W8
Typhoid fever,Q8Z0Y7
Typhoid fever,Q8Z125
Typhoid fever,Q8Z130
Typhoid fever,Q8Z157
Typhoid fever,Q8Z163
Typhoid fever,Q8Z164
Typhoid fever,Q8Z168
Typhoid fever,Q8Z170
Typhoid fever,Q8Z172
Typhoid fever,Q8Z182
Typhoid fever,Q8Z183
Typhoid fever,Q8Z187
Typhoid fever,Q8Z1E1
Typhoid fever,Q8Z1R2
Typhoid fever,Q8Z1T6
Typhoid fever,Q8Z1U2
Typhoid fever,Q8Z1U3
Typhoid fever,Q8Z1X0
Typhoid fever,Q8Z1X4
Typhoid fever,Q8Z1X5
Typhoid fever,Q8Z1X6
Typhoid fever,Q8Z1X8
Typhoid fever,Q8Z1Y1
Typhoid fever,Q8Z1Y2
Typhoid fever,Q8Z1Y3
Typhoid fever,Q8Z1Y7
Typhoid fever,Q8Z1Z8
Typhoid fever,Q8Z214
Typhoid fever,Q8Z217
Typhoid fever,Q8Z223
Typhoid fever,Q8Z229
Typhoid fever,Q8Z232
Typhoid fever,Q8Z246
Typhoid fever,Q8Z247
Typhoid fever,Q8Z257
Typhoid fever,Q8Z259
Typhoid fever,Q8Z268
Typhoid fever,Q8Z270
Typhoid fever,Q8Z286
Typhoid fever,Q8Z287
Typhoid fever,Q8Z292
Typhoid fever,Q8Z2B4
Typhoid fever,Q8Z2E0
Typhoid fever,Q8Z2E3
Typhoid fever,Q8Z2H9
Typhoid fever,Q8Z2J2
Typhoid fever,Q8Z2L4
Typhoid fever,Q8Z2L7
Typhoid fever,Q8Z2L8
Typhoid fever,Q8Z2M3
Typhoid fever,Q8Z2N4
Typhoid fever,Q8Z2N9
Typhoid fever,Q8Z2P0
Typhoid fever,Q8Z2Q5
Typhoid fever,Q8Z2Q7
Typhoid fever,Q8Z2Q9
Typhoid fever,Q8Z2R0
Typhoid fever,Q8Z2R2
Typhoid fever,Q8Z2T0
Typhoid fever,Q8Z2T5
Typhoid fever,Q8Z2T8
Typhoid fever,Q8Z2U4
Typhoid fever,Q8Z2U7
Typhoid fever,Q8Z2V5
Typhoid fever,Q8Z2V6
Typhoid fever,Q8Z2W6
Typhoid fever,Q8Z2X3
Typhoid fever,Q8Z2X4
Typhoid fever,Q8Z2X5
Typhoid fever,Q8Z2X6
Typhoid fever,Q8Z2X7
Typhoid fever,Q8Z2X8
Typhoid fever,Q8Z2X9
Typhoid fever,Q8Z2Y1
Typhoid fever,Q8Z2Y8
Typhoid fever,Q8Z2Z4
Typhoid fever,Q8Z305
Typhoid fever,Q8Z311
Typhoid fever,Q8Z318
Typhoid fever,Q8Z320
Typhoid fever,Q8Z327
Typhoid fever,Q8Z331
Typhoid fever,Q8Z365
Typhoid fever,Q8Z396
Typhoid fever,Q8Z397
Typhoid fever,Q8Z3A4
Typhoid fever,Q8Z3B1
Typhoid fever,Q8Z3B3
Typhoid fever,Q8Z3B4
Typhoid fever,Q8Z3B8
Typhoid fever,Q8Z3C0
Typhoid fever,Q8Z3D8
Typhoid fever,Q8Z3E0
Typhoid fever,Q8Z3E4
Typhoid fever,Q8Z3G1
Typhoid fever,Q8Z3H7
Typhoid fever,Q8Z3H8
Typhoid fever,Q8Z3I7
Typhoid fever,Q8Z3L4
Typhoid fever,Q8Z3L5
Typhoid fever,Q8Z3L8
Typhoid fever,Q8Z3P2
Typhoid fever,Q8Z3R7
Typhoid fever,Q8Z3V1
Typhoid fever,Q8Z3W2
Typhoid fever,Q8Z3X4
Typhoid fever,Q8Z407
Typhoid fever,Q8Z410
Typhoid fever,Q8Z421
Typhoid fever,Q8Z428
Typhoid fever,Q8Z439
Typhoid fever,Q8Z471
Typhoid fever,Q8Z495
Typhoid fever,Q8Z497
Typhoid fever,Q8Z4A6
Typhoid fever,Q8Z4C4
Typhoid fever,Q8Z4C6
Typhoid fever,Q8Z4D4
Typhoid fever,Q8Z4D6
Typhoid fever,Q8Z4E6
Typhoid fever,Q8Z4G9
Typhoid fever,Q8Z4I5
Typhoid fever,Q8Z4J7
Typhoid fever,Q8Z4J9
Typhoid fever,Q8Z4N1
Typhoid fever,Q8Z4N2
Typhoid fever,Q8Z4P4
Typhoid fever,Q8Z4P6
Typhoid fever,Q8Z4Q1
Typhoid fever,Q8Z4S7
Typhoid fever,Q8Z4T3
Typhoid fever,Q8Z4W3
Typhoid fever,Q8Z4X5
Typhoid fever,Q8Z4X8
Typhoid fever,Q8Z4Y8
Typhoid fever,Q8Z4Z9
Typhoid fever,Q8Z521
Typhoid fever,Q8Z534
Typhoid fever,Q8Z537
Typhoid fever,Q8Z543
Typhoid fever,Q8Z553
Typhoid fever,Q8Z568
Typhoid fever,Q8Z5C1
Typhoid fever,Q8Z5F5
Typhoid fever,Q8Z5F6
Typhoid fever,Q8Z5F7
Typhoid fever,Q8Z5F8
Typhoid fever,Q8Z5G4
Typhoid fever,Q8Z5G5
Typhoid fever,Q8Z5J7
Typhoid fever,Q8Z5J9
Typhoid fever,Q8Z5M7
Typhoid fever,Q8Z5M8
Typhoid fever,Q8Z5M9
Typhoid fever,Q8Z5N3
Typhoid fever,Q8Z5N6
Typhoid fever,Q8Z5N9
Typhoid fever,Q8Z5S1
Typhoid fever,Q8Z5S9
Typhoid fever,Q8Z5T3
Typhoid fever,Q8Z5V7
Typhoid fever,Q8Z5V9
Typhoid fever,Q8Z5W0
Typhoid fever,Q8Z5X5
Typhoid fever,Q8Z670
Typhoid fever,Q8Z671
Typhoid fever,Q8Z684
Typhoid fever,Q8Z685
Typhoid fever,Q8Z687
Typhoid fever,Q8Z6A0
Typhoid fever,Q8Z6G5
Typhoid fever,Q8Z6I3
Typhoid fever,Q8Z6I5
Typhoid fever,Q8Z6I7
Typhoid fever,Q8Z6K0
Typhoid fever,Q8Z6N7
Typhoid fever,Q8Z6P7
Typhoid fever,Q8Z6Q5
Typhoid fever,Q8Z6Q7
Typhoid fever,Q8Z6Q8
Typhoid fever,Q8Z6R7
Typhoid fever,Q8Z6Y0
Typhoid fever,Q8Z6Y5
Typhoid fever,Q8Z6Z0
Typhoid fever,Q8Z6Z2
Typhoid fever,Q8Z706
Typhoid fever,Q8Z784
Typhoid fever,Q8Z788
Typhoid fever,Q8Z7A9
Typhoid fever,Q8Z7C9
Typhoid fever,Q8Z7E0
Typhoid fever,Q8Z7E2
Typhoid fever,Q8Z7E3
Typhoid fever,Q8Z7G6
Typhoid fever,Q8Z7H0
Typhoid fever,Q8Z7I7
Typhoid fever,Q8Z7K2
Typhoid fever,Q8Z7L0
Typhoid fever,Q8Z7L7
Typhoid fever,Q8Z7L8
Typhoid fever,Q8Z7L9
Typhoid fever,Q8Z7M3
Typhoid fever,Q8Z7R1
Typhoid fever,Q8Z7R2
Typhoid fever,Q8Z7R6
Typhoid fever,Q8Z7S1
Typhoid fever,Q8Z7Y9
Typhoid fever,Q8Z7Z6
Typhoid fever,Q8Z801
Typhoid fever,Q8Z810
Typhoid fever,Q8Z813
Typhoid fever,Q8Z851
Typhoid fever,Q8Z862
Typhoid fever,Q8Z863
Typhoid fever,Q8Z879
Typhoid fever,Q8Z883
Typhoid fever,Q8Z896
Typhoid fever,Q8Z8A2
Typhoid fever,Q8Z8B6
Typhoid fever,Q8Z8C0
Typhoid fever,Q8Z8D9
Typhoid fever,Q8Z8E4
Typhoid fever,Q8Z8E6
Typhoid fever,Q8Z8G6
Typhoid fever,Q8Z8H0
Typhoid fever,Q8Z8H3
Typhoid fever,Q8Z8H5
Typhoid fever,Q8Z8H7
Typhoid fever,Q8Z8J2
Typhoid fever,Q8Z8L4
Typhoid fever,Q8Z8M0
Typhoid fever,Q8Z8R2
Typhoid fever,Q8Z8R3
Typhoid fever,Q8Z8T1
Typhoid fever,Q8Z8T4
Typhoid fever,Q8Z8U7
Typhoid fever,Q8Z8W2
Typhoid fever,Q8Z8W6
Typhoid fever,Q8Z8W7
Typhoid fever,Q8Z8W8
Typhoid fever,Q8Z8W9
Typhoid fever,Q8Z8X0
Typhoid fever,Q8Z8X6
Typhoid fever,Q8Z8Y1
Typhoid fever,Q8Z932
Typhoid fever,Q8Z933
Typhoid fever,Q8Z985
Typhoid fever,Q8Z991
Typhoid fever,Q8Z992
Typhoid fever,Q8Z996
Typhoid fever,Q8Z9A1
Typhoid fever,Q8Z9A2
Typhoid fever,Q8Z9A3
Typhoid fever,Q8Z9B1
Typhoid fever,Q8Z9C1
Typhoid fever,Q8Z9C2
Typhoid fever,Q8Z9G4
Typhoid fever,Q8Z9H4
Typhoid fever,Q8Z9H5
Typhoid fever,Q8Z9I3
Typhoid fever,Q8Z9I4
Typhoid fever,Q8Z9J6
Typhoid fever,Q8Z9K9
Typhoid fever,Q8Z9L0
Typhoid fever,Q8Z9L1
Typhoid fever,Q8Z9L6
Typhoid fever,Q8Z9M0
Typhoid fever,Q8Z9M5
Typhoid fever,Q8Z9M9
Typhoid fever,Q8Z9N5
Typhoid fever,Q934J6
Typhoid fever,Q93MH4
Typhoid fever,Q99191
Typhoid fever,Q9L6T3
Typhoid fever,Q9RHF4
Typhoid fever,Q9RPM6
Typhoid fever,Q9X6N0
Typhoid fever,P0A1E0
Typhoid fever,P0A1G4
Typhoid fever,P0A1N1
Typhoid fever,P0A1N5
Typhoid fever,P0A1S7
Typhoid fever,P0A1T1
Typhoid fever,P0A1T9
Typhoid fever,P0A1U5
Typhoid fever,P0A1U9
Typhoid fever,P0A1V1
Typhoid fever,P0A1W1
Typhoid fever,P0A201
Typhoid fever,P0A203
Typhoid fever,P0A215
Typhoid fever,P0A240
Typhoid fever,P0A2L2
Typhoid fever,P0A2L8
Typhoid fever,P0A2M0
Typhoid fever,P0A2M4
Typhoid fever,P0A2P5
Typhoid fever,P0AA35
Typhoid fever,P0AD77
Typhoid fever,P0C5Y5
Typhoid fever,P43018
Typhoid fever,P58615
Typhoid fever,P60085
Typhoid fever,P60816
Typhoid fever,P60821
Typhoid fever,P61352
Typhoid fever,P61472
Typhoid fever,P62361
Typhoid fever,P62526
Typhoid fever,P64268
Typhoid fever,P64438
Typhoid fever,P64502
Typhoid fever,P65642
Typhoid fever,P66823
Typhoid fever,P67092
Typhoid fever,P67094
Typhoid fever,P67287
Typhoid fever,P67335
Typhoid fever,P67350
Typhoid fever,P67367
Typhoid fever,P67538
Typhoid fever,P67552
Typhoid fever,P68663
Typhoid fever,P68665
Typhoid fever,Q04971
Typhoid fever,Q7ANK1
Typhoid fever,Q83T43
Typhoid fever,Q8XEK3
Typhoid fever,Q8XEL4
Typhoid fever,Q8XEL6
Typhoid fever,Q8XEM5
Typhoid fever,Q8XES2
Typhoid fever,Q8XEU2
Typhoid fever,Q8XF09
Typhoid fever,Q8XF41
Typhoid fever,Q8XFT0
Typhoid fever,Q8XGQ8
Typhoid fever,Q8XGZ1
Typhoid fever,Q8Z1D0
Typhoid fever,Q8Z1Y5
Typhoid fever,Q8Z222
Typhoid fever,Q8Z2B5
Typhoid fever,Q8Z2E1
Typhoid fever,Q8Z3I8
Typhoid fever,Q8Z3K8
Typhoid fever,Q8Z3Q8
Typhoid fever,Q8Z3U7
Typhoid fever,Q8Z3V2
Typhoid fever,Q8Z3W5
Typhoid fever,Q8Z4M8
Typhoid fever,Q8Z579
Typhoid fever,Q8Z5K2
Typhoid fever,Q8Z5R1
Typhoid fever,Q8Z5U4
Typhoid fever,Q8Z681
Typhoid fever,Q8Z682
Typhoid fever,Q8Z6E5
Typhoid fever,Q8Z6E7
Typhoid fever,Q8Z6H2
Typhoid fever,Q8Z6L0
Typhoid fever,Q8Z740
Typhoid fever,Q8Z7E5
Typhoid fever,Q8Z7J8
Typhoid fever,Q8Z9E5
Typhoid fever,Q8Z9H9
Typhoid fever,Q8Z9J8
Typhoid fever,Q8Z9K8
Typhoid fever,Q8Z9R2
Typhoid fever,Q8Z9R5
