DrugBankID,TargetGene,Action,Relation
DB00001,F2,inhibitor,inhibits
DB00002,EGFR,binder,other
DB00002,FCGR3B,binder,other
DB00002,C1QA,binder,other
DB00002,C1QB,binder,other
DB00002,C1QC,binder,other
DB00002,FCGR3A,binder,other
DB00002,FCGR1A,binder,other
DB00002,FCGR2A,binder,other
DB00003,DNASE1,other,other
DB00004,IL2RA,ligand,other
DB00004,IL2RB,ligand,other
DB00005,TNF,inhibitor,inhibits
DB00005,LTA,antibody,other
DB00005,FCGR1A,ligand,other
DB00005,FCGR2A,ligand,other
DB00005,FCGR2B,ligand,other
DB00005,FCGR2C,ligand,other
DB00005,FCGR3A,ligand,other
DB00005,FCGR3B,ligand,other
DB00005,C1QA,ligand,other
DB00006,F2,inhibitor,inhibits
DB00007,GNRHR,agonist,activates
DB00007,GNRH1,activator,activates
DB00008,IFNAR2,agonist,activates
DB00008,IFNAR1,agonist,activates
DB00009,PLG,activator,activates
DB00009,FGA,binder,other
DB00009,FGG,binder,other
DB00009,SERPINE1,nan,other
DB00010,GHRHR,agonist,activates
DB00011,IFNAR1,agonist,activates
DB00011,IFNAR2,agonist,activates
DB00012,EPOR,agonist,activates
DB00013,PLG,activator,activates
DB00013,PLAUR,inducer,activates
DB00013,SERPINE1,substrate,other
DB00013,SERPINB2,substrate,other
DB00013,SERPINA5,substrate,other
DB00013,LRP2,substrate,other
DB00013,ST14,substrate,other
DB00013,NID1,ligand,other
DB00014,LHCGR,agonist,activates
DB00014,GNRH1,activator,activates
DB00014,GNRHR,agonist,activates
DB00015,PLG,activator,activates
DB00015,FGA,nan,other
DB00015,SERPINE1,nan,other
DB00016,EPOR,agonist,activates
DB00017,CALCR,agonist,activates
DB00018,IFNAR1,agonist,activates
DB00018,IFNAR2,agonist,activates
DB00019,CSF3R,agonist,activates
DB00020,CSF2RA,agonist,activates
DB00020,IL3RA,agonist,activates
DB00020,CSF2RB,agonist,activates
DB00020,SDC2,agonist,activates
DB00020,PRG2,nan,other
DB00022,IFNAR1,agonist,activates
DB00022,IFNAR2,agonist,activates
DB00024,TSHR,agonist,activates
DB00025,F10,activator,activates
DB00025,F9,cofactor,other
DB00025,VWF,binder,other
DB00025,PHYH,antagonist,inhibits
DB00025,ASGR2,binder,other
DB00025,HSPA5,chaperone,other
DB00025,CALR,chaperone,other
DB00025,CANX,chaperone,other
DB00025,LMAN1,chaperone,other
DB00025,LRP1,modulator,other
DB00025,MCFD2,modulator,other
DB00026,IL1R1,antagonist,inhibits
DB00028,FCGR1A,antagonist,inhibits
DB00028,FCGR1BP,antagonist,inhibits
DB00028,FCGR2A,antagonist,inhibits
DB00028,FCGR2B,antagonist,inhibits
DB00028,FCGR2C,antagonist,inhibits
DB00028,FCGR3A,antagonist,inhibits
DB00028,FCGR3B,antagonist,inhibits
DB00028,C3,binder,other
DB00028,C4A,binder,other
DB00028,C4B,binder,other
DB00028,C5,binder,other
DB00029,PLG,activator,activates
DB00029,FGA,nan,other
DB00029,SERPINE1,nan,other
DB00030,INSR,agonist,activates
DB00030,IGF1R,activator,activates
DB00030,CPE,modulator,other
DB00030,CCN3,downregulator,inhibits
DB00030,LRP2,substrate,other
DB00030,IGFBP7,inhibitor,inhibits
DB00031,PLG,activator,activates
DB00032,FSHR,binder,other
DB00032,LHCGR,nan,other
DB00033,IFNGR1,binder,other
DB00033,IFNGR2,binder,other
DB00034,IFNAR1,nan,other
DB00034,IFNAR2,nan,other
DB00035,OXTR,agonist,activates
DB00035,AVPR2,agonist,activates
DB00035,AVPR1A,agonist,activates
DB00035,AVPR1B,agonist,activates
DB00036,F10,activator,activates
DB00036,F3,binder,other
DB00038,IL11RA,agonist,activates
DB00039,FGFR2,agonist,activates
DB00039,FGFR1,agonist,activates
DB00039,HSPG2,ligand,other
DB00040,GCGR,agonist,activates
DB00040,GLP2R,agonist,activates
DB00040,GLP1R,agonist,activates
DB00041,IL2RB,agonist,activates
DB00041,IL2RA,agonist,activates
DB00041,IL2RG,agonist,activates
DB00042,VAMP2,binder,other
DB00042,VAMP1,binder,other
DB00042,SYT2,inhibitor,inhibits
DB00043,IGHE,antibody,other
DB00044,LHCGR,agonist,activates
DB00045,TLR2,other/unknown,other
DB00046,INSR,agonist,activates
DB00046,IGF1R,activator,activates
DB00047,INSR,agonist,activates
DB00047,IGF1R,activator,activates
DB00048,COL1A1,binder,other
DB00048,COL2A1,binder,other
DB00048,COL3A1,binder,other
DB00050,GNRHR,antagonist,inhibits
DB00050,LHCGR,nan,other
DB00051,TNF,inhibitor,inhibits
DB00052,GHR,ligand,other
DB00052,PRLR,ligand,other
DB00054,ITGB3,antagonist,inhibits
DB00054,ITGA2B,antagonist,inhibits
DB00054,FCGR2A,nan,other
DB00054,FCGR2B,nan,other
DB00054,VTN,nan,other
DB00055,F8,inhibitor,inhibits
DB00055,F5,inhibitor,inhibits
DB00055,SERPINE1,nan,other
DB00055,THBD,nan,other
DB00055,PROS1,nan,other
DB00055,F2,nan,other
DB00055,PF4,nan,other
DB00055,SERPINA5,nan,other
DB00055,SERPINB6,nan,other
DB00055,PROCR,nan,other
DB00056,CD33,antibody,other
DB00056,FCGR3B,nan,other
DB00056,FCGR3A,nan,other
DB00056,FCGR1A,nan,other
DB00058,ELANE,inhibitor,inhibits
DB00060,IFNAR1,agonist,activates
DB00060,IFNAR2,agonist,activates
DB00061,GRB2,binder,other
DB00063,ITGB3,modulator,other
DB00063,ITGA2B,modulator,other
DB00063,CACNA1B,antagonist,inhibits
DB00065,TNF,inhibitor,inhibits
DB00066,FSHR,agonist,activates
DB00067,AVPR2,agonist,activates
DB00067,AVPR1A,agonist,activates
DB00067,AVPR1B,agonist,activates
DB00067,OXTR,agonist,activates
DB00068,IFNAR1,agonist,activates
DB00068,IFNAR2,agonist,activates
DB00069,IFNAR1,binder,other
DB00069,IFNAR2,binder,other
DB00070,TGFB1,inhibitor,inhibits
DB00071,INSR,binder,other
DB00071,IGF1R,nan,other
DB00072,ERBB2,binder,other
DB00073,MS4A1,antibody,other
DB00074,IL2RA,antibody,other
DB00074,IL2RB,antibody,other
DB00075,CD3D,nan,other
DB00075,CD3E,binder,other
DB00075,CD3G,nan,other
DB00075,CD247,nan,other
DB00075,FCGR3B,nan,other
DB00078,MS4A1,antibody,other
DB00081,MS4A1,antibody,other
DB00081,FCGR2B,nan,other
DB00082,GHR,antagonist,inhibits
DB00083,SNAP25,inhibitor,inhibits
DB00083,RHOB,inhibitor,inhibits
DB00086,PLG,activator,activates
DB00086,F2R,activator,activates
DB00087,CD52,antibody,other
DB00087,FCGR3B,binder,other
DB00087,FCGR3A,binder,other
DB00087,FCGR1A,binder,other
DB00087,FCGR2A,binder,other
DB00087,FCGR2B,binder,other
DB00087,FCGR2C,binder,other
DB00089,FOLH1,other/unknown,other
DB00091,CAMLG,binder,other
DB00091,PPP3CA,inhibitor,inhibits
DB00091,PPP3R2,inhibitor,inhibits
DB00091,PPIA,inhibitor,inhibits
DB00091,PPIF,binder,other
DB00092,CD2,inhibitor,inhibits
DB00092,FCGR3A,nan,other
DB00092,FCGR3B,nan,other
DB00093,AVPR1A,agonist,activates
DB00094,FSHR,agonist,activates
DB00095,ITGAX,antibody,other
DB00095,ITGAL,antibody,other
DB00097,FSHR,binder,other
DB00097,LHCGR,agonist,activates
DB00098,MR1,antagonist,inhibits
DB00098,ITGAL,inducer,activates
DB00098,CD86,binder,other
DB00098,FCGR2B,inducer,activates
DB00098,CD4,inducer,activates
DB00098,ITGB1,inducer,activates
DB00098,ITGAV,inducer,activates
DB00098,ITGB3,inducer,activates
DB00098,CD1A,inhibitor,inhibits
DB00099,CSF3R,stimulator,activates
DB00100,F10,activator,activates
DB00100,F11,ligand,other
DB00100,F7,ligand,other
DB00100,F8,cofactor,other
DB00100,F2,nan,other
DB00100,LRP1,nan,other
DB00100,GGCX,nan,other
DB00102,PDGFRB,inhibitor,inhibits
DB00102,PDGFRA,nan,other
DB00102,A2M,nan,other
DB00104,SSTR2,binder,other
DB00105,IFNAR2,binder,other
DB00105,IFNA2,modulator,other
DB00105,IFNAR1,binder,other
DB00106,GNRHR,antagonist,inhibits
DB00107,OXTR,agonist,activates
DB00107,AVPR1B,agonist,activates
DB00107,AVPR2,agonist,activates
DB00107,AVPR1A,agonist,activates
DB00108,ITGA4,antibody,other
DB00108,FCGR3B,ligand,other
DB00108,FCGR1A,ligand,other
DB00108,ICAM1,ligand,other
DB00110,FCGR3B,nan,other
DB00110,C1R,nan,other
DB00110,C1QA,nan,other
DB00110,C1QB,nan,other
DB00110,C1QC,nan,other
DB00110,FCGR3A,nan,other
DB00110,FCGR1A,nan,other
DB00110,FCGR2B,nan,other
DB00111,IL2RA,antibody,other
DB00111,IL2RB,antibody,other
DB00111,FCGR3B,nan,other
DB00111,C1R,nan,other
DB00111,C1QA,nan,other
DB00111,C1QB,nan,other
DB00111,C1QC,nan,other
DB00111,FCGR3A,nan,other
DB00111,FCGR1A,nan,other
DB00111,FCGR2A,nan,other
DB00111,FCGR2B,nan,other
DB00111,FCGR2C,nan,other
DB00112,VEGFA,inhibitor,inhibits
DB00112,C1QA,nan,other
DB00112,C1QB,nan,other
DB00112,C1QC,nan,other
DB00112,FCGR3A,nan,other
DB00112,FCGR1A,nan,other
DB00112,FCGR2A,nan,other
DB00112,FCGR2B,nan,other
DB00112,FCGR2C,nan,other
DB00113,CEACAM1,other/unknown,other
DB00114,ABAT,inhibitor,inhibits
DB00114,F2,inhibitor,inhibits
DB00114,AGXT2,cofactor,other
DB00114,GAD1,cofactor,other
DB00114,CBS,cofactor,other
DB00114,KYNU,cofactor,other
DB00114,SHMT1,cofactor,other
DB00114,NFS1,cofactor,other
DB00114,GOT1,activator,activates
DB00114,OAT,cofactor,other
DB00114,ODC1,cofactor,other
DB00114,AADAT,cofactor,other
DB00114,PNPO,cofactor,other
DB00114,SGPL1,cofactor,other
DB00114,TAT,cofactor,other
DB00114,KYAT1,cofactor,other
DB00114,PYGL,cofactor,other
DB00114,SPTLC2,cofactor,other
DB00114,CSAD,cofactor,other
DB00114,HDC,cofactor,other
DB00114,AZIN2,cofactor,other
DB00114,SDS,cofactor,other
DB00114,GCAT,cofactor,other
DB00114,GLDC,cofactor,other
DB00114,GPT,cofactor,other
DB00114,PSAT1,cofactor,other
DB00114,ALAS1,cofactor,other
DB00114,AGXT,cofactor,other
DB00114,PDXP,cofactor,other
DB00114,SPTLC1,cofactor,other
DB00114,CTH,cofactor,other
DB00114,BCAT1,cofactor,other
DB00114,BCAT2,cofactor,other
DB00114,PLPBP,binder,other
DB00114,GOT2,cofactor,other
DB00114,PYGB,cofactor,other
DB00114,PYGM,cofactor,other
DB00114,DDC,cofactor,other
DB00114,nan,cofactor,other
DB00114,GAD2,cofactor,other
DB00114,KYAT3,cofactor,other
DB00114,GADL1,cofactor,other
DB00114,SCLY,cofactor,other
DB00114,IGSF10,cofactor,other
DB00114,PHYKPL,cofactor,other
DB00114,SHMT2,cofactor,other
DB00114,ALAS2,cofactor,other
DB00114,GPT2,cofactor,other
DB00114,MOCOS,cofactor,other
DB00114,SDSL,cofactor,other
DB00114,SRR,cofactor,other
DB00114,SEPSECS,cofactor,other
DB00114,SPTLC3,cofactor,other
DB00114,GAD65,cofactor,other
DB00114,GOT1,cofactor,other
DB00115,MTR,cofactor,other
DB00115,MMUT,cofactor,other
DB00115,MTRR,cofactor,other
DB00115,MMAA,binder,other
DB00115,MMACHC,cofactor,other
DB00115,MTHFR,cofactor,other
DB00116,MTHFD1,cofactor,other
DB00116,MTHFD2,cofactor,other
DB00116,AMT,cofactor,other
DB00116,ALDH1L1,cofactor,other
DB00116,MTR,cofactor,other
DB00116,FTCD,cofactor,other
DB00116,ATIC,cofactor,other
DB00116,SHMT1,cofactor,other
DB00116,SHMT2,cofactor,other
DB00116,MTHFR,cofactor,other
DB00116,nan,cofactor,other
DB00116,MTFMT,cofactor,other
DB00117,HDC,nan,other
DB00117,HARS1,nan,other
DB00117,SLC38A3,nan,other
DB00117,HAL,nan,other
DB00118,COMT,cofactor,other
DB00118,CMTR1,nan,other
DB00118,AS3MT,nan,other
DB00118,GNMT,cofactor,other
DB00118,AMD1,cofactor,other
DB00118,MAT2A,cofactor,other
DB00118,CBS,activator,activates
DB00118,MAT1A,cofactor,other
DB00119,CA4,inhibitor,inhibits
DB00119,ABAT,inhibitor,inhibits
DB00119,SLC16A3,nan,other
DB00119,SLC16A2,nan,other
DB00119,AGXT2,nan,other
DB00119,SLC16A5,nan,other
DB00119,PKLR,nan,other
DB00119,SLC16A6,nan,other
DB00119,SLC16A7,nan,other
DB00119,PDHB,nan,other
DB00119,PKM,nan,other
DB00119,SLC16A4,nan,other
DB00119,SLC16A8,nan,other
DB00119,SLC16A1,nan,other
DB00119,PC,nan,other
DB00120,TH,binder,other
DB00120,TAT,nan,other
DB00120,SLC7A8,nan,other
DB00120,FARSA,nan,other
DB00120,PAH,nan,other
DB00120,FARS2,nan,other
DB00120,FARSB,nan,other
DB00121,PCCB,cofactor,other
DB00121,HLCS,substrate,other
DB00121,MCCC2,cofactor,other
DB00121,ACACB,cofactor,other
DB00121,MCCC1,cofactor,other
DB00121,PC,cofactor,other
DB00121,PCCA,cofactor,other
DB00121,ACACA,cofactor,other
DB00122,CHRNA2,inhibitor,inhibits
DB00122,CHRNA7,nan,other
DB00122,PCYT1B,product of,other
DB00122,ACHE,product of,other
DB00122,PCYT1A,product of,other
DB00122,PLD2,product of,other
DB00122,BCHE,product of,other
DB00122,PLD1,product of,other
DB00122,PHOSPHO1,product of,other
DB00123,SLC7A1,nan,other
DB00123,SLC7A4,nan,other
DB00123,SLC7A3,nan,other
DB00123,SLC7A2,nan,other
DB00123,KARS1,nan,other
DB00125,SLC7A3,nan,other
DB00125,AZIN2,nan,other
DB00125,ASL,nan,other
DB00125,NOS2,nan,other
DB00125,SLC7A1,nan,other
DB00125,ARG2,nan,other
DB00125,SLC7A4,nan,other
DB00125,ASS1,nan,other
DB00125,NOS3,nan,other
DB00126,SLC23A2,modulator,other
DB00126,SLC23A1,modulator,other
DB00126,PLOD2,cofactor,other
DB00126,PHYH,cofactor,other
DB00126,PLOD3,cofactor,other
DB00126,BBOX1,cofactor,other
DB00126,DBH,cofactor,other
DB00126,PAM,cofactor,other
DB00126,P3H1,cofactor,other
DB00126,P3H2,cofactor,other
DB00126,P3H3,cofactor,other
DB00126,P4HA1,cofactor,other
DB00126,OGFOD1,cofactor,other
DB00126,OGFOD2,cofactor,other
DB00126,ALKBH2,activator,activates
DB00126,ALKBH3,activator,activates
DB00126,KDM5D,cofactor,other
DB00126,PLOD1,cofactor,other
DB00126,TMLHE,cofactor,other
DB00126,P4HTM,cofactor,other
DB00126,EGLN1,cofactor,other
DB00126,EGLN2,cofactor,other
DB00126,EGLN3,cofactor,other
DB00127,SMS,ligand,other
DB00127,CA4,inhibitor,inhibits
DB00127,GRIN1,inhibitor,inhibits
DB00127,CA9,inhibitor,inhibits
DB00127,CA6,inhibitor,inhibits
DB00127,CA14,inhibitor,inhibits
DB00127,GRIN2A,inhibitor,inhibits
DB00127,SMOX,ligand,other
DB00127,ODC1,product of,other
DB00127,CASR,nan,other
DB00127,ADRB1,nan,other
DB00127,ADRB2,nan,other
DB00128,GRIN2A,agonist,activates
DB00128,GRIN2B,agonist,activates
DB00128,GRIN1,agonist,activates
DB00128,ADSS1,substrate,other
DB00128,SLC25A13,nan,other
DB00128,GOT1,nan,other
DB00128,ASPA,nan,other
DB00128,ASNS,substrate,other
DB00128,ASS1,nan,other
DB00128,ACY1,nan,other
DB00128,GOT2,nan,other
DB00128,DARS1,nan,other
DB00128,SLC25A12,nan,other
DB00128,ASPH,nan,other
DB00128,PAICS,substrate,other
DB00128,ADSS2,nan,other
DB00128,SLC1A1,nan,other
DB00128,DARS2,nan,other
DB00128,ASRGL1,nan,other
DB00128,RNASE1,nan,other
DB00128,LYZ,nan,other
DB00129,OAT,nan,other
DB00129,OTC,nan,other
DB00129,ARG1,nan,other
DB00129,OAZ1,nan,other
DB00129,SLC7A1,nan,other
DB00129,SLC7A2,nan,other
DB00129,SLC25A2,nan,other
DB00129,ARG2,nan,other
DB00129,SLC25A15,nan,other
DB00129,GATM,nan,other
DB00130,CTPS1,antagonist,inhibits
DB00130,PPAT,substrate,other
DB00130,GLUL,product of,other
DB00131,PRKAA1,activator,activates
DB00131,ADK,product of,other
DB00131,PRKAB1,activator,activates
DB00131,ACSS2,product of,other
DB00131,ADCY1,product of,other
DB00131,ACSL1,product of,other
DB00131,CREB1,activator,activates
DB00131,PDE4B,product of,other
DB00131,PYGL,activator,activates
DB00131,HINT1,product of,other
DB00131,PDE4D,product of,other
DB00131,FBP1,antagonist,inhibits
DB00132,FFAR1,agonist,activates
DB00132,PTGS2,inhibitor,inhibits
DB00132,FADS1,ligand,other
DB00132,FADS2,ligand,other
DB00132,TRPV1,inhibitor,inhibits
DB00132,PPARA,nan,other
DB00132,NR1H4,agonist,activates
DB00132,PPARD,nan,other
DB00132,PPARG,nan,other
DB00132,RXRA,nan,other
DB00132,ELOVL2,substrate,other
DB00132,ELOVL5,substrate,other
DB00132,SLC8A1,nan,other
DB00133,CBS,nan,other
DB00133,SDS,nan,other
DB00133,SRR,nan,other
DB00133,SPTLC2,nan,other
DB00133,SPTLC1,nan,other
DB00133,SARS1,nan,other
DB00133,AGXT,nan,other
DB00134,MTRR,product of,other
DB00134,MTR,product of,other
DB00134,METAP2,product of,other
DB00134,BHMT,product of,other
DB00134,BHMT2,product of,other
DB00135,TH,binder,other
DB00135,YARS2,nan,other
DB00135,YARS1,nan,other
DB00135,TAT,nan,other
DB00136,VDR,agonist,activates
DB00136,HOXA10,nan,other
DB00138,SLC7A11,nan,other
DB00138,CTNS,nan,other
DB00139,ALDH5A1,inhibitor,inhibits
DB00139,SUCNR1,nan,other
DB00140,RFK,ligand,other
DB00140,BLVRB,product of,other
DB00141,B4GALT1,nan,other
DB00141,B4GALT4,nan,other
DB00141,NAGK,nan,other
DB00141,NAGPA,nan,other
DB00141,NAGLU,activator,activates
DB00141,RENBP,nan,other
DB00142,GRM1,nan,other
DB00142,GRM4,nan,other
DB00142,GRIK4,nan,other
DB00142,GRIK5,nan,other
DB00142,GRM7,nan,other
DB00142,GRM8,nan,other
DB00142,SLC1A7,nan,other
DB00142,OPLAH,nan,other
DB00142,PFAS,nan,other
DB00142,BCAT2,nan,other
DB00142,GRIN2D,nan,other
DB00142,GLS,nan,other
DB00142,GOT2,nan,other
DB00142,EPRS1,nan,other
DB00142,ASNS,nan,other
DB00142,GLUL,nan,other
DB00142,GOT1,nan,other
DB00142,TAT,nan,other
DB00142,GPT,nan,other
DB00142,GGCX,nan,other
DB00142,SLC1A3,nan,other
DB00142,SLC1A2,nan,other
DB00142,SLC1A1,nan,other
DB00142,GCLC,substrate,other
DB00142,SLC1A6,nan,other
DB00142,GLUD2,substrate,other
DB00142,GMPS,nan,other
DB00142,BCAT1,nan,other
DB00142,ABAT,nan,other
DB00142,GRIN1,nan,other
DB00142,FPGS,nan,other
DB00142,ENPEP,nan,other
DB00142,GRIN2A,nan,other
DB00142,GRIN2B,nan,other
DB00142,GRIN2C,nan,other
DB00142,EARS2,nan,other
DB00142,NADSYN1,product of,other
DB00142,NAGS,nan,other
DB00142,AADAT,nan,other
DB00142,GRIN3A,nan,other
DB00142,GPT2,substrate,other
DB00142,AASS,nan,other
DB00142,GLS2,nan,other
DB00142,DNPEP,nan,other
DB00142,SLC7A11,nan,other
DB00142,CPQ,nan,other
DB00142,PSAT1,nan,other
DB00142,GLUD1,nan,other
DB00142,GRIK1,nan,other
DB00142,GRIA1,nan,other
DB00142,GCLM,nan,other
DB00142,FOLH1,nan,other
DB00142,GAD2,nan,other
DB00142,GAD1,nan,other
DB00142,FTCD,nan,other
DB00142,GRIA2,nan,other
DB00142,GRIA3,nan,other
DB00142,GRIA4,nan,other
DB00142,ALDH18A1,nan,other
DB00142,GRIK2,nan,other
DB00142,GRIK3,nan,other
DB00142,GOT1,substrate,other
DB00143,AKR1B1,nan,other
DB00143,MMP9,nan,other
DB00143,CYP3A4,nan,other
DB00143,GSR,nan,other
DB00143,GSS,nan,other
DB00143,GSTM1,nan,other
DB00143,GSTK1,nan,other
DB00143,GSTA3,nan,other
DB00143,GSTM3,nan,other
DB00143,GSTA4,nan,other
DB00143,GSTM4,nan,other
DB00143,GSTA5,nan,other
DB00143,GSTP1,nan,other
DB00143,GSTO1,nan,other
DB00143,GPX1,cofactor,other
DB00143,GPX2,cofactor,other
DB00143,GSTT1,nan,other
DB00143,GSTZ1,nan,other
DB00143,GPX5,cofactor,other
DB00143,GPX3,cofactor,other
DB00143,GLO1,nan,other
DB00143,LTC4S,nan,other
DB00143,MGST3,nan,other
DB00143,HPGDS,nan,other
DB00143,GSTA1,nan,other
DB00143,GSTA2,nan,other
DB00143,MGST1,nan,other
DB00143,ESD,nan,other
DB00143,GGT1,nan,other
DB00143,GSTM2,nan,other
DB00143,GLRX,nan,other
DB00143,GPX4,cofactor,other
DB00143,GSTM5,nan,other
DB00143,GPX6,cofactor,other
DB00143,HAGH,nan,other
DB00143,GPX1,nan,other
DB00143,GPX7,cofactor,other
DB00143,MGST2,nan,other
DB00143,GSTO2,nan,other
DB00143,GLRX2,nan,other
DB00144,PISD,nan,other
DB00144,SCARB1,nan,other
DB00144,PRKCA,nan,other
DB00144,PTDSS1,nan,other
DB00144,DGKG,nan,other
DB00144,DGKD,nan,other
DB00144,PTDSS2,nan,other
DB00144,SMPD4,nan,other
DB00144,SMPD3,nan,other
DB00144,ATP8A1,nan,other
DB00145,GRIN2A,antagonist,inhibits
DB00145,GCAT,substrate,other
DB00145,ALAS1,substrate,other
DB00145,ALAS2,substrate,other
DB00145,GARS1,substrate,other
DB00145,BAAT,substrate,other
DB00145,GPR18,substrate,other
DB00145,GSS,substrate,other
DB00145,GRIN2C,agonist,activates
DB00145,nan,product of,other
DB00145,GLYAT,substrate,other
DB00145,SHMT2,product of,other
DB00145,GLYATL2,substrate,other
DB00145,GLYATL1,substrate,other
DB00145,AGXT2,product of,other
DB00145,PIPOX,product of,other
DB00145,GRIN3B,substrate,other
DB00145,GLRA1,ligand,other
DB00145,AGXT,substrate,other
DB00145,GLRB,ligand,other
DB00145,SHMT1,product of,other
DB00145,GLRA3,ligand,other
DB00145,GLRA2,ligand,other
DB00145,GNMT,substrate,other
DB00145,GATM,substrate,other
DB00146,VDR,agonist,activates
DB00147,PDXK,nan,other
DB00148,CKM,ligand,other
DB00148,CKMT1A,ligand,other
DB00148,CKB,ligand,other
DB00148,CKMT2,ligand,other
DB00148,SLC6A8,nan,other
DB00148,GAMT,product of,other
DB00149,LARS2,nan,other
DB00149,LCMT2,nan,other
DB00149,LCMT1,nan,other
DB00149,LARS1,nan,other
DB00149,BCAT2,nan,other
DB00149,BCAT1,nan,other
DB00150,IDO1,binder,other
DB00150,WARS1,inhibitor,inhibits
DB00150,WARS2,inhibitor,inhibits
DB00151,GCLM,nan,other
DB00151,GCLC,nan,other
DB00151,GOT1,substrate,other
DB00151,GOT2,substrate,other
DB00151,CTH,nan,other
DB00151,CBS,nan,other
DB00151,CARS1,substrate,other
DB00151,MGMT,nan,other
DB00151,GSS,nan,other
DB00151,CARS2,substrate,other
DB00151,CSAD,nan,other
DB00151,NFS1,nan,other
DB00151,CDO1,nan,other
DB00152,TPK1,substrate,other
DB00153,VDR,agonist,activates
DB00153,CACNG1,inducer,activates
DB00154,PTGS2,nan,other
DB00154,PTGS1,inhibitor,inhibits
DB00155,NOS3,nan,other
DB00155,ASS1,nan,other
DB00155,DDAH2,nan,other
DB00155,DDAH1,nan,other
DB00155,OTC,nan,other
DB00155,NOS1,nan,other
DB00155,NOS2,nan,other
DB00155,PADI4,nan,other
DB00155,PADI6,product of,other
DB00155,PADI1,nan,other
DB00155,PADI3,nan,other
DB00155,PADI2,nan,other
DB00156,TARS1,nan,other
DB00156,TARS2,nan,other
DB00157,MT-ND3,binder,other
DB00157,UGDH,nan,other
DB00157,ADH1A,nan,other
DB00157,SORD,nan,other
DB00157,ADH4,nan,other
DB00157,ADH1C,nan,other
DB00157,ADH1B,nan,other
DB00157,ADH7,nan,other
DB00157,GPD1,nan,other
DB00157,LDHAL6A,nan,other
DB00157,ADH5,nan,other
DB00157,AKR1B1,nan,other
DB00157,HSD17B10,nan,other
DB00157,MDH2,nan,other
DB00157,LDHA,nan,other
DB00157,ME2,nan,other
DB00157,HSD17B4,nan,other
DB00157,LDHAL6B,nan,other
DB00157,LDHC,nan,other
DB00157,LDHB,nan,other
DB00157,EHHADH,nan,other
DB00157,HADH,nan,other
DB00157,ME3,nan,other
DB00157,BDH1,nan,other
DB00157,MDH1,nan,other
DB00157,HIBADH,nan,other
DB00157,HSD17B3,nan,other
DB00157,HMGCR,nan,other
DB00157,ME1,nan,other
DB00157,PHGDH,nan,other
DB00157,HSD17B7,nan,other
DB00157,IDH3G,nan,other
DB00157,IDH3B,nan,other
DB00157,IDH3A,nan,other
DB00157,HSD17B1,nan,other
DB00157,HSD17B2,nan,other
DB00157,RDH5,nan,other
DB00157,H6PD,nan,other
DB00157,HSD17B8,nan,other
DB00157,AKR1C4,nan,other
DB00157,IMPDH2,nan,other
DB00157,AKR1C3,nan,other
DB00157,HPGD,nan,other
DB00157,GFUS,nan,other
DB00157,AKR1C1,nan,other
DB00157,HSD11B1,nan,other
DB00157,HSD3B2,nan,other
DB00157,HSD3B1,nan,other
DB00157,IMPDH1,nan,other
DB00157,HADHA,nan,other
DB00157,ALDH2,nan,other
DB00157,HSD11B2,nan,other
DB00157,AKR1C2,nan,other
DB00157,NSDHL,nan,other
DB00157,ALDH3B2,nan,other
DB00157,ALDH6A1,nan,other
DB00157,ALDH3A1,nan,other
DB00157,ALDH1A1,nan,other
DB00157,GAPDHS,nan,other
DB00157,ALDH9A1,nan,other
DB00157,ALDH1A3,nan,other
DB00157,ALDH1B1,nan,other
DB00157,ALDH3B1,nan,other
DB00157,GAPDH,nan,other
DB00157,ALDH1A2,nan,other
DB00157,ALDH3A2,nan,other
DB00157,ALDH5A1,nan,other
DB00157,ALDH7A1,nan,other
DB00157,BLVRB,nan,other
DB00157,PYCR2,nan,other
DB00157,PYCR1,nan,other
DB00157,GLUD1,nan,other
DB00157,PDHB,nan,other
DB00157,PDHA2,nan,other
DB00157,PDHA1,nan,other
DB00157,BLVRA,nan,other
DB00157,ACADS,nan,other
DB00157,DHFR,nan,other
DB00157,OGDH,nan,other
DB00157,GLUD2,nan,other
DB00157,DHCR7,nan,other
DB00157,NQO2,nan,other
DB00157,MT-ND2,binder,other
DB00157,AASS,nan,other
DB00157,NDUFS7,nan,other
DB00157,MTHFD1,nan,other
DB00157,MTHFD2,nan,other
DB00157,ALDH4A1,nan,other
DB00157,CYB5R3,nan,other
DB00157,NDUFA11,nan,other
DB00157,MT-ND4,nan,other
DB00157,QDPR,nan,other
DB00157,MT-ND1,binder,other
DB00157,NNT,nan,other
DB00157,NDUFA5,nan,other
DB00157,NDUFA9,nan,other
DB00157,MT-ND4L,nan,other
DB00157,NDUFA10,nan,other
DB00157,NDUFA7,nan,other
DB00157,NDUFA1,nan,other
DB00157,MT-ND6,nan,other
DB00157,MT-ND5,nan,other
DB00157,NDUFA4,nan,other
DB00157,NDUFA6,nan,other
DB00157,NDUFAB1,nan,other
DB00157,NDUFA2,nan,other
DB00157,NDUFA8,nan,other
DB00157,NDUFA3,nan,other
DB00157,NDUFB8,nan,other
DB00157,NDUFC2,nan,other
DB00157,NDUFB1,nan,other
DB00157,NDUFS1,nan,other
DB00157,NDUFB10,nan,other
DB00157,NDUFB4,nan,other
DB00157,NDUFB3,nan,other
DB00157,NDUFB2,nan,other
DB00157,NDUFB7,nan,other
DB00157,NDUFB9,nan,other
DB00157,NDUFS2,nan,other
DB00157,NDUFB5,nan,other
DB00157,NDUFC1,nan,other
DB00157,NDUFB6,nan,other
DB00157,NDUFV3,nan,other
DB00157,DLD,nan,other
DB00157,NDUFS3,nan,other
DB00157,GSR,nan,other
DB00157,NDUFA12,nan,other
DB00157,NDUFS5,nan,other
DB00157,NDUFS4,nan,other
DB00157,NDUFV1,nan,other
DB00157,NDUFV2,nan,other
DB00157,NDUFA13,nan,other
DB00157,CDO1,nan,other
DB00157,NDUFS6,nan,other
DB00157,NDUFA4L2,nan,other
DB00157,NDUFS8,nan,other
DB00157,CYP4A11,nan,other
DB00157,DLAT,nan,other
DB00157,AMT,nan,other
DB00157,MSMO1,nan,other
DB00157,HMOX1,nan,other
DB00157,HMOX2,nan,other
DB00157,CYP17A1,nan,other
DB00157,TYR,nan,other
DB00158,SLC46A1,modulator,other
DB00158,SLC19A1,modulator,other
DB00158,FOLR3,binder,other
DB00158,FOLR2,binder,other
DB00158,FOLR1,nan,other
DB00159,PTGS2,inhibitor,inhibits
DB00159,PTGS1,inhibitor,inhibits
DB00159,PPARG,agonist,activates
DB00159,PPARD,agonist,activates
DB00159,FFAR1,agonist,activates
DB00159,SLC8A1,inhibitor,inhibits
DB00159,FABP7,agonist,activates
DB00159,FADS1,agonist,activates
DB00159,ACSL4,inducer,activates
DB00159,TRPV1,inducer,activates
DB00159,PPARA,nan,other
DB00159,ALOX5,substrate,other
DB00160,ABAT,inhibitor,inhibits
DB00160,AGXT,nan,other
DB00160,GPT,nan,other
DB00160,NFS1,nan,other
DB00160,SLC36A1,nan,other
DB00160,SLC7A8,nan,other
DB00160,AGXT2,nan,other
DB00160,AARS1,nan,other
DB00160,SLC1A4,nan,other
DB00160,KYNU,nan,other
DB00160,AARS2,nan,other
DB00160,PHYKPL,nan,other
DB00160,GPT2,nan,other
DB00161,PCCB,nan,other
DB00161,BCAT1,nan,other
DB00161,VARS1,nan,other
DB00162,RXRG,binder,other
DB00162,APOD,ligand,other
DB00162,PTGDS,ligand,other
DB00162,RDH12,substrate,other
DB00162,RDH5,substrate,other
DB00162,RDH13,substrate,other
DB00162,ALDH1A2,substrate,other
DB00162,ALDH1A1,substrate,other
DB00162,LRAT,substrate,other
DB00162,DHRS3,substrate,other
DB00162,ALDH1A3,substrate,other
DB00162,RETSAT,substrate,other
DB00162,RDH11,substrate,other
DB00162,DHRS4,substrate,other
DB00162,RDH14,substrate,other
DB00162,RDH8,substrate,other
DB00163,SEC14L4,nan,other
DB00163,SEC14L3,nan,other
DB00163,SEC14L2,nan,other
DB00163,NR1I2,nan,other
DB00163,PRKCB,nan,other
DB00163,ALOX5,nan,other
DB00163,PRKCA,nan,other
DB00163,DGKA,nan,other
DB00163,PPP2CB,nan,other
DB00163,PPP2CA,nan,other
DB00165,DDC,cofactor,other
DB00165,PDXK,ligand,other
DB00166,LIPT1,nan,other
DB00166,SLC5A6,nan,other
DB00166,LIAS,nan,other
DB00167,ACADSB,nan,other
DB00167,BCAT1,nan,other
DB00167,BCAT2,nan,other
DB00167,IARS1,nan,other
DB00167,IARS2,nan,other
DB00168,TAS1R3,nan,other
DB00168,TAS1R2,agonist,activates
DB00168,TRPV1,inducer,activates
DB00169,VDR,agonist,activates
DB00170,AOX1,inhibitor,inhibits
DB00170,GGCX,cofactor,other
DB00170,VKORC1,cofactor,other
DB00170,VKORC1L1,cofactor,other
DB00170,F2,activator,activates
DB00170,F9,activator,activates
DB00170,PROC,activator,activates
DB00170,PROS1,activator,activates
DB00170,NQO2,nan,other
DB00170,NQO1,nan,other
DB00170,BGLAP,agonist,activates
DB00171,ABL1,inhibitor,inhibits
DB00171,ABCC6,nan,other
DB00171,ABCC4,nan,other
DB00171,ABCC1,nan,other
DB00171,CFTR,cofactor,other
DB00171,PIK3CA,nan,other
DB00171,CSNK2A1,nan,other
DB00171,CSNK2B,nan,other
DB00171,P2RY11,nan,other
DB00171,PPP5C,nan,other
DB00171,ABL2,inhibitor,inhibits
DB00171,ABCA1,nan,other
DB00171,ACSS2,nan,other
DB00171,ALK,nan,other
DB00171,NAE1,nan,other
DB00171,PRKAA1,nan,other
DB00171,ARAF,nan,other
DB00171,ACVRL1,nan,other
DB00171,ACSL1,nan,other
DB00171,NT5C2,nan,other
DB00171,GET3,nan,other
DB00171,ABCC9,nan,other
DB00171,AKT1,nan,other
DB00171,GRK2,nan,other
DB00171,APAF1,nan,other
DB00171,ACSS1,nan,other
DB00171,ACVR1B,nan,other
DB00171,ACVR1,nan,other
DB00171,ABCB11,nan,other
DB00171,ASNS,nan,other
DB00171,CDK15,nan,other
DB00171,SLC25A4,nan,other
DB00171,ABCC8,nan,other
DB00171,ASS1,nan,other
DB00171,AFG3L2,nan,other
DB00171,GRK3,nan,other
DB00171,AMHR2,nan,other
DB00171,TNK2,nan,other
DB00171,ADCY1,nan,other
DB00171,ABCB1,nan,other
DB00171,ABCG1,nan,other
DB00171,ABCC2,nan,other
DB00172,PPIB,binder,other
DB00172,PPIA,binder,other
DB00172,PYCR1,nan,other
DB00172,EPRS1,nan,other
DB00172,SLC6A14,nan,other
DB00172,SLC6A7,nan,other
DB00172,PYCR2,nan,other
DB00172,P4HA2,nan,other
DB00172,PRODH,nan,other
DB00172,PPIH,nan,other
DB00172,PLPBP,nan,other
DB00172,P4HA1,nan,other
DB00172,PPIF,nan,other
DB00172,PPIC,nan,other
DB00172,PPIG,nan,other
DB00172,P3H1,nan,other
DB00172,P5CR2,nan,other
DB00172,PARS2,nan,other
DB00172,P3H2,nan,other
DB00172,P3H3,nan,other
DB00172,PYCR3,nan,other
DB00172,L3HYPDH,nan,other
DB00173,APRT,nan,other
DB00173,MTAP,nan,other
DB00173,ACACB,nan,other
DB00173,ACP1,nan,other
DB00173,PECR,nan,other
DB00173,SRPK2,nan,other
DB00174,SLC38A1,inhibitor,inhibits
DB00174,SLC1A5,nan,other
DB00174,ASNS,nan,other
DB00174,NARS1,nan,other
DB00174,ASRGL1,substrate,other
DB00174,NARS2,nan,other
DB00175,HMGCR,inhibitor,inhibits
DB00175,HDAC2,inhibitor,inhibits
DB00176,SLC6A4,inhibitor,inhibits
DB00176,KCNH2,nan,other
DB00177,AGTR1,antagonist,inhibits
DB00178,ACE,inhibitor,inhibits
DB00178,BDKRB1,nan,other
DB00179,ALOX5,inhibitor,inhibits
DB00179,ERBB2,modulator,other
DB00179,TRPM7,inhibitor,inhibits
DB00179,SHBG,nan,other
DB00180,NR3C1,agonist,activates
DB00181,GABBR2,agonist,activates
DB00181,CXCR4,allosteric modulator,other
DB00181,GABBR1,agonist,activates
DB00182,SLC18A2,inhibitor,inhibits
DB00182,SLC6A3,negative modulator,inhibits
DB00182,CARTPT,agonist,activates
DB00182,TAAR1,agonist,activates
DB00182,MAOA,inhibitor,inhibits
DB00182,SLC6A2,agonist,activates
DB00182,ADRA1A,agonist,activates
DB00182,ADRB1,agonist,activates
DB00182,DRD2,binder,other
DB00182,MAOB,inhibitor,inhibits
DB00182,SLC6A4,binder,other
DB00183,CCKBR,agonist,activates
DB00184,CHRNA4,agonist,activates
DB00184,CHRNA7,agonist,activates
DB00184,CHRNB2,agonist,activates
DB00184,CHRNA2,agonist,activates
DB00184,CHRNA3,agonist,activates
DB00184,CHRNA5,agonist,activates
DB00184,CHRNA6,agonist,activates
DB00184,CHRNA9,agonist,activates
DB00184,CHRNA10,agonist,activates
DB00184,CHRNB3,agonist,activates
DB00184,CHRNB4,agonist,activates
DB00184,CYP19A1,inhibitor,inhibits
DB00184,CHAT,inhibitor,inhibits
DB00185,CHRM3,agonist,activates
DB00185,CHRM1,agonist,activates
DB00186,TSPO,modulator,other
DB00186,GABRA1,positive allosteric modulator,activates
DB00186,GABRA1,ligand,other
DB00187,ADRB1,antagonist,inhibits
DB00188,PSMB5,inhibitor,inhibits
DB00188,PRSS1,inhibitor,inhibits
DB00188,PSMB1,inhibitor,inhibits
DB00189,GABRB2,antagonist,inhibits
DB00189,GABRA1,antagonist,inhibits
DB00189,GABRA1,positive allosteric modulator,activates
DB00190,DDC,inhibitor,inhibits
DB00191,SLC6A2,inhibitor,inhibits
DB00191,SLC6A4,inhibitor,inhibits
DB00191,SLC6A3,inhibitor,inhibits
DB00191,MAOA,antagonist,inhibits
DB00191,MAOB,antagonist,inhibits
DB00191,NPY,inhibitor,inhibits
DB00192,SCN5A,inhibitor,inhibits
DB00193,OPRM1,agonist,activates
DB00193,SLC6A2,inhibitor,inhibits
DB00193,SLC6A4,inhibitor,inhibits
DB00193,SCN2A,inhibitor,inhibits
DB00193,GRIN1,inhibitor,inhibits
DB00193,ADORA1,agonist,activates
DB00193,ADRA2A,inducer,activates
DB00193,HTR2C,antagonist,inhibits
DB00193,OPRK1,agonist,activates
DB00193,OPRD1,agonist,activates
DB00193,CHRNA7,antagonist,inhibits
DB00193,CHRM3,antagonist,inhibits
DB00193,CHRM1,antagonist,inhibits
DB00193,TACR1,inhibitor,inhibits
DB00193,TRPV1,agonist,activates
DB00194,ADORA2B,modulator,other
DB00195,ADRB1,antagonist,inhibits
DB00195,ADRB2,antagonist,inhibits
DB00197,PPARG,agonist,activates
DB00197,ESRRG,inverse agonist,inhibits
DB00197,ESRRA,inverse agonist,inhibits
DB00197,PPARD,nan,other
DB00197,PPARA,nan,other
DB00197,GSTP1,nan,other
DB00197,ACSL4,inhibitor,inhibits
DB00197,SERPINE1,antagonist,inhibits
DB00197,SLC29A1,inhibitor,inhibits
DB00198,NEU1,inhibitor,inhibits
DB00198,NEU2,inhibitor,inhibits
DB00199,MLNR,agonist,activates
DB00199,KCNH2,inhibitor,inhibits
DB00200,MTR,cofactor,other
DB00200,MMUT,cofactor,other
DB00200,MMAA,other/unknown,other
DB00200,TCN1,other,other
DB00200,AMN,other,other
DB00200,CUBN,other,other
DB00200,MMACHC,other/unknown,other
DB00201,ADORA1,antagonist,inhibits
DB00201,NT5E,inhibitor,inhibits
DB00201,ADORA2A,antagonist,inhibits
DB00201,ADORA2B,antagonist,inhibits
DB00201,ADORA3,antagonist,inhibits
DB00201,PDE4D,inhibitor,inhibits
DB00201,PDE4B,inhibitor,inhibits
DB00201,RYR1,nan,other
DB00201,PDE4A,inhibitor,inhibits
DB00201,PRKDC,inhibitor,inhibits
DB00201,PIK3CD,inhibitor,inhibits
DB00201,PIK3CA,inhibitor,inhibits
DB00201,PIK3CB,inhibitor,inhibits
DB00201,ITPR1,inhibitor,inhibits
DB00201,ATM,inhibitor,inhibits
DB00202,CHRNA10,agonist,activates
DB00202,CHRM2,agonist,activates
DB00202,CHRM3,agonist,activates
DB00203,SERPING1,modulator,other
DB00203,PDE5A,inhibitor,inhibits
DB00203,PDE6G,inhibitor,inhibits
DB00203,PDE6H,inhibitor,inhibits
DB00203,ODC1,downregulator,inhibits
DB00203,CD274,downregulator,inhibits
DB00204,KCNH2,inhibitor,inhibits
DB00204,KCNK2,inhibitor,inhibits
DB00204,KCNJ12,inhibitor,inhibits
DB00205,DHFR,inhibitor,inhibits
DB00205,FOLR1,modulator,other
DB00205,HEXB,nan,other
DB00206,SLC18A2,inhibitor,inhibits
DB00206,SLC18A1,inhibitor,inhibits
DB00206,BIRC5,nan,other
DB00207,PADI4,inhibitor,inhibits
DB00208,PTAFR,modulator,other
DB00208,P2RY12,antagonist,inhibits
DB00209,CHRM5,antagonist,inhibits
DB00209,CHRM3,nan,other
DB00209,CHRM1,antagonist,inhibits
DB00210,RARB,agonist,activates
DB00210,RARG,agonist,activates
DB00210,RXRB,agonist,activates
DB00210,RXRG,agonist,activates
DB00210,RXRA,agonist,activates
DB00210,JUN,antagonist,inhibits
DB00210,TLR2,antagonist,inhibits
DB00210,RARA,nan,other
DB00210,GOT1,inhibitor,inhibits
DB00211,ADRA1A,agonist,activates
DB00211,ADRA1B,agonist,activates
DB00211,ADRA1D,agonist,activates
DB00212,REN,inhibitor,inhibits
DB00213,ATP4A,inhibitor,inhibits
DB00213,ATP4B,modulator,other
DB00213,DDAH1,inhibitor,inhibits
DB00214,SLC12A2,inhibitor,inhibits
DB00214,SLC12A1,inhibitor,inhibits
DB00215,SLC6A4,inhibitor,inhibits
DB00215,HRH1,binder,other
DB00216,HTR1D,agonist,activates
DB00216,HTR1B,agonist,activates
DB00216,HTR1F,agonist,activates
DB00216,HTR1A,agonist,activates
DB00217,ADRB1,antagonist,inhibits
DB00217,KCNJ1,inhibitor,inhibits
DB00217,ADRA2A,agonist,activates
DB00218,TOP2A,inhibitor,inhibits
DB00218,PON1,inhibitor,inhibits
DB00219,CHRM1,antagonist,inhibits
DB00221,ADRB1,agonist,activates
DB00221,ADRB2,agonist,activates
DB00222,ABCC9,blocker,inhibits
DB00222,KCNJ11,inhibitor,inhibits
DB00222,KCNJ1,inhibitor,inhibits
DB00222,ABCC8,inducer,activates
DB00223,PLA2G1B,inhibitor,inhibits
DB00223,NR3C1,agonist,activates
DB00226,SLC6A2,partial agonist,activates
DB00227,HMGCR,inhibitor,inhibits
DB00227,ITGAL,inhibitor,inhibits
DB00227,HDAC2,inhibitor,inhibits
DB00228,GABRA1,potentiator,activates
DB00228,CACNG1,inhibitor,inhibits
DB00228,GLRA1,potentiator,activates
DB00228,ATP2C1,inhibitor,inhibits
DB00228,GRIN1,antagonist,inhibits
DB00228,ATP2A1,inhibitor,inhibits
DB00230,CACNA2D1,modulator,other
DB00231,TSPO,modulator,other
DB00231,GABRA1,positive allosteric modulator,activates
DB00231,GABRA1,ligand,other
DB00232,SLC12A1,inhibitor,inhibits
DB00232,CA1,inhibitor,inhibits
DB00232,CA2,inhibitor,inhibits
DB00232,CA4,inhibitor,inhibits
DB00233,PTGS1,modulator,other
DB00233,DHFR,modulator,other
DB00233,PTGS2,inhibitor,inhibits
DB00233,CHUK,inhibitor,inhibits
DB00233,ALOX5,inhibitor,inhibits
DB00233,PLA2G2E,unknown,other
DB00234,SLC6A2,inhibitor,inhibits
DB00235,PDE3A,inhibitor,inhibits
DB00237,GABRA1,positive allosteric modulator,activates
DB00237,GABRA1,antagonist,inhibits
DB00237,CHRNA10,inhibitor,inhibits
DB00237,GRIA1,antagonist,inhibits
DB00237,GRIA2,antagonist,inhibits
DB00237,GRIA3,antagonist,inhibits
DB00237,GRIA4,antagonist,inhibits
DB00237,GRIK1,antagonist,inhibits
DB00237,GRIK2,antagonist,inhibits
DB00237,GRIK3,antagonist,inhibits
DB00237,GRIK4,antagonist,inhibits
DB00237,GRIK5,antagonist,inhibits
DB00239,NR1I2,partial agonist,activates
DB00240,SERPINA6,binder,other
DB00240,NR3C1,agonist,activates
DB00241,GABRA2,potentiator,activates
DB00241,GABRA3,potentiator,activates
DB00241,GABRA4,potentiator,activates
DB00241,GABRA5,potentiator,activates
DB00241,GABRA6,potentiator,activates
DB00241,GABRA1,positive allosteric modulator,activates
DB00241,GABRA1,potentiator,activates
DB00241,CHRNA4,antagonist,inhibits
DB00241,CHRNA7,antagonist,inhibits
DB00241,GRIA2,antagonist,inhibits
DB00241,GRIK2,antagonist,inhibits
DB00242,RRM1,inhibitor,inhibits
DB00242,ADA,inhibitor,inhibits
DB00242,RRM2,inhibitor,inhibits
DB00242,RRM2B,inhibitor,inhibits
DB00242,POLA1,inhibitor,inhibits
DB00242,POLE,inhibitor,inhibits
DB00242,POLE2,inhibitor,inhibits
DB00242,POLE3,inhibitor,inhibits
DB00242,POLE4,inhibitor,inhibits
DB00242,PNP,inducer,activates
DB00242,PARP1,inducer,activates
DB00243,PLG,modulator,other
DB00243,SCN1A,inhibitor,inhibits
DB00243,KCNJ12,inhibitor,inhibits
DB00243,CACNA1C,inhibitor,inhibits
DB00243,ADRA1A,antagonist,inhibits
DB00243,ADRB1,antagonist,inhibits
DB00244,PTGS2,inhibitor,inhibits
DB00244,PTGS1,inhibitor,inhibits
DB00244,ALOX5,inhibitor,inhibits
DB00244,PPARG,agonist,activates
DB00244,CHUK,inhibitor,inhibits
DB00244,IKBKB,inhibitor,inhibits
DB00244,NOS2,inhibitor,inhibits
DB00245,CHRM1,antagonist,inhibits
DB00245,SLC6A3,inhibitor,inhibits
DB00245,HRH1,antagonist,inhibits
DB00245,SLC6A4,inhibitor,inhibits
DB00245,SLC6A2,inhibitor,inhibits
DB00246,DRD2,antagonist,inhibits
DB00246,CHRNA7,binder,other
DB00246,HTR2A,antagonist,inhibits
DB00246,HTR1A,agonist,activates
DB00246,HTR1D,antagonist,inhibits
DB00246,HTR2C,antagonist,inhibits
DB00246,DRD1,antagonist,inhibits
DB00246,DRD5,antagonist,inhibits
DB00246,DRD3,antagonist,inhibits
DB00246,DRD4,antagonist,inhibits
DB00246,HTR1B,antagonist,inhibits
DB00246,HTR1E,antagonist,inhibits
DB00246,HTR6,antagonist,inhibits
DB00246,HTR7,antagonist,inhibits
DB00246,HRH1,antagonist,inhibits
DB00246,ADRA1A,antagonist,inhibits
DB00246,ADRA1B,antagonist,inhibits
DB00246,ADRA2A,antagonist,inhibits
DB00246,ADRA2B,antagonist,inhibits
DB00246,ADRA2C,antagonist,inhibits
DB00246,CHRM1,antagonist,inhibits
DB00246,CHRM2,antagonist,inhibits
DB00246,CHRM3,antagonist,inhibits
DB00246,CHRM4,antagonist,inhibits
DB00246,CHRM5,antagonist,inhibits
DB00246,HTR3A,antagonist,inhibits
DB00246,HTR5A,antagonist,inhibits
DB00247,HTR2B,antagonist,inhibits
DB00247,HTR2C,antagonist,inhibits
DB00247,HTR2A,antagonist,inhibits
DB00247,HTR1A,agonist,activates
DB00247,HTR7,antagonist,inhibits
DB00247,HTR1B,binder,other
DB00247,HTR1F,binder,other
DB00247,HTR1E,binder,other
DB00248,DRD2,agonist,activates
DB00248,HTR2B,agonist,activates
DB00248,DRD3,agonist,activates
DB00248,HTR2A,agonist,activates
DB00248,ADRA2B,antagonist,inhibits
DB00248,HTR1D,agonist,activates
DB00248,DRD4,agonist,activates
DB00248,ADRA2A,antagonist,inhibits
DB00248,HTR1A,agonist,activates
DB00248,ADRA2C,antagonist,inhibits
DB00248,DRD5,agonist,activates
DB00248,DRD1,agonist,activates
DB00248,HTR1B,agonist,activates
DB00248,HTR2C,agonist,activates
DB00248,HTR7,antagonist,inhibits
DB00248,ADRA1A,binder,other
DB00248,ADRA1B,binder,other
DB00248,ADRA1D,binder,other
DB00248,ADRB1,binder,other
DB00248,ADRB2,binder,other
DB00252,SCN5A,inhibitor,inhibits
DB00252,SCN1A,inhibitor,inhibits
DB00252,KCNH2,inhibitor,inhibits
DB00252,CACNA1C,inhibitor,inhibits
DB00252,SCN2A,inhibitor,inhibits
DB00252,SCN8A,inhibitor,inhibits
DB00252,NR1I2,nan,other
DB00252,SCN1B,nan,other
DB00252,SCN3A,nan,other
DB00252,GABRA1,nan,other
DB00253,ESRRA,modulator,other
DB00253,ESRRB,modulator,other
DB00253,ESRRG,modulator,other
DB00253,NR3C1,agonist,activates
DB00255,ESR2,agonist,activates
DB00255,ESR1,agonist,activates
DB00255,ESRRG,agonist,activates
DB00255,ESRRA,nan,other
DB00255,ESRRB,nan,other
DB00255,NCOA2,nan,other
DB00255,NR1I2,nan,other
DB00255,AR,antagonist,inhibits
DB00255,SHBG,nan,other
DB00257,CXCR2,modulator,other
DB00257,KCNN4,inhibitor,inhibits
DB00257,NR1I2,activator,activates
DB00257,HCAR2,partial agonist,activates
DB00260,GRIN1,inhibitor,inhibits
DB00261,PDE3A,inhibitor,inhibits
DB00262,GSR,inhibitor,inhibits
DB00264,ADRB1,antagonist,inhibits
DB00264,ADRB2,antagonist,inhibits
DB00264,ADRB1,inhibitor,inhibits
DB00265,TRPV4,inhibitor,inhibits
DB00266,VKORC1,inhibitor,inhibits
DB00266,NQO1,inhibitor,inhibits
DB00266,CRYZ,inhibitor,inhibits
DB00268,DRD3,agonist,activates
DB00268,DRD2,agonist,activates
DB00268,DRD4,agonist,activates
DB00268,ADRA1A,antagonist,inhibits
DB00269,ESR1,agonist,activates
DB00270,CACNA1C,inhibitor,inhibits
DB00270,CACNA2D1,inhibitor,inhibits
DB00270,CACNB2,inhibitor,inhibits
DB00270,CACNA1H,inhibitor,inhibits
DB00270,CACNA2D2,inhibitor,inhibits
DB00270,CACNA1D,inhibitor,inhibits
DB00270,CACNA1S,inhibitor,inhibits
DB00272,HRH2,agonist,activates
DB00273,GRIK1,antagonist,inhibits
DB00273,GABRA1,agonist,activates
DB00273,SCN1A,inhibitor,inhibits
DB00273,CA2,inhibitor,inhibits
DB00273,CA4,inhibitor,inhibits
DB00273,CACNA1C,antagonist,inhibits
DB00273,CA1,inhibitor,inhibits
DB00273,CA3,inhibitor,inhibits
DB00273,CACNA1E,antagonist,inhibits
DB00275,AGTR1,antagonist,inhibits
DB00276,TOP2B,inhibitor,inhibits
DB00276,TOP2A,inhibitor,inhibits
DB00276,KCNH2,inhibitor,inhibits
DB00276,ORM1,nan,other
DB00276,ALB,nan,other
DB00277,ADORA1,antagonist,inhibits
DB00277,NT5E,inhibitor,inhibits
DB00277,ADORA2A,antagonist,inhibits
DB00277,ADORA2B,antagonist,inhibits
DB00277,PDE4B,inhibitor,inhibits
DB00277,PDE5A,inhibitor,inhibits
DB00277,PDE4A,inhibitor,inhibits
DB00277,PDE3A,inhibitor,inhibits
DB00277,HDAC2,activator,activates
DB00277,CPNE1,nan,other
DB00277,HM13,nan,other
DB00277,NOMO1,nan,other
DB00277,PARP1,nan,other
DB00277,RIC3,nan,other
DB00277,TTLL3,nan,other
DB00278,F2,inhibitor,inhibits
DB00279,THRA,agonist,activates
DB00279,THRB,agonist,activates
DB00279,PCNA,antagonist,inhibits
DB00280,SCN5A,inhibitor,inhibits
DB00280,CHRM1,antagonist,inhibits
DB00280,CHRM2,antagonist,inhibits
DB00280,CHRM3,antagonist,inhibits
DB00280,KCND2,inhibitor,inhibits
DB00280,KCND3,inhibitor,inhibits
DB00280,KCNH2,inhibitor,inhibits
DB00280,ORM2,nan,other
DB00281,SCN11A,blocker,inhibits
DB00281,SCN10A,inhibitor,inhibits
DB00281,SCN9A,inhibitor,inhibits
DB00281,SCN5A,inhibitor,inhibits
DB00281,EGFR,antagonist,inhibits
DB00281,SCN4A,nan,other
DB00281,ORM1,nan,other
DB00281,ORM2,nan,other
DB00282,FDPS,inhibitor,inhibits
DB00282,GGPS1,inhibitor,inhibits
DB00282,CASP3,activator,activates
DB00282,CASP9,activator,activates
DB00283,HRH1,antagonist,inhibits
DB00284,MGAM,inhibitor,inhibits
DB00284,SI,inhibitor,inhibits
DB00284,AMY2A,inhibitor,inhibits
DB00284,GAA,inhibitor,inhibits
DB00285,SLC6A4,inhibitor,inhibits
DB00285,SLC6A2,inhibitor,inhibits
DB00285,SLC6A3,inhibitor,inhibits
DB00286,ESR2,agonist,activates
DB00286,ESR1,agonist,activates
DB00287,PTGFR,agonist,activates
DB00288,ESRRA,modulator,other
DB00288,ESRRB,modulator,other
DB00288,ESRRG,modulator,other
DB00288,NR3C1,agonist,activates
DB00288,ANXA1,agonist,activates
DB00289,SLC6A2,inhibitor,inhibits
DB00289,SLC6A4,binder,other
DB00289,GRIN1,blocker,inhibits
DB00289,KCNJ3,inhibitor,inhibits
DB00289,OPRK1,partial agonist,activates
DB00290,LIG1,inhibitor,inhibits
DB00290,LIG3,inhibitor,inhibits
DB00292,GABRG3,modulator,other
DB00292,GABRA1,agonist,activates
DB00292,ADRA2B,agonist,activates
DB00292,GABRA1,positive allosteric modulator,activates
DB00293,TYMS,inhibitor,inhibits
DB00293,FPGS,antagonist,inhibits
DB00294,PGR,agonist,activates
DB00295,OPRM1,agonist,activates
DB00295,OPRK1,agonist,activates
DB00295,OPRD1,agonist,activates
DB00295,LY96,activator,activates
DB00296,SCN10A,inhibitor,inhibits
DB00297,SCN10A,inhibitor,inhibits
DB00297,PTGER1,other/unknown,other
DB00298,DRD2,antagonist,inhibits
DB00298,ADRA1A,antagonist,inhibits
DB00298,ADRA1D,antagonist,inhibits
DB00298,ADRA1B,antagonist,inhibits
DB00299,TK1,inhibitor,inhibits
DB00302,PLG,inhibitor,inhibits
DB00304,PGR,agonist,activates
DB00304,ESR1,agonist,activates
DB00306,GABRA2,potentiator,activates
DB00306,GABRG3,modulator,other
DB00306,GABRA3,potentiator,activates
DB00306,GABRA4,potentiator,activates
DB00306,GABRA5,potentiator,activates
DB00306,GABRA6,potentiator,activates
DB00306,GABRA1,positive allosteric modulator,activates
DB00306,GABRA1,potentiator,activates
DB00306,CHRNA4,antagonist,inhibits
DB00306,CHRNA7,antagonist,inhibits
DB00306,GRIA2,antagonist,inhibits
DB00306,GRIK2,antagonist,inhibits
DB00307,RXRA,agonist,activates
DB00307,RXRB,agonist,activates
DB00307,RXRG,agonist,activates
DB00308,CACNA1C,activator,activates
DB00308,CACNB1,activator,activates
DB00308,KCNH2,inhibitor,inhibits
DB00308,CACNA2D1,activator,activates
DB00308,CACNG1,activator,activates
DB00308,KCNK1,inhibitor,inhibits
DB00308,KCNK6,inhibitor,inhibits
DB00308,KCNH6,inhibitor,inhibits
DB00308,KCNH7,inhibitor,inhibits
DB00308,KCNJ11,inhibitor,inhibits
DB00309,TUBB1,inhibitor,inhibits
DB00310,CA1,inhibitor,inhibits
DB00310,SLC12A1,inhibitor,inhibits
DB00311,CA2,inhibitor,inhibits
DB00311,CA4,inhibitor,inhibits
DB00311,CA7,inhibitor,inhibits
DB00311,CA1,inhibitor,inhibits
DB00311,CA3,inhibitor,inhibits
DB00312,GABRA1,potentiator,activates
DB00312,GABRA2,potentiator,activates
DB00312,GABRA3,potentiator,activates
DB00312,GABRA4,potentiator,activates
DB00312,GABRA5,potentiator,activates
DB00312,GABRA6,potentiator,activates
DB00312,GABRA1,positive allosteric modulator,activates
DB00312,CHRNA4,antagonist,inhibits
DB00312,CHRNA7,antagonist,inhibits
DB00312,GRIA2,antagonist,inhibits
DB00312,GRIK2,antagonist,inhibits
DB00312,GRIN1,antagonist,inhibits
DB00312,NR1I2,activator,activates
DB00313,ABAT,inhibitor,inhibits
DB00313,GSK3A,inhibitor,inhibits
DB00313,HDAC9,inhibitor,inhibits
DB00313,ACADSB,inhibitor,inhibits
DB00313,OGDH,inhibitor,inhibits
DB00313,ALDH5A1,inhibitor,inhibits
DB00313,SCN1A,inhibitor,inhibits
DB00313,HDAC2,inhibitor,inhibits
DB00313,PPARA,nan,other
DB00313,PPARD,nan,other
DB00313,PPARG,nan,other
DB00313,HDAC1,inhibitor,inhibits
DB00313,CDKN1A,regulator,other
DB00313,HGF,inhibitor,inhibits
DB00313,ODC1,downregulator,inhibits
DB00313,CD274,downregulator,inhibits
DB00315,HTR1B,agonist,activates
DB00315,HTR1D,agonist,activates
DB00315,HTR1F,agonist,activates
DB00315,HTR1E,agonist,activates
DB00315,HTR7,agonist,activates
DB00315,HTR1A,agonist,activates
DB00315,HTR2A,agonist,activates
DB00315,HTR2B,agonist,activates
DB00316,PTGS2,inhibitor,inhibits
DB00316,SLC6A4,inhibitor,inhibits
DB00316,SLC6A2,inhibitor,inhibits
DB00316,PTGS1,inhibitor,inhibits
DB00316,PTGES3,inhibitor,inhibits
DB00316,TRPV1,activator,activates
DB00317,EGFR,antagonist,inhibits
DB00318,OPRM1,agonist,activates
DB00318,OPRK1,agonist,activates
DB00318,OPRD1,agonist,activates
DB00320,HTR1B,agonist,activates
DB00320,HTR1D,agonist,activates
DB00320,HTR1F,agonist,activates
DB00320,DRD2,agonist,activates
DB00320,ADRA2A,agonist,activates
DB00320,HTR1A,agonist,activates
DB00320,HTR1E,agonist,activates
DB00320,HTR2A,agonist,activates
DB00320,HTR2B,agonist,activates
DB00320,HTR2C,agonist,activates
DB00320,ADRA1A,agonist,activates
DB00320,DRD3,agonist,activates
DB00320,DRD4,agonist,activates
DB00320,HTR4,agonist,activates
DB00320,ADRB3,agonist,activates
DB00321,SLC6A2,inhibitor,inhibits
DB00321,SLC6A4,inhibitor,inhibits
DB00321,HTR2A,antagonist,inhibits
DB00321,HTR1A,inhibitor,inhibits
DB00321,OPRD1,agonist,activates
DB00321,OPRK1,agonist,activates
DB00321,NTRK1,agonist,activates
DB00321,NTRK2,agonist,activates
DB00321,ADRA1A,antagonist,inhibits
DB00321,ADRA1D,antagonist,inhibits
DB00321,ADRA2A,antagonist,inhibits
DB00321,HRH1,antagonist,inhibits
DB00321,KCNQ2,inhibitor,inhibits
DB00321,KCNA1,inhibitor,inhibits
DB00321,HRH2,blocker,inhibits
DB00321,HRH4,binder,other
DB00321,SIGMAR1,agonist,activates
DB00321,HTR2C,antagonist,inhibits
DB00321,ADRA1B,antagonist,inhibits
DB00321,HTR7,antagonist,inhibits
DB00321,HTR1D,binder,other
DB00321,OPRM1,binder,other
DB00321,HTR1B,binder,other
DB00321,HTR6,antagonist,inhibits
DB00321,KCNQ3,inhibitor,inhibits
DB00321,CHRM1,ligand,other
DB00321,KCNH2,blocker,inhibits
DB00322,TYMS,inhibitor,inhibits
DB00323,COMT,inhibitor,inhibits
DB00324,NR3C1,agonist,activates
DB00325,GUCY1A1,modulator,other
DB00325,GUCY1B1,modulator,other
DB00325,NPR1,agonist,activates
DB00327,OPRM1,agonist,activates
DB00327,OPRD1,partial agonist,activates
DB00327,OPRK1,agonist,activates
DB00328,PTGS2,inhibitor,inhibits
DB00328,PLA2G2A,inhibitor,inhibits
DB00328,PTGS1,inhibitor,inhibits
DB00328,PTGR2,inhibitor,inhibits
DB00328,PPARG,activator,activates
DB00328,GLO1,inhibitor,inhibits
DB00328,PTGDR2,other/unknown,other
DB00328,PPARA,agonist,activates
DB00328,AKR1C3,inhibitor,inhibits
DB00328,EIF2AK2,inducer,activates
DB00331,SLC47A1,modulator,other
DB00331,ACACB,activator,activates
DB00331,ETFDH,inhibitor,inhibits
DB00331,PRKAB1,inducer,activates
DB00331,GPD1,inhibitor,inhibits
DB00332,CHRM3,antagonist,inhibits
DB00332,CHRM1,antagonist,inhibits
DB00332,CHRM2,antagonist,inhibits
DB00333,OPRM1,agonist,activates
DB00333,GRIN1,antagonist,inhibits
DB00333,OPRD1,agonist,activates
DB00333,CHRNA7,agonist,activates
DB00333,HTR3A,antagonist,inhibits
DB00333,CHRNA3,antagonist,inhibits
DB00333,CHRNA4,antagonist,inhibits
DB00333,CHRNB2,antagonist,inhibits
DB00334,HTR2A,antagonist,inhibits
DB00334,DRD2,antagonist,inhibits
DB00334,DRD1,antagonist,inhibits
DB00334,DRD5,antagonist,inhibits
DB00334,DRD3,antagonist,inhibits
DB00334,DRD4,antagonist,inhibits
DB00334,HTR2C,antagonist,inhibits
DB00334,HTR3A,antagonist,inhibits
DB00334,HTR6,antagonist,inhibits
DB00334,HRH1,antagonist,inhibits
DB00334,ADRA1A,antagonist,inhibits
DB00334,ADRA1B,antagonist,inhibits
DB00334,CHRM1,antagonist,inhibits
DB00334,CHRM2,antagonist,inhibits
DB00334,CHRM3,antagonist,inhibits
DB00334,CHRM4,antagonist,inhibits
DB00334,ADRB1,inhibitor,inhibits
DB00334,HTR1A,inhibitor,inhibits
DB00334,GABRA1,inhibitor,inhibits
DB00335,ADRB1,antagonist,inhibits
DB00335,ADRB2,antagonist,inhibits
DB00337,PPP3CA,inhibitor,inhibits
DB00337,MTOR,potentiator,activates
DB00337,FKBP1A,potentiator,activates
DB00338,ATP4A,inhibitor,inhibits
DB00338,ATP4B,modulator,other
DB00338,AHR,agonist,activates
DB00340,CHRM1,modulator,other
DB00340,CHRM1,antagonist,inhibits
DB00341,HRH1,antagonist,inhibits
DB00342,HRH1,antagonist,inhibits
DB00342,CHRM3,antagonist,inhibits
DB00342,CHRM1,binder,other
DB00342,CHRM5,binder,other
DB00342,CHRM4,binder,other
DB00342,CHRM2,binder,other
DB00342,KCNH2,inhibitor,inhibits
DB00343,CACNA1C,blocker,inhibits
DB00343,CACNA2D1,blocker,inhibits
DB00343,CACNG1,blocker,inhibits
DB00344,SLC6A2,inhibitor,inhibits
DB00344,SLC6A4,inhibitor,inhibits
DB00345,SLC22A8,inhibitor,inhibits
DB00346,ADRA1A,antagonist,inhibits
DB00346,ADRA1B,antagonist,inhibits
DB00346,ADRA1D,antagonist,inhibits
DB00347,CACNA1G,inhibitor,inhibits
DB00348,HPD,inhibitor,inhibits
DB00349,GABRA1,positive allosteric modulator,activates
DB00349,GABRG3,modulator,other
DB00349,GABRA1,antagonist,inhibits
DB00349,GABRA1,ligand,other
DB00350,KCNJ1,inducer,activates
DB00350,REN,nan,other
DB00350,PTGS1,inducer,activates
DB00351,PGR,agonist,activates
DB00351,NR3C1,agonist,activates
DB00353,DRD1,antagonist,inhibits
DB00353,HTR2B,nan,other
DB00354,HRH1,antagonist,inhibits
DB00354,CHRM1,antagonist,inhibits
DB00356,KCNMA1,inhibitor,inhibits
DB00357,CYP11A1,inhibitor,inhibits
DB00357,CYP19A1,inhibitor,inhibits
DB00358,ADORA2A,antagonist,inhibits
DB00360,PAH,cofactor,other
DB00360,NOS3,cofactor,other
DB00360,TH,cofactor,other
DB00360,TPH1,cofactor,other
DB00361,TUBB,antagonist,inhibits
DB00363,DRD2,antagonist,inhibits
DB00363,HTR2A,antagonist,inhibits
DB00363,DRD1,antagonist,inhibits
DB00363,DRD3,antagonist,inhibits
DB00363,DRD4,antagonist,inhibits
DB00363,DRD5,binder,other
DB00363,HTR1A,antagonist,inhibits
DB00363,HTR1B,antagonist,inhibits
DB00363,HTR1D,antagonist,inhibits
DB00363,HTR1E,antagonist,inhibits
DB00363,HTR3A,antagonist,inhibits
DB00363,HTR2C,antagonist,inhibits
DB00363,HTR6,antagonist,inhibits
DB00363,HTR7,antagonist,inhibits
DB00363,ADRA2C,antagonist,inhibits
DB00363,HRH1,antagonist,inhibits
DB00363,HRH4,agonist,activates
DB00363,ADRA1A,antagonist,inhibits
DB00363,ADRA1B,antagonist,inhibits
DB00363,ADRA2A,antagonist,inhibits
DB00363,ADRA2B,antagonist,inhibits
DB00363,CHRM1,partial agonist,activates
DB00363,CHRM2,partial agonist,activates
DB00363,CHRM3,antagonist,inhibits
DB00363,CHRM4,partial agonist,activates
DB00363,CHRM5,antagonist,inhibits
DB00363,CALY,unknown,other
DB00363,GSTP1,nan,other
DB00363,GABBR1,positive modulator,activates
DB00363,GABBR2,positive modulator,activates
DB00363,GABRA1,antagonist,inhibits
DB00363,GABRB1,antagonist,inhibits
DB00363,GABRG1,antagonist,inhibits
DB00364,PGA5,inhibitor,inhibits
DB00364,FGF2,agonist,activates
DB00364,EGF,inducer,activates
DB00364,FGA,binder,other
DB00366,HRH1,antagonist,inhibits
DB00366,NR1I3,nan,other
DB00366,CHRM1,antagonist,inhibits
DB00367,PGR,modulator,other
DB00367,SRD5A1,inhibitor,inhibits
DB00367,ESR1,other/unknown,other
DB00367,AR,binder,other
DB00367,SHBG,inhibitor,inhibits
DB00367,NR3C1,binder,other
DB00368,ADRA1A,agonist,activates
DB00368,ADRA1B,agonist,activates
DB00368,ADRA1D,agonist,activates
DB00368,ADRA2A,agonist,activates
DB00368,ADRA2B,agonist,activates
DB00368,ADRA2C,agonist,activates
DB00368,ADRB1,agonist,activates
DB00368,ADRB2,agonist,activates
DB00368,ADRB3,agonist,activates
DB00368,PAH,inhibitor,inhibits
DB00368,SLC18A2,binder,other
DB00368,SLC18A1,binder,other
DB00370,HTR2A,antagonist,inhibits
DB00370,nan,antagonist,inhibits
DB00370,ADRA2A,antagonist,inhibits
DB00370,HTR2C,antagonist,inhibits
DB00370,ADRA1A,antagonist,inhibits
DB00370,OPRK1,agonist,activates
DB00370,HRH1,antagonist,inhibits
DB00371,PDF,inhibitor,inhibits
DB00371,PRKCE,stimulator,activates
DB00371,GABRA1,positive allosteric modulator,activates
DB00371,GABRA1,agonist,activates
DB00371,GABRA2,agonist,activates
DB00371,GABRA3,agonist,activates
DB00371,GABRA4,agonist,activates
DB00371,GABRA5,agonist,activates
DB00371,GABRA6,agonist,activates
DB00372,DRD2,antagonist,inhibits
DB00373,ADRB1,antagonist,inhibits
DB00373,ADRB2,antagonist,inhibits
DB00374,PTGIR,agonist,activates
DB00374,PTGER2,agonist,activates
DB00374,PTGDR,agonist,activates
DB00374,PPARD,agonist,activates
DB00374,P2RY12,agonist,activates
DB00376,CHRM1,antagonist,inhibits
DB00376,ADRB3,agonist,activates
DB00376,CHRM2,antagonist,inhibits
DB00376,CHRM3,antagonist,inhibits
DB00376,CHRM4,antagonist,inhibits
DB00376,CHRM5,antagonist,inhibits
DB00377,HTR3A,antagonist,inhibits
DB00378,PGR,agonist,activates
DB00379,SCN5A,inhibitor,inhibits
DB00379,AHR,agonist,activates
DB00380,TOP2A,inhibitor,inhibits
DB00380,TOP2B,inhibitor,inhibits
DB00381,CACNA1C,inhibitor,inhibits
DB00381,CACNA2D1,blocker,inhibits
DB00381,CACNA1I,inhibitor,inhibits
DB00381,CACNA1B,inhibitor,inhibits
DB00381,CACNB1,inhibitor,inhibits
DB00381,CACNA2D3,inhibitor,inhibits
DB00381,CA1,inhibitor,inhibits
DB00381,SMPD1,inhibitor,inhibits
DB00382,BCHE,inhibitor,inhibits
DB00382,ACHE,inhibitor,inhibits
DB00382,CES1,nan,other
DB00383,CHRM5,binder,other
DB00383,CHRM3,antagonist,inhibits
DB00383,CHRM1,antagonist,inhibits
DB00383,CHRM2,antagonist,inhibits
DB00384,SCNN1G,inhibitor,inhibits
DB00384,SCNN1A,inhibitor,inhibits
DB00384,SCNN1B,inhibitor,inhibits
DB00384,SCNN1D,inhibitor,inhibits
DB00385,TOP2B,inhibitor,inhibits
DB00385,TOP2A,inhibitor,inhibits
DB00387,CHRM3,antagonist,inhibits
DB00387,CHRM5,antagonist,inhibits
DB00387,CHRM1,antagonist,inhibits
DB00387,CHRM2,antagonist,inhibits
DB00387,CHRM4,antagonist,inhibits
DB00388,ADRA1A,agonist,activates
DB00388,DRD2,agonist,activates
DB00388,ADRA1B,agonist,activates
DB00388,ADRA1D,agonist,activates
DB00389,TPO,inhibitor,inhibits
DB00390,ATP1A2,inhibitor,inhibits
DB00390,ATP1A3,inhibitor,inhibits
DB00390,ATP1B1,inhibitor,inhibits
DB00390,ATP1B2,inhibitor,inhibits
DB00390,ATP1B3,inhibitor,inhibits
DB00390,SLCO4C1,modulator,other
DB00390,ATP1A1,inhibitor,inhibits
DB00391,DRD2,antagonist,inhibits
DB00391,DRD3,antagonist,inhibits
DB00391,CA2,inhibitor,inhibits
DB00391,CA3,inhibitor,inhibits
DB00391,DRD4,antagonist,inhibits
DB00392,HRH1,modulator,other
DB00392,CHRM1,antagonist,inhibits
DB00392,GRIN3A,antagonist,inhibits
DB00392,CHRM2,antagonist,inhibits
DB00393,CACNA1C,inhibitor,inhibits
DB00393,CACNA1D,inhibitor,inhibits
DB00393,CACNA1F,inhibitor,inhibits
DB00393,CACNA1S,inhibitor,inhibits
DB00393,CACNB1,inhibitor,inhibits
DB00393,CACNB2,inhibitor,inhibits
DB00393,CACNB3,inhibitor,inhibits
DB00393,CACNB4,inhibitor,inhibits
DB00393,NR3C2,antagonist,inhibits
DB00393,AHR,agonist,activates
DB00394,NR3C1,agonist,activates
DB00395,GABRA1,activator,activates
DB00395,GABRB2,modulator,other
DB00395,GABRG2,modulator,other
DB00395,GABRA5,modulator,other
DB00395,GABRA3,modulator,other
DB00396,PGR,agonist,activates
DB00396,NR3C2,antagonist,inhibits
DB00396,ESR1,agonist,activates
DB00396,CYP17A1,substrate,other
DB00396,OPRK1,activator,activates
DB00396,ORM1,binder,other
DB00396,NR3C1,partial agonist,activates
DB00396,AR,agonist,activates
DB00396,SHBG,binder,other
DB00396,ESR2,agonist,activates
DB00397,DRD1,partial agonist,activates
DB00397,ADRB1,agonist,activates
DB00397,ADRB2,agonist,activates
DB00397,ADRA2A,nan,other
DB00398,BRAF,inhibitor,inhibits
DB00398,EGFR,inhibitor,inhibits
DB00398,RAF1,inhibitor,inhibits
DB00398,FLT4,inhibitor,inhibits
DB00398,KDR,inhibitor,inhibits
DB00398,FLT1,inhibitor,inhibits
DB00398,FLT3,inhibitor,inhibits
DB00398,PDGFRB,inhibitor,inhibits
DB00398,KIT,antagonist,inhibits
DB00398,FGFR1,inhibitor,inhibits
DB00398,RET,inhibitor,inhibits
DB00399,GGPS1,inhibitor,inhibits
DB00399,FDPS,inhibitor,inhibits
DB00400,KRT12,other/unknown,other
DB00401,CACNA1C,inhibitor,inhibits
DB00401,CACNA2D1,inhibitor,inhibits
DB00401,CACNB2,inhibitor,inhibits
DB00401,CACNA1D,inhibitor,inhibits
DB00401,CACNA1S,inhibitor,inhibits
DB00402,GABRA1,potentiator,activates
DB00402,TSPO,agonist,activates
DB00402,GABRA1,positive allosteric modulator,activates
DB00402,GABRA2,agonist,activates
DB00402,GABRA3,agonist,activates
DB00402,GABRA5,agonist,activates
DB00403,CCKAR,inducer,activates
DB00403,CCKBR,agonist,activates
DB00404,GABRA1,positive allosteric modulator,activates
DB00404,TSPO,agonist,activates
DB00404,GABRA1,ligand,other
DB00405,HRH1,antagonist,inhibits
DB00407,SERPINC1,potentiator,activates
DB00407,SERPIND1,agonist,activates
DB00408,HTR2A,antagonist,inhibits
DB00408,DRD2,antagonist,inhibits
DB00408,HTR2C,antagonist,inhibits
DB00408,HTR1A,binder,other
DB00408,HTR1B,binder,other
DB00408,HTR1D,binder,other
DB00408,HTR1E,binder,other
DB00408,HTR3A,binder,other
DB00408,HTR5A,binder,other
DB00408,HTR6,binder,other
DB00408,HTR7,binder,other
DB00408,ADRA1A,binder,other
DB00408,ADRA1B,binder,other
DB00408,ADRA2A,binder,other
DB00408,ADRA2B,binder,other
DB00408,ADRA2C,binder,other
DB00408,ADRB1,binder,other
DB00408,CHRM1,binder,other
DB00408,CHRM2,binder,other
DB00408,CHRM3,binder,other
DB00408,CHRM4,binder,other
DB00408,CHRM5,binder,other
DB00408,DRD1,binder,other
DB00408,DRD3,binder,other
DB00408,DRD4,binder,other
DB00408,DRD5,binder,other
DB00408,HRH1,binder,other
DB00408,HRH2,binder,other
DB00408,HRH4,binder,other
DB00408,SLC6A4,binder,other
DB00408,SLC6A2,binder,other
DB00408,SLC6A3,binder,other
DB00408,DRD1,antagonist,inhibits
DB00409,DRD2,antagonist,inhibits
DB00409,DRD4,antagonist,inhibits
DB00409,DRD3,antagonist,inhibits
DB00409,HTR2A,other/unknown,other
DB00409,SIGMAR1,antagonist,inhibits
DB00411,CHRM1,agonist,activates
DB00411,CHRM2,agonist,activates
DB00411,CHRNA2,agonist,activates
DB00411,CHRM3,agonist,activates
DB00411,CHRM4,agonist,activates
DB00412,PPARG,agonist,activates
DB00412,ACSL4,inhibitor,inhibits
DB00412,PPARA,nan,other
DB00412,PPARD,nan,other
DB00412,RXRA,nan,other
DB00412,RXRB,nan,other
DB00412,RXRG,nan,other
DB00413,DRD3,agonist,activates
DB00413,DRD2,agonist,activates
DB00413,DRD4,agonist,activates
DB00413,HTR1A,agonist,activates
DB00413,ADRA2A,agonist,activates
DB00414,KCNJ1,inhibitor,inhibits
DB00414,ABCC8,modulator,other
DB00415,SLC15A1,nan,other
DB00415,SLC15A2,nan,other
DB00415,TEK,nan,other
DB00416,CHRNA4,modulator,other
DB00416,CHRNB2,modulator,other
DB00416,CHRNA2,antagonist,inhibits
DB00417,SLC15A1,nan,other
DB00418,GABRA2,potentiator,activates
DB00418,GABRA3,potentiator,activates
DB00418,GABRA4,potentiator,activates
DB00418,GABRA5,potentiator,activates
DB00418,GABRA6,potentiator,activates
DB00418,GABRA1,potentiator,activates
DB00418,CHRNA4,antagonist,inhibits
DB00418,CHRNA7,antagonist,inhibits
DB00418,GRIA2,antagonist,inhibits
DB00418,GRIK2,antagonist,inhibits
DB00418,GRIN1,antagonist,inhibits
DB00419,UGCG,inhibitor,inhibits
DB00420,DRD2,antagonist,inhibits
DB00420,CHRM5,binder,other
DB00420,HTR2A,antagonist,inhibits
DB00420,HTR2C,antagonist,inhibits
DB00420,ADRA1A,antagonist,inhibits
DB00420,CHRM1,antagonist,inhibits
DB00420,HRH1,antagonist,inhibits
DB00421,NR3C2,antagonist,inhibits
DB00421,NR3C1,antagonist,inhibits
DB00421,AR,antagonist,inhibits
DB00421,PGR,agonist,activates
DB00421,ESR1,agonist,activates
DB00421,NR1I2,agonist,activates
DB00421,CACNA1C,inhibitor,inhibits
DB00422,SLC6A3,inhibitor,inhibits
DB00422,HTR1A,nan,other
DB00422,SLC6A2,inhibitor,inhibits
DB00423,CA1,inhibitor,inhibits
DB00424,CHRM1,antagonist,inhibits
DB00424,CHRM5,antagonist,inhibits
DB00424,CHRM2,antagonist,inhibits
DB00424,CHRM3,antagonist,inhibits
DB00424,CHRM4,antagonist,inhibits
DB00424,ADCY1,inhibitor,inhibits
DB00425,GABRA1,agonist,activates
DB00425,GABRG3,allosteric modulator,other
DB00425,GABRA2,agonist,activates
DB00425,GABRA3,agonist,activates
DB00425,GABRG2,agonist,activates
DB00427,HRH1,antagonist,inhibits
DB00428,SLC2A2,ligand,other
DB00428,OGA,nan,other
DB00429,PTGER1,agonist,activates
DB00429,PTGFR,modulator,other
DB00431,GABRB1,antagonist,inhibits
DB00431,GLRA1,antagonist,inhibits
DB00431,GLRA2,antagonist,inhibits
DB00431,GLRA3,antagonist,inhibits
DB00431,GLRB,antagonist,inhibits
DB00431,GABRB3,nan,other
DB00431,GABRR1,nan,other
DB00431,PGR,nan,other
DB00431,ESR1,nan,other
DB00431,NR1I2,nan,other
DB00432,TYMS,inhibitor,inhibits
DB00433,DRD2,antagonist,inhibits
DB00433,HRH1,antagonist,inhibits
DB00433,ADRA1A,antagonist,inhibits
DB00433,ADRA2A,antagonist,inhibits
DB00434,HRH1,antagonist,inhibits
DB00434,HTR2A,antagonist,inhibits
DB00434,HTR2C,antagonist,inhibits
DB00434,HRH2,antagonist,inhibits
DB00434,HTR2B,antagonist,inhibits
DB00434,CHRM1,antagonist,inhibits
DB00434,CHRM2,antagonist,inhibits
DB00434,CHRM3,antagonist,inhibits
DB00434,HTR7,antagonist,inhibits
DB00435,GUCY1A1,stimulator,activates
DB00435,GUCY1B1,stimulator,activates
DB00435,GUCY1A2,inducer,activates
DB00435,MT1A,nan,other
DB00435,IDO1,nan,other
DB00435,NOS3,product of,other
DB00436,SLC12A3,inhibitor,inhibits
DB00436,SLC12A1,blocker,inhibits
DB00436,KCNMA1,inducer,activates
DB00436,CA1,inhibitor,inhibits
DB00436,CA2,inhibitor,inhibits
DB00436,CA4,inhibitor,inhibits
DB00437,XDH,inhibitor,inhibits
DB00439,HMGCR,inhibitor,inhibits
DB00440,DHFR,modulator,other
DB00441,RRM2,modulator,other
DB00441,RRM1,inhibitor,inhibits
DB00441,TYMS,inhibitor,inhibits
DB00441,CMPK1,inhibitor,inhibits
DB00443,NR3C1,agonist,activates
DB00444,TOP2A,inhibitor,inhibits
DB00444,TOP2B,modulator,other
DB00445,TOP2B,modulator,other
DB00445,TOP2A,inhibitor,inhibits
DB00446,CD55,other,other
DB00448,ATP4A,inhibitor,inhibits
DB00448,MAPT,nan,other
DB00449,ADRB1,antagonist,inhibits
DB00449,ADRA1A,agonist,activates
DB00449,ADRA2A,agonist,activates
DB00449,ADRB2,agonist,activates
DB00449,BCHE,substrate,other
DB00449,ACHE,inhibitor,inhibits
DB00450,ADRA1A,antagonist,inhibits
DB00450,DRD2,antagonist,inhibits
DB00451,ITGAV,binder,other
DB00451,ITGB3,binder,other
DB00451,THRA,agonist,activates
DB00451,THRB,agonist,activates
DB00452,CXCR4,antagonist,inhibits
DB00454,OPRK1,agonist,activates
DB00454,GRIN1,antagonist,inhibits
DB00454,GRIN2B,antagonist,inhibits
DB00454,GRIN2A,antagonist,inhibits
DB00454,GRIN2C,antagonist,inhibits
DB00454,GRIN2D,antagonist,inhibits
DB00454,CHRM1,binder,other
DB00454,OPRM1,agonist,activates
DB00454,SLC6A3,inhibitor,inhibits
DB00454,SLC6A2,inhibitor,inhibits
DB00454,SLC6A4,binder,other
DB00454,CES1,nan,other
DB00455,HRH1,antagonist,inhibits
DB00455,KCNH2,antagonist,inhibits
DB00457,ADRA1A,antagonist,inhibits
DB00457,ADRA1B,antagonist,inhibits
DB00457,ADRA1D,antagonist,inhibits
DB00457,KCNH2,inhibitor,inhibits
DB00457,ADRA2A,binder,other
DB00457,ADRA2B,binder,other
DB00457,ADRA1A,nan,other
DB00458,SLC6A2,inhibitor,inhibits
DB00458,SLC6A4,inhibitor,inhibits
DB00458,HTR2A,antagonist,inhibits
DB00458,HRH1,antagonist,inhibits
DB00458,ADRA1A,antagonist,inhibits
DB00458,ADRA1D,antagonist,inhibits
DB00458,CHRM1,antagonist,inhibits
DB00458,CHRM2,antagonist,inhibits
DB00458,CHRM3,antagonist,inhibits
DB00458,CHRM4,antagonist,inhibits
DB00458,CHRM5,antagonist,inhibits
DB00458,KCND2,inhibitor,inhibits
DB00458,KCND3,inhibitor,inhibits
DB00458,HTR2C,antagonist,inhibits
DB00458,ADRA1B,antagonist,inhibits
DB00458,HTR7,antagonist,inhibits
DB00458,DRD1,binder,other
DB00458,DRD2,binder,other
DB00458,KCNH2,inhibitor,inhibits
DB00458,SLC6A3,inhibitor,inhibits
DB00458,HTR1A,activator,activates
DB00458,HTR6,binder,other
DB00458,KCNH1,nan,other
DB00458,ORM2,nan,other
DB00459,RXRA,agonist,activates
DB00459,STAT3,inhibitor,inhibits
DB00459,RARA,agonist,activates
DB00459,RARB,agonist,activates
DB00459,RARG,agonist,activates
DB00459,RXRG,agonist,activates
DB00459,RXRB,agonist,activates
DB00459,RBP1,agonist,activates
DB00461,PTGS2,inhibitor,inhibits
DB00461,PTGS1,inhibitor,inhibits
DB00462,CHRM2,antagonist,inhibits
DB00462,CHRM1,antagonist,inhibits
DB00462,CHRM3,antagonist,inhibits
DB00463,GABRA2,potentiator,activates
DB00463,GABRG3,modulator,other
DB00463,GABRA3,potentiator,activates
DB00463,GABRA4,potentiator,activates
DB00463,GABRA5,potentiator,activates
DB00463,GABRA6,potentiator,activates
DB00463,GABRA1,positive allosteric modulator,activates
DB00463,GABRA1,potentiator,activates
DB00463,CHRNA4,antagonist,inhibits
DB00463,CHRNA7,antagonist,inhibits
DB00463,GRIA2,antagonist,inhibits
DB00463,GRIK2,antagonist,inhibits
DB00464,PROS1,inhibitor,inhibits
DB00464,PROC,inhibitor,inhibits
DB00465,PTGS2,inhibitor,inhibits
DB00465,PTGS1,inhibitor,inhibits
DB00466,GABRR1,antagonist,inhibits
DB00466,GABRA1,antagonist,inhibits
DB00466,GLRA2,antagonist,inhibits
DB00466,GLRA3,antagonist,inhibits
DB00466,GLRA1,antagonist,inhibits
DB00467,TOP2B,inhibitor,inhibits
DB00467,TOP2A,inhibitor,inhibits
DB00468,GP9,other,other
DB00468,KCNN4,inhibitor,inhibits
DB00469,PTGS2,inhibitor,inhibits
DB00469,PTGS1,inhibitor,inhibits
DB00470,CNR1,agonist,activates
DB00470,CNR2,agonist,activates
DB00471,CYSLTR1,antagonist,inhibits
DB00471,ALOX5,other/unknown,other
DB00472,SLC6A4,inhibitor,inhibits
DB00472,HTR2C,antagonist,inhibits
DB00472,CHRNA2,antagonist,inhibits
DB00472,CHRNA3,antagonist,inhibits
DB00472,CHRNB4,antagonist,inhibits
DB00472,CKS1B,nan,other
DB00472,KCNH2,inhibitor,inhibits
DB00473,SCN5A,inhibitor,inhibits
DB00473,SCN10A,inhibitor,inhibits
DB00474,GABRA1,antagonist,inhibits
DB00475,TSPO,modulator,other
DB00475,GABRA1,positive allosteric modulator,activates
DB00475,GABRA1,ligand,other
DB00476,SLC6A4,inhibitor,inhibits
DB00476,SLC6A2,inhibitor,inhibits
DB00476,SLC6A3,inhibitor,inhibits
DB00477,DRD2,antagonist,inhibits
DB00477,DRD1,antagonist,inhibits
DB00477,HTR1A,antagonist,inhibits
DB00477,HTR2A,antagonist,inhibits
DB00477,ADRA1A,antagonist,inhibits
DB00477,ADRA1B,antagonist,inhibits
DB00477,HRH1,antagonist,inhibits
DB00477,KCNH2,inhibitor,inhibits
DB00477,DRD1,inhibitor,inhibits
DB00477,DRD3,inhibitor,inhibits
DB00477,DRD4,binder,other
DB00477,DRD5,inhibitor,inhibits
DB00477,HTR2C,binder,other
DB00477,HTR2A,binder,other
DB00477,ADRA1A,inhibitor,inhibits
DB00477,ADRA2A,inhibitor,inhibits
DB00477,CHRM1,antagonist,inhibits
DB00477,CHRM3,antagonist,inhibits
DB00477,SMPD1,inhibitor,inhibits
DB00477,ORM1,binder,other
DB00477,HTR6,binder,other
DB00477,HTR7,binder,other
DB00477,HRH4,binder,other
DB00477,CALM1,inhibitor,inhibits
DB00480,TNF,inhibitor,inhibits
DB00480,CRBN,inhibitor,inhibits
DB00480,TNFSF11,inhibitor,inhibits
DB00480,CDH5,antagonist,inhibits
DB00480,PTGS2,negative modulator,inhibits
DB00481,ESR1,agonist,activates
DB00481,ESR2,agonist,activates
DB00481,SERPINB9,nan,other
DB00481,TFF1,nan,other
DB00482,PTGS2,inhibitor,inhibits
DB00482,STAT3,inhibitor,inhibits
DB00482,NEU1,inhibitor,inhibits
DB00482,CA2,inhibitor,inhibits
DB00482,CA3,inhibitor,inhibits
DB00482,CDH11,inhibitor,inhibits
DB00482,PDPK1,inhibitor,inhibits
DB00483,CHRM2,antagonist,inhibits
DB00483,ACHE,inhibitor,inhibits
DB00483,CHRNA2,antagonist,inhibits
DB00483,CHRM1,nan,other
DB00483,CHRM5,nan,other
DB00484,ADRA2A,agonist,activates
DB00484,ADRA2B,agonist,activates
DB00484,ADRA2C,agonist,activates
DB00486,CNR2,partial agonist,activates
DB00486,CNR1,partial agonist,activates
DB00487,TOP2B,inhibitor,inhibits
DB00487,TOP2A,inhibitor,inhibits
DB00489,ADRB1,antagonist,inhibits
DB00489,ADRB2,antagonist,inhibits
DB00489,KCNH2,inhibitor,inhibits
DB00490,HTR1A,partial agonist,activates
DB00490,DRD2,antagonist,inhibits
DB00490,DRD3,antagonist,inhibits
DB00490,DRD4,antagonist,inhibits
DB00490,ADRA1A,partial agonist,activates
DB00491,GAA,antagonist,inhibits
DB00491,GANAB,antagonist,inhibits
DB00491,GANC,antagonist,inhibits
DB00491,MGAM,antagonist,inhibits
DB00492,ACE,inhibitor,inhibits
DB00493,SLC22A6,nan,other
DB00493,SLC22A8,nan,other
DB00493,SLC22A11,nan,other
DB00493,SLC22A7,nan,other
DB00493,SLC15A1,nan,other
DB00493,ALB,nan,other
DB00493,SLC15A2,nan,other
DB00494,COMT,inhibitor,inhibits
DB00495,FLT3,binder,other
DB00495,TERT,inhibitor,inhibits
DB00496,CHRM3,antagonist,inhibits
DB00496,CHRM1,antagonist,inhibits
DB00496,CHRM2,antagonist,inhibits
DB00496,CHRM4,antagonist,inhibits
DB00496,CHRM5,antagonist,inhibits
DB00497,OPRM1,agonist,activates
DB00497,OPRK1,agonist,activates
DB00497,OPRD1,agonist,activates
DB00498,VKORC1,inhibitor,inhibits
DB00499,AR,antagonist,inhibits
DB00499,AHR,agonist,activates
DB00499,NR1I2,nan,other
DB00500,PTGS2,inhibitor,inhibits
DB00500,PTGS1,inhibitor,inhibits
DB00501,HRH2,antagonist,inhibits
DB00502,HTR2C,antagonist,inhibits
DB00502,DRD2,antagonist,inhibits
DB00502,HTR2A,antagonist,inhibits
DB00502,DRD3,inverse agonist,inhibits
DB00502,MCHR1,nan,other
DB00502,SLC18A2,nan,other
DB00502,SIGMAR1,nan,other
DB00502,HRH1,nan,other
DB00502,CHRM3,nan,other
DB00502,ADRA1A,nan,other
DB00502,ADRA2A,nan,other
DB00502,ADRA2B,nan,other
DB00502,ADRA2C,nan,other
DB00502,HTR1A,nan,other
DB00502,HTR6,nan,other
DB00502,HTR7,nan,other
DB00502,GRIN2B,antagonist,inhibits
DB00502,DRD1,antagonist,inhibits
DB00503,NR1I2,activator,activates
DB00504,CHRNA2,antagonist,inhibits
DB00504,OPRM1,partial agonist,activates
DB00505,CHRM5,binder,other
DB00505,CHRM3,antagonist,inhibits
DB00505,CHRM1,antagonist,inhibits
DB00505,CHRM2,antagonist,inhibits
DB00508,DRD2,antagonist,inhibits
DB00508,DRD1,antagonist,inhibits
DB00508,HTR2B,antagonist,inhibits
DB00508,CHRM1,antagonist,inhibits
DB00508,CHRM2,antagonist,inhibits
DB00509,THRA,agonist,activates
DB00509,THRB,agonist,activates
DB00509,TPO,nan,other
DB00511,ATP1A1,inhibitor,inhibits
DB00513,PLG,inhibitor,inhibits
DB00513,PLAT,antagonist,inhibits
DB00513,LPA,other,other
DB00514,SIGMAR1,agonist,activates
DB00514,CYP19A1,inhibitor,inhibits
DB00514,GRIN3A,antagonist,inhibits
DB00514,CHRNA2,antagonist,inhibits
DB00514,SLC6A4,inhibitor,inhibits
DB00514,PGRMC1,binder,other
DB00514,CHRNA3,antagonist,inhibits
DB00514,CHRNA4,antagonist,inhibits
DB00514,CHRNB4,antagonist,inhibits
DB00514,CHRNB2,antagonist,inhibits
DB00514,CHRNA7,antagonist,inhibits
DB00514,OPRM1,agonist,activates
DB00514,OPRD1,agonist,activates
DB00514,OPRK1,agonist,activates
DB00514,CYBB,inhibitor,inhibits
DB00514,SLC6A2,inhibitor,inhibits
DB00515,MPG,nan,other
DB00515,A2M,nan,other
DB00515,TF,nan,other
DB00515,ATOX1,nan,other
DB00517,CHRM5,binder,other
DB00517,CHRM1,antagonist,inhibits
DB00517,CHRM2,antagonist,inhibits
DB00517,CHRM3,antagonist,inhibits
DB00518,TUBA1A,inhibitor,inhibits
DB00518,TUBB4B,inhibitor,inhibits
DB00519,ACE,inhibitor,inhibits
DB00521,ADRB2,antagonist,inhibits
DB00521,ADRB1,antagonist,inhibits
DB00522,HPN,ligand,other
DB00523,RARA,agonist,activates
DB00523,RXRA,agonist,activates
DB00523,RARB,agonist,activates
DB00523,RXRB,agonist,activates
DB00523,RARG,agonist,activates
DB00523,RXRG,agonist,activates
DB00523,IGFBP3,nan,other
DB00523,PSG5,nan,other
DB00523,CYP26C1,nan,other
DB00524,SLC12A3,inhibitor,inhibits
DB00525,SQLE,inhibitor,inhibits
DB00527,SCN5A,inhibitor,inhibits
DB00527,SCN10A,inhibitor,inhibits
DB00527,CALM1,inhibitor,inhibits
DB00528,CACNG1,inhibitor,inhibits
DB00528,CACNA2D1,blocker,inhibits
DB00530,NR1I2,agonist,activates
DB00530,EGFR,antagonist,inhibits
DB00531,NR1I2,nan,other
DB00532,SCN5A,inhibitor,inhibits
DB00532,NR1I2,activator,activates
DB00533,PTGS2,inhibitor,inhibits
DB00533,ELN,other/unknown,other
DB00534,SLC12A1,inducer,activates
DB00534,ALDH5A1,inhibitor,inhibits
DB00535,MPO,inhibitor,inhibits
DB00536,ALDH2,inhibitor,inhibits
DB00536,RNASE1,nan,other
DB00536,DLG4,nan,other
DB00536,GAMT,nan,other
DB00537,TOP2A,inhibitor,inhibits
DB00537,KCNH2,nan,other
DB00539,ESR1,modulator,other
DB00539,SHBG,nan,other
DB00540,SLC6A2,inhibitor,inhibits
DB00540,SLC6A4,inhibitor,inhibits
DB00540,HTR2A,antagonist,inhibits
DB00540,HTR1A,antagonist,inhibits
DB00540,HRH1,antagonist,inhibits
DB00540,ADRA1A,antagonist,inhibits
DB00540,ADRA1D,antagonist,inhibits
DB00540,HTR2C,antagonist,inhibits
DB00540,ADRA1B,antagonist,inhibits
DB00540,ADRA2A,antagonist,inhibits
DB00540,ADRB1,antagonist,inhibits
DB00540,DRD2,antagonist,inhibits
DB00540,PGRMC1,binder,other
DB00540,CHRM1,antagonist,inhibits
DB00541,TUBB,inhibitor,inhibits
DB00541,TUBA4A,inhibitor,inhibits
DB00542,ACE,inhibitor,inhibits
DB00543,SLC6A4,inhibitor,inhibits
DB00543,SLC6A2,inhibitor,inhibits
DB00543,DRD2,antagonist,inhibits
DB00543,DRD1,antagonist,inhibits
DB00543,ADRA2A,antagonist,inhibits
DB00543,ADRA1A,antagonist,inhibits
DB00543,CHRM1,antagonist,inhibits
DB00543,GABRA1,antagonist,inhibits
DB00543,HTR2A,antagonist,inhibits
DB00543,HTR2C,antagonist,inhibits
DB00543,HTR6,antagonist,inhibits
DB00543,HTR7,antagonist,inhibits
DB00543,DRD3,antagonist,inhibits
DB00543,DRD4,antagonist,inhibits
DB00543,HRH1,antagonist,inhibits
DB00543,HTR2B,antagonist,inhibits
DB00543,HTR3A,antagonist,inhibits
DB00543,HTR1A,antagonist,inhibits
DB00543,HTR1B,antagonist,inhibits
DB00543,HRH4,binder,other
DB00543,GABRA1,binder,other
DB00543,SLC6A3,binder,other
DB00544,TERT,other/unknown,other
DB00544,DPYD,inhibitor,inhibits
DB00544,TYMS,other/unknown,other
DB00545,F10,inhibitor,inhibits
DB00545,BCHE,inhibitor,inhibits
DB00545,ACHE,inhibitor,inhibits
DB00546,TSPO,agonist,activates
DB00546,GABRA1,positive allosteric modulator,activates
DB00546,GABRA1,ligand,other
DB00547,ESRRG,modulator,other
DB00547,NR3C1,agonist,activates
DB00547,ESRRB,modulator,other
DB00547,ESRRA,modulator,other
DB00548,SRD5A3,inhibitor,inhibits
DB00548,SRD5A1,inhibitor,inhibits
DB00548,AKR1D1,inhibitor,inhibits
DB00548,SRD5A2,inhibitor,inhibits
DB00548,TYR,inhibitor,inhibits
DB00549,CYSLTR1,antagonist,inhibits
DB00550,DIO1,inhibitor,inhibits
DB00550,TPO,inhibitor,inhibits
DB00551,MMP12,inhibitor,inhibits
DB00552,ADA,inhibitor,inhibits
DB00553,CYP2A6,binder,other
DB00554,PTGS2,inhibitor,inhibits
DB00554,PTGS1,inhibitor,inhibits
DB00555,CACNA1E,inhibitor,inhibits
DB00555,SCN11A,blocker,inhibits
DB00555,SCN1A,inhibitor,inhibits
DB00555,ADORA1,inhibitor,inhibits
DB00555,ADORA2A,inhibitor,inhibits
DB00555,ADRA1A,inhibitor,inhibits
DB00555,ADRA2A,inhibitor,inhibits
DB00555,ADRB1,inhibitor,inhibits
DB00555,DRD1,inhibitor,inhibits
DB00555,DRD2,agonist,activates
DB00555,GABRA1,antagonist,inhibits
DB00555,GABRA1,inhibitor,inhibits
DB00555,HRH1,antagonist,inhibits
DB00555,OPRK1,inhibitor,inhibits
DB00555,CHRNA1,inhibitor,inhibits
DB00555,HTR2A,inhibitor,inhibits
DB00555,HTR3A,inhibitor,inhibits
DB00555,GRIA1,inhibitor,inhibits
DB00557,HRH1,inverse agonist,inhibits
DB00557,KCNH2,inhibitor,inhibits
DB00558,NEU2,inhibitor,inhibits
DB00559,EDNRB,antagonist,inhibits
DB00559,EDNRA,antagonist,inhibits
DB00561,KCNK3,inhibitor,inhibits
DB00561,KCNK9,inhibitor,inhibits
DB00562,SLC12A3,inhibitor,inhibits
DB00562,CA1,inhibitor,inhibits
DB00562,CA2,inhibitor,inhibits
DB00562,CA4,inhibitor,inhibits
DB00562,CA9,inhibitor,inhibits
DB00562,CA12,inhibitor,inhibits
DB00563,TYMS,inhibitor,inhibits
DB00563,SLC19A1,modulator,other
DB00563,SLC46A1,modulator,other
DB00563,ATIC,inhibitor,inhibits
DB00563,DHFR,inhibitor,inhibits
DB00564,SCN1A,inhibitor,inhibits
DB00564,CHRNA4,nan,other
DB00564,NR1I2,activator,activates
DB00565,CHRNA2,antagonist,inhibits
DB00565,CHRNA10,antagonist,inhibits
DB00565,CHRNA1,antagonist,inhibits
DB00565,CHRM2,antagonist,inhibits
DB00568,HRH1,antagonist,inhibits
DB00568,CACNA1C,inhibitor,inhibits
DB00568,CACNA1D,inhibitor,inhibits
DB00568,CACNA1F,inhibitor,inhibits
DB00568,CACNA1S,inhibitor,inhibits
DB00568,CACNA1G,inhibitor,inhibits
DB00568,CACNA1H,inhibitor,inhibits
DB00568,CACNA1I,inhibitor,inhibits
DB00568,DRD2,other/unknown,other
DB00568,DRD1,binder,other
DB00568,CHRM1,binder,other
DB00569,F10,inhibitor,inhibits
DB00569,SERPINC1,potentiator,activates
DB00570,TUBB2A,inhibitor,inhibits
DB00570,TUBA1A,binder,other
DB00570,TUBB,binder,other
DB00570,TUBD1,binder,other
DB00570,TUBG1,binder,other
DB00570,TUBE1,binder,other
DB00570,JUN,other/unknown,other
DB00571,ADRB1,antagonist,inhibits
DB00571,ADRB2,antagonist,inhibits
DB00571,ADRB3,antagonist,inhibits
DB00571,HTR1A,other/unknown,other
DB00571,HTR1B,other/unknown,other
DB00572,CHRM1,antagonist,inhibits
DB00572,CHRM2,antagonist,inhibits
DB00572,CHRM3,antagonist,inhibits
DB00572,CHRM4,antagonist,inhibits
DB00572,CHRM5,antagonist,inhibits
DB00572,GLRA1,antagonist,inhibits
DB00572,CHRNA4,nan,other
DB00572,CHRNB2,nan,other
DB00573,PTGS2,inhibitor,inhibits
DB00573,PTGS1,inhibitor,inhibits
DB00573,PPARA,activator,activates
DB00573,PPARG,nan,other
DB00574,SLC6A4,substrate,other
DB00574,HTR1D,agonist,activates
DB00574,HTR2C,agonist,activates
DB00574,SIGMAR1,antagonist,inhibits
DB00574,HTR2A,agonist,activates
DB00574,HTR2B,agonist,activates
DB00574,HTR1A,agonist,activates
DB00575,AOC3,inhibitor,inhibits
DB00575,ADRA2B,agonist,activates
DB00575,ADRA2C,agonist,activates
DB00575,ADRA2A,agonist,activates
DB00575,ADRA1A,agonist,activates
DB00575,ADRA1B,agonist,activates
DB00575,ADRA1D,agonist,activates
DB00579,SLC6A2,inhibitor,inhibits
DB00579,SLC6A3,inhibitor,inhibits
DB00579,SLC6A4,inhibitor,inhibits
DB00579,SLC18A2,nan,other
DB00580,PTGS2,inhibitor,inhibits
DB00580,CA2,inhibitor,inhibits
DB00580,CA3,inhibitor,inhibits
DB00583,CPT1B,activator,activates
DB00583,XDH,nan,other
DB00583,CES1,nan,other
DB00583,MPO,nan,other
DB00583,CPT1A,activator,activates
DB00583,SLC22A4,nan,other
DB00583,SLC22A5,nan,other
DB00583,CRAT,nan,other
DB00583,SLC25A29,nan,other
DB00583,SLC25A20,nan,other
DB00583,CROT,nan,other
DB00583,CPT2,nan,other
DB00584,ACE,inhibitor,inhibits
DB00585,HRH2,antagonist,inhibits
DB00586,PTGS2,inhibitor,inhibits
DB00586,PTGS1,inhibitor,inhibits
DB00587,CYSLTR1,antagonist,inhibits
DB00588,NR3C1,agonist,activates
DB00588,PGR,agonist,activates
DB00588,PLA2G4A,inhibitor,inhibits
DB00588,NR3C2,antagonist,inhibits
DB00589,DRD2,agonist,activates
DB00589,DRD3,agonist,activates
DB00589,DRD4,agonist,activates
DB00589,HTR2A,agonist,activates
DB00589,HTR2C,agonist,activates
DB00589,DRD1,antagonist,inhibits
DB00589,DRD5,antagonist,inhibits
DB00589,HTR1A,agonist,activates
DB00589,HTR1D,agonist,activates
DB00589,HTR2B,antagonist,inhibits
DB00589,HTR1B,agonist,activates
DB00589,ADRA2A,other/unknown,other
DB00589,ADRA2B,other/unknown,other
DB00589,ADRA2C,other/unknown,other
DB00589,HTR7,nan,other
DB00590,ADRA1A,antagonist,inhibits
DB00590,ADRA1D,antagonist,inhibits
DB00590,KCNH2,inhibitor,inhibits
DB00590,ADRA1B,nan,other
DB00591,NR3C1,agonist,activates
DB00591,ANXA1,inducer,activates
DB00591,ANXA2,inducer,activates
DB00591,ANXA3,inducer,activates
DB00591,ANXA4,inducer,activates
DB00591,ANXA5,inducer,activates
DB00591,PLA2G1B,inhibitor,inhibits
DB00592,GABRB3,agonist,activates
DB00593,CACNA1G,inhibitor,inhibits
DB00594,SCNN1A,inhibitor,inhibits
DB00594,SCNN1B,inhibitor,inhibits
DB00594,SCNN1G,inhibitor,inhibits
DB00594,SCNN1D,inhibitor,inhibits
DB00594,AOC1,inhibitor,inhibits
DB00594,ASIC2,inhibitor,inhibits
DB00594,ASIC1,inhibitor,inhibits
DB00594,SLC9A1,inhibitor,inhibits
DB00594,PLAU,inhibitor,inhibits
DB00596,ESRRA,modulator,other
DB00596,ESRRB,modulator,other
DB00596,ESRRG,modulator,other
DB00596,NR3C1,agonist,activates
DB00598,ADRB1,antagonist,inhibits
DB00598,ADRB2,antagonist,inhibits
DB00598,ADRA1A,antagonist,inhibits
DB00599,GABRA1,potentiator,activates
DB00599,GABRA2,potentiator,activates
DB00599,GABRA3,potentiator,activates
DB00599,GABRA4,potentiator,activates
DB00599,GABRA5,potentiator,activates
DB00599,GABRA6,potentiator,activates
DB00599,CHRNA4,antagonist,inhibits
DB00599,CHRNA7,antagonist,inhibits
DB00599,GRIA2,antagonist,inhibits
DB00599,GRIK2,antagonist,inhibits
DB00599,FAAH,inhibitor,inhibits
DB00599,CHRM3,nan,other
DB00600,TYR,inhibitor,inhibits
DB00603,PGR,agonist,activates
DB00603,ESR1,agonist,activates
DB00603,ABCB1,inhibitor,inhibits
DB00603,GABRA1,inhibitor,inhibits
DB00604,HTR4,agonist,activates
DB00604,HTR3A,agonist,activates
DB00604,HTR2A,agonist,activates
DB00604,KCNH2,inhibitor,inhibits
DB00605,PTGS2,inhibitor,inhibits
DB00605,AKR1B1,inhibitor,inhibits
DB00605,PTGS1,inhibitor,inhibits
DB00605,MAPK3,inhibitor,inhibits
DB00605,PPARD,negative modulator,inhibits
DB00605,PTGDR2,antagonist,inhibits
DB00605,AKR1B10,inhibitor,inhibits
DB00606,FXYD2,inhibitor,inhibits
DB00606,CA1,inhibitor,inhibits
DB00606,CA2,inhibitor,inhibits
DB00606,SFRP4,inhibitor,inhibits
DB00608,ACKR1,modulator,other
DB00608,GSTA2,inhibitor,inhibits
DB00608,TNF,inhibitor,inhibits
DB00608,TLR9,inhibitor,inhibits
DB00608,HMGB1,inhibitor,inhibits
DB00608,GSTM1,inhibitor,inhibits
DB00608,ACE2,modulator,other
DB00609,NFE2L2,inhibitor,inhibits
DB00610,DRD2,agonist,activates
DB00610,ADRA1A,agonist,activates
DB00611,OPRK1,agonist,activates
DB00611,OPRD1,agonist,activates
DB00611,OPRM1,antagonist,inhibits
DB00612,ADRB1,antagonist,inhibits
DB00612,ADRB2,antagonist,inhibits
DB00613,HNMT,inhibitor,inhibits
DB00615,HSP90AA1,other/unknown,other
DB00615,HSP90B1,other/unknown,other
DB00616,MME,inhibitor,inhibits
DB00616,ACE,inhibitor,inhibits
DB00617,CACNA1G,blocker,inhibits
DB00617,CACNA1I,inhibitor,inhibits
DB00618,AVPR2,inhibitor,inhibits
DB00619,BCR,inhibitor,inhibits
DB00619,MCL1,other/unknown,other
DB00619,KIT,antagonist,inhibits
DB00619,RET,inhibitor,inhibits
DB00619,PDGFRA,antagonist,inhibits
DB00619,ABL1,inhibitor,inhibits
DB00619,PDGFRB,antagonist,inhibits
DB00619,NTRK1,antagonist,inhibits
DB00619,CSF1R,antagonist,inhibits
DB00619,DDR1,antagonist,inhibits
DB00619,DDR2,antagonist,inhibits
DB00620,NR3C1,agonist,activates
DB00621,AR,agonist,activates
DB00622,CACNA1C,inhibitor,inhibits
DB00622,CACNB2,inhibitor,inhibits
DB00622,CACNA2D1,inhibitor,inhibits
DB00622,CACNA1D,inhibitor,inhibits
DB00622,PDE1A,inhibitor,inhibits
DB00622,PDE1B,inhibitor,inhibits
DB00622,ADRA1A,antagonist,inhibits
DB00622,ADRA1B,antagonist,inhibits
DB00622,ADRA1D,antagonist,inhibits
DB00622,CHRM1,antagonist,inhibits
DB00622,CHRM2,antagonist,inhibits
DB00622,CHRM3,antagonist,inhibits
DB00622,CHRM4,antagonist,inhibits
DB00622,CHRM5,antagonist,inhibits
DB00622,CACNG1,inhibitor,inhibits
DB00622,CACNA1G,inhibitor,inhibits
DB00622,CACNA1H,inhibitor,inhibits
DB00622,CACNA1I,inhibitor,inhibits
DB00622,CALM1,other/unknown,other
DB00623,HTR1B,modulator,other
DB00623,DRD2,antagonist,inhibits
DB00623,DRD1,antagonist,inhibits
DB00623,AR,nan,other
DB00623,HTR2A,nan,other
DB00623,HTR2C,nan,other
DB00623,CALM1,inhibitor,inhibits
DB00624,AR,agonist,activates
DB00624,ESR1,inhibitor,inhibits
DB00624,NR3C2,ligand,other
DB00626,IDE,inhibitor,inhibits
DB00626,A2M,inhibitor,inhibits
DB00627,HCAR3,agonist,activates
DB00627,DGAT2,inhibitor,inhibits
DB00627,HCAR2,agonist,activates
DB00627,QPRT,binder,other
DB00627,NNMT,binder,other
DB00628,GABRA1,positive allosteric modulator,activates
DB00628,TSPO,modulator,other
DB00628,GABRA1,ligand,other
DB00629,ADRA2A,agonist,activates
DB00629,ADRA2B,binder,other
DB00630,FDPS,inhibitor,inhibits
DB00630,PTPN4,inhibitor,inhibits
DB00630,PTPRS,inhibitor,inhibits
DB00630,PTPRE,inhibitor,inhibits
DB00630,ATP6V1A,inhibitor,inhibits
DB00631,RRM2B,inhibitor,inhibits
DB00631,RRM2,inhibitor,inhibits
DB00631,POLA1,inhibitor,inhibits
DB00631,RRM1,inhibitor,inhibits
DB00633,ADRA2A,agonist,activates
DB00635,NR3C1,agonist,activates
DB00636,PPARA,agonist,activates
DB00636,LPL,activator,activates
DB00637,HRH1,antagonist,inhibits
DB00637,KCNH2,inhibitor,inhibits
DB00637,KCNH1,nan,other
DB00637,MAPT,nan,other
DB00638,INS,modulator,other
DB00640,ADORA1,agonist,activates
DB00640,ADORA2A,agonist,activates
DB00640,ADORA2B,agonist,activates
DB00640,ADORA3,agonist,activates
DB00641,HMGCR,inhibitor,inhibits
DB00641,ITGAL,inhibitory allosteric modulator,inhibits
DB00641,HDAC2,inhibitor,inhibits
DB00642,TYMS,inhibitor,inhibits
DB00642,ATIC,inhibitor,inhibits
DB00642,DHFR,inhibitor,inhibits
DB00642,GART,inhibitor,inhibits
DB00643,TUBA1A,inhibitor,inhibits
DB00643,TUBB4B,inhibitor,inhibits
DB00644,GNRHR,agonist,activates
DB00644,GNRHR2,agonist,activates
DB00645,SCN10A,inhibitor,inhibits
DB00645,SCN5A,blocker,inhibits
DB00647,OPRM1,agonist,activates
DB00647,OPRD1,agonist,activates
DB00647,OPRK1,antagonist,inhibits
DB00647,CES1,nan,other
DB00647,GRIN1,antagonist,inhibits
DB00648,CYP11B1,inducer,activates
DB00648,ESR1,binder,other
DB00648,PGR,nan,other
DB00648,AR,antagonist,inhibits
DB00648,FDX1,unknown,other
DB00650,SLC46A1,modulator,other
DB00650,DHFR,modulator,other
DB00651,PDE4B,inhibitor,inhibits
DB00651,NT5E,inhibitor,inhibits
DB00651,PDE4A,inhibitor,inhibits
DB00651,PDE4C,inhibitor,inhibits
DB00651,PDE4D,inhibitor,inhibits
DB00651,ADORA1,antagonist,inhibits
DB00651,ADORA2A,antagonist,inhibits
DB00652,SIGMAR1,agonist,activates
DB00652,OPRM1,antagonist,inhibits
DB00652,OPRK1,agonist,activates
DB00653,CACNA1C,inhibitor,inhibits
DB00654,PTGFR,agonist,activates
DB00655,ESR1,agonist,activates
DB00655,ESR2,nan,other
DB00655,AR,nan,other
DB00655,CYP19A1,nan,other
DB00655,SHBG,nan,other
DB00656,HTR2A,antagonist,inhibits
DB00656,HTR2C,agonist,activates
DB00656,SLC6A4,inhibitor,inhibits
DB00656,HTR1A,antagonist,inhibits
DB00656,HRH1,antagonist,inhibits
DB00656,ADRA1A,antagonist,inhibits
DB00656,ADRA2A,antagonist,inhibits
DB00657,CHRNA2,antagonist,inhibits
DB00657,CHRNA7,nan,other
DB00657,CHRNA4,nan,other
DB00657,CHRNB2,nan,other
DB00659,GRIN1,antagonist,inhibits
DB00659,GRM5,antagonist,inhibits
DB00659,GABBR1,inhibitor,inhibits
DB00661,CACNA1C,inhibitor,inhibits
DB00661,CACNA1B,inhibitor,inhibits
DB00661,CACNA1A,inhibitor,inhibits
DB00661,KCNJ11,inhibitor,inhibits
DB00661,CACNA1G,inhibitor,inhibits
DB00661,CACNA1H,inhibitor,inhibits
DB00661,KCNH2,inhibitor,inhibits
DB00661,SLC6A4,unknown,other
DB00661,ADRA1A,antagonist,inhibits
DB00661,ADRA1B,antagonist,inhibits
DB00661,ADRA1D,antagonist,inhibits
DB00661,CACNG1,inhibitor,inhibits
DB00661,ABCB1,inhibitor,inhibits
DB00662,DRD2,inhibitor,inhibits
DB00663,NR3C1,agonist,activates
DB00663,ESRRB,modulator,other
DB00663,ESRRG,modulator,other
DB00663,ESRRA,modulator,other
DB00665,AR,antagonist,inhibits
DB00666,GNRHR,agonist,activates
DB00666,GNRHR2,agonist,activates
DB00668,ADRA1A,agonist,activates
DB00668,ADRA1B,agonist,activates
DB00668,ADRB1,agonist,activates
DB00668,ADRB2,agonist,activates
DB00668,ADRA2A,agonist,activates
DB00668,ADRA2B,agonist,activates
DB00668,ADRA1D,antagonist,inhibits
DB00668,TNF,antagonist,inhibits
DB00669,HTR1A,agonist,activates
DB00669,HTR1D,agonist,activates
DB00669,HTR1B,agonist,activates
DB00669,HTR1F,agonist,activates
DB00670,CHRM1,antagonist,inhibits
DB00672,ABCC8,inhibitor,inhibits
DB00672,KCNJ10,blocker,inhibits
DB00673,TACR1,antagonist,inhibits
DB00674,ACHE,inhibitor,inhibits
DB00674,CHRNA7,allosteric modulator,other
DB00674,nan,allosteric modulator,other
DB00674,BCHE,inhibitor,inhibits
DB00675,ESR1,antagonist,inhibits
DB00675,ESR2,antagonist,inhibits
DB00675,PRKCA,inhibitor,inhibits
DB00675,SHBG,inducer,activates
DB00675,EBP,inhibitor,inhibits
DB00675,AR,nan,other
DB00675,KCNH2,inhibitor,inhibits
DB00675,NR1I2,nan,other
DB00675,ESRRG,nan,other
DB00675,MAPK8,modulator,other
DB00676,LIPE,modulator,other
DB00677,ACHE,inhibitor,inhibits
DB00677,BCHE,inhibitor,inhibits
DB00677,TF,nan,other
DB00678,EPOR,stimulator,activates
DB00678,AGTR1,antagonist,inhibits
DB00679,DRD2,antagonist,inhibits
DB00679,DRD1,antagonist,inhibits
DB00679,ADRA1A,antagonist,inhibits
DB00679,ADRA1B,antagonist,inhibits
DB00679,HTR2A,antagonist,inhibits
DB00679,KCNH2,inhibitor,inhibits
DB00680,SCN5A,inhibitor,inhibits
DB00682,VKORC1,inhibitor,inhibits
DB00682,NR1I2,nan,other
DB00683,TSPO,modulator,other
DB00683,GABRA1,positive allosteric modulator,activates
DB00683,GABRA1,ligand,other
DB00683,ADORA2A,potentiator,activates
DB00685,TOP2A,inhibitor,inhibits
DB00686,FGF2,antagonist,inhibits
DB00686,FGF1,antagonist,inhibits
DB00686,FGF4,inhibitor,inhibits
DB00687,AR,inhibitor,inhibits
DB00687,NR3C2,agonist,activates
DB00687,NR3C1,agonist,activates
DB00688,PTGER2,modulator,other
DB00688,IMPDH1,inhibitor,inhibits
DB00688,IMPDH2,inhibitor,inhibits
DB00688,PTS,inhibitor,inhibits
DB00690,TSPO,modulator,other
DB00690,GABRA1,positive allosteric modulator,activates
DB00690,GABRA1,ligand,other
DB00691,ACE,inhibitor,inhibits
DB00692,ADRA1A,antagonist,inhibits
DB00692,DRD2,antagonist,inhibits
DB00692,ADRA2A,antagonist,inhibits
DB00692,KCNJ11,blocker,inhibits
DB00693,SLC22A8,inhibitor,inhibits
DB00693,IGKV2-30,other,other
DB00694,TOP2A,inhibitor,inhibits
DB00694,TOP2B,inhibitor,inhibits
DB00695,SLC12A1,inhibitor,inhibits
DB00695,CA2,inhibitor,inhibits
DB00695,GPR35,agonist,activates
DB00696,HTR1D,agonist,activates
DB00696,HTR1B,agonist,activates
DB00696,HTR2A,agonist,activates
DB00696,ADRA1A,partial agonist,activates
DB00696,ADRA1B,partial agonist,activates
DB00696,ADRA1D,partial agonist,activates
DB00696,DRD2,agonist,activates
DB00696,ADRA2A,partial agonist,activates
DB00696,DRD1,agonist,activates
DB00696,HTR1A,agonist,activates
DB00696,HTR1F,agonist,activates
DB00696,HTR2C,agonist,activates
DB00696,HTR2B,nan,other
DB00696,ADRA2C,nan,other
DB00697,ADRA1A,agonist,activates
DB00697,ADRA2A,agonist,activates
DB00697,NISCH,agonist,activates
DB00699,ADRA1A,antagonist,inhibits
DB00700,NR3C2,antagonist,inhibits
DB00703,CA1,inhibitor,inhibits
DB00703,CA4,inhibitor,inhibits
DB00703,CA2,inhibitor,inhibits
DB00703,CA7,inhibitor,inhibits
DB00703,CA3,inhibitor,inhibits
DB00704,OPRM1,antagonist,inhibits
DB00704,OPRK1,antagonist,inhibits
DB00704,OPRD1,antagonist,inhibits
DB00704,SIGMAR1,nan,other
DB00706,ADRA1A,antagonist,inhibits
DB00706,ADRA1D,antagonist,inhibits
DB00706,ADRA1B,antagonist,inhibits
DB00707,LDLR,other/unknown,other
DB00707,FCGR1A,antagonist,inhibits
DB00708,OPRM1,agonist,activates
DB00708,OPRD1,agonist,activates
DB00708,OPRK1,nan,other
DB00710,GGPS1,inhibitor,inhibits
DB00710,FDPS,inhibitor,inhibits
DB00711,ALOX5,inhibitor,inhibits
DB00711,PTGS1,inhibitor,inhibits
DB00712,PTGS2,inhibitor,inhibits
DB00712,PTGS1,inhibitor,inhibits
DB00713,SLC15A1,nan,other
DB00713,SLC15A2,nan,other
DB00714,DRD4,agonist,activates
DB00714,DRD2,agonist,activates
DB00714,DRD3,agonist,activates
DB00714,DRD5,agonist,activates
DB00714,DRD1,agonist,activates
DB00714,ADRA2C,agonist,activates
DB00714,ADRA2B,agonist,activates
DB00714,HTR1A,agonist,activates
DB00714,HTR2A,agonist,activates
DB00714,HTR2B,agonist,activates
DB00714,HTR2C,agonist,activates
DB00714,ADRA2A,agonist,activates
DB00714,HTR1D,agonist,activates
DB00714,HTR1B,agonist,activates
DB00715,SLC6A4,inhibitor,inhibits
DB00715,SLC6A2,inhibitor,inhibits
DB00715,HTR2A,agonist,activates
DB00715,ADRA1A,binder,other
DB00715,ADRA2A,binder,other
DB00715,ADRB1,inhibitor,inhibits
DB00715,DRD2,other/unknown,other
DB00715,HRH1,inhibitor,inhibits
DB00715,HTR1A,nan,other
DB00715,CHRM1,inhibitor,inhibits
DB00715,HTR2B,agonist,activates
DB00715,DRD1,other/unknown,other
DB00716,CYSLTR1,antagonist,inhibits
DB00716,CYSLTR2,antagonist,inhibits
DB00716,FPR1,antagonist,inhibits
DB00716,PTGDR,unknown,other
DB00716,HSP90AA1,nan,other
DB00717,PGR,agonist,activates
DB00717,AR,agonist,activates
DB00717,NR3C1,agonist,activates
DB00719,HRH1,antagonist,inhibits
DB00720,SLC25A4,inhibitor,inhibits
DB00720,SLC25A5,inhibitor,inhibits
DB00720,SLC25A6,inhibitor,inhibits
DB00721,SCN10A,inhibitor,inhibits
DB00721,GRIN3A,antagonist,inhibits
DB00721,HTR3A,antagonist,inhibits
DB00721,SLC6A3,inhibitor,inhibits
DB00721,CHRNA2,antagonist,inhibits
DB00721,KCNMA1,blocker,inhibits
DB00721,PLA2G4A,inhibitor,inhibits
DB00721,ASPG,inhibitor,inhibits
DB00721,MAOA,inhibitor,inhibits
DB00721,DNMT1,inhibitor,inhibits
DB00721,DNMT3A,inhibitor,inhibits
DB00722,ACE,inhibitor,inhibits
DB00722,REN,inhibitor,inhibits
DB00723,ADRA1A,agonist,activates
DB00723,ADRA1D,binder,other
DB00723,ADRA1B,agonist,activates
DB00724,TLR7,agonist,activates
DB00724,TLR8,agonist,activates
DB00725,CHRM2,antagonist,inhibits
DB00725,CHRM1,antagonist,inhibits
DB00725,CHRM4,antagonist,inhibits
DB00725,CHRM5,antagonist,inhibits
DB00725,CHRM3,antagonist,inhibits
DB00726,SLC6A4,inhibitor,inhibits
DB00726,SLC6A2,inhibitor,inhibits
DB00726,SLC6A3,inhibitor,inhibits
DB00726,HTR2A,agonist,activates
DB00726,HTR1A,antagonist,inhibits
DB00726,ADRA1A,antagonist,inhibits
DB00726,ADRA1B,antagonist,inhibits
DB00726,DRD2,other/unknown,other
DB00726,ADRA2B,other/unknown,other
DB00726,HRH1,antagonist,inhibits
DB00726,HTR2C,antagonist,inhibits
DB00726,HTR3A,binder,other
DB00726,HTR1D,binder,other
DB00726,ADRA2A,antagonist,inhibits
DB00726,DRD1,binder,other
DB00726,ADRB1,binder,other
DB00726,CHRM1,binder,other
DB00727,EGFR,activator,activates
DB00727,GUCY1A1,modulator,other
DB00727,GUCY1B1,modulator,other
DB00727,NPR1,agonist,activates
DB00728,CHRNA2,antagonist,inhibits
DB00728,CHRM2,antagonist,inhibits
DB00728,HTR3A,antagonist,inhibits
DB00731,ABCC8,inhibitor,inhibits
DB00731,PPARG,agonist,activates
DB00732,CHRNA2,antagonist,inhibits
DB00733,ACHE,activator,activates
DB00733,BCHE,activator,activates
DB00734,HTR2A,antagonist,inhibits
DB00734,DRD2,antagonist,inhibits
DB00734,ADRA1B,antagonist,inhibits
DB00734,ADRA2B,antagonist,inhibits
DB00734,ADRA1A,antagonist,inhibits
DB00734,ADRA2C,antagonist,inhibits
DB00734,HRH1,antagonist,inhibits
DB00734,HTR2C,antagonist,inhibits
DB00734,HTR1D,antagonist,inhibits
DB00734,HTR1A,antagonist,inhibits
DB00734,HTR7,antagonist,inhibits
DB00734,DRD1,antagonist,inhibits
DB00735,SQLE,inhibitor,inhibits
DB00736,ATP4A,inhibitor,inhibits
DB00736,ATP4B,modulator,other
DB00736,DDAH1,nan,other
DB00737,HRH1,antagonist,inhibits
DB00737,NR1I3,inverse agonist,inhibits
DB00738,TPSAB1,inhibitor,inhibits
DB00738,TRDMT1,other,other
DB00740,SCN5A,inhibitor,inhibits
DB00740,SCN11A,blocker,inhibits
DB00740,SLC7A11,inducer,activates
DB00741,NR3C1,agonist,activates
DB00741,ANXA1,agonist,activates
DB00743,ALB,binder,other
DB00744,ALOX5,inhibitor,inhibits
DB00745,SLC6A3,inhibitor,inhibits
DB00745,ADRA1B,partial agonist,activates
DB00746,APP,nan,other
DB00747,CHRM1,antagonist,inhibits
DB00747,CHRM2,antagonist,inhibits
DB00747,CHRM3,antagonist,inhibits
DB00747,CHRM4,antagonist,inhibits
DB00747,CHRM5,antagonist,inhibits
DB00747,CHRNA4,inhibitor,inhibits
DB00747,CHRNB2,inhibitor,inhibits
DB00747,SI,inhibitor,inhibits
DB00748,HRH1,antagonist,inhibits
DB00749,PTGS2,inhibitor,inhibits
DB00749,PTGS1,inhibitor,inhibits
DB00749,RXRA,other,other
DB00750,SCN5A,inhibitor,inhibits
DB00751,HRH1,antagonist,inhibits
DB00751,HRH2,antagonist,inhibits
DB00751,ADRA1A,unknown,other
DB00751,ADRA2A,unknown,other
DB00751,HTR2A,antagonist,inhibits
DB00751,HTR7,antagonist,inhibits
DB00752,MAOB,inhibitor,inhibits
DB00752,MAOA,inhibitor,inhibits
DB00753,GABRA1,agonist,activates
DB00753,ATP2C1,inhibitor,inhibits
DB00753,GLRA1,agonist,activates
DB00753,GRIA1,antagonist,inhibits
DB00753,KCNA1,inducer,activates
DB00753,GABRA1,positive allosteric modulator,activates
DB00753,ATP5F1D,unknown,other
DB00753,CHRNA4,antagonist,inhibits
DB00753,CHRNB2,antagonist,inhibits
DB00753,CALM1,other/unknown,other
DB00754,SCN5A,inhibitor,inhibits
DB00754,NR1I2,activator,activates
DB00755,RARA,agonist,activates
DB00755,RARB,agonist,activates
DB00755,RARG,agonist,activates
DB00755,RXRB,agonist,activates
DB00755,RXRG,agonist,activates
DB00755,RXRA,agonist,activates
DB00755,CRABP1,binder,other
DB00755,RARRES1,agonist,activates
DB00755,ALDH1A1,substrate,other
DB00755,ALDH1A2,substrate,other
DB00755,GPRC5A,regulator,other
DB00755,LCN1,binder,other
DB00755,OBP2A,binder,other
DB00755,RBP4,binder,other
DB00755,PDK4,upregulator,activates
DB00755,nan,downregulator,inhibits
DB00756,SDHD,inhibitor,inhibits
DB00756,GLUD1,inhibitor,inhibits
DB00756,ESR1,nan,other
DB00757,HTR3A,antagonist,inhibits
DB00758,P2RY12,antagonist,inhibits
DB00759,PRNP,inhibitor,inhibits
DB00759,PADI4,nan,other
DB00761,SLC12A2,nan,other
DB00761,SLC12A1,binder,other
DB00761,SLC12A5,nan,other
DB00761,SLC12A6,nan,other
DB00761,SLC12A7,nan,other
DB00761,SLC12A4,nan,other
DB00762,TOP1MT,inhibitor,inhibits
DB00762,TOP1,inhibitor,inhibits
DB00763,TPO,substrate,other
DB00764,NR3C1,agonist,activates
DB00764,PGR,agonist,activates
DB00765,TH,binder,other
DB00767,HRH1,antagonist,inhibits
DB00767,CHRM4,antagonist,inhibits
DB00767,CHRM1,antagonist,inhibits
DB00767,CHRM5,antagonist,inhibits
DB00767,CHRM2,antagonist,inhibits
DB00767,CHRM3,antagonist,inhibits
DB00768,HRH1,antagonist,inhibits
DB00768,HRH2,antagonist,inhibits
DB00768,HRH3,antagonist,inhibits
DB00768,S100A1,antagonist,inhibits
DB00768,S100A12,antagonist,inhibits
DB00768,S100B,other/unknown,other
DB00768,S100A13,other/unknown,other
DB00768,S100A2,antagonist,inhibits
DB00769,NR3C1,agonist,activates
DB00770,TBXA2R,modulator,other
DB00770,PTGER1,agonist,activates
DB00770,PTGER2,agonist,activates
DB00770,PTGER3,agonist,activates
DB00770,PTGER4,agonist,activates
DB00770,PTGDR2,agonist,activates
DB00771,CHRM1,antagonist,inhibits
DB00772,BCHE,inhibitor,inhibits
DB00772,ACHE,inhibitor,inhibits
DB00773,TOP2A,inhibitor,inhibits
DB00773,TOP2B,inhibitor,inhibits
DB00774,SLC12A1,inhibitor,inhibits
DB00774,CA7,inhibitor,inhibits
DB00774,CA9,inhibitor,inhibits
DB00774,ATP1A1,inducer,activates
DB00774,KCNMA1,inducer,activates
DB00774,CA1,inhibitor,inhibits
DB00774,CA2,inhibitor,inhibits
DB00774,CA4,inhibitor,inhibits
DB00774,CA12,inhibitor,inhibits
DB00775,ITGA2B,antagonist,inhibits
DB00775,ITGB3,antagonist,inhibits
DB00776,SCN11A,blocker,inhibits
DB00776,SCN1A,inhibitor,inhibits
DB00777,HRH1,antagonist,inhibits
DB00777,CHRM1,antagonist,inhibits
DB00777,ADRA1A,antagonist,inhibits
DB00777,DRD2,antagonist,inhibits
DB00777,HTR2A,antagonist,inhibits
DB00777,HTR2C,antagonist,inhibits
DB00778,ABCB1,nan,other
DB00779,TOP2B,inhibitor,inhibits
DB00779,TOP2A,inhibitor,inhibits
DB00780,MAOA,antagonist,inhibits
DB00780,MAOB,antagonist,inhibits
DB00780,AOC3,inhibitor,inhibits
DB00780,ABAT,inhibitor,inhibits
DB00780,GPT,inhibitor,inhibits
DB00780,GPT2,inhibitor,inhibits
DB00780,GAD65,inhibitor,inhibits
DB00782,CHRM1,antagonist,inhibits
DB00783,ESR1,agonist,activates
DB00783,ESR2,agonist,activates
DB00783,NR1I2,binder,other
DB00783,CHRNA4,binder,other
DB00783,GPER1,binder,other
DB00783,MT-ATP6,inhibitor,inhibits
DB00783,BECN1,binder,other
DB00784,PTGS2,inhibitor,inhibits
DB00784,PTGS1,inhibitor,inhibits
DB00785,CHRM2,antagonist,inhibits
DB00785,ADRB1,inhibitor,inhibits
DB00786,MMP1,inhibitor,inhibits
DB00786,MMP2,inhibitor,inhibits
DB00786,MMP3,antagonist,inhibits
DB00786,MMP7,antagonist,inhibits
DB00786,MMP8,inhibitor,inhibits
DB00786,MMP9,inhibitor,inhibits
DB00786,MMP10,antagonist,inhibits
DB00786,MMP11,antagonist,inhibits
DB00786,MMP12,inhibitor,inhibits
DB00786,MMP13,inhibitor,inhibits
DB00786,MMP14,inhibitor,inhibits
DB00786,MMP15,inhibitor,inhibits
DB00786,MMP16,inhibitor,inhibits
DB00786,MMP17,inhibitor,inhibits
DB00786,MMP19,inhibitor,inhibits
DB00786,MMP20,inhibitor,inhibits
DB00786,MMP21,inhibitor,inhibits
DB00786,MMP23B,inhibitor,inhibits
DB00786,MMP24,inhibitor,inhibits
DB00786,MMP25,inhibitor,inhibits
DB00786,MMP26,inhibitor,inhibits
DB00786,MMP27,inhibitor,inhibits
DB00786,MMP28,inhibitor,inhibits
DB00788,PNLIP,inhibitor,inhibits
DB00788,PTGS1,inhibitor,inhibits
DB00788,PTGS2,inhibitor,inhibits
DB00789,PGD,inhibitor,inhibits
DB00790,ACE,inhibitor,inhibits
DB00790,SFRP4,inhibitor,inhibits
DB00792,HRH1,antagonist,inhibits
DB00794,GABRA2,potentiator,activates
DB00794,GABRA3,potentiator,activates
DB00794,GABRA4,potentiator,activates
DB00794,GABRA5,potentiator,activates
DB00794,GABRA6,potentiator,activates
DB00794,GABRA1,positive allosteric modulator,activates
DB00794,GABRA1,potentiator,activates
DB00794,CHRNA4,antagonist,inhibits
DB00794,CHRNA7,antagonist,inhibits
DB00794,GRIA2,antagonist,inhibits
DB00794,GRIK2,antagonist,inhibits
DB00795,ABCG2,inhibitor,inhibits
DB00795,RELB,activator,activates
DB00795,RELA,activator,activates
DB00795,REL,activator,activates
DB00795,ALOX5,inhibitor,inhibits
DB00795,PTGS2,inhibitor,inhibits
DB00795,PTGS1,inhibitor,inhibits
DB00795,ACAT1,inhibitor,inhibits
DB00795,PLA2G1B,antagonist,inhibits
DB00795,IKBKB,inhibitor,inhibits
DB00795,SLC7A11,inhibitor,inhibits
DB00795,NFKB1,inhibitor,inhibits
DB00795,NFKB2,inhibitor,inhibits
DB00795,CHUK,nan,other
DB00795,PPARG,agonist,activates
DB00796,AGTR1,antagonist,inhibits
DB00797,ADRA1A,antagonist,inhibits
DB00797,DRD2,antagonist,inhibits
DB00797,ADRA2A,antagonist,inhibits
DB00797,HRH1,agonist,activates
DB00797,HRH2,agonist,activates
DB00797,ADRA2C,binder,other
DB00797,ADRA2B,binder,other
DB00798,DHFR,nan,other
DB00799,RARA,agonist,activates
DB00799,RXRB,agonist,activates
DB00799,RARG,agonist,activates
DB00799,RARB,agonist,activates
DB00800,DRD5,agonist,activates
DB00800,DRD1,agonist,activates
DB00800,ADRA1B,inhibitor,inhibits
DB00800,ADRA1D,inhibitor,inhibits
DB00800,ADRA1A,inhibitor,inhibits
DB00800,ADRA2B,antagonist,inhibits
DB00800,ADRA2C,antagonist,inhibits
DB00800,ADRA2A,antagonist,inhibits
DB00801,TSPO,modulator,other
DB00801,GABRA1,positive allosteric modulator,activates
DB00801,GABRA1,ligand,other
DB00802,OPRM1,agonist,activates
DB00804,CHRM1,antagonist,inhibits
DB00804,CHRM3,antagonist,inhibits
DB00804,CHRM2,antagonist,inhibits
DB00805,MAOA,inhibitor,inhibits
DB00805,HTR2B,antagonist,inhibits
DB00805,HTR2A,antagonist,inhibits
DB00805,HTR2C,antagonist,inhibits
DB00805,ACHE,inhibitor,inhibits
DB00805,SLC6A4,inhibitor,inhibits
DB00805,DRD1,agonist,activates
DB00805,DRD2,agonist,activates
DB00805,CHRM1,agonist,activates
DB00806,ADORA2A,agonist,activates
DB00806,TNF,other/unknown,other
DB00806,NT5E,inhibitor,inhibits
DB00806,ADORA1,nan,other
DB00807,SCN10A,inhibitor,inhibits
DB00808,SLC12A3,inhibitor,inhibits
DB00808,KCNQ1,blocker,inhibits
DB00809,CHRM4,antagonist,inhibits
DB00809,CHRM1,antagonist,inhibits
DB00809,CHRM2,antagonist,inhibits
DB00809,CHRM3,antagonist,inhibits
DB00810,CHRM1,antagonist,inhibits
DB00811,IMPDH1,inhibitor,inhibits
DB00811,IMPDH2,nan,other
DB00812,PTGS1,inhibitor,inhibits
DB00812,PTGS2,inhibitor,inhibits
DB00812,PTGIS,inhibitor,inhibits
DB00813,OPRM1,agonist,activates
DB00813,OPRD1,agonist,activates
DB00813,OPRK1,agonist,activates
DB00813,ABCB1,nan,other
DB00814,PTGS2,inhibitor,inhibits
DB00814,PTGS1,inhibitor,inhibits
DB00815,ALB,binder,other
DB00816,ADRB2,agonist,activates
DB00817,TOP2A,inhibitor,inhibits
DB00817,TOP2B,inhibitor,inhibits
DB00818,GABRB2,potentiator,activates
DB00818,GABRB3,potentiator,activates
DB00818,GABRA1,positive allosteric modulator,activates
DB00818,SCN4A,inhibitor,inhibits
DB00818,SCN2A,inhibitor,inhibits
DB00819,CA1,inhibitor,inhibits
DB00819,CA2,inhibitor,inhibits
DB00819,CA4,inhibitor,inhibits
DB00819,CA12,inhibitor,inhibits
DB00819,CA14,inhibitor,inhibits
DB00819,CA3,inhibitor,inhibits
DB00819,CA7,inhibitor,inhibits
DB00819,AQP1,inhibitor,inhibits
DB00820,PDE5A,inhibitor,inhibits
DB00820,PDE11A,inhibitor,inhibits
DB00820,PDE6G,inhibitor,inhibits
DB00821,PTGS2,inhibitor,inhibits
DB00821,PTGS1,inhibitor,inhibits
DB00822,DBH,inhibitor,inhibits
DB00822,ALDH3A2,inhibitor,inhibits
DB00822,ALDH2,inhibitor,inhibits
DB00823,PGR,agonist,activates
DB00823,ESR1,agonist,activates
DB00824,PDE4B,inhibitor,inhibits
DB00824,NT5E,inhibitor,inhibits
DB00824,ADORA2B,antagonist,inhibits
DB00824,PDE4A,inhibitor,inhibits
DB00824,ADORA1,inhibitor,inhibits
DB00824,ADORA2A,inhibitor,inhibits
DB00824,ADORA3,inhibitor,inhibits
DB00825,TRPM8,inducer,activates
DB00825,TRPA1,inducer,activates
DB00825,TRPV3,inducer,activates
DB00825,CACNA1C,antagonist,inhibits
DB00825,OPRK1,agonist,activates
DB00827,TOP2B,inhibitor,inhibits
DB00827,TOP2A,inhibitor,inhibits
DB00829,TSPO,agonist,activates
DB00829,GABRA1,positive allosteric modulator,activates
DB00829,GABRA1,ligand,other
DB00830,SLC6A2,inhibitor,inhibits
DB00830,SLC6A3,inhibitor,inhibits
DB00831,DRD2,antagonist,inhibits
DB00831,CALM1,inhibitor,inhibits
DB00831,CALM3,inhibitor,inhibits
DB00831,CALM2,inhibitor,inhibits
DB00831,CALY,antagonist,inhibits
DB00831,ADRA1A,antagonist,inhibits
DB00831,TNNC1,nan,other
DB00831,S100A4,inhibitor,inhibits
DB00834,PGR,antagonist,inhibits
DB00834,NR3C1,antagonist,inhibits
DB00834,KLK3,nan,other
DB00834,NR1I2,nan,other
DB00835,HRH1,antagonist,inhibits
DB00835,CHRM1,antagonist,inhibits
DB00835,CHRM2,antagonist,inhibits
DB00835,CHRM3,antagonist,inhibits
DB00835,CHRM4,antagonist,inhibits
DB00835,CHRM5,antagonist,inhibits
DB00836,OPRM1,agonist,activates
DB00836,OPRD1,agonist,activates
DB00836,OPRK1,agonist,activates
DB00836,POMC,modulator,other
DB00836,CACNA1A,blocker,inhibits
DB00836,KCNH2,blocker,inhibits
DB00836,CALM1,inhibitor,inhibits
DB00837,GABBR2,agonist,activates
DB00837,GABRA1,agonist,activates
DB00837,GABBR1,agonist,activates
DB00838,PLA2G1B,inducer,activates
DB00838,NR3C1,agonist,activates
DB00839,ABCC8,blocker,inhibits
DB00839,KCNJ10,blocker,inhibits
DB00841,ADRA1A,agonist,activates
DB00841,ADRB1,agonist,activates
DB00841,ADRB2,agonist,activates
DB00841,ESR1,nan,other
DB00842,GABRA1,positive allosteric modulator,activates
DB00842,TSPO,agonist,activates
DB00842,GABRA1,ligand,other
DB00843,ACHE,inhibitor,inhibits
DB00843,HTR2A,inducer,activates
DB00843,BCHE,inducer,activates
DB00843,NOS1,inhibitor,inhibits
DB00843,TNFAIP6,inhibitor,inhibits
DB00843,IL1B,inhibitor,inhibits
DB00843,NFKB2,inhibitor,inhibits
DB00843,GRIN1,downregulator,inhibits
DB00844,OPRK1,agonist,activates
DB00844,OPRM1,antagonist,inhibits
DB00844,OPRD1,antagonist,inhibits
DB00845,PPARG,modulator,other
DB00845,KCNA3,antagonist,inhibits
DB00846,ESRRA,modulator,other
DB00846,ESRRB,modulator,other
DB00846,ESRRG,modulator,other
DB00846,NR3C1,agonist,activates
DB00847,SST,binder,other
DB00847,NPY2R,other/unknown,other
DB00848,CHRNA3,agonist,activates
DB00848,ALPL,inhibitor,inhibits
DB00848,ALPG,inhibitor,inhibits
DB00849,GABRA2,potentiator,activates
DB00849,GABRA3,potentiator,activates
DB00849,GABRA4,potentiator,activates
DB00849,GABRA5,potentiator,activates
DB00849,GABRA6,potentiator,activates
DB00849,GABRA1,potentiator,activates
DB00849,CHRNA4,antagonist,inhibits
DB00849,CHRNA7,antagonist,inhibits
DB00849,GRIA2,antagonist,inhibits
DB00849,GRIK2,antagonist,inhibits
DB00849,NR1I2,activator,activates
DB00850,DRD2,antagonist,inhibits
DB00850,DRD1,antagonist,inhibits
DB00850,CALM1,inhibitor,inhibits
DB00851,POLA2,other/unknown,other
DB00851,PGD,inhibitor,inhibits
DB00852,SLC6A2,inhibitor,inhibits
DB00852,DRD2,stimulator,activates
DB00852,SLC6A3,inhibitor,inhibits
DB00852,ADRA1A,agonist,activates
DB00852,ADRA2A,agonist,activates
DB00852,SLC6A4,inhibitor,inhibits
DB00852,ADRB2,partial agonist,activates
DB00852,ADRB1,agonist,activates
DB00852,NFATC1,inhibitor,inhibits
DB00852,TNF,inhibitor,inhibits
DB00852,NFKB1,inhibitor,inhibits
DB00852,ATF1,inhibitor,inhibits
DB00852,IL2,inhibitor,inhibits
DB00854,OPRM1,agonist,activates
DB00854,OPRD1,agonist,activates
DB00854,OPRK1,agonist,activates
DB00855,PPOX,modulator,other
DB00855,ALAD,inducer,activates
DB00857,SQLE,inhibitor,inhibits
DB00858,AR,agonist,activates
DB00860,NR3C1,agonist,activates
DB00861,PTGS2,inhibitor,inhibits
DB00861,PTGS1,inhibitor,inhibits
DB00862,PDE5A,inhibitor,inhibits
DB00862,PDE6G,inhibitor,inhibits
DB00862,PDE6H,inhibitor,inhibits
DB00863,HRH2,antagonist,inhibits
DB00863,ACHE,inhibitor,inhibits
DB00864,PPP3CA,inhibitor,inhibits
DB00864,FKBP1A,inhibitor,inhibits
DB00865,SLC18A2,inducer,activates
DB00865,ADRA2A,agonist,activates
DB00865,ADRA1A,agonist,activates
DB00865,SLC6A3,inhibitor,inhibits
DB00866,ADRB1,antagonist,inhibits
DB00866,ADRB2,antagonist,inhibits
DB00866,HTR1A,antagonist,inhibits
DB00866,ADRB3,antagonist,inhibits
DB00867,ADRB2,agonist,activates
DB00867,ADRB1,agonist,activates
DB00867,KCNJ1,activator,activates
DB00867,KCNMA1,activator,activates
DB00867,ATP2C1,inhibitor,inhibits
DB00867,MYLK,inhibitor,inhibits
DB00867,SULT1C4,substrate,other
DB00868,SCN5A,antagonist,inhibits
DB00869,CA2,inhibitor,inhibits
DB00869,CA4,inhibitor,inhibits
DB00869,CA1,inhibitor,inhibits
DB00869,CA3,inhibitor,inhibits
DB00870,PTGS1,inhibitor,inhibits
DB00870,PTGS2,inhibitor,inhibits
DB00871,ADRB2,agonist,activates
DB00871,ADRB3,agonist,activates
DB00871,ADRB1,antagonist,inhibits
DB00872,AVPR1A,antagonist,inhibits
DB00872,AVPR2,antagonist,inhibits
DB14596,ESRRA,modulator,other
DB14596,ESRRB,modulator,other
DB14596,ESRRG,modulator,other
DB14596,NR3C1,agonist,activates
DB00874,GRIN1,antagonist,inhibits
DB00875,DRD2,antagonist,inhibits
DB00875,DRD1,antagonist,inhibits
DB00875,HTR2A,antagonist,inhibits
DB00875,ADRA1A,antagonist,inhibits
DB00875,DRD3,antagonist,inhibits
DB00875,DRD4,antagonist,inhibits
DB00875,HTR2C,antagonist,inhibits
DB00875,CHRM1,antagonist,inhibits
DB00876,AGTR1,antagonist,inhibits
DB00877,MTOR,inhibitor,inhibits
DB00880,SLC12A3,inhibitor,inhibits
DB00880,CA1,inhibitor,inhibits
DB00880,CA2,inhibitor,inhibits
DB00881,ACE,inhibitor,inhibits
DB00882,ESR1,antagonist,inhibits
DB00882,SHBG,nan,other
DB00883,NPR1,agonist,activates
DB00884,FDPS,inhibitor,inhibits
DB00885,HRH1,antagonist,inhibits
DB00886,MME,modulator,other
DB00886,ACE,modulator,other
DB00887,SLC12A1,inhibitor,inhibits
DB00887,SLC12A2,inhibitor,inhibits
DB00887,SLC12A4,inhibitor,inhibits
DB00887,SLC12A5,inhibitor,inhibits
DB00887,CFTR,antagonist,inhibits
DB00889,HTR3A,antagonist,inhibits
DB00890,ESR1,agonist,activates
DB00890,SHBG,nan,other
DB00892,SCN10A,inhibitor,inhibits
DB00893,HBB,activator,activates
DB00893,HBA1,activator,activates
DB00893,FTH1,other,other
DB00893,FTL,other,other
DB00894,CYP19A1,inhibitor,inhibits
DB00895,FCER1G,agonist,activates
DB00895,FCER1A,agonist,activates
DB00896,NR3C1,agonist,activates
DB00896,ESRRA,modulator,other
DB00897,TSPO,modulator,other
DB00897,GABRA1,positive allosteric modulator,activates
DB00897,GABRA1,ligand,other
DB00898,GABRA1,agonist,activates
DB00898,GRIN3A,antagonist,inhibits
DB00898,GLRA1,agonist,activates
DB00898,GLRA2,agonist,activates
DB00898,CACNB1,inhibitor,inhibits
DB00898,HTR3A,nan,other
DB00898,GABRA2,nan,other
DB00898,CHRNA10,nan,other
DB00898,CACNA1C,inhibitor,inhibits
DB00898,GABRA5,nan,other
DB00898,GABRA4,nan,other
DB00898,GABRA3,nan,other
DB00898,GRIA1,nan,other
DB00898,CACNG1,nan,other
DB00898,CHRNA2,nan,other
DB00898,GABRA6,nan,other
DB00898,GRIA2,nan,other
DB00898,GRIA4,nan,other
DB00898,GRIA3,nan,other
DB00898,CHRNA4,nan,other
DB00898,CHRNB2,nan,other
DB00898,KCNJ3,nan,other
DB00898,KCNJ6,nan,other
DB00898,VCAM1,nan,other
DB00898,SLC29A1,nan,other
DB00898,KCNJ5,nan,other
DB00898,CHRNA7,nan,other
DB00898,CHRNA9,nan,other
DB00898,GABRB1,nan,other
DB00898,GABRB3,nan,other
DB00898,GABRB2,nan,other
DB00898,CACNA1S,inhibitor,inhibits
DB00898,CACNA1D,inhibitor,inhibits
DB00898,CHRNB4,nan,other
DB00898,CHRNA3,nan,other
DB00898,CHRNA5,nan,other
DB00898,CHRNA6,nan,other
DB00898,CHRNB3,nan,other
DB00898,GABRG1,nan,other
DB00898,GABRG3,nan,other
DB00898,GABRE,nan,other
DB00898,GABRP,nan,other
DB00898,GABRQ,nan,other
DB00898,GABRD,nan,other
DB00898,SLC29A2,nan,other
DB00898,HTR3E,nan,other
DB00898,HTR3B,nan,other
DB00898,HTR3D,nan,other
DB00898,HTR3C,nan,other
DB00898,CACNG2,nan,other
DB00898,KCNJ9,nan,other
DB00898,L1CAM,nan,other
DB00898,ACHE,activator,activates
DB00898,ADH7,substrate,other
DB00899,OPRM1,agonist,activates
DB00899,OPRD1,agonist,activates
DB00899,OPRK1,agonist,activates
DB00900,PNP,substrate,other
DB00901,ADRB3,modulator,other
DB00901,ADRB2,nan,other
DB00902,HRH1,antagonist,inhibits
DB00903,SLC12A1,inhibitor,inhibits
DB00903,ATP1A1,inhibitor,inhibits
DB00903,LEF1,nan,other
DB00903,GSTP1,inhibitor,inhibits
DB00904,HTR3A,antagonist,inhibits
DB00904,HTR4,agonist,activates
DB00904,OPRM1,other/unknown,other
DB00904,HTR1A,other/unknown,other
DB00904,HTR1B,other/unknown,other
DB00905,PTGFR,agonist,activates
DB00905,PTGER1,agonist,activates
DB00905,PTGER3,agonist,activates
DB00906,SLC6A1,inhibitor,inhibits
DB00907,SLC6A3,inhibitor,inhibits
DB00907,SLC6A2,inhibitor,inhibits
DB00907,SCN1A,inhibitor,inhibits
DB00907,SLC6A4,inhibitor,inhibits
DB00907,CHRM1,antagonist,inhibits
DB00907,CHRM2,antagonist,inhibits
DB00907,SIGMAR1,agonist,activates
DB00907,CES1,binder,other
DB00908,SCN5A,inhibitor,inhibits
DB00908,KCNK1,inhibitor,inhibits
DB00908,KCNK6,inhibitor,inhibits
DB00908,KCNH2,inhibitor,inhibits
DB00908,ADRA1A,antagonist,inhibits
DB00908,ADRA1B,antagonist,inhibits
DB00908,ADRA1D,antagonist,inhibits
DB00909,SCN1A,inhibitor,inhibits
DB00909,SCN2A,inhibitor,inhibits
DB00909,SCN3A,inhibitor,inhibits
DB00909,SCN4A,inhibitor,inhibits
DB00909,SCN5A,inhibitor,inhibits
DB00909,SCN9A,inhibitor,inhibits
DB00909,SCN11A,inhibitor,inhibits
DB00909,SCN1B,inhibitor,inhibits
DB00909,SCN2B,inhibitor,inhibits
DB00909,SCN3B,inhibitor,inhibits
DB00909,SCN4B,inhibitor,inhibits
DB00909,CACNA1G,inhibitor,inhibits
DB00909,CACNA1H,inhibitor,inhibits
DB00909,CACNA1I,inhibitor,inhibits
DB00909,CA1,inhibitor,inhibits
DB00909,CA2,inhibitor,inhibits
DB00909,CA3,inhibitor,inhibits
DB00909,CA4,inhibitor,inhibits
DB00909,CA5A,inhibitor,inhibits
DB00909,CA5B,inhibitor,inhibits
DB00909,CA6,inhibitor,inhibits
DB00909,CA7,inhibitor,inhibits
DB00909,CA8,inhibitor,inhibits
DB00909,CA9,inhibitor,inhibits
DB00909,CA10,inhibitor,inhibits
DB00909,CA11,inhibitor,inhibits
DB00909,CA12,inhibitor,inhibits
DB00909,CA13,inhibitor,inhibits
DB00909,CA14,inhibitor,inhibits
DB00909,MAOB,inhibitor,inhibits
DB00909,MAOA,inhibitor,inhibits
DB00909,GABRA1,binder,other
DB00910,VDR,agonist,activates
DB00912,ABCC9,blocker,inhibits
DB00912,ABCC8,inhibitor,inhibits
DB00912,HRH1,antagonist,inhibits
DB00912,PPARG,agonist,activates
DB00913,OPRM1,agonist,activates
DB00914,PRKAA1,activator,activates
DB00914,PRKAG1,activator,activates
DB00914,PRKAB1,activator,activates
DB00914,KCNJ8,inhibitor,inhibits
DB00915,GRIN3A,antagonist,inhibits
DB00915,DRD2,agonist,activates
DB00915,CHRNA7,antagonist,inhibits
DB00915,CHRNA4,antagonist,inhibits
DB00915,CHRNA3,antagonist,inhibits
DB00917,PTGFR,antagonist,inhibits
DB00917,PTGER2,agonist,activates
DB00917,PTGER1,agonist,activates
DB00917,PTGER3,agonist,activates
DB00917,PTGER4,agonist,activates
DB00917,PTGDR2,agonist,activates
DB00918,HTR1D,agonist,activates
DB00918,HTR1B,agonist,activates
DB00920,HRH1,antagonist,inhibits
DB00920,PGD,inhibitor,inhibits
DB00921,OPRK1,antagonist,inhibits
DB00921,OPRM1,partial agonist,activates
DB00921,OPRD1,antagonist,inhibits
DB00921,OPRL1,nan,other
DB00922,TNNC1,potentiator,activates
DB00922,KCNJ11,inducer,activates
DB00922,KCNJ8,inducer,activates
DB00922,PDE3A,inhibitor,inhibits
DB00924,ADRA2C,antagonist,inhibits
DB00924,HTR2A,antagonist,inhibits
DB00924,HTR2B,antagonist,inhibits
DB00924,HTR2C,antagonist,inhibits
DB00924,HTR6,antagonist,inhibits
DB00924,SLC6A4,inhibitor,inhibits
DB00924,SLC6A2,inhibitor,inhibits
DB00924,HTR7,antagonist,inhibits
DB00924,TLR4,inhibitor,inhibits
DB00924,AOX1,inhibitor,inhibits
DB00925,DRD2,antagonist,inhibits
DB00925,ADRA1A,antagonist,inhibits
DB00925,ADRA2A,antagonist,inhibits
DB00925,ADRA2C,antagonist,inhibits
DB00925,ADRA2B,antagonist,inhibits
DB00925,ADRB2,nan,other
DB00925,ADRA1B,antagonist,inhibits
DB00925,ADRA1D,antagonist,inhibits
DB00925,CALM1,inhibitor,inhibits
DB00926,RARA,agonist,activates
DB00926,RXRA,agonist,activates
DB00926,RARB,agonist,activates
DB00926,RXRG,agonist,activates
DB00926,RXRB,agonist,activates
DB00926,RARG,agonist,activates
DB00927,HRH2,antagonist,inhibits
DB00928,DNMT1,inhibitor,inhibits
DB00929,PTGIR,antagonist,inhibits
DB00929,PTGER3,agonist,activates
DB00929,PTGER2,agonist,activates
DB00929,PTGER1,agonist,activates
DB00929,PTGER4,agonist,activates
DB00933,DRD2,antagonist,inhibits
DB00933,HTR2A,antagonist,inhibits
DB00934,SLC6A2,inhibitor,inhibits
DB00934,HRH1,antagonist,inhibits
DB00934,CHRM1,antagonist,inhibits
DB00934,CHRM2,antagonist,inhibits
DB00934,CHRM3,antagonist,inhibits
DB00934,CHRM4,antagonist,inhibits
DB00934,CHRM5,antagonist,inhibits
DB00934,ADRA1A,antagonist,inhibits
DB00934,HTR2A,binder,other
DB00934,HTR2C,binder,other
DB00934,HTR7,antagonist,inhibits
DB00934,DRD2,binder,other
DB00934,ADRA2A,antagonist,inhibits
DB00935,ADRA1A,partial agonist,activates
DB00935,ADRA2A,agonist,activates
DB00935,ADRA2B,agonist,activates
DB00935,ADRA2C,agonist,activates
DB00935,ADRA1B,agonist,activates
DB00935,ADRA1D,agonist,activates
DB00935,HTR1A,agonist,activates
DB00935,HTR1B,agonist,activates
DB00935,HTR1D,agonist,activates
DB00936,CA6,inhibitor,inhibits
DB00936,CA12,inhibitor,inhibits
DB00936,CA2,inhibitor,inhibits
DB00936,CA4,inhibitor,inhibits
DB00936,CA1,inhibitor,inhibits
DB00936,PTGS1,inhibitor,inhibits
DB00936,PTGS2,inhibitor,inhibits
DB00936,AKR1C1,inhibitor,inhibits
DB00937,SLC6A2,inhibitor,inhibits
DB00937,SLC6A4,inhibitor,inhibits
DB00937,SLC6A3,inhibitor,inhibits
DB00938,ADRB2,agonist,activates
DB00938,ADRB1,inverse agonist,inhibits
DB00938,ADRB3,inverse agonist,inhibits
DB00939,PTGS1,inhibitor,inhibits
DB00939,PTGS2,inhibitor,inhibits
DB00939,ALOX5,inhibitor,inhibits
DB00939,KCNQ2,other,other
DB00939,KCNQ3,other,other
DB00940,HRH2,antagonist,inhibits
DB00940,CHRM5,antagonist,inhibits
DB00940,CHRM2,nan,other
DB00940,CHRM3,nan,other
DB00940,CHRM4,nan,other
DB00940,CHRM1,antagonist,inhibits
DB00941,BCHE,inhibitor,inhibits
DB00942,CHRM1,antagonist,inhibits
DB00944,ACHE,inhibitor,inhibits
DB00944,BCHE,inhibitor,inhibits
DB00945,PTGS1,inhibitor,inhibits
DB00945,HMGCR,inhibitor,inhibits
DB00945,PTGS2,inhibitor,inhibits
DB00945,AKR1C1,inhibitor,inhibits
DB00945,PRKAA1,activator,activates
DB00945,EDNRA,inhibitor,inhibits
DB00945,TP53,inducer,activates
DB00945,HSPA5,inhibitor,inhibits
DB00945,RPS6KA3,inhibitor,inhibits
DB00945,NFKBIA,inhibitor,inhibits
DB00945,TNFAIP6,inhibitor,inhibits
DB00945,CASP1,inhibitor,inhibits
DB00945,CASP3,inhibitor,inhibits
DB00945,IKBKB,nan,other
DB00945,MAPK1,nan,other
DB00945,CCND1,downregulator,inhibits
DB00945,MYC,downregulator,inhibits
DB00945,PCNA,downregulator,inhibits
DB00945,NEU1,inhibitor,inhibits
DB00946,VKORC1,inhibitor,inhibits
DB00947,ESR1,antagonist,inhibits
DB00949,GRIN2B,antagonist,inhibits
DB00949,GRIN2A,antagonist,inhibits
DB00950,HRH1,antagonist,inhibits
DB00951,CYP2C8,nan,other
DB00951,CYP1A2,nan,other
DB00951,CYP3A4,nan,other
DB00951,CYP2C19,nan,other
DB00952,HTR1A,agonist,activates
DB00952,HTR1D,agonist,activates
DB00952,HTR1B,agonist,activates
DB00952,HTR1F,agonist,activates
DB00953,HTR1B,agonist,activates
DB00953,HTR1D,agonist,activates
DB00953,HTR1A,agonist,activates
DB00953,HTR1E,agonist,activates
DB00953,HTR1F,agonist,activates
DB00953,HTR7,agonist,activates
DB00956,OPRM1,agonist,activates
DB00956,OPRD1,agonist,activates
DB00956,SIGMAR1,ligand,other
DB00957,PGR,agonist,activates
DB00957,ESR1,agonist,activates
DB00957,AR,partial agonist,activates
DB00959,NR3C1,agonist,activates
DB00959,ANXA1,agonist,activates
DB00960,ADRB1,partial agonist,activates
DB00960,ADRB2,partial agonist,activates
DB00960,ADRB3,agonist,activates
DB00960,HTR1A,antagonist,inhibits
DB00960,HTR1B,other/unknown,other
DB00961,SCN10A,inhibitor,inhibits
DB00962,GABRA1,potentiator,activates
DB00963,PTGS2,inhibitor,inhibits
DB00963,PTGS1,inhibitor,inhibits
DB00964,ADRA1A,agonist,activates
DB00964,ADRA2A,agonist,activates
DB00964,ADRA2B,agonist,activates
DB00966,PPARG,partial agonist,activates
DB00966,AGTR1,antagonist,inhibits
DB00967,HRH1,antagonist,inhibits
DB00968,DRD2,agonist,activates
DB00968,DDC,inhibitor,inhibits
DB00968,ADRA2A,agonist,activates
DB00969,HTR3A,antagonist,inhibits
DB00970,TOP2A,inhibitor,inhibits
DB00970,TOP1,inhibitor,inhibits
DB00972,HRH1,antagonist,inhibits
DB00972,HRH2,inhibitor,inhibits
DB00972,PLA2G1B,inhibitor,inhibits
DB00972,LTC4S,inhibitor,inhibits
DB00973,NPC1L1,inhibitor,inhibits
DB00973,SOAT1,inhibitor,inhibits
DB00973,ANPEP,other,other
DB00975,PDE10A,inhibitor,inhibits
DB00975,PDE5A,inhibitor,inhibits
DB00975,PDE4A,inhibitor,inhibits
DB00975,ADA,inhibitor,inhibits
DB00975,RCAN1,nan,other
DB00975,ORM1,nan,other
DB00977,ESR1,agonist,activates
DB00977,NR1I2,agonist,activates
DB00978,TOP2B,inhibitor,inhibits
DB00978,TOP2A,inhibitor,inhibits
DB00979,CHRM1,antagonist,inhibits
DB00979,CHRM5,antagonist,inhibits
DB00980,MTNR1B,multitarget,other
DB00980,MTNR1A,multitarget,other
DB00981,ACHE,inhibitor,inhibits
DB00981,CHRNA4,nan,other
DB00981,CHRNB2,nan,other
DB00982,RARG,agonist,activates
DB00982,RARA,agonist,activates
DB00983,ADRB2,agonist,activates
DB00983,ADRB1,agonist,activates
DB00983,ADRB3,agonist,activates
DB00984,AR,agonist,activates
DB00985,HRH1,antagonist,inhibits
DB00986,CHRM1,antagonist,inhibits
DB00986,CHRM3,antagonist,inhibits
DB00986,CHRM2,antagonist,inhibits
DB00986,CHRM4,antagonist,inhibits
DB00986,CHRM5,antagonist,inhibits
DB00987,POLB,inhibitor,inhibits
DB00988,DRD2,agonist,activates
DB00988,DRD1,agonist,activates
DB00988,DRD5,agonist,activates
DB00988,DRD3,agonist,activates
DB00988,DRD4,agonist,activates
DB00988,SLC6A3,inducer,activates
DB00988,DBH,ligand,other
DB00988,HTR1A,binder,other
DB00988,HTR7,binder,other
DB00988,SLC6A2,inhibitor,inhibits
DB00988,SLC6A4,inhibitor,inhibits
DB00988,HTR3A,nan,other
DB00988,HTR3B,nan,other
DB00988,SOD1,nan,other
DB00988,SLC18A2,nan,other
DB00989,ACHE,inhibitor,inhibits
DB00989,BCHE,inhibitor,inhibits
DB00990,CYP19A1,inhibitor,inhibits
DB00991,PTGS1,inhibitor,inhibits
DB00991,PTGS2,inhibitor,inhibits
DB00992,FECH,activator,activates
DB00993,PPAT,inhibitor,inhibits
DB00993,RAC1,modulator,other
DB00994,CASR,nan,other
DB00995,ESRRA,modulator,other
DB00995,ESRRB,modulator,other
DB00995,ESRRG,modulator,other
DB00995,PRDX5,inhibitor,inhibits
DB00995,IKBKB,inhibitor,inhibits
DB00996,CACNA2D1,inhibitor,inhibits
DB00996,GABBR2,antagonist,inhibits
DB00996,GABBR1,antagonist,inhibits
DB00996,CACNA2D2,inhibitor,inhibits
DB00996,CACNA1B,inhibitor,inhibits
DB00996,ADORA1,agonist,activates
DB00996,KCNQ3,activator,activates
DB00996,KCNQ5,activator,activates
DB00997,TOP2A,inhibitor,inhibits
DB00997,TERT,other/unknown,other
DB00997,TOP1,inhibitor,inhibits
DB00997,TOP2B,inhibitor,inhibits
DB00997,NOLC1,nan,other
DB00998,HTR1D,agonist,activates
DB00998,HTR1B,agonist,activates
DB00999,SLC12A3,inhibitor,inhibits
DB00999,ACE,modulator,other
DB00999,KCNMA1,inhibitor,inhibits
DB01001,ADRB2,agonist,activates
DB01001,ADRB1,agonist,activates
DB01001,ADRB3,nan,other
DB01002,SCN10A,inhibitor,inhibits
DB01003,HSP90AA1,inhibitor,inhibits
DB01003,S100P,antagonist,inhibits
DB01005,RRM1,inhibitor,inhibits
DB01005,RRM2,modulator,other
DB01006,CYP19A1,antagonist,inhibits
DB01007,CYP51A1,inhibitor,inhibits
DB01009,PTGS2,inhibitor,inhibits
DB01009,PTGS1,inhibitor,inhibits
DB01009,CXCR1,other,other
DB01010,BCHE,inhibitor,inhibits
DB01010,ACHE,inhibitor,inhibits
DB01011,CYP11B1,inhibitor,inhibits
DB01012,CASR,agonist,activates
DB01013,NR3C1,agonist,activates
DB01013,ANXA1,inducer,activates
DB01013,NR3C2,agonist,activates
DB01014,PPARG,agonist,activates
DB01014,PTGS2,inhibitor,inhibits
DB01014,PTGS1,inhibitor,inhibits
DB01014,ALOX5,inhibitor,inhibits
DB01016,ABCC8,modulator,other
DB01016,ABCC8,blocker,inhibits
DB01016,ABCC9,modulator,other
DB01016,ABCB11,inhibitor,inhibits
DB01016,ABCA1,inhibitor,inhibits
DB01016,KCNJ11,inhibitor,inhibits
DB01016,CPT1A,inhibitor,inhibits
DB01016,CFTR,antagonist,inhibits
DB01016,TRPM4,inhibitor,inhibits
DB01017,IL1B,modulator,other
DB01017,ALOX5,inhibitor,inhibits
DB01017,MMP9,inhibitor,inhibits
DB01017,VEGFA,inhibitor,inhibits
DB01017,CASP1,negative modulator,inhibits
DB01017,CASP3,negative modulator,inhibits
DB01017,CYCS,negative modulator,inhibits
DB01017,MAPK1,inhibitor,inhibits
DB01017,NOS2,inhibitor,inhibits
DB01018,ADRA2A,agonist,activates
DB01018,ADRA2B,binder,other
DB01019,CHRM3,agonist,activates
DB01019,CHRM5,agonist,activates
DB01019,CHRM1,agonist,activates
DB01019,CHRM2,agonist,activates
DB01019,CHRM4,agonist,activates
DB01020,GUCY1A2,activator,activates
DB01021,SLC12A3,inhibitor,inhibits
DB01021,SLC12A1,blocker,inhibits
DB01021,ATP1A1,inhibitor,inhibits
DB01021,CA1,inhibitor,inhibits
DB01021,CA2,inhibitor,inhibits
DB01021,CA4,inhibitor,inhibits
DB01022,GGCX,substrate,other
DB01022,BGLAP,agonist,activates
DB01023,CACNA1C,inhibitor,inhibits
DB01023,CACNA2D1,inhibitor,inhibits
DB01023,CACNB2,inhibitor,inhibits
DB01023,CACNA1D,inhibitor,inhibits
DB01023,CACNA1S,inhibitor,inhibits
DB01023,CACNA1H,inhibitor,inhibits
DB01023,CACNA2D2,inhibitor,inhibits
DB01023,PDE1B,inhibitor,inhibits
DB01023,PDE1A,inhibitor,inhibits
DB01023,NR3C2,antagonist,inhibits
DB01023,TNNC2,other,other
DB01023,TNNC1,other,other
DB01023,CALM1,other,other
DB01024,IMPDH2,inhibitor,inhibits
DB01024,IMPDH1,inhibitor,inhibits
DB01025,HSP90AA1,inhibitor,inhibits
DB01025,S100A12,antagonist,inhibits
DB01025,S100A13,antagonist,inhibits
DB01025,IL3,antagonist,inhibits
DB01025,FGF1,inhibitor,inhibits
DB01026,CYP17A1,inhibitor,inhibits
DB01026,AR,binder,other
DB01026,CYP21A2,inhibitor,inhibits
DB01026,KCNH2,inhibitor,inhibits
DB01026,NR1I2,antagonist,inhibits
DB01026,NR1I3,nan,other
DB01028,GABRA1,agonist,activates
DB01028,GRIA1,antagonist,inhibits
DB01028,GLRA1,agonist,activates
DB01028,KCNA1,inducer,activates
DB01028,GABRA1,positive allosteric modulator,activates
DB01028,ATP2C1,inhibitor,inhibits
DB01028,MT-ND1,unknown,other
DB01029,AGTR1,antagonist,inhibits
DB01029,JUN,other/unknown,other
DB01030,TOP1,inhibitor,inhibits
DB01030,TOP1MT,inhibitor,inhibits
DB01031,CA2,inhibitor,inhibits
DB01031,CA1,inhibitor,inhibits
DB01032,SLC22A6,inhibitor,inhibits
DB01032,SLC22A11,inhibitor,inhibits
DB01032,SLC22A8,inhibitor,inhibits
DB01032,PANX1,antagonist,inhibits
DB01032,TAS2R16,nan,other
DB01033,HPRT1,inhibitor,inhibits
DB01033,IMPDH1,inhibitor,inhibits
DB01033,PPAT,inhibitor,inhibits
DB01034,FASN,inhibitor,inhibits
DB01035,KCNH2,inhibitor,inhibits
DB01035,SCN5A,inhibitor,inhibits
DB01035,DNMT1,other,other
DB01036,CHRM3,antagonist,inhibits
DB01036,CHRM2,antagonist,inhibits
DB01036,CHRM5,antagonist,inhibits
DB01036,CHRM1,antagonist,inhibits
DB01036,CHRM4,antagonist,inhibits
DB01037,MAOB,inhibitor,inhibits
DB01037,TACR1,antagonist,inhibits
DB01037,MAOA,inhibitor,inhibits
DB01038,DRD2,antagonist,inhibits
DB01038,DRD1,antagonist,inhibits
DB01038,DRD5,antagonist,inhibits
DB01039,PPARA,agonist,activates
DB01039,NR1I2,partial agonist,activates
DB01039,MMP25,inhibitor,inhibits
DB01041,TNF,inhibitor,inhibits
DB01041,CRBN,inhibitor,inhibits
DB01041,ORM1,binder,other
DB01043,GRIN1,antagonist,inhibits
DB01043,HTR3A,antagonist,inhibits
DB01043,CHRNA7,antagonist,inhibits
DB01043,DRD2,antagonist,inhibits
DB01043,GRIN1,binder,other
DB01043,GABRA1,binder,other
DB01045,NR1I2,agonist,activates
DB01046,CLCN2,inducer,activates
DB01047,ESRRA,modulator,other
DB01047,ESRRB,modulator,other
DB01047,ESRRG,modulator,other
DB01047,NR3C1,agonist,activates
DB01047,SMO,agonist,activates
DB01049,DRD1,antagonist,inhibits
DB01049,ADRA1A,antagonist,inhibits
DB01049,ADRB1,antagonist,inhibits
DB01049,HTR1A,antagonist,inhibits
DB01050,PTGS2,inhibitor,inhibits
DB01050,CXCR2,inhibitor,inhibits
DB01050,CXCL8,inhibitor,inhibits
DB01050,CXCR1,inhibitor,inhibits
DB01050,PTGS1,inhibitor,inhibits
DB01050,BCL2,modulator,other
DB01050,THBD,inducer,activates
DB01050,FABP2,binder,other
DB01050,PPARG,activator,activates
DB01050,CFTR,inhibitor,inhibits
DB01050,PPARA,activator,activates
DB01050,GP1BA,inducer,activates
DB01050,S100A7,inducer,activates
DB01051,TOP2A,inhibitor,inhibits
DB01051,TOP2B,inhibitor,inhibits
DB01053,SLC22A8,substrate,other
DB01053,SLC15A1,substrate,other
DB01053,SLC15A2,inhibitor,inhibits
DB01054,CACNA1C,inhibitor,inhibits
DB01054,CACNA2D1,inhibitor,inhibits
DB01054,CACNB2,inhibitor,inhibits
DB01054,CACNA1D,inhibitor,inhibits
DB01054,CACNA1S,inhibitor,inhibits
DB01054,CACNA2D2,inhibitor,inhibits
DB01054,CACNA1H,inhibitor,inhibits
DB01054,KCNMA1,inhibitor,inhibits
DB01055,SHMT1,inhibitor,inhibits
DB01055,CCL2,inhibitor,inhibits
DB01055,TYR,inhibitor,inhibits
DB01056,SCN5A,inhibitor,inhibits
DB01057,BCHE,inhibitor,inhibits
DB01057,ACHE,modulator,other
DB01058,HPGDS,inhibitor,inhibits
DB01059,TOP2A,inhibitor,inhibits
DB01062,CHRM3,antagonist,inhibits
DB01062,CHRM2,antagonist,inhibits
DB01062,CHRM1,antagonist,inhibits
DB01063,DRD2,antagonist,inhibits
DB01063,AR,nan,other
DB01064,ADRB1,agonist,activates
DB01064,IL12B,modulator,other
DB01064,ADRB2,agonist,activates
DB01064,ADRB3,agonist,activates
DB01064,SOD1,stabilization,other
DB01065,MTNR1A,agonist,activates
DB01065,MTNR1B,agonist,activates
DB01065,NQO2,inhibitor,inhibits
DB01065,ESR1,antagonist,inhibits
DB01065,RORB,agonist,activates
DB01065,MPO,inhibitor,inhibits
DB01065,EPX,inhibitor,inhibits
DB01065,CALR,nan,other
DB01065,ASMT,nan,other
DB01065,CALM1,nan,other
DB01067,ABCC8,inhibitor,inhibits
DB01067,KCNJ10,blocker,inhibits
DB01067,PPARG,agonist,activates
DB01068,GABRA1,positive allosteric modulator,activates
DB01068,GABRA1,ligand,other
DB01068,NR1I2,partial agonist,activates
DB01069,HRH1,antagonist,inhibits
DB01069,DRD2,antagonist,inhibits
DB01069,CHRM1,antagonist,inhibits
DB01069,CHRM2,antagonist,inhibits
DB01069,CHRM3,antagonist,inhibits
DB01069,CHRM4,antagonist,inhibits
DB01069,CHRM5,antagonist,inhibits
DB01069,ADRA1A,antagonist,inhibits
DB01069,HRH2,antagonist,inhibits
DB01069,SCN1A,inhibitor,inhibits
DB01069,CALM1,inhibitor,inhibits
DB01070,VDR,agonist,activates
DB01071,HRH1,antagonist,inhibits
DB01073,ADA,inhibitor,inhibits
DB01073,DCK,agonist,activates
DB01073,POLA1,inhibitor,inhibits
DB01073,RRM1,inhibitor,inhibits
DB01074,CPT1A,inhibitor,inhibits
DB01074,CPT1B,inhibitor,inhibits
DB01074,CPT2,inhibitor,inhibits
DB01074,KCNH2,nan,other
DB01075,HNMT,inhibitor,inhibits
DB01075,HRH1,antagonist,inhibits
DB01075,CHRM2,antagonist,inhibits
DB01076,HMGCR,inhibitor,inhibits
DB01076,DPP4,inhibitor,inhibits
DB01076,AHR,agonist,activates
DB01076,HDAC2,inhibitor,inhibits
DB01076,NR1I3,ligand,other
DB01077,PTPRS,inhibitor,inhibits
DB01077,ATP6V1A,inhibitor,inhibits
DB01077,SLC25A4,inhibitor,inhibits
DB01077,SLC25A5,inhibitor,inhibits
DB01077,SLC25A6,inhibitor,inhibits
DB01078,ATP1A1,inhibitor,inhibits
DB01079,HTR4,antagonist,inhibits
DB01079,HTR2C,antagonist,inhibits
DB01079,HTR2A,antagonist,inhibits
DB01079,HTR2B,antagonist,inhibits
DB01080,ABAT,inhibitor,inhibits
DB01081,OPRM1,agonist,activates
DB01081,OPRD1,agonist,activates
DB01082,PADI4,inhibitor,inhibits
DB01083,PNLIP,inhibitor,inhibits
DB01083,CNR1,inhibitor,inhibits
DB01083,LIPF,inhibitor,inhibits
DB01083,FASN,inhibitor,inhibits
DB01084,HRH1,antagonist,inhibits
DB01085,CHRM3,agonist,activates
DB01085,CHRM1,agonist,activates
DB01085,CHRM2,agonist,activates
DB01085,CHRM5,agonist,activates
DB01085,CHRM4,partial agonist,activates
DB01086,SCN10A,inhibitor,inhibits
DB01087,KRT7,other/unknown,other
DB01087,NQO2,inhibitor,inhibits
DB01088,PTGIR,agonist,activates
DB01088,PTGER2,agonist,activates
DB01088,PTGER1,agonist,activates
DB01088,PDE4A,inducer,activates
DB01088,PDE4B,inducer,activates
DB01088,PDE4C,inducer,activates
DB01088,PDE4D,inducer,activates
DB01088,PLAT,other/unknown,other
DB01088,PTGDR2,agonist,activates
DB01089,SLC18A2,inhibitor,inhibits
DB01089,ACE,inhibitor,inhibits
DB01090,CHRNA4,antagonist,inhibits
DB01090,CHRNA3,antagonist,inhibits
DB01090,CHRNB4,antagonist,inhibits
DB01090,CHRNA10,antagonist,inhibits
DB01091,SQLE,inhibitor,inhibits
DB01092,ATP1A1,inhibitor,inhibits
DB01092,ATP1A2,inhibitor,inhibits
DB01092,ATP1A3,inhibitor,inhibits
DB01093,IL5RA,downregulator,inhibits
DB01093,MUC16,downregulator,inhibits
DB01093,MYC,downregulator,inhibits
DB01094,DGAT1,inhibitor,inhibits
DB01094,MTTP,antagonist,inhibits
DB01094,SOAT1,inhibitor,inhibits
DB01094,SHBG,nan,other
DB01094,SOAT2,inhibitor,inhibits
DB01095,HMGCR,inhibitor,inhibits
DB01095,HDAC2,inhibitor,inhibits
DB01097,DHODH,inhibitor,inhibits
DB01097,AHR,agonist,activates
DB01097,PTK2B,antagonist,inhibits
DB01098,HMGCR,inhibitor,inhibits
DB01098,ITGAL,inhibitory allosteric modulator,inhibits
DB01099,DNMT1,other,other
DB01100,DRD2,antagonist,inhibits
DB01100,DRD3,antagonist,inhibits
DB01100,KCNH2,inhibitor,inhibits
DB01100,CALM1,inhibitor,inhibits
DB01101,TYMS,inhibitor,inhibits
DB01102,ADRB1,agonist,activates
DB01102,ADRB2,agonist,activates
DB01102,ADRB3,agonist,activates
DB01103,PLA2G1B,inhibitor,inhibits
DB01103,PLA2G6,inhibitor,inhibits
DB01103,PLA2G4A,inhibitor,inhibits
DB01103,PLCL1,inhibitor,inhibits
DB01104,SLC6A4,inhibitor,inhibits
DB01104,SLC6A3,inhibitor,inhibits
DB01104,PGRMC1,inhibitor,inhibits
DB01104,SLC6A2,inhibitor,inhibits
DB01104,SLC29A4,nan,other
DB01105,SLC6A3,inhibitor,inhibits
DB01105,SLC6A4,inhibitor,inhibits
DB01105,SLC6A2,inhibitor,inhibits
DB01106,HRH1,antagonist,inhibits
DB01106,NTSR2,partial antagonist,inhibits
DB01107,GABRA1,positive allosteric modulator,activates
DB01107,GABRA1,agonist,activates
DB01108,HSD3B1,inhibitor,inhibits
DB01108,HSD3B2,inhibitor,inhibits
DB01108,ESR1,allosteric modulator,other
DB01108,ESR2,allosteric modulator,other
DB01109,SERPINC1,potentiator,activates
DB01109,F10,inhibitor,inhibits
DB01109,SELP,inhibitor,inhibits
DB01109,FGFR4,nan,other
DB01109,FGF4,nan,other
DB01109,FGF19,nan,other
DB01109,FGFR1,nan,other
DB01109,FGF1,nan,other
DB01109,FGFR2,nan,other
DB01109,FGF2,nan,other
DB01109,PF4,nan,other
DB01109,HGF,nan,other
DB01110,NOS3,inhibitor,inhibits
DB01110,NOS2,inhibitor,inhibits
DB01110,NR1I2,partial agonist,activates
DB01110,KCNMA1,inhibitor,inhibits
DB01110,KCNJ12,inhibitor,inhibits
DB01110,CACNA1C,inhibitor,inhibits
DB01113,PDE4D,inhibitor,inhibits
DB01113,PDE5A,inhibitor,inhibits
DB01113,PDE4B,inhibitor,inhibits
DB01113,PDE10A,inhibitor,inhibits
DB01114,HRH1,antagonist,inhibits
DB01114,SLC6A4,inhibitor,inhibits
DB01114,SLC6A2,inhibitor,inhibits
DB01114,SLC6A3,inhibitor,inhibits
DB01115,CACNA1C,inhibitor,inhibits
DB01115,CACNA1D,inhibitor,inhibits
DB01115,CACNB2,inhibitor,inhibits
DB01115,NR1I2,agonist,activates
DB01115,CACNA1S,inhibitor,inhibits
DB01115,KCND3,inhibitor,inhibits
DB01115,CACNA1G,inhibitor,inhibits
DB01115,CALM1,inhibitor,inhibits
DB01116,CHRNA4,antagonist,inhibits
DB01116,CHRNA10,antagonist,inhibits
DB01117,DHODH,inhibitor,inhibits
DB01118,KCNH2,inhibitor,inhibits
DB01118,ADRB1,inhibitor,inhibits
DB01118,CACNA1I,inhibitor,inhibits
DB01118,CACNA1C,inhibitor,inhibits
DB01118,PPARG,agonist,activates
DB01118,PPARA,agonist,activates
DB01118,PPARGC1B,agonist,activates
DB01119,KCNJ11,inducer,activates
DB01119,ATP5F1A,inhibitor,inhibits
DB01120,ABCC8,binder,other
DB01120,VEGFA,other/unknown,other
DB01121,SCN1A,inhibitor,inhibits
DB01122,ACHE,inhibitor,inhibits
DB01123,F2,other/unknown,other
DB01124,ABCC9,blocker,inhibits
DB01124,ABCC8,inhibitor,inhibits
DB01124,KCNJ1,inhibitor,inhibits
DB01125,GGCX,inhibitor,inhibits
DB01125,F2,modulator,other
DB01126,SRD5A1,inhibitor,inhibits
DB01126,SRD5A3,inhibitor,inhibits
DB01126,SRD5A2,inhibitor,inhibits
DB01127,NR1I2,partial agonist,activates
DB01128,AR,antagonist,inhibits
DB01129,ATP4A,inhibitor,inhibits
DB01130,NR3C1,agonist,activates
DB01130,ESRRB,modulator,other
DB01130,ESRRG,modulator,other
DB01130,ESRRA,modulator,other
DB01131,DHFR,inhibitor,inhibits
DB01131,PDF,inhibitor,inhibits
DB01132,PPARG,agonist,activates
DB01132,MAOB,inhibitor,inhibits
DB01133,PTPN12,inhibitor,inhibits
DB01133,PTPN6,inhibitor,inhibits
DB01133,PTPRE,inhibitor,inhibits
DB01133,ATP6V0A1,inhibitor,inhibits
DB01134,NR3C2,agonist,activates
DB01135,CHRNA2,antagonist,inhibits
DB01135,CHRM2,antagonist,inhibits
DB01136,ADRB1,antagonist,inhibits
DB01136,ADRA1A,antagonist,inhibits
DB01136,ADRA1A,inhibitor,inhibits
DB01136,NDUFC2,inhibitor,inhibits
DB01136,ADRB2,antagonist,inhibits
DB01136,VEGFA,other,other
DB01136,NPPB,other,other
DB01136,GJA1,other,other
DB01136,KCNH2,inhibitor,inhibits
DB01136,VCAM1,inhibitor,inhibits
DB01136,ADRA1D,antagonist,inhibits
DB01136,ADRA1B,antagonist,inhibits
DB01136,ADRA2C,antagonist,inhibits
DB01136,ADRA2B,antagonist,inhibits
DB01136,ADRA2A,antagonist,inhibits
DB01136,SELE,inhibitor,inhibits
DB01136,HIF1A,modulator,other
DB01136,KCNJ4,inhibitor,inhibits
DB01136,KCNJ2,inhibitor,inhibits
DB01138,SLC22A12,inhibitor,inhibits
DB01138,ABCC1,inhibitor,inhibits
DB01138,ABCC2,inhibitor,inhibits
DB01138,NR1I2,activator,activates
DB01142,HRH1,antagonist,inhibits
DB01142,HRH2,antagonist,inhibits
DB01142,SLC6A2,inhibitor,inhibits
DB01142,SLC6A4,inhibitor,inhibits
DB01142,HTR2A,antagonist,inhibits
DB01142,HTR2B,antagonist,inhibits
DB01142,HTR2C,antagonist,inhibits
DB01142,CHRM1,antagonist,inhibits
DB01142,CHRM2,antagonist,inhibits
DB01142,CHRM3,antagonist,inhibits
DB01142,CHRM4,antagonist,inhibits
DB01142,CHRM5,antagonist,inhibits
DB01142,ADRA1A,antagonist,inhibits
DB01142,ADRA1B,antagonist,inhibits
DB01142,ADRA1D,antagonist,inhibits
DB01142,HTR1A,antagonist,inhibits
DB01142,HTR6,binder,other
DB01142,HRH4,binder,other
DB01142,KCNH2,inhibitor,inhibits
DB01143,ALPG,inducer,activates
DB01144,CA2,inhibitor,inhibits
DB01144,CA1,inhibitor,inhibits
DB01144,CA4,inhibitor,inhibits
DB01144,CA7,inhibitor,inhibits
DB01144,CA3,inhibitor,inhibits
DB01146,HRH1,antagonist,inhibits
DB01146,SLC6A3,inhibitor,inhibits
DB01148,CHRM1,antagonist,inhibits
DB01148,CHRM5,antagonist,inhibits
DB01148,CHRM2,antagonist,inhibits
DB01149,HTR2A,antagonist,inhibits
DB01149,HTR2C,antagonist,inhibits
DB01149,SLC6A4,inhibitor,inhibits
DB01149,HTR1A,antagonist,inhibits
DB01149,SLC6A2,inhibitor,inhibits
DB01149,SLC6A3,inhibitor,inhibits
DB01149,ADRA1B,other/unknown,other
DB01149,ADRA2A,antagonist,inhibits
DB01149,ADRA1A,antagonist,inhibits
DB01149,KCNH2,antagonist,inhibits
DB01151,SLC6A2,inhibitor,inhibits
DB01151,SLC6A4,inhibitor,inhibits
DB01151,HTR2A,antagonist,inhibits
DB01151,ADRB2,antagonist,inhibits
DB01151,ADRB1,other,other
DB01151,SMPD1,inhibitor,inhibits
DB01151,HRH1,antagonist,inhibits
DB01151,ADRA1A,antagonist,inhibits
DB01151,CHRM1,antagonist,inhibits
DB01151,CHRM2,antagonist,inhibits
DB01151,CHRM3,antagonist,inhibits
DB01151,CHRM4,antagonist,inhibits
DB01151,CHRM5,antagonist,inhibits
DB01151,HTR1A,binder,other
DB01151,HTR2C,binder,other
DB01151,DRD2,binder,other
DB01151,ADRA2A,binder,other
DB01154,GABRG3,modulator,other
DB01154,KCNJ8,inhibitor,inhibits
DB01154,KCNJ11,inhibitor,inhibits
DB01154,GABRA1,agonist,activates
DB01156,SLC6A3,inhibitor,inhibits
DB01156,SLC6A4,inhibitor,inhibits
DB01156,SLC6A2,inhibitor,inhibits
DB01156,CHRNA3,antagonist,inhibits
DB01156,HTR3A,negative modulator,inhibits
DB01157,PDF,inhibitor,inhibits
DB01157,DHFR,inhibitor,inhibits
DB01158,ATP1A1,inhibitor,inhibits
DB01158,ADRB1,antagonist,inhibits
DB01159,KCNK3,binder,other
DB01159,KCNK9,binder,other
DB01159,GABRA1,positive allosteric modulator,activates
DB01159,ATP2B1,inhibitor,inhibits
DB01159,KCNMA1,inhibitor,inhibits
DB01159,GRIN3A,antagonist,inhibits
DB01159,GRIN3B,antagonist,inhibits
DB01159,GRIN2A,antagonist,inhibits
DB01159,GLRA1,allosteric modulator,other
DB01159,RHO,other,other
DB01159,KCNJ6,inhibitor,inhibits
DB01159,KCNJ3,inhibitor,inhibits
DB01159,MT-ND1,inhibitor,inhibits
DB01159,KCNN4,inhibitor,inhibits
DB01159,GABRA1,other/unknown,other
DB01159,GNG2,other/unknown,other
DB01159,NPSR1,other/unknown,other
DB01160,PTGFR,agonist,activates
DB01160,PTGIR,antagonist,inhibits
DB01161,ATP1A1,blocker,inhibits
DB01161,SCN1A,inhibitor,inhibits
DB01161,SLC6A3,inhibitor,inhibits
DB01162,ADRA1A,antagonist,inhibits
DB01162,ADRA1B,antagonist,inhibits
DB01162,ADRA1D,antagonist,inhibits
DB01162,TGFB1,inducer,activates
DB01162,KCNH2,inhibitor,inhibits
DB01162,KCNH6,inhibitor,inhibits
DB01162,KCNH7,inhibitor,inhibits
DB01164,S100A13,nan,other
DB01165,TOP2A,inhibitor,inhibits
DB01166,PDE3A,inhibitor,inhibits
DB01168,MAOA,inhibitor,inhibits
DB01169,IKBKB,inducer,activates
DB01169,TXNRD1,inhibitor,inhibits
DB01169,JUN,inducer,activates
DB01169,CCND1,antagonist,inhibits
DB01169,MAPK3,inducer,activates
DB01169,MAPK1,inducer,activates
DB01169,AKT1,inducer,activates
DB01169,CDKN1A,nan,other
DB01169,HDAC1,nan,other
DB01169,PML,nan,other
DB01170,SLC6A2,inducer,activates
DB01171,MAOA,antagonist,inhibits
DB01171,MAOB,antagonist,inhibits
DB01173,GRIN2D,antagonist,inhibits
DB01173,GRIN1,antagonist,inhibits
DB01173,GRIN3B,antagonist,inhibits
DB01173,GRIN3A,antagonist,inhibits
DB01173,HRH1,antagonist,inhibits
DB01173,SLC6A2,inhibitor,inhibits
DB01173,SCN10A,inhibitor,inhibits
DB01174,GABRA1,potentiator,activates
DB01174,CHRNA4,antagonist,inhibits
DB01174,CHRNA7,antagonist,inhibits
DB01174,GRIA2,antagonist,inhibits
DB01174,GRIK2,antagonist,inhibits
DB01174,GRIN1,antagonist,inhibits
DB01174,NR1I2,activator,activates
DB01175,SLC6A4,inhibitor,inhibits
DB01175,CHRM1,inhibitor,inhibits
DB01175,HRH1,inhibitor,inhibits
DB01175,HTR1A,inhibitor,inhibits
DB01175,HTR2A,inhibitor,inhibits
DB01175,ADRA1A,inhibitor,inhibits
DB01175,HTR2C,inhibitor,inhibits
DB01175,ADRA2A,inhibitor,inhibits
DB01175,DRD2,inhibitor,inhibits
DB01175,SLC6A2,inhibitor,inhibits
DB01175,SLC6A3,inhibitor,inhibits
DB01176,HRH1,antagonist,inhibits
DB01176,SULT1E1,inhibitor,inhibits
DB01177,TOP2B,modulator,other
DB01177,TOP2A,inhibitor,inhibits
DB01178,TSPO,agonist,activates
DB01179,TOP2B,modulator,other
DB01179,TUBA4A,inhibitor,inhibits
DB01179,TUBB,inhibitor,inhibits
DB01179,TOP2A,inhibitor,inhibits
DB01180,ACE,inhibitor,inhibits
DB01181,NR1I2,nan,other
DB01182,SCN5A,inhibitor,inhibits
DB01182,KCNH2,inhibitor,inhibits
DB01182,ADRB1,antagonist,inhibits
DB01182,ADRB2,antagonist,inhibits
DB01183,OPRM1,antagonist,inhibits
DB01183,OPRD1,antagonist,inhibits
DB01183,OPRK1,antagonist,inhibits
DB01183,CREB1,other/unknown,other
DB01183,ESR1,antagonist,inhibits
DB01183,TLR4,inhibitor,inhibits
DB01183,CES1,binder,other
DB01184,DRD3,antagonist,inhibits
DB01184,DRD2,antagonist,inhibits
DB01185,AR,agonist,activates
DB01185,ESR1,antagonist,inhibits
DB01185,NR3C1,antagonist,inhibits
DB01185,HSD11B2,inhibitor,inhibits
DB01186,DRD2,agonist,activates
DB01186,DRD3,agonist,activates
DB01186,DRD4,agonist,activates
DB01186,DRD5,agonist,activates
DB01186,DRD1,agonist,activates
DB01186,HTR1A,agonist,activates
DB01186,HTR2B,agonist,activates
DB01186,HTR2A,agonist,activates
DB01186,HTR1D,agonist,activates
DB01186,ADRA2A,agonist,activates
DB01186,HTR1B,agonist,activates
DB01186,HTR2C,agonist,activates
DB01186,ADRA1A,agonist,activates
DB01186,ADRA1B,agonist,activates
DB01186,ADRA1D,agonist,activates
DB01188,ATP1A1,binder,other
DB01189,GABRA1,positive allosteric modulator,activates
DB01189,GLRA1,agonist,activates
DB01189,GRIA1,antagonist,inhibits
DB01189,KCNA1,inducer,activates
DB01189,MT-ND1,inhibitor,inhibits
DB01189,ATP2C1,inhibitor,inhibits
DB01189,ATP5F1D,other/unknown,other
DB01191,SLC6A4,inhibitor,inhibits
DB01191,HTR2C,agonist,activates
DB01192,OPRM1,agonist,activates
DB01192,OPRD1,antagonist,inhibits
DB01193,ADRB1,partial agonist,activates
DB01193,ADRB2,partial agonist,activates
DB01194,CA2,inhibitor,inhibits
DB01194,CA1,inhibitor,inhibits
DB01194,CA4,inhibitor,inhibits
DB01194,CA5A,inhibitor,inhibits
DB01194,CA3,inhibitor,inhibits
DB01195,SCN4A,inhibitor,inhibits
DB01195,SCN5A,inhibitor,inhibits
DB01195,KCNH2,inhibitor,inhibits
DB01195,RYR2,inhibitor,inhibits
DB01196,ESR2,other/unknown,other
DB01196,ESR1,agonist,activates
DB01196,MAP2,antagonist,inhibits
DB01196,MAP1A,antagonist,inhibits
DB01197,ACE,inhibitor,inhibits
DB01197,MMP2,inhibitor,inhibits
DB01197,MMP9,inhibitor,inhibits
DB01197,LTA4H,inhibitor,inhibits
DB01197,BDKRB1,nan,other
DB01198,GABRA1,potentiator,activates
DB01198,GABRA2,potentiator,activates
DB01198,GABRA3,potentiator,activates
DB01198,GABRA5,potentiator,activates
DB01198,TSPO,agonist,activates
DB01199,CHRNA2,antagonist,inhibits
DB01199,HTR3A,antagonist,inhibits
DB01199,ACHE,inhibitor,inhibits
DB01199,CHRNA7,nan,other
DB01200,DRD2,agonist,activates
DB01200,DRD3,agonist,activates
DB01200,HTR1D,agonist,activates
DB01200,ADRA2A,agonist,activates
DB01200,HTR1A,agonist,activates
DB01200,ADRA2C,agonist,activates
DB01200,ADRA2B,agonist,activates
DB01200,HTR2B,agonist,activates
DB01200,DRD4,antagonist,inhibits
DB01200,HTR2A,agonist,activates
DB01200,HTR1B,agonist,activates
DB01200,HTR2C,agonist,activates
DB01200,DRD5,agonist,activates
DB01200,DRD1,agonist,activates
DB01200,ADRA1A,antagonist,inhibits
DB01200,ADRA1B,antagonist,inhibits
DB01200,ADRA1D,agonist,activates
DB01200,HTR7,antagonist,inhibits
DB01202,HTR3A,antagonist,inhibits
DB01202,CACNA1B,inhibitor,inhibits
DB01202,SV2A,agonist,activates
DB01203,ADRB1,antagonist,inhibits
DB01203,ADRB2,antagonist,inhibits
DB01204,TOP2B,modulator,other
DB01204,TOP2A,inhibitor,inhibits
DB01205,TSPO,antagonist,inhibits
DB01205,GABRG2,antagonist,inhibits
DB01205,GABRA2,allosteric modulator,other
DB01205,GABRG3,allosteric modulator,other
DB01205,GABRA3,allosteric modulator,other
DB01205,GABRA5,antagonist,inhibits
DB01205,GABRA1,positive allosteric modulator,activates
DB01205,GABRA1,antagonist,inhibits
DB01206,STMN4,antagonist,inhibits
DB01207,TBXAS1,inhibitor,inhibits
DB01207,TBXA2R,antagonist,inhibits
DB01208,TOP2A,inhibitor,inhibits
DB01209,OPRM1,agonist,activates
DB01209,OPRK1,antagonist,inhibits
DB01210,ADRB1,antagonist,inhibits
DB01210,ADRB2,antagonist,inhibits
DB01211,KCNH2,nan,other
DB01211,SLCO1B1,nan,other
DB01211,SLCO1B3,nan,other
DB01212,SLC22A11,nan,other
DB01212,SLC22A6,nan,other
DB01212,SLC22A8,nan,other
DB01212,SLC15A1,nan,other
DB01213,ADH1A,inhibitor,inhibits
DB01213,ADH1B,inhibitor,inhibits
DB01213,ADH1C,inhibitor,inhibits
DB01213,CAT,inhibitor,inhibits
DB01214,ADRB1,antagonist,inhibits
DB01214,ADRB2,antagonist,inhibits
DB01215,GABRA1,positive allosteric modulator,activates
DB01215,TSPO,agonist,activates
DB01215,GABRA1,ligand,other
DB01216,SRD5A2,inhibitor,inhibits
DB01216,SRD5A3,inhibitor,inhibits
DB01216,SRD5A1,inhibitor,inhibits
DB01216,AKR1D1,inhibitor,inhibits
DB01217,CYP19A1,inhibitor,inhibits
DB01218,CALM1,modulator,other
DB01218,CALM3,modulator,other
DB01218,CALM2,modulator,other
DB01218,KCNH2,inhibitor,inhibits
DB01219,RYR1,antagonist,inhibits
DB01220,NR1I2,agonist,activates
DB01221,GRIN3A,antagonist,inhibits
DB01221,HTR3A,potentiator,activates
DB01221,CHRNA7,antagonist,inhibits
DB01221,BCHE,inhibitor,inhibits
DB01221,NOS1,inhibitor,inhibits
DB01221,TACR1,antagonist,inhibits
DB01221,DRD2,agonist,activates
DB01221,OPRD1,binder,other
DB01221,SLC6A2,inhibitor,inhibits
DB01221,OPRK1,agonist,activates
DB01221,OPRM1,binder,other
DB01221,CHRM1,binder,other
DB01221,HTR2A,antagonist,inhibits
DB01221,HTR1A,antagonist,inhibits
DB01222,NR3C1,agonist,activates
DB01222,ANXA1,substrate,other
DB01223,PDE3A,inhibitor,inhibits
DB01223,ADORA1,antagonist,inhibits
DB01223,ADORA3,antagonist,inhibits
DB01223,HDAC2,activator,activates
DB01224,HTR2A,antagonist,inhibits
DB01224,DRD2,antagonist,inhibits
DB01224,HTR1A,antagonist,inhibits
DB01224,HTR1B,ligand,other
DB01224,HTR1D,ligand,other
DB01224,HTR1E,ligand,other
DB01224,HTR2C,ligand,other
DB01224,HTR3A,ligand,other
DB01224,HTR6,antagonist,inhibits
DB01224,HTR7,ligand,other
DB01224,DRD1,antagonist,inhibits
DB01224,DRD5,ligand,other
DB01224,DRD3,ligand,other
DB01224,DRD4,ligand,other
DB01224,HRH1,antagonist,inhibits
DB01224,ADRA1A,antagonist,inhibits
DB01224,ADRA2A,antagonist,inhibits
DB01224,ADRA2B,antagonist,inhibits
DB01224,ADRA2C,antagonist,inhibits
DB01224,CHRM1,antagonist,inhibits
DB01224,CHRM2,ligand,other
DB01224,CHRM3,antagonist,inhibits
DB01224,CHRM4,ligand,other
DB01224,CHRM5,ligand,other
DB01225,SERPINC1,potentiator,activates
DB01225,F10,inhibitor,inhibits
DB01225,F2,inhibitor,inhibits
DB01226,CHRNA2,antagonist,inhibits
DB01226,CHRM2,antagonist,inhibits
DB01226,CHRM3,antagonist,inhibits
DB01226,BCHE,nan,other
DB01227,OPRM1,agonist,activates
DB01227,CHRNB4,other/unknown,other
DB01227,CHRNA3,antagonist,inhibits
DB01228,SCN5A,inhibitor,inhibits
DB01229,TUBB1,inhibitor,inhibits
DB01229,BCL2,inhibitor,inhibits
DB01229,NR1I2,inducer,activates
DB01231,CHRM4,antagonist,inhibits
DB01231,CHRM2,antagonist,inhibits
DB01231,CHRM1,antagonist,inhibits
DB01231,CHRM3,antagonist,inhibits
DB01233,HTR4,agonist,activates
DB01233,HTR3A,antagonist,inhibits
DB01233,CHRM1,agonist,activates
DB01233,DRD2,antagonist,inhibits
DB01234,NR3C1,agonist,activates
DB01234,NR0B1,stimulator,activates
DB01234,ANXA1,agonist,activates
DB01234,NOS2,negative modulator,inhibits
DB01234,NR1I2,agonist,activates
DB01235,DRD1,agonist,activates
DB01235,DRD5,agonist,activates
DB01235,DRD2,agonist,activates
DB01235,DRD3,agonist,activates
DB01235,DRD4,agonist,activates
DB01236,GABRA1,agonist,activates
DB01236,GLRA1,agonist,activates
DB01236,GRIA1,antagonist,inhibits
DB01236,ATP2C1,inhibitor,inhibits
DB01236,CCDC51,activator,activates
DB01236,MT-ND1,inhibitor,inhibits
DB01237,HRH1,antagonist,inhibits
DB01238,DRD2,antagonist,inhibits
DB01238,HTR2A,antagonist,inhibits
DB01238,HTR1A,partial agonist,activates
DB01238,ADRA1A,antagonist,inhibits
DB01238,ADRA1B,antagonist,inhibits
DB01238,DRD3,antagonist,inhibits
DB01238,HTR1D,antagonist,inhibits
DB01238,HTR7,antagonist,inhibits
DB01238,ADRA2A,antagonist,inhibits
DB01238,ADRA2C,antagonist,inhibits
DB01238,HRH1,antagonist,inhibits
DB01238,HTR1B,antagonist,inhibits
DB01238,HTR2C,antagonist,inhibits
DB01238,HTR3A,antagonist,inhibits
DB01238,HTR6,antagonist,inhibits
DB01238,DRD1,antagonist,inhibits
DB01238,DRD4,antagonist,inhibits
DB01238,ADRA2B,antagonist,inhibits
DB01238,HTR1E,antagonist,inhibits
DB01238,DRD5,antagonist,inhibits
DB01238,HTR2B,inverse agonist,inhibits
DB01238,HTR5A,ligand,other
DB01238,ADRB1,ligand,other
DB01238,ADRB2,ligand,other
DB01238,HRH2,ligand,other
DB01238,HRH3,ligand,other
DB01238,HRH4,ligand,other
DB01238,CHRM1,ligand,other
DB01238,CHRM2,ligand,other
DB01238,CHRM3,ligand,other
DB01238,CHRM4,ligand,other
DB01238,CHRM5,ligand,other
DB01238,OPRK1,ligand,other
DB01238,OPRM1,ligand,other
DB01238,OPRD1,ligand,other
DB01238,GRIN1,ligand,other
DB01238,SLC6A3,modulator,other
DB01238,SLC6A4,modulator,other
DB01239,DRD2,antagonist,inhibits
DB01239,DRD1,antagonist,inhibits
DB01239,DRD3,antagonist,inhibits
DB01239,HTR2A,antagonist,inhibits
DB01239,HRH1,antagonist,inhibits
DB01239,HTR1A,inhibitor,inhibits
DB01239,CHRM1,antagonist,inhibits
DB01239,CHRM2,antagonist,inhibits
DB01239,CHRM3,antagonist,inhibits
DB01239,CHRM4,antagonist,inhibits
DB01239,CHRM5,antagonist,inhibits
DB01240,PTGIS,inducer,activates
DB01240,P2RY12,agonist,activates
DB01240,PTGIR,agonist,activates
DB01241,PPARA,agonist,activates
DB01241,LPL,activator,activates
DB01241,SLCO1B1,inhibitor,inhibits
DB01241,SLC22A8,inhibitor,inhibits
DB01241,SLCO2B1,inhibitor,inhibits
DB01241,SLCO1B3,inhibitor,inhibits
DB01242,SLC6A4,inhibitor,inhibits
DB01242,HTR2A,antagonist,inhibits
DB01242,HTR2B,antagonist,inhibits
DB01242,HTR2C,antagonist,inhibits
DB01242,SLC6A2,inhibitor,inhibits
DB01242,GSTP1,inhibitor,inhibits
DB01243,OPRK1,inhibitor,inhibits
DB01244,CACNA1A,inhibitor,inhibits
DB01244,CACNA1H,inhibitor,inhibits
DB01244,CACNA2D2,inhibitor,inhibits
DB01244,ATP1A1,inhibitor,inhibits
DB01244,KCNQ1,inhibitor,inhibits
DB01244,TNNC1,other,other
DB01244,PDE1B,inhibitor,inhibits
DB01244,PDE1A,inhibitor,inhibits
DB01244,KCNH2,inhibitor,inhibits
DB01244,CALM1,binder,other
DB01245,CHRNA2,partial agonist,activates
DB01245,CHRNA1,modulator,other
DB01245,CHRNA4,nan,other
DB01245,CHRNB2,nan,other
DB01245,ACHE,inhibitor,inhibits
DB01246,HRH1,antagonist,inhibits
DB01247,MAOA,inhibitor,inhibits
DB01247,MAOB,inhibitor,inhibits
DB01248,TUBB1,inhibitor,inhibits
DB01248,BCL2,nan,other
DB01248,NR1I2,binder,other
DB01250,PTGS1,inhibitor,inhibits
DB01250,TPMT,inhibitor,inhibits
DB01250,XDH,inhibitor,inhibits
DB01251,ABCC8,inhibitor,inhibits
DB01251,KCNJ10,binder,other
DB01251,KCNJ8,inhibitor,inhibits
DB01252,ABCC8,inhibitor,inhibits
DB01252,KCNJ10,blocker,inhibits
DB01252,PPARG,agonist,activates
DB01253,ADRA1A,agonist,activates
DB01253,DRD2,agonist,activates
DB01254,ABL1,inhibitor,inhibits
DB01254,SRC,inhibitor,inhibits
DB01254,EPHA2,antagonist,inhibits
DB01254,LCK,inhibitor,inhibits
DB01254,YES1,inhibitor,inhibits
DB01254,KIT,antagonist,inhibits
DB01254,PDGFRB,antagonist,inhibits
DB01254,FYN,inhibitor,inhibits
DB01254,BCR,inhibitor,inhibits
DB01254,STAT5B,inhibitor,inhibits
DB01254,ABL2,multitarget,other
DB01254,BTK,inhibitor,inhibits
DB01254,NR4A3,inhibitor,inhibits
DB01254,CSK,inhibitor,inhibits
DB01254,EPHA5,inhibitor,inhibits
DB01254,EPHB4,inhibitor,inhibits
DB01254,FGR,inhibitor,inhibits
DB01254,FRK,binder,other
DB01254,HSPA8,binder,other
DB01254,LYN,inhibitor,inhibits
DB01254,MAP3K20,binder,other
DB01254,MAPK14,binder,other
DB01254,PPAT,binder,other
DB01255,TAAR1,agonist,activates
DB01257,C5,antibody,other
DB01259,EGFR,antagonist,inhibits
DB01259,EEF2K,inhibitor,inhibits
DB01259,ERBB2,antagonist,inhibits
DB01260,ESRRA,modulator,other
DB01260,ESRRB,modulator,other
DB01260,ESRRG,modulator,other
DB01260,NR3C1,agonist,activates
DB01261,DPP4,inhibitor,inhibits
DB01262,DNMT1,inhibitor,inhibits
DB01262,DNMT3A,inhibitor,inhibits
DB01262,DNMT3B,inhibitor,inhibits
DB01262,HDAC1,inhibitor,inhibits
DB01267,HTR2A,antagonist,inhibits
DB01267,DRD2,antagonist,inhibits
DB01267,DRD4,antagonist,inhibits
DB01267,DRD3,antagonist,inhibits
DB01267,HTR2C,antagonist,inhibits
DB01267,HRH1,antagonist,inhibits
DB01267,ADRA1A,antagonist,inhibits
DB01267,ADRA1B,antagonist,inhibits
DB01267,HTR1D,antagonist,inhibits
DB01267,ADRA2A,antagonist,inhibits
DB01267,ADRA2B,antagonist,inhibits
DB01267,ADRA2C,agonist,activates
DB01267,HTR1A,antagonist,inhibits
DB01267,DRD1,antagonist,inhibits
DB01267,HTR7,nan,other
DB01268,PDGFRB,inhibitor,inhibits
DB01268,FLT1,inhibitor,inhibits
DB01268,KIT,inhibitor,inhibits
DB01268,KDR,inhibitor,inhibits
DB01268,FLT4,inhibitor,inhibits
DB01268,FLT3,inhibitor,inhibits
DB01268,CSF1R,inhibitor,inhibits
DB01268,PDGFRA,inhibitor,inhibits
DB01268,MET,inhibitor,inhibits
DB01269,EGFR,suppressor,inhibits
DB01270,VEGFA,antibody,other
DB01271,PLIN3,nan,other
DB01272,M6PR,binder,other
DB01273,CHRNA4,partial agonist,activates
DB01273,CHRNA7,agonist,activates
DB01273,CHRNA3,partial agonist,activates
DB01273,CHRNA6,partial agonist,activates
DB01273,CHRNB2,partial agonist,activates
DB01274,ADRB2,agonist,activates
DB01275,AOC3,inhibitor,inhibits
DB01275,HIF1A,inducer,activates
DB01275,P4HA1,inhibitor,inhibits
DB01276,GLP1R,agonist,activates
DB01277,IGF1R,agonist,activates
DB01277,IGFBP3,nan,other
DB01277,INSR,nan,other
DB01277,IGF2R,nan,other
DB01278,GLP1R,agonist,activates
DB01278,CALCR,agonist,activates
DB01278,RAMP1,agonist,activates
DB01278,RAMP2,agonist,activates
DB01278,RAMP3,agonist,activates
DB01280,POLA1,inhibitor,inhibits
DB01280,LIG1,inhibitor,inhibits
DB01280,PRIM1,inhibitor,inhibits
DB01280,RRM1,inhibitor,inhibits
DB01281,CD80,antagonist,inhibits
DB01281,CD86,antagonist,inhibits
DB01281,CTLA4,inhibitor,inhibits
DB01282,OXTR,agonist,activates
DB01283,PTGS2,inhibitor,inhibits
DB01283,PTGS1,inhibitor,inhibits
DB01284,MC2R,agonist,activates
DB01285,MC2R,agonist,activates
DB01285,CRH,agonist,activates
DB01288,ADRB2,agonist,activates
DB01288,ADRB1,agonist,activates
DB01288,ADRB3,agonist,activates
DB01289,KCNJ10,blocker,inhibits
DB01289,KCNJ8,inhibitor,inhibits
DB01289,INS,regulator,other
DB01291,ADRB2,agonist,activates
DB01291,ADRB1,agonist,activates
DB01295,DRD2,antagonist,inhibits
DB01295,ADRB1,antagonist,inhibits
DB01295,ADRB2,antagonist,inhibits
DB01295,ADRA1A,antagonist,inhibits
DB01296,IL1B,inhibitor,inhibits
DB01296,IFNG,inhibitor,inhibits
DB01296,RELA,inhibitor,inhibits
DB01297,ADRB1,antagonist,inhibits
DB01299,MAOB,inhibitor,inhibits
DB01303,PDE3A,inhibitor,inhibits
DB01303,PDE4A,inhibitor,inhibits
DB01303,ADORA2A,antagonist,inhibits
DB01303,ADORA1,antagonist,inhibits
DB01303,HDAC2,activator,activates
DB01306,INSR,agonist,activates
DB01306,IGF1R,activator,activates
DB01307,INSR,agonist,activates
DB01307,IGF1R,activator,activates
DB01309,INSR,agonist,activates
DB01309,IGF1R,activator,activates
DB01320,SCN5A,inhibitor,inhibits
DB01324,SLC12A3,inhibitor,inhibits
DB01325,SLC12A1,inhibitor,inhibits
DB01325,SLC12A2,inhibitor,inhibits
DB01325,SLC12A3,inhibitor,inhibits
DB01325,CA1,inhibitor,inhibits
DB01325,CA2,inhibitor,inhibits
DB01327,PON1,inhibitor,inhibits
DB01327,IL15,inhibitor,inhibits
DB01327,IL2,inhibitor,inhibits
DB01336,CHRNA2,antagonist,inhibits
DB01336,CHRM2,antagonist,inhibits
DB01337,CHRNA2,antagonist,inhibits
DB01337,CHRM2,antagonist,inhibits
DB01337,CHRM3,antagonist,inhibits
DB01338,CHRNA2,antagonist,inhibits
DB01338,CHRM2,antagonist,inhibits
DB01338,CHRM3,antagonist,inhibits
DB01339,CHRNA2,antagonist,inhibits
DB01340,ACE,inhibitor,inhibits
DB01341,GABRA1,potentiator,activates
DB01342,AGTR1,antagonist,inhibits
DB01345,ATP1A1,nan,other
DB01346,GABRA1,potentiator,activates
DB01346,GABRA2,potentiator,activates
DB01346,SCN5A,inhibitor,inhibits
DB01346,KCNK1,inhibitor,inhibits
DB01346,GRIA2,antagonist,inhibits
DB01347,AGTR1,antagonist,inhibits
DB01348,ACE,inhibitor,inhibits
DB01349,AGTR1,antagonist,inhibits
DB01349,AGTR2,antagonist,inhibits
DB01351,GABRA1,potentiator,activates
DB01351,GABRA2,potentiator,activates
DB01351,GABRA3,potentiator,activates
DB01351,GABRA4,potentiator,activates
DB01351,GABRA5,potentiator,activates
DB01351,GABRA6,potentiator,activates
DB01351,CHRNA4,antagonist,inhibits
DB01351,CHRNA7,antagonist,inhibits
DB01351,GRIA2,antagonist,inhibits
DB01351,GRIK2,antagonist,inhibits
DB01352,GABRA1,potentiator,activates
DB01352,GABRA2,potentiator,activates
DB01352,GABRA3,potentiator,activates
DB01352,GABRA4,potentiator,activates
DB01352,GABRA5,potentiator,activates
DB01352,GABRA6,potentiator,activates
DB01352,CHRNA4,antagonist,inhibits
DB01352,CHRNA7,antagonist,inhibits
DB01352,GRIA2,antagonist,inhibits
DB01352,GRIK2,antagonist,inhibits
DB01353,GABRA2,potentiator,activates
DB01353,GABRA3,potentiator,activates
DB01353,GABRA4,potentiator,activates
DB01353,GABRA5,potentiator,activates
DB01353,GABRA6,potentiator,activates
DB01353,GABRA1,potentiator,activates
DB01353,CHRNA4,antagonist,inhibits
DB01353,CHRNA7,antagonist,inhibits
DB01353,GRIA2,antagonist,inhibits
DB01353,GRIK2,antagonist,inhibits
DB01354,GABRA1,potentiator,activates
DB01354,GABRA2,potentiator,activates
DB01354,GABRA3,potentiator,activates
DB01354,GABRA4,potentiator,activates
DB01354,GABRA5,potentiator,activates
DB01354,GABRA6,potentiator,activates
DB01354,CHRNA4,antagonist,inhibits
DB01354,CHRNA7,antagonist,inhibits
DB01354,GRIA2,antagonist,inhibits
DB01354,GRIK2,antagonist,inhibits
DB01355,GABRA2,potentiator,activates
DB01355,GABRA3,potentiator,activates
DB01355,GABRA4,potentiator,activates
DB01355,GABRA5,potentiator,activates
DB01355,GABRA6,potentiator,activates
DB01355,GABRA1,potentiator,activates
DB01355,CHRNA4,antagonist,inhibits
DB01355,CHRNA7,antagonist,inhibits
DB01355,GRIA2,antagonist,inhibits
DB01355,GRIK2,antagonist,inhibits
DB01356,GSK3B,inhibitor,inhibits
DB01356,IMPA1,inhibitor,inhibits
DB01356,IMPA2,inhibitor,inhibits
DB01356,GRIA3,potentiator,activates
DB01357,ESR1,agonist,activates
DB01359,ADRB1,antagonist,inhibits
DB01359,ADRB2,antagonist,inhibits
DB01359,HTR1A,antagonist,inhibits
DB01359,HTR1B,antagonist,inhibits
DB01363,SLC6A3,negative modulator,inhibits
DB01363,SLC6A2,negative modulator,inhibits
DB01363,ADRA2A,agonist,activates
DB01363,ADRA2B,agonist,activates
DB01363,ADRA2C,agonist,activates
DB01363,MAOA,inhibitor,inhibits
DB01363,MAOB,inhibitor,inhibits
DB01363,ADRB1,agonist,activates
DB01363,ADRB2,agonist,activates
DB01363,ADRB3,agonist,activates
DB01363,SLC6A4,negative modulator,inhibits
DB01363,SLC18A2,inhibitor,inhibits
DB01363,SLC18A1,inhibitor,inhibits
DB01364,DRD2,agonist,activates
DB01364,ADRA1A,agonist,activates
DB01364,ADRB1,agonist,activates
DB01364,ADRB2,agonist,activates
DB01364,SLC6A2,inverse agonist,inhibits
DB01365,ADRA1A,agonist,activates
DB01365,DRD2,agonist,activates
DB01365,ADRB1,agonist,activates
DB01366,ADRB2,agonist,activates
DB01367,MAOB,inhibitor,inhibits
DB01367,BCL2,activator,activates
DB01370,ATP1A1,binder,other
DB01370,KLK1,inhibitor,inhibits
DB01370,APP,nan,other
DB01370,TF,nan,other
DB01373,CACNA1C,ligand,other
DB01373,ATP2C1,agonist,activates
DB01373,TNNC2,agonist,activates
DB01373,TNNC1,agonist,activates
DB01373,SPTBN1,agonist,activates
DB01373,S100B,nan,other
DB01373,CAST,nan,other
DB01373,COMP,nan,other
DB01373,AOC1,nan,other
DB01373,S100A13,nan,other
DB01373,ALPP,nan,other
DB01373,S100A8,nan,other
DB01373,S100A9,nan,other
DB01373,S100A2,nan,other
DB01373,CP,nan,other
DB01373,BMP4,nan,other
DB01373,MGP,nan,other
DB01373,PCDH19,nan,other
DB01373,PDCD6,nan,other
DB01373,CALM1,nan,other
DB01375,TNNC1,stimulator,activates
DB01375,VDAC1,inhibitor,inhibits
DB01375,VDAC2,inhibitor,inhibits
DB01375,VDAC3,inhibitor,inhibits
DB01378,ATP1A1,nan,other
DB01380,ESRRB,modulator,other
DB01380,ESRRG,modulator,other
DB01380,NR3C1,agonist,activates
DB01380,ESRRA,modulator,other
DB01380,ANXA1,inducer,activates
DB01381,SLC6A2,inhibitor,inhibits
DB01381,PLA2G2A,inhibitor,inhibits
DB01381,GLRA1,antagonist,inhibits
DB01381,GABRA1,negative modulator,inhibits
DB01381,GABRB2,negative modulator,inhibits
DB01381,GABRG2,negative modulator,inhibits
DB01381,MAOA,inhibitor,inhibits
DB01381,NOS2,inhibitor,inhibits
DB01382,KCNJ1,other/unknown,other
DB01382,KCNJ10,binder,other
DB01382,ABCC8,inducer,activates
DB01384,SERPINA6,binder,other
DB01384,NR3C1,agonist,activates
DB01388,CACNA1G,inhibitor,inhibits
DB01388,CACNA1H,inhibitor,inhibits
DB01388,CACNA1C,inhibitor,inhibits
DB01388,CACNA1D,inhibitor,inhibits
DB01388,CACNA1F,inhibitor,inhibits
DB01388,CACNA1I,inhibitor,inhibits
DB01388,CACNA1S,inhibitor,inhibits
DB01388,CACNB1,inhibitor,inhibits
DB01388,CACNB2,inhibitor,inhibits
DB01388,CACNB3,inhibitor,inhibits
DB01388,CACNB4,inhibitor,inhibits
DB01390,CACNA1H,blocker,inhibits
DB01390,KCND3,blocker,inhibits
DB01392,ADRA2A,antagonist,inhibits
DB01392,ADRA2B,antagonist,inhibits
DB01392,ADRA2C,antagonist,inhibits
DB01392,HTR1A,partial agonist,activates
DB01392,HTR1B,partial agonist,activates
DB01392,HTR1D,partial agonist,activates
DB01392,DRD2,antagonist,inhibits
DB01392,DRD3,antagonist,inhibits
DB01392,HTR2A,antagonist,inhibits
DB01392,HTR2C,antagonist,inhibits
DB01392,KCNJ1,inhibitor,inhibits
DB01392,HTR2B,antagonist,inhibits
DB01393,PPARD,agonist,activates
DB01393,PPARG,agonist,activates
DB01393,PPARA,agonist,activates
DB01393,NR1I2,partial agonist,activates
DB01393,RXRA,agonist,activates
DB01393,RXRB,agonist,activates
DB01393,RXRG,agonist,activates
DB01394,TUBB,inhibitor,inhibits
DB01395,NR3C2,antagonist,inhibits
DB01395,AR,antagonist,inhibits
DB01395,PGR,agonist,activates
DB01395,NR3C1,binder,other
DB01396,ATP1B2,inhibitor,inhibits
DB01396,ATP1B3,inhibitor,inhibits
DB01396,ATP1A1,inhibitor,inhibits
DB01396,ATP1A3,inhibitor,inhibits
DB01396,ATP1B1,inhibitor,inhibits
DB01396,ATP1A2,inhibitor,inhibits
DB01397,PTGS2,inhibitor,inhibits
DB01397,PTGS1,inhibitor,inhibits
DB01399,PTGS2,inhibitor,inhibits
DB01399,PTGS1,inhibitor,inhibits
DB01400,ACHE,inhibitor,inhibits
DB01401,PTGS1,inhibitor,inhibits
DB01401,PTGS2,inhibitor,inhibits
DB01403,DRD2,antagonist,inhibits
DB01403,DRD1,antagonist,inhibits
DB01403,DRD5,antagonist,inhibits
DB01403,DRD3,antagonist,inhibits
DB01403,DRD4,antagonist,inhibits
DB01403,HTR2A,antagonist,inhibits
DB01403,HTR2C,antagonist,inhibits
DB01403,HRH1,antagonist,inhibits
DB01403,CHRM1,antagonist,inhibits
DB01403,CHRM2,antagonist,inhibits
DB01403,CHRM3,antagonist,inhibits
DB01403,CHRM4,antagonist,inhibits
DB01403,CHRM5,antagonist,inhibits
DB01403,ADRA1A,antagonist,inhibits
DB01403,ADRA1B,antagonist,inhibits
DB01403,ADRA1D,antagonist,inhibits
DB01403,ADRA2A,antagonist,inhibits
DB01403,ADRA2B,antagonist,inhibits
DB01403,ADRA2C,antagonist,inhibits
DB01404,AHR,agonist,activates
DB01404,IL6,antagonist,inhibits
DB01404,PTGS2,inhibitor,inhibits
DB01406,ESR1,agonist,activates
DB01406,AR,agonist,activates
DB01406,PGR,agonist,activates
DB01406,GNRHR,negative modulator,inhibits
DB01406,GNRHR2,negative modulator,inhibits
DB01406,CCL2,inhibitor,inhibits
DB01407,ADRB2,agonist,activates
DB01407,ADRB1,agonist,activates
DB01407,ADRB3,agonist,activates
DB01407,NGF,stimulator,activates
DB01407,TNF,other/unknown,other
DB01408,ADRB2,agonist,activates
DB01408,BCHE,inhibitor,inhibits
DB01409,CHRM3,antagonist,inhibits
DB01409,CHRM1,antagonist,inhibits
DB01409,CHRM2,antagonist,inhibits
DB01409,CHRM4,nan,other
DB01409,CHRM5,nan,other
DB01410,SERPINA6,binder,other
DB01410,NR3C1,agonist,activates
DB01411,CYSLTR1,antagonist,inhibits
DB01411,TNF,other/unknown,other
DB01411,IL5,antagonist,inhibits
DB01411,RNASE3,other/unknown,other
DB01411,NFKB1,other/unknown,other
DB01411,MUC2,other/unknown,other
DB01411,NFKB2,inhibitor,inhibits
DB01412,ADORA1,antagonist,inhibits
DB01412,NT5E,inhibitor,inhibits
DB01412,ADORA2A,antagonist,inhibits
DB01412,PDE4B,inhibitor,inhibits
DB01418,VKORC1,inhibitor,inhibits
DB01419,PTGS1,inhibitor,inhibits
DB01419,PTGS2,inhibitor,inhibits
DB01420,AR,agonist,activates
DB01421,RPSA,inhibitor,inhibits
DB01421,RPL10L,inhibitor,inhibits
DB01422,METAP2,inhibitor,inhibits
DB01425,DRD2,antagonist,inhibits
DB01426,SCN5A,inhibitor,inhibits
DB01427,PDE4A,inhibitor,inhibits
DB01427,PDE3A,inhibitor,inhibits
DB01427,PDE3B,inhibitor,inhibits
DB01427,TNF,inhibitor,inhibits
DB01428,LIPE,inhibitor,inhibits
DB01428,PGR,antagonist,inhibits
DB01428,AR,antagonist,inhibits
DB01428,ESR1,nan,other
DB01428,ESR2,nan,other
DB01429,CALM2,inhibitor,inhibits
DB01429,CALM1,inhibitor,inhibits
DB01429,CALM3,inhibitor,inhibits
DB01429,SCN5A,inhibitor,inhibits
DB01430,ATP1A1,binder,other
DB01431,PGR,agonist,activates
DB01431,SLC6A9,blocker,inhibits
DB01431,ESR1,agonist,activates
DB01433,OPRM1,agonist,activates
DB01435,PTGS1,inhibitor,inhibits
DB01435,PTGS2,inhibitor,inhibits
DB01436,VDR,agonist,activates
DB01436,CYP27B1,nan,other
DB01436,RXRA,nan,other
DB01437,GABRA1,agonist,activates
DB01437,CYP2D6,inducer,activates
DB01437,GABRA1,positive allosteric modulator,activates
DB01438,SCN1A,inhibitor,inhibits
DB01439,OPRK1,agonist,activates
DB01439,OPRM1,agonist,activates
DB01439,OPRD1,agonist,activates
DB01440,GABBR1,modulator,other
DB01440,GABBR2,modulator,other
DB01440,SLC52A2,agonist,activates
DB01442,HTR2A,agonist,activates
DB01442,SLC6A3,negative modulator,inhibits
DB01442,SLC6A4,negative modulator,inhibits
DB01442,SLC6A2,negative modulator,inhibits
DB01442,SLC18A2,inhibitor,inhibits
DB01442,SLC18A1,inhibitor,inhibits
DB01442,MAOA,inhibitor,inhibits
DB01442,MAOB,inhibitor,inhibits
DB01444,OPRM1,agonist,activates
DB01444,OPRD1,agonist,activates
DB01445,HTR1D,antagonist,inhibits
DB01445,HTR2A,antagonist,inhibits
DB01445,HTR6,antagonist,inhibits
DB01445,HTR7,agonist,activates
DB01445,HTR5A,antagonist,inhibits
DB01452,OPRM1,agonist,activates
DB01452,OPRK1,agonist,activates
DB01452,OPRD1,agonist,activates
DB01452,CES1,nan,other
DB01454,SLC18A2,inhibitor,inhibits
DB01454,SLC6A2,negative modulator,inhibits
DB01454,SLC6A4,negative modulator,inhibits
DB01454,HTR2C,agonist,activates
DB01454,HTR2A,agonist,activates
DB01454,HTR2B,agonist,activates
DB01454,SLC6A3,negative modulator,inhibits
DB01460,HTR6,inhibitor,inhibits
DB01462,OPRK1,inhibitor,inhibits
DB01462,OPRD1,inhibitor,inhibits
DB01462,OPRM1,inhibitor,inhibits
DB01463,SLC6A3,inhibitor,inhibits
DB01463,DRD2,agonist,activates
DB01465,HTR1D,inhibitor,inhibits
DB01465,HTR1A,inhibitor,inhibits
DB01465,HTR2A,inhibitor,inhibits
DB01466,OPRM1,agonist,activates
DB01467,HTR2A,inhibitor,inhibits
DB01472,SLC6A3,inhibitor,inhibits
DB01472,ADRA1D,agonist,activates
DB01472,SLC6A4,inhibitor,inhibits
DB01472,SLC18A2,inhibitor,inhibits
DB01472,ADRA1A,agonist,activates
DB01472,ADRA2A,agonist,activates
DB01472,MAOA,inhibitor,inhibits
DB01472,MAOB,inhibitor,inhibits
DB01481,AR,agonist,activates
DB01483,GABRA1,potentiator,activates
DB01483,GABRA2,potentiator,activates
DB01483,GABRA3,potentiator,activates
DB01483,GABRA4,potentiator,activates
DB01483,GABRA5,potentiator,activates
DB01483,GABRA6,potentiator,activates
DB01483,CHRNA4,antagonist,inhibits
DB01483,CHRNA7,antagonist,inhibits
DB01483,GRIA2,antagonist,inhibits
DB01483,GRIK2,antagonist,inhibits
DB01484,HTR1D,inhibitor,inhibits
DB01484,HTR2A,inhibitor,inhibits
DB01484,HTR1A,inhibitor,inhibits
DB01488,HTR6,inhibitor,inhibits
DB01488,SIGMAR1,inhibitor,inhibits
DB01488,HTR2A,inhibitor,inhibits
DB01489,GABRA1,positive allosteric modulator,activates
DB01489,GABRA1,ligand,other
DB01493,AR,modulator,other
DB01496,GABRA1,potentiator,activates
DB01496,GABRA2,potentiator,activates
DB01496,GABRA3,potentiator,activates
DB01496,GABRA4,potentiator,activates
DB01496,GABRA5,potentiator,activates
DB01496,GABRA6,potentiator,activates
DB01496,CHRNA7,antagonist,inhibits
DB01496,CHRNA4,antagonist,inhibits
DB01496,GRIA2,antagonist,inhibits
DB01496,GRIK2,antagonist,inhibits
DB01497,OPRM1,agonist,activates
DB01497,OPRD1,agonist,activates
DB01497,OPRK1,agonist,activates
DB01497,OPRL1,agonist,activates
DB01497,TRIM13,agonist,activates
DB01497,POMC,nan,other
DB01501,OPRM1,antagonist,inhibits
DB01509,SLC6A2,inhibitor,inhibits
DB01509,SLC6A4,inhibitor,inhibits
DB01509,SLC6A3,inhibitor,inhibits
DB01511,GABRA1,positive allosteric modulator,activates
DB01511,GABRA1,ligand,other
DB01520,GRIN3A,antagonist,inhibits
DB01520,GRIN3B,antagonist,inhibits
DB01520,GRIN2A,antagonist,inhibits
DB01520,GRIN2C,antagonist,inhibits
DB01520,GRIN2B,antagonist,inhibits
DB01520,CHRNA7,antagonist,inhibits
DB01520,GRIN2D,antagonist,inhibits
DB01524,ESR1,inhibitor,inhibits
DB01524,ESR2,inhibitor,inhibits
DB01528,HTR2A,inhibitor,inhibits
DB01535,OPRM1,agonist,activates
DB01535,OPRD1,agonist,activates
DB01535,OPRK1,agonist,activates
DB01536,CYP19A1,inhibitor,inhibits
DB01536,HSD17B1,inducer,activates
DB01536,HSD3B1,positive allosteric modulator,activates
DB01536,AKR1C3,substrate,other
DB01537,HTR2C,partial agonist,activates
DB01537,HTR2A,partial agonist,activates
DB01541,AR,agonist,activates
DB01544,TSPO,agonist,activates
DB01544,GABRA1,positive allosteric modulator,activates
DB01544,GABRA1,ligand,other
DB01545,GABRA1,positive allosteric modulator,activates
DB01545,GABRA1,ligand,other
DB01548,OPRM1,antagonist,inhibits
DB01548,OPRD1,antagonist,inhibits
DB01548,OPRK1,antagonist,inhibits
DB01548,TRIM13,nan,other
DB01549,GRIN3A,nan,other
DB01549,DRD2,inhibitor,inhibits
DB01551,OPRM1,antagonist,inhibits
DB01553,GABRA1,positive allosteric modulator,activates
DB01553,GABRA1,ligand,other
DB01556,SLC6A4,modulator,other
DB01558,GABRA1,positive allosteric modulator,activates
DB01558,GABRA1,ligand,other
DB01559,GABRA1,positive allosteric modulator,activates
DB01559,TSPO,agonist,activates
DB01559,GABRA1,ligand,other
DB01561,HSD17B1,inhibitor,inhibits
DB01564,AR,inhibitor,inhibits
DB01565,OPRM1,agonist,activates
DB01565,OPRK1,agonist,activates
DB01565,OPRD1,agonist,activates
DB01565,TRIM13,agonist,activates
DB01565,POMC,agonist,activates
DB01567,GABRA1,potentiator,activates
DB01567,TSPO,agonist,activates
DB01567,GABRA2,potentiator,activates
DB01567,GABRA3,potentiator,activates
DB01567,GABRA5,potentiator,activates
DB01567,GABRG1,potentiator,activates
DB01567,GABRG2,potentiator,activates
DB01567,GABRG3,potentiator,activates
DB01567,GABRB1,potentiator,activates
DB01567,GABRB2,potentiator,activates
DB01567,GABRB3,potentiator,activates
DB01567,GABRD,potentiator,activates
DB01567,GABRE,potentiator,activates
DB01567,GABRP,potentiator,activates
DB01567,GABRR1,potentiator,activates
DB01567,GABRR2,potentiator,activates
DB01567,GABRR3,potentiator,activates
DB01569,HSD11B2,inhibitor,inhibits
DB01571,OPRM1,agonist,activates
DB01571,OPRD1,agonist,activates
DB01571,OPRK1,agonist,activates
DB01576,SLC18A2,inducer,activates
DB01576,SLC6A2,negative modulator,inhibits
DB01576,SLC6A3,negative modulator,inhibits
DB01576,TAAR1,agonist,activates
DB01576,ADRA1B,antagonist,inhibits
DB01576,ADRA1A,inhibitor,inhibits
DB01577,DRD2,agonist,activates
DB01577,ADRA1B,antagonist,inhibits
DB01577,SLC6A3,negative modulator,inhibits
DB01577,SLC6A4,negative modulator,inhibits
DB01577,SLC6A2,negative modulator,inhibits
DB01577,SLC18A2,inhibitor,inhibits
DB01577,SLC18A1,inhibitor,inhibits
DB01577,TAAR1,agonist,activates
DB01577,ADRA2A,agonist,activates
DB01577,ADRA2B,agonist,activates
DB01577,ADRA2C,agonist,activates
DB01577,MAOA,inhibitor,inhibits
DB01577,MAOB,inhibitor,inhibits
DB01579,ADRA1A,agonist,activates
DB01579,SLC6A2,negative modulator,inhibits
DB01579,ADRA1B,agonist,activates
DB01580,ADRB1,antagonist,inhibits
DB01580,ADRB3,nan,other
DB01580,ADRB2,antagonist,inhibits
DB01583,THRA,agonist,activates
DB01583,THRB,agonist,activates
DB01586,AKR1C2,inhibitor,inhibits
DB01586,BLVRA,activator,activates
DB01586,SLC23A2,activator,activates
DB01586,NR1H4,partial agonist,activates
DB01587,GABRA1,positive allosteric modulator,activates
DB01587,GABRA1,ligand,other
DB01588,TSPO,modulator,other
DB01588,GABRA1,positive allosteric modulator,activates
DB01588,GABRA1,ligand,other
DB01589,TSPO,modulator,other
DB01589,GABRA1,positive allosteric modulator,activates
DB01589,GABRA1,ligand,other
DB01590,MTOR,inhibitor,inhibits
DB01591,CHRM3,antagonist,inhibits
DB01591,CHRM2,antagonist,inhibits
DB01591,CHRM4,antagonist,inhibits
DB01591,CHRM5,antagonist,inhibits
DB01591,CHRM1,antagonist,inhibits
DB01592,HBA1,activator,activates
DB01592,TFRC,nan,other
DB01592,EGLN1,nan,other
DB01592,HDAC8,cofactor,other
DB01592,AHSP,nan,other
DB01592,FXN,nan,other
DB01592,FTH1,nan,other
DB01592,FEN1,nan,other
DB01592,NEIL1,nan,other
DB01592,NEIL2,nan,other
DB01592,POLB,nan,other
DB01592,CP,nan,other
DB01592,TF,nan,other
DB01593,BDKRB1,nan,other
DB01593,MGMT,nan,other
DB01593,ALDOA,nan,other
DB01593,EEF1A1,nan,other
DB01593,ENO1,nan,other
DB01593,GAPDHS,nan,other
DB01593,NME1,nan,other
DB01593,P4HB,nan,other
DB01593,PDIA3,nan,other
DB01593,PRDX1,nan,other
DB01593,PSPH,nan,other
DB01593,TPI1,nan,other
DB01593,TUFM,nan,other
DB01593,ESR1,cofactor,other
DB01593,IL3,nan,other
DB01593,MT2A,nan,other
DB01593,CCS,nan,other
DB01593,HDAC1,cofactor,other
DB01593,HDAC4,cofactor,other
DB01593,MPG,nan,other
DB01593,SEMG1,nan,other
DB01593,SOD1,nan,other
DB01593,HDAC8,cofactor,other
DB01593,SIVA1,nan,other
DB01593,GLRA1,nan,other
DB01593,MDM2,nan,other
DB01593,INS,nan,other
DB01593,UTRN,nan,other
DB01593,ASPA,cofactor,other
DB01593,S100A8,nan,other
DB01593,S100A9,nan,other
DB01593,MMP9,nan,other
DB01593,TP73,cofactor,other
DB01593,S100A2,nan,other
DB01593,TP53,nan,other
DB01593,MT3,nan,other
DB01593,PDCD6,nan,other
DB01593,DAND5,cofactor,other
DB01593,MT1A,nan,other
DB01593,A1BG,nan,other
DB01593,A2M,nan,other
DB01593,AGT,nan,other
DB01593,AHSG,nan,other
DB01593,APCS,nan,other
DB01593,APOA1,nan,other
DB01593,APOA2,nan,other
DB01593,APOA4,nan,other
DB01593,APOBR,nan,other
DB01593,APOE,nan,other
DB01593,APOL1,nan,other
DB01593,C1QB,nan,other
DB01593,C1QC,nan,other
DB01593,C1R,nan,other
DB01593,C1S,nan,other
DB01593,C3,nan,other
DB01593,C4B,nan,other
DB01593,C4BPA,nan,other
DB01593,C4BPB,nan,other
DB01593,C5,nan,other
DB01593,BRCC3,nan,other
DB01593,C8A,nan,other
DB01593,C8B,nan,other
DB01593,C8G,nan,other
DB01593,CFB,nan,other
DB01593,CFH,nan,other
DB01593,CFI,nan,other
DB01593,CLU,nan,other
DB01593,CP,nan,other
DB01593,CPN1,nan,other
DB01593,CPN2,nan,other
DB01593,DCD,nan,other
DB01593,DSP,nan,other
DB01593,F12,nan,other
DB01593,F13B,nan,other
DB01593,F2,nan,other
DB01593,FCN3,nan,other
DB01593,FGA,nan,other
DB01593,FN1,nan,other
DB01593,GSN,nan,other
DB01593,HBA1,nan,other
DB01593,HBB,nan,other
DB01593,HPR,nan,other
DB01593,HRNR,nan,other
DB01593,IGFALS,nan,other
DB01593,IGHA1,nan,other
DB01593,IGHM,nan,other
DB01593,IGKV1-17,nan,other
DB01593,IGKV3-20,nan,other
DB01593,IGLV3-21,nan,other
DB01593,ITIH1,nan,other
DB01593,ITIH2,nan,other
DB01593,ITIH3,nan,other
DB01593,ITIH4,nan,other
DB01593,JCHAIN,nan,other
DB01593,JUP,nan,other
DB01593,KLKB1,nan,other
DB01593,KNG1,nan,other
DB01593,KRT1,nan,other
DB01593,KRT10,nan,other
DB01593,KRT14,nan,other
DB01593,KRT16,nan,other
DB01593,KRT2,nan,other
DB01593,KRT5,nan,other
DB01593,KRT6A,nan,other
DB01593,KRT9,nan,other
DB01593,ORM2,nan,other
DB01593,PGLYRP2,nan,other
DB01593,PON1,nan,other
DB01593,PZP,nan,other
DB01593,S100A7,nan,other
DB01593,SELENOP,nan,other
DB01593,SERPINA1,nan,other
DB01593,SERPINA3,nan,other
DB01593,SERPINA4,nan,other
DB01593,SERPINA6,nan,other
DB01593,SERPIND1,nan,other
DB01593,SHBG,nan,other
DB01593,TF,nan,other
DB01593,TTR,nan,other
DB01593,VTN,nan,other
DB01593,APLP1,cofactor,other
DB01593,APLP2,cofactor,other
DB01593,APP,cofactor,other
DB01593,PARP1,nan,other
DB01594,TSPO,binder,other
DB01594,GABRA1,positive allosteric modulator,activates
DB01594,GABRA1,ligand,other
DB01595,GABRA1,antagonist,inhibits
DB01595,GABRA1,positive allosteric modulator,activates
DB01595,GABRA1,ligand,other
DB01595,SCN1A,other/unknown,other
DB01597,DPEP1,inhibitor,inhibits
DB01599,ABCA1,inhibitor,inhibits
DB01599,CES1,nan,other
DB01600,PTGS1,inhibitor,inhibits
DB01600,PTGS2,inhibitor,inhibits
DB01608,DRD1,antagonist,inhibits
DB01608,ADRA2A,antagonist,inhibits
DB01608,ADRA1B,antagonist,inhibits
DB01608,AR,nan,other
DB01611,TLR7,antagonist,inhibits
DB01611,TLR9,antagonist,inhibits
DB01611,ACE2,modulator,other
DB01612,NPR1,agonist,activates
DB01613,NPR1,agonist,activates
DB01613,NPR2,agonist,activates
DB01614,DRD2,antagonist,inhibits
DB01614,DRD1,antagonist,inhibits
DB01614,HTR2A,antagonist,inhibits
DB01614,HTR1A,antagonist,inhibits
DB01614,ADRA1A,antagonist,inhibits
DB01614,ADRA1B,antagonist,inhibits
DB01615,HRH1,antagonist,inhibits
DB01616,HTR1A,antagonist,inhibits
DB01618,DRD2,antagonist,inhibits
DB01618,HTR1A,antagonist,inhibits
DB01618,HTR2A,antagonist,inhibits
DB01618,CHRM1,other/unknown,other
DB01619,HRH1,antagonist,inhibits
DB01620,HRH4,inverse agonist,inhibits
DB01620,HRH1,inverse agonist,inhibits
DB01620,NR1I3,nan,other
DB01621,DRD2,antagonist,inhibits
DB01621,DRD1,antagonist,inhibits
DB01621,HTR2A,antagonist,inhibits
DB01621,HTR1A,antagonist,inhibits
DB01622,DRD2,antagonist,inhibits
DB01622,ADRA1A,antagonist,inhibits
DB01622,ADRA1B,antagonist,inhibits
DB01622,DRD1,antagonist,inhibits
DB01623,DRD2,antagonist,inhibits
DB01623,DRD1,antagonist,inhibits
DB01623,HTR2A,antagonist,inhibits
DB01624,DRD1,antagonist,inhibits
DB01624,DRD5,antagonist,inhibits
DB01624,DRD2,antagonist,inhibits
DB01624,ADRA1A,antagonist,inhibits
DB01624,ADRA2A,antagonist,inhibits
DB01624,HTR2A,antagonist,inhibits
DB01624,HRH1,antagonist,inhibits
DB01625,CHRM3,antagonist,inhibits
DB01625,CHRM4,antagonist,inhibits
DB01626,MAOB,inhibitor,inhibits
DB01626,MAOA,inhibitor,inhibits
DB01628,PTGS2,inhibitor,inhibits
DB01629,SOD1,nan,other
DB01630,MMP2,inhibitor,inhibits
DB01631,IGHG1,nan,other
DB01631,LCN2,nan,other
DB01632,HPRT1,nan,other
DB01632,UCKL1,nan,other
DB01632,APRT,nan,other
DB01640,PDE3B,nan,other
DB01643,TK1,inhibitor,inhibits
DB01643,DTYMK,product of,other
DB01643,TYMS,product of,other
DB01644,GSR,inhibitor,inhibits
DB01645,ESR2,modulator,other
DB01645,NCOA1,nan,other
DB01645,ESR1,nan,other
DB01645,NCOA2,nan,other
DB01645,ESRRB,agonist,activates
DB01645,ESRRA,agonist,activates
DB01645,NR1I2,nan,other
DB01645,AKT1,nan,other
DB01645,GPER1,nan,other
DB01645,CYP1B1,nan,other
DB01645,SHBG,nan,other
DB01645,TOP2A,nan,other
DB01645,PTK2B,nan,other
DB01645,CFTR,activator,activates
DB01646,RHO,nan,other
DB01647,PDE4D,inhibitor,inhibits
DB01647,PDE4A,inhibitor,inhibits
DB01647,PDE4B,inhibitor,inhibits
DB01649,DCPS,nan,other
DB01649,EIF4E,nan,other
DB01650,CA2,inhibitor,inhibits
DB01650,CA1,inhibitor,inhibits
DB01651,APCS,nan,other
DB01656,PDE4A,inhibitor,inhibits
DB01662,CTRB1,nan,other
DB01664,GRIA2,nan,other
DB01665,PRSS1,nan,other
DB01666,FST,nan,other
DB01667,PNP,inhibitor,inhibits
DB01671,CA2,inhibitor,inhibits
DB01672,LCN2,nan,other
DB01675,ACAD8,nan,other
DB01677,IFNG,binder,other
DB01677,ME2,nan,other
DB01677,FAH,nan,other
DB01678,SRC,inhibitor,inhibits
DB01681,PGAM2,nan,other
DB01683,CMA1,inhibitor,inhibits
DB01684,PREP,inhibitor,inhibits
DB01685,XDH,inhibitor,inhibits
DB01686,NOS2,inhibitor,inhibits
DB01686,NOS3,inhibitor,inhibits
DB01689,AKR1B1,inhibitor,inhibits
DB01692,TK1,nan,other
DB01694,B3GAT1,nan,other
DB01694,TREM1,nan,other
DB01694,DDX6,nan,other
DB01694,HIF1AN,nan,other
DB01694,ATP6V1C1,nan,other
DB01695,TPI1,nan,other
DB01698,AKR1C3,inhibitor,inhibits
DB01698,CBR1,nan,other
DB01699,ABAT,inhibitor,inhibits
DB01700,ATIC,nan,other
DB01704,CTRB1,nan,other
DB01705,PRSS1,nan,other
DB01708,G6PD,inhibitor,inhibits
DB01708,ESR1,binder,other
DB01708,ESR2,activator,activates
DB01708,GABRA1,antagonist,inhibits
DB01708,GRIN1,agonist,activates
DB01708,AR,agonist,activates
DB01708,PPARA,activator,activates
DB01708,SIGMAR1,agonist,activates
DB01708,NR1I2,activator,activates
DB01708,NR1I3,activator,activates
DB01709,ENO3,nan,other
DB01710,MB,nan,other
DB01711,ADH1C,nan,other
DB01712,FKBP1A,nan,other
DB01717,AK2,nan,other
DB01717,AK8,nan,other
DB01717,AK1,nan,other
DB01723,FKBP1A,nan,other
DB01725,F2,nan,other
DB01725,PLAU,nan,other
DB01725,PRSS1,nan,other
DB01727,ACO2,nan,other
DB01727,IDH2,nan,other
DB01727,IDH1,nan,other
DB01728,RHO,nan,other
DB01731,WAS,nan,other
DB01733,PKM,nan,other
DB01734,PTPN1,inhibitor,inhibits
DB01736,SLC25A4,nan,other
DB01737,PRSS1,nan,other
DB01738,PRKCB,inhibitor,inhibits
DB01741,PRSS1,nan,other
DB01742,PPIA,inhibitor,inhibits
DB01744,TRPV1,agonist,activates
DB01744,TRPV3,agonist,activates
DB01744,TRPA1,inhibitor,inhibits
DB01744,TRPM8,activator,activates
DB01745,PRSS1,nan,other
DB01748,CA2,inhibitor,inhibits
DB01750,SKP1,nan,other
DB01752,DNMT3B,inhibitor,inhibits
DB01752,HNMT,inhibitor,inhibits
DB01752,PCMT1,nan,other
DB01752,PNMT,nan,other
DB01752,COMTD1,nan,other
DB01752,GAMT,nan,other
DB01752,PRMT3,nan,other
DB01752,TRDMT1,nan,other
DB01752,GNMT,nan,other
DB01752,PRMT1,nan,other
DB01752,SETD7,nan,other
DB01752,DPH5,nan,other
DB01754,PIM1,nan,other
DB01756,RPIA,nan,other
DB01758,TH,inhibitor,inhibits
DB01759,TYR,inhibitor,inhibits
DB01760,LCN9,nan,other
DB01761,MAPK14,nan,other
DB01762,FAH,nan,other
DB01763,NNT,nan,other
DB01765,CSNK2A1,inhibitor,inhibits
DB01766,PIN1,inhibitor,inhibits
DB01766,F2,inhibitor,inhibits
DB01766,YARS1,nan,other
DB01767,F2,inhibitor,inhibits
DB01767,PRSS1,nan,other
DB01771,PRSS1,nan,other
DB01772,GSK3B,nan,other
DB01776,INS,nan,other
DB01777,AANAT,nan,other
DB01780,YWHAE,nan,other
DB01782,MAPK9,inhibitor,inhibits
DB01782,MAPK8,inhibitor,inhibits
DB01782,TTK,inhibitor,inhibits
DB01782,MAPK10,inhibitor,inhibits
DB01782,MAPK8IP1,nan,other
DB01784,CA2,inhibitor,inhibits
DB01785,FDPS,inhibitor,inhibits
DB01785,IDI1,nan,other
DB01790,PRKAR1A,nan,other
DB01791,PDE4A,inhibitor,inhibits
DB01791,PDE4D,inhibitor,inhibits
DB01791,PDE4B,inhibitor,inhibits
DB01791,PDE4C,nan,other
DB01793,GSK3B,inhibitor,inhibits
DB01795,CA2,inhibitor,inhibits
DB01795,CA4,inhibitor,inhibits
DB01795,CA1,inhibitor,inhibits
DB01800,ARSA,nan,other
DB01805,PRSS2,nan,other
DB01805,PRSS1,nan,other
DB01805,ACHE,nan,other
DB01807,MAPK14,nan,other
DB01809,RET,nan,other
DB01809,HCK,nan,other
DB01810,CTSF,nan,other
DB01811,LTF,inhibitor,inhibits
DB01812,HS3ST1,nan,other
DB01812,SULT2B1,nan,other
DB01812,RNASE2,nan,other
DB01812,SULT1A1,nan,other
DB01812,HS3ST3A1,nan,other
DB01812,RNASE1,nan,other
DB01812,SULT2A1,nan,other
DB01812,SULT1E1,nan,other
DB01812,NDST1,nan,other
DB01812,SULT1B1,nan,other
DB01818,MBL2,nan,other
DB01819,ENO3,nan,other
DB01819,PCK1,nan,other
DB01820,PTPN1,nan,other
DB01821,NOS3,nan,other
DB01821,NOS1,nan,other
DB01822,RELB,inhibitor,inhibits
DB01822,NFKB1,inhibitor,inhibits
DB01822,NFKB2,inhibitor,inhibits
DB01822,RELA,inhibitor,inhibits
DB01822,REL,inhibitor,inhibits
DB01823,PYGM,nan,other
DB01826,MB,nan,other
DB01827,LGALS3,inhibitor,inhibits
DB01830,SRC,inhibitor,inhibits
DB01830,LCK,nan,other
DB01831,WARS1,nan,other
DB01832,FAH,nan,other
DB01833,NOS3,inhibitor,inhibits
DB01834,GSTP1,nan,other
DB01834,GSTM1,nan,other
DB01835,NOS2,inhibitor,inhibits
DB01836,PRSS1,nan,other
DB01837,PTGS1,inhibitor,inhibits
DB01840,ISYNA1,nan,other
DB01841,GAA,inhibitor,inhibits
DB01841,GANAB,inhibitor,inhibits
DB01841,GANC,inhibitor,inhibits
DB01842,RNASE1,nan,other
DB01843,PYGM,nan,other
DB01844,REN,inhibitor,inhibits
DB01844,CELA1,inhibitor,inhibits
DB01851,IGKC,nan,other
DB01852,ALOX5,inhibitor,inhibits
DB01852,ALOX15,inhibitor,inhibits
DB01852,AKR1B1,inhibitor,inhibits
DB01852,GLO1,inhibitor,inhibits
DB01852,CYP1B1,inhibitor,inhibits
DB01852,HSD17B1,inhibitor,inhibits
DB01852,AR,inhibitor,inhibits
DB01852,UGT3A1,nan,other
DB01854,ART1,nan,other
DB01858,CTSK,nan,other
DB01860,PAPOLA,nan,other
DB01861,GALE,nan,other
DB01861,GLT6D1,nan,other
DB01861,GYG1,nan,other
DB01861,GPR17,regulator,other
DB01863,AKT1,inhibitor,inhibits
DB01863,BTK,inhibitor,inhibits
DB01863,ITPKA,nan,other
DB01863,CYTH2,nan,other
DB01863,CYTH3,nan,other
DB01863,PDPK1,nan,other
DB01863,PLEKHA4,nan,other
DB01863,DAPP1,nan,other
DB01864,ARF6,nan,other
DB01864,TGM3,nan,other
DB01864,RAB11A,nan,other
DB01866,SRC,inhibitor,inhibits
DB01870,AMY2B,nan,other
DB01871,CTSF,nan,other
DB01873,TUBB,nan,other
DB01873,TUBB1,nan,other
DB01873,TUBB4B,nan,other
DB01873,TUBB4A,nan,other
DB01873,TUBA4A,nan,other
DB01873,TUBB3,nan,other
DB01873,TUBA1C,nan,other
DB01873,TUBA8,nan,other
DB01873,TUBA1B,nan,other
DB01873,TUBA1A,nan,other
DB01873,TUBA3C,nan,other
DB01876,PRSS1,nan,other
DB01877,MMP3,nan,other
DB01878,ESR1,nan,other
DB01878,ESR2,nan,other
DB01880,MIF,inhibitor,inhibits
DB01880,ALOX5,inhibitor,inhibits
DB01884,DPP4,inhibitor,inhibits
DB01888,CDK2,nan,other
DB01889,NR1I3,antagonist,inhibits
DB01890,PPARA,inhibitor,inhibits
DB01890,IGF1,nan,other
DB01892,ALOX5,inhibitor,inhibits
DB01892,PTGS1,inhibitor,inhibits
DB01892,NR1I2,nan,other
DB01893,SRC,inhibitor,inhibits
DB01897,HPGDS,nan,other
DB01901,FGF1,inhibitor,inhibits
DB01901,FGFR2,ligand,other
DB01902,NSF,nan,other
DB01902,ERO1B,nan,other
DB01905,PRSS1,nan,other
DB01905,PLAU,nan,other
DB01908,SRC,inhibitor,inhibits
DB01911,FECH,inhibitor,inhibits
DB01915,PTPN1,inhibitor,inhibits
DB01915,CDC25B,inhibitor,inhibits
DB01915,SRC,inhibitor,inhibits
DB01915,C3,inhibitor,inhibits
DB01915,GSTP1,nan,other
DB01915,ACAT2,nan,other
DB01915,GSTA1,nan,other
DB01915,PMP2,nan,other
DB01917,AMD1,inhibitor,inhibits
DB01917,ODC1,inhibitor,inhibits
DB01917,ADRB1,nan,other
DB01917,ADRB2,nan,other
DB01919,PRKACA,nan,other
DB01922,AMY2A,nan,other
DB01926,LCN2,nan,other
DB01927,NQO1,inhibitor,inhibits
DB01929,PDF,inhibitor,inhibits
DB01929,DHFR2,nan,other
DB01931,GRIN1,inhibitor,inhibits
DB01933,CHEK1,inhibitor,inhibits
DB01933,PDPK1,nan,other
DB01939,PRSS1,nan,other
DB01940,PRKACA,nan,other
DB01941,RARA,agonist,activates
DB01941,RXRB,nan,other
DB01942,NOS1,inhibitor,inhibits
DB01942,HPGDS,inhibitor,inhibits
DB01942,ALAD,inhibitor,inhibits
DB01942,CA2,inhibitor,inhibits
DB01942,HMOX1,inhibitor,inhibits
DB01942,FGF1,inhibitor,inhibits
DB01942,RNASE1,nan,other
DB01942,CTBP1,nan,other
DB01942,CASK,nan,other
DB01942,GGACT,nan,other
DB01942,PVALB,nan,other
DB01942,ACYP2,nan,other
DB01942,GPHN,nan,other
DB01942,CYTH2,nan,other
DB01944,MYH14,nan,other
DB01946,DMPK,nan,other
DB01946,PDPK1,nan,other
DB01947,SRC,inhibitor,inhibits
DB01948,MAPK14,nan,other
DB01949,MMP9,nan,other
DB01950,GSK3B,inhibitor,inhibits
DB01950,GSK3A,other/unknown,other
DB01951,FKBP1A,inhibitor,inhibits
DB01953,MAPK14,inhibitor,inhibits
DB01954,PDE5A,inhibitor,inhibits
DB01954,PDE4A,inhibitor,inhibits
DB01954,PDE4B,inhibitor,inhibits
DB01954,PDE4D,inhibitor,inhibits
DB01955,PLA2G2A,inhibitor,inhibits
DB01955,MAN1B1,nan,other
DB01955,PLA2G2E,nan,other
DB01956,GRIN2B,inhibitor,inhibits
DB01956,GLRB,agonist,activates
DB01956,GLRA2,agonist,activates
DB01956,GLRA3,agonist,activates
DB01956,GABRA1,agonist,activates
DB01956,GABBR1,agonist,activates
DB01956,GLRA1,agonist,activates
DB01958,DHFR2,nan,other
DB01959,PDE4D,nan,other
DB01959,PDE4B,nan,other
DB01960,DCPS,nan,other
DB01960,EIF4E,nan,other
DB01961,RNASE1,nan,other
DB01962,SRC,inhibitor,inhibits
DB01962,KIT,inhibitor,inhibits
DB01962,HCK,nan,other
DB01963,CA2,inhibitor,inhibits
DB01963,CA1,inhibitor,inhibits
DB01963,CTRB1,nan,other
DB01964,CA2,inhibitor,inhibits
DB01966,PSAP,nan,other
DB01969,CS,nan,other
DB01970,PDE3B,nan,other
DB01972,PDE5A,inhibitor,inhibits
DB01972,DLG4,inhibitor,inhibits
DB01972,GUK1,nan,other
DB01972,GMPR,nan,other
DB01972,HINT1,nan,other
DB01972,ATIC,nan,other
DB01972,TGM3,nan,other
DB01973,PRSS2,nan,other
DB01977,PLAU,inhibitor,inhibits
DB01979,MBL2,nan,other
DB01983,ARG1,nan,other
DB01988,MAPK14,nan,other
DB01989,TLL2,nan,other
DB01990,RORA,nan,other
DB01992,HMGCR,inhibitor,inhibits
DB01992,CRAT,inhibitor,inhibits
DB01992,KAT5,nan,other
DB01992,ACAT2,nan,other
DB01992,CS,nan,other
DB01992,DBI,nan,other
DB01992,KAT2A,nan,other
DB01992,KAT2B,nan,other
DB01996,MMP3,inhibitor,inhibits
DB01996,MMP13,inhibitor,inhibits
DB01997,NOS3,inhibitor,inhibits
DB01997,NOS1,inhibitor,inhibits
DB01997,NOS2,inhibitor,inhibits
DB01998,SERPINA1,nan,other
DB02001,DHFR2,nan,other
DB02004,DPP4,nan,other
DB02007,AKR1B1,inhibitor,inhibits
DB02007,PYGM,inhibitor,inhibits
DB02007,HK1,nan,other
DB02007,GPI,nan,other
DB02008,PCK1,nan,other
DB02010,IKBKB,inhibitor,inhibits
DB02010,CHRM1,nan,other
DB02010,LCK,nan,other
DB02010,PIM1,nan,other
DB02010,ITK,nan,other
DB02010,SYK,nan,other
DB02010,MAPKAPK2,nan,other
DB02010,GSK3B,nan,other
DB02010,CSK,nan,other
DB02010,CDK2,nan,other
DB02010,PIK3CG,nan,other
DB02010,PDPK1,nan,other
DB02010,PRKCQ,nan,other
DB02010,ZAP70,nan,other
DB02010,PRKCA,inhibitor,inhibits
DB02011,OTC,nan,other
DB02014,PTPN1,nan,other
DB02015,PDF,inhibitor,inhibits
DB02016,LSS,nan,other
DB02018,TPSB2,nan,other
DB02020,AKR1B1,inhibitor,inhibits
DB02021,AKR1B1,inhibitor,inhibits
DB02021,AKR1B10,inhibitor,inhibits
DB02026,PDF,inhibitor,inhibits
DB02027,NOS3,nan,other
DB02027,NOS1,nan,other
DB02028,TUB,nan,other
DB02029,EPHX2,inhibitor,inhibits
DB02032,ACE,nan,other
DB02034,MAN2A1,inhibitor,inhibits
DB02035,PPT1,nan,other
DB02039,KAT5,nan,other
DB02044,NOS2,inhibitor,inhibits
DB02044,NOS3,inhibitor,inhibits
DB02044,NOS1,inhibitor,inhibits
DB02045,PRSS1,nan,other
DB02046,ADAM28,nan,other
DB02047,PTGS1,inhibitor,inhibits
DB02048,NOS3,inhibitor,inhibits
DB02049,MMP13,nan,other
DB02052,CDK5R1,nan,other
DB02052,CDK2,inhibitor,inhibits
DB02052,AHR,agonist,activates
DB02052,GSK3B,nan,other
DB02052,CDK5,inhibitor,inhibits
DB02052,CDK1,binder,other
DB02054,OAT,nan,other
DB02056,PTGDR,agonist,activates
DB02056,PTGFR,agonist,activates
DB02056,PTGER1,agonist,activates
DB02056,PTGER3,agonist,activates
DB02056,PTGER2,agonist,activates
DB02056,PTGER4,agonist,activates
DB02056,PTGDR2,agonist,activates
DB02056,AKR1C3,nan,other
DB02057,GRIA1,inhibitor,inhibits
DB02057,GRIA2,nan,other
DB02058,FGFR1,nan,other
DB02058,FGFR2,nan,other
DB02059,SIRT5,nan,other
DB02059,EEF2,nan,other
DB02059,GAPDH,nan,other
DB02059,SIRT3,nan,other
DB02062,LTA4H,nan,other
DB02062,MME,nan,other
DB02063,PRSS1,nan,other
DB02067,SHMT1,nan,other
DB02068,ALAD,inhibitor,inhibits
DB02068,GATM,nan,other
DB02069,CA2,inhibitor,inhibits
DB02071,MMP13,inhibitor,inhibits
DB02072,PTPN1,nan,other
DB02073,HMOX1,inhibitor,inhibits
DB02073,MB,nan,other
DB02073,BLVRB,nan,other
DB02076,PGD,inhibitor,inhibits
DB02076,GPI,nan,other
DB02077,NOS3,nan,other
DB02077,NOS1,nan,other
DB02078,FYN,inhibitor,inhibits
DB02078,PFN2,nan,other
DB02078,PPIF,nan,other
DB02079,CBS,inhibitor,inhibits
DB02079,AGXT,nan,other
DB02080,PLA2G2A,nan,other
DB02081,PRSS1,nan,other
DB02082,RAB8B,nan,other
DB02084,PRSS1,nan,other
DB02087,CA2,inhibitor,inhibits
DB02089,PYGL,nan,other
DB02090,MMP3,nan,other
DB02091,CDK2,inhibitor,inhibits
DB02091,CCNA2,nan,other
DB02093,GPI,nan,other
DB02095,MAOB,inhibitor,inhibits
DB02096,ADA,inhibitor,inhibits
DB02097,UCK2,nan,other
DB02098,RNASE3,nan,other
DB02098,RNASE1,nan,other
DB02098,RNASE2,nan,other
DB02101,AKR1B1,inhibitor,inhibits
DB02103,HSP90B1,nan,other
DB02104,DHFR,nan,other
DB02105,COMT,inhibitor,inhibits
DB02106,THRB,nan,other
DB02107,SPINK6,nan,other
DB02108,CTSB,nan,other
DB02109,IMPDH1,inhibitor,inhibits
DB02109,ADSS1,nan,other
DB02110,PTGS1,nan,other
DB02110,CYCS,nan,other
DB02112,PRSS1,nan,other
DB02114,CELA1,inhibitor,inhibits
DB02115,ALDH2,inhibitor,inhibits
DB02116,CDK1,binder,other
DB02116,CDK2,inhibitor,inhibits
DB02116,CDK5,inhibitor,inhibits
DB02116,MAPK1,nan,other
DB02118,MMP12,inhibitor,inhibits
DB02126,HBA1,inhibitor,inhibits
DB02126,HBB,nan,other
DB02131,ADH1C,nan,other
DB02132,AKR1B1,inhibitor,inhibits
DB02134,ADORA2B,antagonist,inhibits
DB02140,CTSH,nan,other
DB02141,NOS3,nan,other
DB02142,KYAT1,nan,other
DB02142,BCAT2,nan,other
DB02143,NOS1,inhibitor,inhibits
DB02144,PITPNA,nan,other
DB02148,CTSB,nan,other
DB02152,MAP2K1,nan,other
DB02152,MET,nan,other
DB02153,GSR,inhibitor,inhibits
DB02153,PAPOLA,nan,other
DB02153,PRDX2,nan,other
DB02155,PRKACA,nan,other
DB02158,MTAP,nan,other
DB02159,LYZ,nan,other
DB02161,CES1,nan,other
DB02162,HINT1,nan,other
DB02164,HAO1,nan,other
DB02165,GSTM1,nan,other
DB02166,ACHE,inhibitor,inhibits
DB02169,DUSP1,inhibitor,inhibits
DB02169,PPP1CC,nan,other
DB02170,CSNK2A1,nan,other
DB02175,SRC,nan,other
DB02175,SNRPA,nan,other
DB02177,ITGAL,nan,other
DB02180,NMT2,nan,other
DB02181,NME1,nan,other
DB02183,HINT1,nan,other
DB02185,LCTL,nan,other
DB02187,HSD17B1,inhibitor,inhibits
DB02187,ESR1,nan,other
DB02189,DNTT,nan,other
DB02195,MAPK14,nan,other
DB02196,UAP1,nan,other
DB02196,GALE,nan,other
DB02196,ABO,nan,other
DB02196,EXTL2,nan,other
DB02197,CDK2,nan,other
DB02198,PTGS1,inhibitor,inhibits
DB02201,SDF2,nan,other
DB02205,GAPDHS,nan,other
DB02207,NOS2,inhibitor,inhibits
DB02207,NOS3,inhibitor,inhibits
DB02207,NOS1,inhibitor,inhibits
DB02209,ODC1,inhibitor,inhibits
DB02210,PLA2G1B,inhibitor,inhibits
DB02210,NR3C1,inhibitor,inhibits
DB02210,HRAS,nan,other
DB02211,MAOB,inhibitor,inhibits
DB02215,ADAM28,nan,other
DB02216,CTSD,inhibitor,inhibits
DB02216,MGMT,inhibitor,inhibits
DB02217,NT5M,nan,other
DB02218,AMY2B,nan,other
DB02218,AMY2A,nan,other
DB02220,CA2,inhibitor,inhibits
DB02221,CA2,nan,other
DB02222,PNP,nan,other
DB02226,ACHE,nan,other
DB02230,PNP,inhibitor,inhibits
DB02232,CA4,inhibitor,inhibits
DB02232,CA2,inhibitor,inhibits
DB02232,CA12,inhibitor,inhibits
DB02234,NOS2,inhibitor,inhibits
DB02234,NOS3,inhibitor,inhibits
DB02235,APP,inhibitor,inhibits
DB02236,GART,nan,other
DB02239,ALAD,inhibitor,inhibits
DB02243,CTSF,nan,other
DB02249,ADH1C,nan,other
DB02255,MMP1,inhibitor,inhibits
DB02255,MMP14,inhibitor,inhibits
DB02255,MMP8,inhibitor,inhibits
DB02255,MMP2,inhibitor,inhibits
DB02255,MMP3,inhibitor,inhibits
DB02255,MMP9,inhibitor,inhibits
DB02255,MMP12,inhibitor,inhibits
DB02255,MMP13,inhibitor,inhibits
DB02255,ADAM28,nan,other
DB02255,ACAN,nan,other
DB02256,TK1,inhibitor,inhibits
DB02258,RARG,nan,other
DB02259,PTPN1,nan,other
DB02260,ALAD,inhibitor,inhibits
DB02261,PTAFR,agonist,activates
DB02261,GM2A,nan,other
DB02262,DHODH,nan,other
DB02264,FGF1,nan,other
DB02264,HGF,nan,other
DB02264,HS3ST3A1,nan,other
DB02266,AR,inhibitor,inhibits
DB02266,PTGS2,inhibitor,inhibits
DB02266,PTGS1,inhibitor,inhibits
DB02266,AKR1C3,inhibitor,inhibits
DB02266,PPARA,activator,activates
DB02266,PPARG,agonist,activates
DB02267,ASL,nan,other
DB02269,PRSS1,nan,other
DB02271,NMT2,nan,other
DB02272,ALAD,inhibitor,inhibits
DB02277,MAPK14,nan,other
DB02279,HAO1,nan,other
DB02281,MTAP,nan,other
DB02282,ADORA3,inhibitor,inhibits
DB02282,ADORA2A,inhibitor,inhibits
DB02282,ADORA2B,inhibitor,inhibits
DB02282,ADORA1,inhibitor,inhibits
DB02282,MTAP,nan,other
DB02285,HPGDS,inhibitor,inhibits
DB02285,FTL,nan,other
DB02287,F2,nan,other
DB02287,PRSS1,nan,other
DB02287,PLAU,nan,other
DB02288,PRSS1,nan,other
DB02289,ATM,inhibitor,inhibits
DB02292,STS,inhibitor,inhibits
DB02292,CA2,nan,other
DB02296,REN,inhibitor,inhibits
DB02297,CDK2,inhibitor,inhibits
DB02299,KCNA4,nan,other
DB02300,VDR,antagonist,inhibits
DB02303,DPYD,inhibitor,inhibits
DB02306,PCTP,nan,other
DB02308,PRSS3,nan,other
DB02309,ATIC,nan,other
DB02309,HPRT1,nan,other
DB02310,METAP2,inhibitor,inhibits
DB02311,FKBP1A,inhibitor,inhibits
DB02315,PDE2A,inhibitor,inhibits
DB02315,HCN2,nan,other
DB02315,PRKAR1A,nan,other
DB02318,MAN2A1,nan,other
DB02320,PYGM,inhibitor,inhibits
DB02320,PYGL,nan,other
DB02322,CCL5,nan,other
DB02323,HSD17B1,inhibitor,inhibits
DB02324,TK1,inhibitor,inhibits
DB02325,NOS3,inhibitor,inhibits
DB02325,NR1H2,inhibitor,inhibits
DB02325,HMOX1,inhibitor,inhibits
DB02325,GCH1,inhibitor,inhibits
DB02325,PLA2G2A,inhibitor,inhibits
DB02325,TNF,inhibitor,inhibits
DB02326,MMP8,inhibitor,inhibits
DB02328,CTH,nan,other
DB02329,HSD11B1,inhibitor,inhibits
DB02335,NOS3,inhibitor,inhibits
DB02335,NOS2,inhibitor,inhibits
DB02335,NOS1,inhibitor,inhibits
DB02336,SRC,inhibitor,inhibits
DB02337,BHMT,nan,other
DB02338,TXNRD1,nan,other
DB02338,DPYD,nan,other
DB02338,AASS,nan,other
DB02340,F13A1,nan,other
DB02341,ELANE,inhibitor,inhibits
DB02341,CELA1,inhibitor,inhibits
DB02342,HIF1A,modulator,other
DB02342,COMT,nan,other
DB02342,CYP1A1,nan,other
DB02342,CYP1B1,nan,other
DB02342,CYP19A1,nan,other
DB02343,ACHE,inhibitor,inhibits
DB02345,CAMP,nan,other
DB02345,NME1,nan,other
DB02347,GRIK1,inhibitor,inhibits
DB02347,GRIA2,nan,other
DB02348,PYGM,inhibitor,inhibits
DB02350,MMP3,nan,other
DB02352,MAPK14,inhibitor,inhibits
DB02352,LTA4H,inhibitor,inhibits
DB02353,CCL5,nan,other
DB02354,PRSS1,nan,other
DB02358,MTHFD1,nan,other
DB02359,HSP90AA1,nan,other
DB02360,CTSG,inhibitor,inhibits
DB02363,PDF,inhibitor,inhibits
DB02363,RNASE1,nan,other
DB02366,PRSS1,nan,other
DB02367,MMP3,nan,other
DB02371,C1S,nan,other
DB02373,FHIT,inhibitor,inhibits
DB02375,PIK3CG,inhibitor,inhibits
DB02375,JAK1,nan,other
DB02376,LCT,nan,other
DB02377,GCH1,inhibitor,inhibits
DB02377,PNP,nan,other
DB02378,BACE1,nan,other
DB02379,GANAB,inhibitor,inhibits
DB02379,GANC,inhibitor,inhibits
DB02379,GCK,inhibitor,inhibits
DB02379,GAA,inhibitor,inhibits
DB02379,PTGS1,inhibitor,inhibits
DB02379,PYGM,inhibitor,inhibits
DB02379,AMY2A,inhibitor,inhibits
DB02379,LCTL,nan,other
DB02379,MB,nan,other
DB02379,HK1,nan,other
DB02379,LGALS7,nan,other
DB02379,AMY2B,nan,other
DB02379,PYGL,nan,other
DB02379,SFTPD,nan,other
DB02379,IFNB1,nan,other
DB02379,GLT6D1,nan,other
DB02379,GNPDA1,nan,other
DB02379,NUDT9,nan,other
DB02379,SMARCA5,nan,other
DB02379,NCAN,nan,other
DB02379,KRTAP5-2,nan,other
DB02379,SIGLEC1,nan,other
DB02379,LGALS2,nan,other
DB02379,KRTAP5-3,nan,other
DB02381,ARG2,inhibitor,inhibits
DB02381,ARG1,nan,other
DB02383,SIGMAR1,binder,other
DB02383,AKR1B1,inhibitor,inhibits
DB02383,AKR1A1,nan,other
DB02383,AKR1B10,nan,other
DB02386,LAP3,nan,other
DB02388,MAPK10,nan,other
DB02391,PNP,nan,other
DB02393,PFKFB1,nan,other
DB02395,NQO1,nan,other
DB02396,MB,nan,other
DB02398,PLAU,nan,other
DB02400,NQO1,inhibitor,inhibits
DB02401,LDHB,nan,other
DB02402,PDF,inhibitor,inhibits
DB02402,DHFR2,nan,other
DB02404,ACHE,inhibitor,inhibits
DB02405,PAEP,nan,other
DB02406,FFAR2,agonist,activates
DB02407,CDK2,inhibitor,inhibits
DB02407,CCNA2,nan,other
DB02418,UBE2D2,nan,other
DB02419,PPIA,inhibitor,inhibits
DB02420,PTPN1,inhibitor,inhibits
DB02422,MAN1B1,nan,other
DB02424,HSP90AA1,inhibitor,inhibits
DB02424,HSP90B1,inhibitor,inhibits
DB02424,HSP90AB1,nan,other
DB02426,SLC25A4,nan,other
DB02427,DHFR,nan,other
DB02429,CA2,nan,other
DB02431,P2RY4,agonist,activates
DB02431,UCK2,nan,other
DB02432,SRC,inhibitor,inhibits
DB02435,PRSS1,nan,other
DB02436,PTPN1,nan,other
DB02445,GNPDA1,nan,other
DB02447,PYGM,nan,other
DB02448,PLA2G1B,inhibitor,inhibits
DB02448,PLA2G2A,inhibitor,inhibits
DB02448,PLA2G2E,nan,other
DB02449,MMP3,nan,other
DB02451,PNLIP,inhibitor,inhibits
DB02451,RHO,nan,other
DB02451,AQP1,nan,other
DB02451,CLPS,nan,other
DB02451,MIP,nan,other
DB02451,KCNJ3,nan,other
DB02452,TK1,inhibitor,inhibits
DB02452,TK2,nan,other
DB02457,LIPF,nan,other
DB02458,GSTM1,nan,other
DB02458,GSTM2,nan,other
DB02459,CFB,nan,other
DB02462,NOS2,inhibitor,inhibits
DB02463,F2,inhibitor,inhibits
DB02463,PLG,inhibitor,inhibits
DB02463,PLAU,inhibitor,inhibits
DB02463,PLAT,inhibitor,inhibits
DB02463,PRSS1,inhibitor,inhibits
DB02464,PRSS1,nan,other
DB02464,PRSS2,nan,other
DB02465,FAAH,nan,other
DB02466,RARG,nan,other
DB02467,RAB5A,nan,other
DB02468,HMOX1,nan,other
DB02471,PYGM,inhibitor,inhibits
DB02471,LCTL,nan,other
DB02471,LCT,nan,other
DB02472,ADA,nan,other
DB02473,PLAU,nan,other
DB02479,CA2,nan,other
DB02481,ADH1B,nan,other
DB02482,AURKA,inhibitor,inhibits
DB02482,CDK7,inhibitor,inhibits
DB02482,PRKCQ,inhibitor,inhibits
DB02482,MAPK1,inhibitor,inhibits
DB02482,MAPK12,inhibitor,inhibits
DB02482,PRKACA,nan,other
DB02482,PRKACB,nan,other
DB02482,RHO,nan,other
DB02482,S100A11,nan,other
DB02483,BST1,nan,other
DB02483,LDHA,nan,other
DB02485,CMAS,nan,other
DB02486,GSTA1,nan,other
DB02490,CKM,nan,other
DB02491,FGFR2,nan,other
DB02492,MAN2A1,nan,other
DB02494,RPL10L,nan,other
DB02494,RPL13A,nan,other
DB02494,RPL23,nan,other
DB02494,RPL15,nan,other
DB02494,RPL19,nan,other
DB02494,RPL23A,nan,other
DB02494,RSL24D1,nan,other
DB02494,RPL26L1,nan,other
DB02494,RPL8,nan,other
DB02494,RPL37,nan,other
DB02494,RPL3,nan,other
DB02494,RPL11,nan,other
DB02494,SNU13,nan,other
DB02494,CPA1,nan,other
DB02495,TK1,inhibitor,inhibits
DB02497,ANXA5,nan,other
DB02498,PARP1,inhibitor,inhibits
DB02499,ARG1,nan,other
DB02500,TK1,inhibitor,inhibits
DB02504,PLA2G2A,nan,other
DB02506,PPP1CA,nan,other
DB02506,PPP2R1A,nan,other
DB02506,PPP2CA,nan,other
DB02506,PPP2R5C,nan,other
DB02506,PPP2R2A,nan,other
DB02508,FDPS,inhibitor,inhibits
DB02509,MAOB,inhibitor,inhibits
DB02509,NR1H4,agonist,activates
DB02510,EPRS1,nan,other
DB02512,ALDOB,nan,other
DB02512,ALDOA,nan,other
DB02515,ALDOB,nan,other
DB02515,PFKFB1,nan,other
DB02518,AKR1B1,inhibitor,inhibits
DB02519,PYGM,nan,other
DB02526,PLAU,inhibitor,inhibits
DB02526,PRSS1,nan,other
DB02527,HCN2,nan,other
DB02527,PRKAR1A,nan,other
DB02527,PRKAR2B,nan,other
DB02528,MB,nan,other
DB02530,GABRG2,inhibitor,inhibits
DB02530,SLC6A11,inhibitor,inhibits
DB02530,ITGA4,binder,other
DB02530,GABRA2,inhibitor,inhibits
DB02530,GABRA3,inhibitor,inhibits
DB02530,GABRB2,inhibitor,inhibits
DB02530,GABRA1,inhibitor,inhibits
DB02530,GABRA5,inhibitor,inhibits
DB02530,SLC6A1,inhibitor,inhibits
DB02530,GABBR1,inhibitor,inhibits
DB02530,GABBR2,inhibitor,inhibits
DB02530,GATM,nan,other
DB02531,FFAR2,agonist,activates
DB02532,DHRS4L1,nan,other
DB02535,CA2,nan,other
DB02538,CDK2,nan,other
DB02540,GART,inhibitor,inhibits
DB02541,PRSS3,nan,other
DB02542,UBB,nan,other
DB02545,NR1H4,inhibitor,inhibits
DB02546,HDAC1,inhibitor,inhibits
DB02546,HDAC2,inhibitor,inhibits
DB02546,HDAC3,inhibitor,inhibits
DB02546,HDAC6,inhibitor,inhibits
DB02546,HDAC8,nan,other
DB02547,GMDS,nan,other
DB02548,GPI,nan,other
DB02550,HSP90AA1,nan,other
DB02551,PLAU,nan,other
DB02552,FDPS,inhibitor,inhibits
DB02552,GGPS1,nan,other
DB02553,GSR,inhibitor,inhibits
DB02555,IL2,inhibitor,inhibits
DB02556,KYAT1,nan,other
DB02556,CRH,nan,other
DB02557,MME,inhibitor,inhibits
DB02557,KEL,nan,other
DB02558,MME,nan,other
DB02559,DHFR,nan,other
DB02562,PAH,nan,other
DB02563,ECHS1,nan,other
DB02565,HDAC8,nan,other
DB02567,PDGFRA,inhibitor,inhibits
DB02567,LCK,inhibitor,inhibits
DB02567,SRC,inhibitor,inhibits
DB02567,FGFR1,inhibitor,inhibits
DB02567,PDGFRB,inhibitor,inhibits
DB02568,PNP,inhibitor,inhibits
DB02569,NME1,nan,other
DB02570,CAPNS1,nan,other
DB02573,RNASE1,nan,other
DB02580,PFN2,nan,other
DB02581,IL2,nan,other
DB02583,DHFR,nan,other
DB02585,PRSS3,nan,other
DB02587,ADCY1,activator,activates
DB02587,ADCY2,nan,other
DB02587,GNAS,nan,other
DB02587,ADCY5,nan,other
DB02587,CFTR,inhibitor,inhibits
DB02587,KCNMA1,activator,activates
DB02587,CREBBP,activator,activates
DB02587,MAPK1,activator,activates
DB02587,MUC2,activator,activates
DB02587,SERPINE1,inhibitor,inhibits
DB02589,NOS3,inhibitor,inhibits
DB02594,TK1,inhibitor,inhibits
DB02594,TK2,nan,other
DB02594,DCK,nan,other
DB02596,NMNAT3,nan,other
DB02597,MME,inhibitor,inhibits
DB02597,PARP1,inhibitor,inhibits
DB02598,PAM,nan,other
DB02602,CA2,inhibitor,inhibits
DB02603,CDK2,inhibitor,inhibits
DB02604,PYGM,inhibitor,inhibits
DB02607,NME1,nan,other
DB02610,CA2,nan,other
DB02611,PRKACA,nan,other
DB02613,PNLIPRP2,nan,other
DB02613,DHODH,nan,other
DB02615,ESR1,nan,other
DB02615,PTPN1,nan,other
DB02616,ADA,inhibitor,inhibits
DB02620,PTPN1,inhibitor,inhibits
DB02621,ACTA1,inhibitor,inhibits
DB02621,GSN,nan,other
DB02622,PTPN1,inhibitor,inhibits
DB02623,CDC42,nan,other
DB02624,SLC9A1,inhibitor,inhibits
DB02628,XIAP,nan,other
DB02633,HPGDS,inhibitor,inhibits
DB02633,NQO1,nan,other
DB02633,GSTP1,nan,other
DB02635,BCAT2,nan,other
DB02636,PLA2G2E,nan,other
DB02637,CS,nan,other
DB02637,SPR,nan,other
DB02638,AVPR1A,agonist,activates
DB02638,AVPR1B,agonist,activates
DB02638,AVPR2,agonist,activates
DB02640,METAP2,ligand,other
DB02643,IGF1,nan,other
DB02643,MAOB,nan,other
DB02644,NOS2,nan,other
DB02644,NOS1,nan,other
DB02646,MB,nan,other
DB02647,CDK2,inhibitor,inhibits
DB02648,CRAT,nan,other
DB02648,CROT,nan,other
DB02651,PTPN1,nan,other
DB02652,CPA1,nan,other
DB02655,GRIN2B,agonist,activates
DB02655,GRIN2A,agonist,activates
DB02655,GRIN1,agonist,activates
DB02656,PIK3CG,inhibitor,inhibits
DB02656,PIM1,nan,other
DB02659,PLA2G1B,inhibitor,inhibits
DB02659,FECH,inhibitor,inhibits
DB02659,CES1,inhibitor,inhibits
DB02659,ADH1C,nan,other
DB02659,ESRRG,nan,other
DB02659,FABP6,nan,other
DB02659,COX4I1,nan,other
DB02659,MT-CO1,nan,other
DB02659,MT-CO2,nan,other
DB02659,MT-CO3,nan,other
DB02659,COX5A,nan,other
DB02659,COX5B,nan,other
DB02659,COX6C,nan,other
DB02659,COX7B,nan,other
DB02659,COX7C,nan,other
DB02659,COX8A,nan,other
DB02659,COX6A2,nan,other
DB02659,COX6B1,nan,other
DB02659,COX7A1,nan,other
DB02659,NR1H4,nan,other
DB02659,GPBAR1,nan,other
DB02660,PDE4B,inhibitor,inhibits
DB02661,PAPSS1,nan,other
DB02662,PTPN1,inhibitor,inhibits
DB02665,PRSS1,nan,other
DB02669,PARP1,inhibitor,inhibits
DB02670,SMARCA5,nan,other
DB02671,MB,nan,other
DB02673,ACHE,inhibitor,inhibits
DB02676,PDE4D,nan,other
DB02678,LGALS7,nan,other
DB02679,CTSK,nan,other
DB02679,CA2,nan,other
DB02681,CKS1B,nan,other
DB02684,EPRS1,nan,other
DB02685,CTSB,nan,other
DB02689,ARG1,nan,other
DB02690,PARP1,inhibitor,inhibits
DB02691,FABP6,nan,other
DB02696,B4GALT1,nan,other
DB02697,MMP13,inhibitor,inhibits
DB02697,MMP3,inhibitor,inhibits
DB02701,BST1,product of,other
DB02701,PARP1,binder,other
DB02701,SIRT5,nan,other
DB02701,LDHA,nan,other
DB02705,PLAU,nan,other
DB02709,SIRT1,inhibitor,inhibits
DB02709,NQO2,nan,other
DB02709,CSNK2A1,nan,other
DB02709,PTGS1,inhibitor,inhibits
DB02709,PTGS2,inhibitor,inhibits
DB02709,ALOX15,nan,other
DB02709,ALOX5,nan,other
DB02709,AHR,nan,other
DB02709,PI4K2B,nan,other
DB02709,ITGA5,nan,other
DB02709,ITGB3,nan,other
DB02709,APP,nan,other
DB02709,SNCA,nan,other
DB02709,ESR1,nan,other
DB02709,MTNR1A,nan,other
DB02709,MTNR1B,nan,other
DB02709,CLEC14A,nan,other
DB02709,NR1I2,nan,other
DB02709,NR1I3,nan,other
DB02709,SLC2A1,nan,other
DB02709,CBR1,inhibitor,inhibits
DB02709,PPARA,nan,other
DB02709,PPARG,nan,other
DB02709,AKT1,inhibitor,inhibits
DB02709,KHSRP,nan,other
DB02709,YARS1,inhibitor,inhibits
DB02710,LCN2,nan,other
DB02712,AKR1B1,inhibitor,inhibits
DB02714,RNASE1,nan,other
DB02715,ESR1,nan,other
DB02716,EIF4E,nan,other
DB02719,PYGM,inhibitor,inhibits
DB02720,PYGM,inhibitor,inhibits
DB02721,ADH1C,nan,other
DB02721,ADH1B,nan,other
DB02721,ADH1A,nan,other
DB02723,F2,nan,other
DB02726,ENO3,nan,other
DB02726,PKLR,nan,other
DB02726,TPI1,nan,other
DB02726,PKM,nan,other
DB02726,ENO2,nan,other
DB02727,NOS1,inhibitor,inhibits
DB02728,MIF,nan,other
DB02730,AMY2B,nan,other
DB02731,OXCT1,nan,other
DB02733,CDK1,binder,other
DB02733,ADRB3,agonist,activates
DB02733,CDK5,inhibitor,inhibits
DB02733,CDK2,inhibitor,inhibits
DB02733,SRPK2,nan,other
DB02733,CDK4,nan,other
DB02733,MAPK1,inhibitor,inhibits
DB02733,MAPK3,inhibitor,inhibits
DB02735,STS,nan,other
DB02740,B2M,nan,other
DB02740,TRAC,nan,other
DB02740,TRBC1,nan,other
DB02741,RARG,inhibitor,inhibits
DB02742,MAN2A1,nan,other
DB02742,MAN1B1,nan,other
DB02744,PRSS1,nan,other
DB02745,TYMP,inhibitor,inhibits
DB02745,LSM6,nan,other
DB02746,ESR1,nan,other
DB02746,PGR,nan,other
DB02746,ESR2,nan,other
DB02746,PPARA,nan,other
DB02746,PPARD,nan,other
DB02746,PPARG,nan,other
DB02746,RXRA,nan,other
DB02746,RXRB,nan,other
DB02746,RXRG,nan,other
DB02750,EFL1,nan,other
DB02751,GAMT,nan,other
DB02754,HSP90AA1,inhibitor,inhibits
DB02754,HSP90AB1,nan,other
DB02755,M6PR,inhibitor,inhibits
DB02757,ESR1,nan,other
DB02757,ESR2,nan,other
DB02757,ADH1C,nan,other
DB02758,PLA2G2E,nan,other
DB02759,LYZ,nan,other
DB02761,TST,nan,other
DB02762,SRC,inhibitor,inhibits
DB02763,IL12B,nan,other
DB02765,TK1,inhibitor,inhibits
DB02767,TLR4,inhibitor,inhibits
DB02767,LY96,nan,other
DB02772,TAS1R2,nan,other
DB02772,LYZ,nan,other
DB02772,ACTA1,nan,other
DB02772,ATOX1,nan,other
DB02772,RTCB,nan,other
DB02773,PTGS1,inhibitor,inhibits
DB02774,ARF1,nan,other
DB02778,FBP1,inhibitor,inhibits
DB02778,FBP2,inhibitor,inhibits
DB02779,PTPN11,inhibitor,inhibits
DB02783,GOT2,nan,other
DB02784,PTPN1,nan,other
DB02789,ESRRA,agonist,activates
DB02789,NR1I2,nan,other
DB02789,SULT2B1,nan,other
DB02795,PLA2G1B,inhibitor,inhibits
DB02795,PLA2G2E,nan,other
DB02796,PNP,inhibitor,inhibits
DB02800,SHMT1,nan,other
DB02803,REN,inhibitor,inhibits
DB02805,RNASE1,nan,other
DB02809,PDF,inhibitor,inhibits
DB02811,BCHE,inhibitor,inhibits
DB02812,PRSS1,inhibitor,inhibits
DB02813,HEXB,nan,other
DB02818,GRIK1,agonist,activates
DB02818,GRIA2,nan,other
DB02820,HSD17B10,nan,other
DB02821,OAT,inhibitor,inhibits
DB02822,ADH1C,nan,other
DB02824,ODC1,inhibitor,inhibits
DB02824,SHMT1,nan,other
DB02825,ACHE,nan,other
DB02827,PTPN1,nan,other
DB02828,ALAD,inhibitor,inhibits
DB02830,ADA,inhibitor,inhibits
DB02831,DCXR,nan,other
DB02833,CCNA2,nan,other
DB02833,CDK2,nan,other
DB02834,AKR1B1,inhibitor,inhibits
DB02835,PGM1,nan,other
DB02837,MBL2,nan,other
DB02838,DAO,nan,other
DB02840,HSP90AA1,nan,other
DB02843,PYGM,inhibitor,inhibits
DB02845,ACHE,inhibitor,inhibits
DB02845,BCHE,inhibitor,inhibits
DB02846,ANXA5,nan,other
DB02848,FBP1,nan,other
DB02850,HPD,nan,other
DB02852,GRIK1,agonist,activates
DB02852,GRIK2,nan,other
DB02854,IGHG2,nan,other
DB02854,SULT2A1,nan,other
DB02854,HSD17B11,nan,other
DB02855,CTSB,nan,other
DB02857,PNP,inhibitor,inhibits
DB02859,ACACB,inhibitor,inhibits
DB02860,SLC12A1,blocker,inhibits
DB02860,PPP1CC,nan,other
DB02861,CA2,nan,other
DB02866,CA2,inhibitor,inhibits
DB02868,CALM1,nan,other
DB02869,CTSK,nan,other
DB02869,CTSV,nan,other
DB02871,ADH1C,nan,other
DB02872,MDM2,nan,other
DB02873,MAPK14,nan,other
DB02875,PRSS1,nan,other
DB02877,RARB,inhibitor,inhibits
DB02878,ALAD,inhibitor,inhibits
DB02884,CACNA2D1,inhibitor,inhibits
DB02884,ZFY,nan,other
DB02887,NME1,nan,other
DB02888,FKBP1A,inhibitor,inhibits
DB02889,AMY2A,nan,other
DB02890,UMPS,nan,other
DB02893,METAP2,inhibitor,inhibits
DB02894,CA2,nan,other
DB02895,GSR,inhibitor,inhibits
DB02898,CDK2,nan,other
DB02900,M6PR,inhibitor,inhibits
DB02900,IGF2R,nan,other
DB02901,AR,agonist,activates
DB02901,ESR1,nan,other
DB02901,NR3C2,nan,other
DB02901,HSD17B1,nan,other
DB02902,SULT1E1,nan,other
DB02908,SRC,inhibitor,inhibits
DB02910,ECHS1,nan,other
DB02910,ECI1,nan,other
DB02910,ACADM,nan,other
DB02911,NOS3,inhibitor,inhibits
DB02915,CCNA2,nan,other
DB02915,CDK2,nan,other
DB02917,HDAC8,nan,other
DB02918,PDE4D,nan,other
DB02919,DHFR,nan,other
DB02921,TK1,inhibitor,inhibits
DB02924,LCN9,nan,other
DB02925,SLC12A1,inhibitor,inhibits
DB02929,ANXA5,nan,other
DB02930,BST1,nan,other
DB02930,SYN1,nan,other
DB02930,BCKDK,nan,other
DB02930,PFKFB1,nan,other
DB02930,PMS2,nan,other
DB02931,AANAT,nan,other
DB02932,AR,nan,other
DB02933,MTAP,nan,other
DB02935,HSP90B1,nan,other
DB02936,PLA2G2A,nan,other
DB02938,PLA2G1B,inhibitor,inhibits
DB02942,EEA1,nan,other
DB02943,GSTA1,nan,other
DB02950,CDK2,inhibitor,inhibits
DB02950,CDK5,inhibitor,inhibits
DB02950,CDK1,nan,other
DB02952,CRH,nan,other
DB02952,NPY,nan,other
DB02953,MMP8,inhibitor,inhibits
DB02955,CNR1,nan,other
DB02955,CNR2,nan,other
DB02955,TRPV1,nan,other
DB02962,DYRK1A,inhibitor,inhibits
DB02963,CDK2,nan,other
DB02964,PYGM,nan,other
DB02966,GRIA4,agonist,activates
DB02966,GRIA1,agonist,activates
DB02966,GRIA3,agonist,activates
DB02966,GRIA2,agonist,activates
DB02967,CLC,nan,other
DB02973,CDK2,nan,other
DB02974,CYP2B6,nan,other
DB02977,PTPN1,inhibitor,inhibits
DB02979,NOS3,inhibitor,inhibits
DB02983,ESR2,inhibitor,inhibits
DB02983,CLC,nan,other
DB02984,MAPK14,nan,other
DB02985,PNP,inhibitor,inhibits
DB02986,CA2,inhibitor,inhibits
DB02987,RNASE1,nan,other
DB02987,OAS1,nan,other
DB02988,DAO,nan,other
DB02989,PRSS1,nan,other
DB02991,NOS1,inhibitor,inhibits
DB02994,NOS3,inhibitor,inhibits
DB02994,AKR1B1,inhibitor,inhibits
DB02994,GNAT1,nan,other
DB02996,ADAM28,nan,other
DB02998,PGR,inhibitor,inhibits
DB02998,AR,activator,activates
DB02998,NCOA2,nan,other
DB02998,NR3C2,nan,other
DB02998,KLK3,activator,activates
DB02999,GRM1,agonist,activates
DB02999,GRIK1,inhibitor,inhibits
DB02999,GRM2,inhibitor,inhibits
DB02999,GRM3,inhibitor,inhibits
DB02999,GRM5,inhibitor,inhibits
DB02999,FOLH1,inhibitor,inhibits
DB02999,GRIA2,nan,other
DB02999,GRIK2,nan,other
DB03000,TK1,inhibitor,inhibits
DB03000,ADA,inhibitor,inhibits
DB03003,GSTM4,nan,other
DB03003,GSTA1,nan,other
DB03003,GSTP1,nan,other
DB03005,ACHE,nan,other
DB03006,LYZ,nan,other
DB03008,MAN2A1,nan,other
DB03010,TUBB,nan,other
DB03010,TUBB1,nan,other
DB03010,TUBB4B,nan,other
DB03010,TUBB4A,nan,other
DB03010,TUBA4A,nan,other
DB03010,TUBB3,nan,other
DB03010,TUBA1C,nan,other
DB03010,TUBA8,nan,other
DB03010,TUBA1B,nan,other
DB03010,TUBA1A,nan,other
DB03010,TUBA3C,nan,other
DB03012,CPA1,nan,other
DB03013,LYZ,nan,other
DB03013,B4GALT1,nan,other
DB03015,ADA,inhibitor,inhibits
DB03016,PRSS1,nan,other
DB03017,TLR4,inhibitor,inhibits
DB03017,LTF,inhibitor,inhibits
DB03017,PLA2G2A,inhibitor,inhibits
DB03017,HNF4A,nan,other
DB03017,VLDLR,nan,other
DB03017,GLTP,nan,other
DB03017,C8G,nan,other
DB03017,PLA2G2D,nan,other
DB03017,LY96,nan,other
DB03017,PPARA,nan,other
DB03017,GM2A,nan,other
DB03017,ADH5,nan,other
DB03019,CDK2,nan,other
DB03020,ADH1C,nan,other
DB03021,ACTA1,nan,other
DB03023,LYN,nan,other
DB03023,SRC,nan,other
DB03023,LCK,nan,other
DB03024,REN,inhibitor,inhibits
DB03026,TPI1,nan,other
DB03028,CTSD,inhibitor,inhibits
DB03032,GSTM4,nan,other
DB03033,MMP13,inhibitor,inhibits
DB03033,MMP3,inhibitor,inhibits
DB03035,CSNK2A1,nan,other
DB03039,CA2,nan,other
DB03040,LTF,inhibitor,inhibits
DB03041,GALE,substrate,other
DB03041,B3GAT3,nan,other
DB03042,GPI,nan,other
DB03044,HCK,inhibitor,inhibits
DB03044,MAPK14,nan,other
DB03046,PLAU,nan,other
DB03048,DPYD,inhibitor,inhibits
DB03052,TBXAS1,inhibitor,inhibits
DB03056,CES1,inhibitor,inhibits
DB03058,CFD,nan,other
DB03059,HADH,nan,other
DB03059,ACADS,nan,other
DB03059,ECHS1,nan,other
DB03060,PDF,inhibitor,inhibits
DB03060,DHFR,nan,other
DB03061,ADH1C,nan,other
DB03062,NMT1,nan,other
DB03064,HAO1,nan,other
DB03065,NOS3,inhibitor,inhibits
DB03067,PYGM,nan,other
DB03070,IMPDH2,inhibitor,inhibits
DB03072,PARP1,nan,other
DB03073,PARP1,inhibitor,inhibits
DB03078,SRC,inhibitor,inhibits
DB03081,PRSS1,nan,other
DB03082,PLAU,nan,other
DB03083,CSNK1A1,inhibitor,inhibits
DB03083,CSNK1E,inhibitor,inhibits
DB03083,CSNK1G2,nan,other
DB03084,MAPK10,nan,other
DB03085,G6PD,inhibitor,inhibits
DB03086,METAP2,nan,other
DB03087,LCN9,nan,other
DB03088,AMY2A,inhibitor,inhibits
DB03088,AMY2B,nan,other
DB03088,VEGFA,nan,other
DB03088,IGLC1,nan,other
DB03088,IGLV2-8,nan,other
DB03088,TFF2,nan,other
DB03088,ADAM28,nan,other
DB03088,KRTAP5-2,nan,other
DB03088,HCRT,nan,other
DB03088,CCL8,nan,other
DB03092,AMY2A,inhibitor,inhibits
DB03092,AMY2B,nan,other
DB03093,HSP90AA1,nan,other
DB03095,GALE,nan,other
DB03096,CTSD,inhibitor,inhibits
DB03100,NOS3,inhibitor,inhibits
DB03100,NOS2,inhibitor,inhibits
DB03101,PNP,inhibitor,inhibits
DB03102,PTPN1,nan,other
DB03103,NME1,nan,other
DB03104,SRC,inhibitor,inhibits
DB03106,GBA1,nan,other
DB03106,CDIPT,inhibitor,inhibits
DB03107,SLC6A11,blocker,inhibits
DB03108,PGD,inhibitor,inhibits
DB03109,CHIT1,nan,other
DB03110,MAPK14,inhibitor,inhibits
DB03114,SRC,inhibitor,inhibits
DB03115,MAP2K1,nan,other
DB03120,LYZ,nan,other
DB03120,CTSH,nan,other
DB03121,PLA2G2A,nan,other
DB03124,CASP3,nan,other
DB03125,DHFR,nan,other
DB03126,MYH14,nan,other
DB03127,PRSS1,inhibitor,inhibits
DB03127,PLAU,inhibitor,inhibits
DB03127,ST14,inhibitor,inhibits
DB03127,KLK1,nan,other
DB03127,CSNK2A1,nan,other
DB03127,KLK6,nan,other
DB03127,PRSS2,nan,other
DB03127,PRSS3,nan,other
DB03127,ATOX1,nan,other
DB03127,ECI1,nan,other
DB03128,CHRM1,nan,other
DB03128,CHRM2,nan,other
DB03128,CHRM3,nan,other
DB03128,CHRM4,nan,other
DB03128,CHRNA7,nan,other
DB03129,PRSS3,nan,other
DB03130,GLO1,nan,other
DB03132,TPI1,nan,other
DB03133,PYGM,nan,other
DB03135,TPI1,nan,other
DB03136,F2,inhibitor,inhibits
DB03136,F9,inhibitor,inhibits
DB03136,PLAU,inhibitor,inhibits
DB03136,PRSS1,nan,other
DB03137,HSP90AA1,nan,other
DB03144,NOS3,inhibitor,inhibits
DB03144,NOS2,inhibitor,inhibits
DB03144,NOS1,inhibitor,inhibits
DB03144,ARG1,nan,other
DB03147,NQO2,inhibitor,inhibits
DB03147,NOS1,inhibitor,inhibits
DB03147,DPYD,inhibitor,inhibits
DB03147,XDH,inhibitor,inhibits
DB03147,GSR,inhibitor,inhibits
DB03147,NQO1,inhibitor,inhibits
DB03147,MAOA,inhibitor,inhibits
DB03147,TXNRD1,inhibitor,inhibits
DB03147,MAOB,inhibitor,inhibits
DB03147,NDUFA9,cofactor,other
DB03147,ERO1B,nan,other
DB03147,CYB5R3,nan,other
DB03147,IVD,nan,other
DB03147,ACAD8,nan,other
DB03147,AIFM1,nan,other
DB03147,POR,nan,other
DB03147,GCDH,nan,other
DB03147,ACADM,nan,other
DB03147,DAO,nan,other
DB03147,ACADS,nan,other
DB03147,IL4I1,nan,other
DB03147,DLD,nan,other
DB03147,CYB5R1,nan,other
DB03147,FDXR,nan,other
DB03147,ACOX1,nan,other
DB03147,GFER,nan,other
DB03148,NT5E,inhibitor,inhibits
DB03150,DTYMK,nan,other
DB03152,RHO,nan,other
DB03152,TGM3,nan,other
DB03153,HPRT1,nan,other
DB03154,PTPN1,nan,other
DB03155,RNASE1,nan,other
DB03158,INPP5B,nan,other
DB03159,F2,inhibitor,inhibits
DB03159,PLAU,inhibitor,inhibits
DB03159,PRSS1,nan,other
DB03169,HMGCR,nan,other
DB03173,PRSS1,nan,other
DB03175,LYZ,nan,other
DB03176,THRA,nan,other
DB03176,THRB,nan,other
DB03179,COMTD1,nan,other
DB03181,THRB,nan,other
DB03182,CS,nan,other
DB03183,PDE4D,nan,other
DB03185,CDA,nan,other
DB03186,RNASE1,nan,other
DB03187,GCSH,nan,other
DB03189,LYZ,nan,other
DB03191,MAT1A,nan,other
DB03192,HSD17B4,nan,other
DB03193,PPARA,nan,other
DB03193,PLA2G2D,nan,other
DB03194,MBL2,nan,other
DB03195,DTYMK,nan,other
DB03201,CPA1,nan,other
DB03202,CELA1,nan,other
DB03203,PCYT1B,inhibitor,inhibits
DB03203,PVR,nan,other
DB03203,GLTP,nan,other
DB03206,MGAM,inhibitor,inhibits
DB03206,GAA,inhibitor,inhibits
DB03206,GANAB,inhibitor,inhibits
DB03206,GANC,inhibitor,inhibits
DB03206,MAN1B1,nan,other
DB03207,MMP8,nan,other
DB03213,PRSS1,nan,other
DB03214,IL4I1,nan,other
DB03214,ACCS,nan,other
DB03216,AHCY,nan,other
DB03217,SRC,inhibitor,inhibits
DB03218,PYGM,inhibitor,inhibits
DB03220,ADA,inhibitor,inhibits
DB03221,CA2,inhibitor,inhibits
DB03222,P2RY11,agonist,activates
DB03222,POLB,nan,other
DB03223,EEF2,nan,other
DB03225,HCAR3,agonist,activates
DB03225,DAO,nan,other
DB03226,ADH1C,nan,other
DB03226,HRAS,nan,other
DB03227,BST1,nan,other
DB03227,NMNAT1,nan,other
DB03227,NMNAT3,nan,other
DB03233,DTYMK,nan,other
DB03240,GRIA2,nan,other
DB03243,PRSS1,nan,other
DB03245,GCDH,nan,other
DB03247,BLVRB,nan,other
DB03247,HAO1,nan,other
DB03247,PNPO,nan,other
DB03247,RFK,nan,other
DB03247,NOS1,nan,other
DB03247,DPYD,nan,other
DB03247,DHODH,nan,other
DB03247,SGK1,nan,other
DB03247,RPS6KA4,nan,other
DB03247,HAO2,nan,other
DB03247,POR,nan,other
DB03247,PPCDC,nan,other
DB03250,PYGM,nan,other
DB03251,PRSS1,nan,other
DB03253,DPP4,inhibitor,inhibits
DB03254,IDO1,inhibitor,inhibits
DB03255,CA1,inhibitor,inhibits
DB03255,CA4,inhibitor,inhibits
DB03255,CA12,inhibitor,inhibits
DB03255,CA2,inhibitor,inhibits
DB03255,CA14,inhibitor,inhibits
DB03255,CA9,inhibitor,inhibits
DB03255,ALB,nan,other
DB03256,FTCD,nan,other
DB03260,CA4,inhibitor,inhibits
DB03260,CA1,inhibitor,inhibits
DB03260,CA6,inhibitor,inhibits
DB03260,CA9,inhibitor,inhibits
DB03260,CA14,inhibitor,inhibits
DB03260,CA12,inhibitor,inhibits
DB03262,CA2,nan,other
DB03267,PCK1,nan,other
DB03268,SRC,inhibitor,inhibits
DB03270,CA2,inhibitor,inhibits
DB03273,AHCY,nan,other
DB03276,GRB2,nan,other
DB03277,AMY2B,nan,other
DB03279,RARG,inhibitor,inhibits
DB03280,TK1,inhibitor,inhibits
DB03280,DTYMK,ligand,other
DB03283,ACHE,inhibitor,inhibits
DB03286,PYGM,nan,other
DB03288,PYGL,nan,other
DB03292,PSPH,nan,other
DB03294,CA2,nan,other
DB03297,CMA1,nan,other
DB03297,SOD2,nan,other
DB03297,HPN,nan,other
DB03298,SRC,inhibitor,inhibits
DB03305,NOS2,inhibitor,inhibits
DB03305,NOS1,inhibitor,inhibits
DB03305,NOS3,inhibitor,inhibits
DB03306,SRC,inhibitor,inhibits
DB03307,CDK2,nan,other
DB03309,SULT2B1,nan,other
DB03309,EN2,nan,other
DB03310,MGST1,activator,activates
DB03310,GSTA1,activator,activates
DB03310,GSTM2,activator,activates
DB03310,GSR,substrate,other
DB03311,PTPN1,nan,other
DB03312,TK2,substrate,other
DB03312,TK1,inhibitor,inhibits
DB03314,TPI1,nan,other
DB03314,GSTM1,nan,other
DB03316,TNFSF13B,inhibitor,inhibits
DB03316,EPN1,nan,other
DB03316,TGFB3,nan,other
DB03317,CYCS,nan,other
DB03317,CYP2C9,nan,other
DB03319,GRIA2,nan,other
DB03323,AMY2B,nan,other
DB03326,RNASE1,nan,other
DB03328,XDH,nan,other
DB03329,CTSB,nan,other
DB03330,GLO1,nan,other
DB03331,GAPDHS,nan,other
DB03332,NOS3,inhibitor,inhibits
DB03333,CA2,nan,other
DB03336,COMT,inhibitor,inhibits
DB03337,PRSS1,nan,other
DB03338,FKBP1A,inhibitor,inhibits
DB03338,PPARD,inhibitor,inhibits
DB03341,AANAT,nan,other
DB03344,CYTH3,nan,other
DB03345,GLO1,inhibitor,inhibits
DB03345,FGF2,inhibitor,inhibits
DB03345,CDC25B,inhibitor,inhibits
DB03345,CA2,inhibitor,inhibits
DB03345,ALAD,inhibitor,inhibits
DB03345,PDF,inhibitor,inhibits
DB03345,SERPINA1,inhibitor,inhibits
DB03345,PNPO,nan,other
DB03345,LGALS1,nan,other
DB03345,SCMH1,nan,other
DB03346,SULT1E1,nan,other
DB03347,TP53,nan,other
DB03348,ACHE,nan,other
DB03349,PDE4B,inhibitor,inhibits
DB03349,HINT1,nan,other
DB03351,PDF,inhibitor,inhibits
DB03351,DHFR,nan,other
DB03354,PYGM,nan,other
DB03359,ACHE,nan,other
DB03365,CDK2,inhibitor,inhibits
DB03365,KDR,inhibitor,inhibits
DB03366,MB,nan,other
DB03366,NOS2,nan,other
DB03366,AK2,nan,other
DB03366,PIM1,nan,other
DB03366,LTA4H,nan,other
DB03366,GPHN,nan,other
DB03366,CYCS,nan,other
DB03366,MYO1E,nan,other
DB03366,DMC1,nan,other
DB03367,MMP12,inhibitor,inhibits
DB03368,MMP3,nan,other
DB03370,ADA,inhibitor,inhibits
DB03372,IL2,nan,other
DB03373,PRSS1,nan,other
DB03374,PKIA,nan,other
DB03374,PRKACA,nan,other
DB03374,PRSS1,nan,other
DB03374,IYD,nan,other
DB03376,EPRS1,nan,other
DB03379,TPI1,nan,other
DB03380,NPY,nan,other
DB03380,BPHL,nan,other
DB03381,RHO,nan,other
DB03381,DBI,nan,other
DB03382,PREP,nan,other
DB03382,SOD1,nan,other
DB03383,PYGM,nan,other
DB03384,CASP7,nan,other
DB03385,CA2,inhibitor,inhibits
DB03385,MB,nan,other
DB03385,CA5A,nan,other
DB03389,LCT,nan,other
DB03390,ACP3,nan,other
DB03392,PYGM,nan,other
DB03393,PPIA,nan,other
DB03394,CBR1,nan,other
DB03395,REN,inhibitor,inhibits
DB03396,METAP2,nan,other
DB03397,UAP1,nan,other
DB03397,GALE,nan,other
DB03397,EXTL2,nan,other
DB03397,MGAT1,nan,other
DB03399,MB,nan,other
DB03401,ITPR1,inhibitor,inhibits
DB03401,ITPR3,inhibitor,inhibits
DB03401,ITPR2,inhibitor,inhibits
DB03401,CYTH2,nan,other
DB03401,EPN1,nan,other
DB03401,PLCD1,nan,other
DB03401,RDX,nan,other
DB03401,SPTBN1,nan,other
DB03401,ITPKA,nan,other
DB03403,UCK2,nan,other
DB03403,CMPK1,nan,other
DB03404,ALAS1,inhibitor,inhibits
DB03405,CTSK,nan,other
DB03408,GSS,nan,other
DB03411,PNP,inhibitor,inhibits
DB03413,DUT,nan,other
DB03414,MAN2A1,nan,other
DB03415,ACADM,nan,other
DB03417,PRSS1,nan,other
DB03419,DPYD,modulator,other
DB03419,UCKL1,nan,other
DB03424,LTA4H,inhibitor,inhibits
DB03425,GRIK2,nan,other
DB03428,CDK2,inhibitor,inhibits
DB03428,CDK5,inhibitor,inhibits
DB03428,CDK1,binder,other
DB03429,SLC25A4,nan,other
DB03430,LCTL,nan,other
DB03434,GNLY,nan,other
DB03435,ABO,nan,other
DB03435,B3GAT1,nan,other
DB03435,EXTL2,nan,other
DB03435,GLT6D1,nan,other
DB03435,CMPK1,nan,other
DB03435,B3GAT3,nan,other
DB03435,GYG1,nan,other
DB03435,GPR17,regulator,other
DB03439,AMY2A,inhibitor,inhibits
DB03441,CPA1,nan,other
DB03442,ATIC,nan,other
DB03443,PRSS1,nan,other
DB03444,GSK3B,nan,other
DB03447,RNASE1,nan,other
DB03448,RNASE1,nan,other
DB03448,RNASE4,nan,other
DB03449,NOS2,nan,other
DB03449,NOS1,nan,other
DB03451,VDR,agonist,activates
DB03453,IL2,nan,other
DB03455,IL2,nan,other
DB03456,CTSK,nan,other
DB03459,CAD,nan,other
DB03461,AKR1B1,nan,other
DB03461,AKR1C2,nan,other
DB03461,HSD17B1,nan,other
DB03461,NNT,nan,other
DB03461,HSD11B1,nan,other
DB03461,SPR,nan,other
DB03461,DCXR,nan,other
DB03461,IDH1,nan,other
DB03461,AKR1C1,nan,other
DB03461,NOS1,nan,other
DB03461,G6PD,nan,other
DB03461,DHFR,nan,other
DB03461,MTHFD1,nan,other
DB03461,AKR1C3,nan,other
DB03461,BLVRB,nan,other
DB03461,CRYZ,nan,other
DB03461,HMGCR,nan,other
DB03461,ADH1B,nan,other
DB03461,POR,nan,other
DB03461,ME1,nan,other
DB03461,DHRS11,nan,other
DB03461,MDH1,nan,other
DB03461,HSD17B8,nan,other
DB03461,AKR1A1,nan,other
DB03461,DECR1,nan,other
DB03461,FDXR,nan,other
DB03461,PTGR1,nan,other
DB03461,AKR1B10,nan,other
DB03461,DHRS4L1,nan,other
DB03462,TYMP,inhibitor,inhibits
DB03466,RARG,inhibitor,inhibits
DB03467,ESR1,nan,other
DB03467,AKR1C1,antagonist,inhibits
DB03467,CYP1B1,nan,other
DB03467,KANSL3,nan,other
DB03467,SHBG,nan,other
DB03467,CYP19A1,inhibitor,inhibits
DB03467,ESR2,partial agonist,activates
DB03468,ADRA2A,inhibitor,inhibits
DB03468,PNMT,nan,other
DB03471,PLA2G2A,nan,other
DB03476,PLAU,nan,other
DB03477,PTGS2,inhibitor,inhibits
DB03478,SIRT5,nan,other
DB03479,PYGM,nan,other
DB03480,DHODH,nan,other
DB03483,PTPN1,nan,other
DB03484,ANXA5,nan,other
DB03485,LTF,inhibitor,inhibits
DB03486,CANT1,nan,other
DB03487,LYZ,nan,other
DB03490,CDK2,nan,other
DB03491,NME1,nan,other
DB03495,AMY2A,nan,other
DB03496,PYGM,inhibitor,inhibits
DB03496,CDK9,inhibitor,inhibits
DB03496,PYGB,nan,other
DB03496,PYGL,nan,other
DB03496,CDK7,nan,other
DB03496,CDK5,nan,other
DB03496,CDK1,nan,other
DB03496,CDK6,nan,other
DB03496,EGFR,nan,other
DB03496,CDK4,nan,other
DB03496,CDK8,nan,other
DB03496,CDK2,inhibitor,inhibits
DB03499,ME2,nan,other
DB03499,CS,nan,other
DB03501,ABO,nan,other
DB03501,GALE,nan,other
DB03501,B4GALT1,nan,other
DB03501,GPR17,regulator,other
DB03504,HSP90AA1,nan,other
DB03506,APRT,nan,other
DB03507,TNFRSF1A,nan,other
DB03509,PARP1,inhibitor,inhibits
DB03510,ADSS1,nan,other
DB03512,RNASE1,nan,other
DB03516,DPYD,modulator,other
DB03516,AOX1,nan,other
DB03516,XDH,inhibitor,inhibits
DB03523,DHODH,modulator,other
DB03525,SRC,inhibitor,inhibits
DB03526,CA2,inhibitor,inhibits
DB03531,DAO,nan,other
DB03535,PREP,inhibitor,inhibits
DB03536,CTSF,nan,other
DB03539,CHIT1,nan,other
DB03541,NQO2,inhibitor,inhibits
DB03541,TYMS,nan,other
DB03541,DHRS4L1,nan,other
DB03542,IMPA1,nan,other
DB03546,GART,nan,other
DB03551,PNP,nan,other
DB03552,TH,inhibitor,inhibits
DB03553,SLC22A8,inhibitor,inhibits
DB03554,DPYD,inhibitor,inhibits
DB03555,PRSS1,nan,other
DB03556,CBR1,nan,other
DB03557,PTPN1,nan,other
DB03559,ADH1C,nan,other
DB03559,ADH4,nan,other
DB03560,ABAT,inhibitor,inhibits
DB03560,MAOB,inhibitor,inhibits
DB03565,PLA2G1B,nan,other
DB03566,TXNRD1,inhibitor,inhibits
DB03566,ADRB1,nan,other
DB03566,ADRB2,nan,other
DB03568,BCHE,inhibitor,inhibits
DB03568,HDAC1,inhibitor,inhibits
DB03572,ADA,inhibitor,inhibits
DB03573,CTSF,inhibitor,inhibits
DB03575,GRIN3A,antagonist,inhibits
DB03575,GRIN2B,inhibitor,inhibits
DB03575,GRIN2A,inhibitor,inhibits
DB03575,GRIN1,inhibitor,inhibits
DB03575,SIGMAR1,nan,other
DB03577,ACP3,nan,other
DB03581,GPI,nan,other
DB03583,CDK2,nan,other
DB03585,ALB,modulator,other
DB03585,PLA2G2E,nan,other
DB03587,TRPA1,activator,activates
DB03587,PLA2G1B,inhibitor,inhibits
DB03588,CTSB,nan,other
DB03589,ME2,nan,other
DB03591,SRC,inhibitor,inhibits
DB03593,DCPS,nan,other
DB03594,CA2,inhibitor,inhibits
DB03595,PRSS1,nan,other
DB03596,CA2,inhibitor,inhibits
DB03597,PDE5A,inhibitor,inhibits
DB03597,GSTM4,nan,other
DB03597,PDE9A,nan,other
DB03598,CA2,nan,other
DB03600,FURIN,nan,other
DB03600,GLTP,nan,other
DB03600,PPARG,ligand,other
DB03601,XDH,inhibitor,inhibits
DB03601,CYP19A1,inhibitor,inhibits
DB03602,GLO1,nan,other
DB03602,GSTA1,nan,other
DB03604,THRA,agonist,activates
DB03604,THRB,agonist,activates
DB03606,PDE4A,inhibitor,inhibits
DB03606,PDE4B,inhibitor,inhibits
DB03606,PDE4D,nan,other
DB03608,PRSS1,nan,other
DB03608,AOC1,nan,other
DB03608,PRDX5,nan,other
DB03609,PNP,inhibitor,inhibits
DB03611,MAT1A,nan,other
DB03612,HADH,nan,other
DB03614,MTR,cofactor,other
DB03615,P4HB,nan,other
DB03616,ACTA1,nan,other
DB03619,PCNA,other/unknown,other
DB03619,EFL1,nan,other
DB03619,NR1H4,nan,other
DB03619,GSTP1,nan,other
DB03619,GPBAR1,nan,other
DB03619,GSTA1,inhibitor,inhibits
DB03621,FKBP1A,inhibitor,inhibits
DB03622,MMP8,nan,other
DB03623,MAPK10,inhibitor,inhibits
DB03626,NQO1,nan,other
DB03628,SRC,inhibitor,inhibits
DB03632,CHIT1,nan,other
DB03633,PLA2G1B,inhibitor,inhibits
DB03633,GM2A,nan,other
DB03635,PPBP,nan,other
DB03636,MMP8,inhibitor,inhibits
DB03637,PRSS3,nan,other
DB03639,DHPS,inhibitor,inhibits
DB03642,CTSK,nan,other
DB03643,HPN,inhibitor,inhibits
DB03643,PRSS1,nan,other
DB03645,ENO3,nan,other
DB03650,PIM1,nan,other
DB03657,PYGM,inhibitor,inhibits
DB03660,DPP4,inhibitor,inhibits
DB03661,CDC25B,inhibitor,inhibits
DB03661,PTPN1,inhibitor,inhibits
DB03661,CTSL,inhibitor,inhibits
DB03661,GLIPR2,nan,other
DB03663,CDK2,nan,other
DB03664,CMPK1,nan,other
DB03666,DTYMK,nan,other
DB03667,PTGS1,inhibitor,inhibits
DB03670,PTPN1,nan,other
DB03672,BCHE,inhibitor,inhibits
DB03673,PAH,nan,other
DB03677,EPHX2,inhibitor,inhibits
DB03680,ME2,nan,other
DB03680,ME3,nan,other
DB03683,MMP9,nan,other
DB03685,UCKL1,nan,other
DB03685,GLT6D1,nan,other
DB03685,LSM6,nan,other
DB03685,B4GALT1,nan,other
DB03685,ISG20,nan,other
DB03686,GSTP1,nan,other
DB03690,PITPNA,nan,other
DB03691,CTSF,inhibitor,inhibits
DB03693,CSNK1G2,nan,other
DB03694,TYR,inhibitor,inhibits
DB03695,DHFR,modulator,other
DB03696,LSS,nan,other
DB03697,CA2,inhibitor,inhibits
DB03701,SLC6A3,antagonist,inhibits
DB03701,KCNH2,blocker,inhibits
DB03702,CELA1,nan,other
DB03703,ADH1B,nan,other
DB03704,ADH5,nan,other
DB03706,GSTM4,nan,other
DB03707,NOS1,inhibitor,inhibits
DB03707,NOS3,inhibitor,inhibits
DB03708,PAPSS1,nan,other
DB03709,PLG,inhibitor,inhibits
DB03710,NOS1,nan,other
DB03711,LCN9,nan,other
DB03712,SRC,inhibitor,inhibits
DB03714,PTPN1,nan,other
DB03719,HSP90B1,nan,other
DB03721,SELP,inhibitor,inhibits
DB03721,SELE,inhibitor,inhibits
DB03721,CES1,inhibitor,inhibits
DB03721,MBL2,nan,other
DB03721,REG1A,nan,other
DB03721,SIGLEC1,nan,other
DB03721,AZGP1,nan,other
DB03722,PARP1,inhibitor,inhibits
DB03725,PCK1,nan,other
DB03726,RNASE1,nan,other
DB03727,UROD,nan,other
DB03729,PLAU,inhibitor,inhibits
DB03731,ARG1,nan,other
DB03731,ARG2,nan,other
DB03732,BST1,nan,other
DB03736,REN,inhibitor,inhibits
DB03737,CDK2,nan,other
DB03738,PPCDC,nan,other
DB03740,ACE,inhibitor,inhibits
DB03740,ACHE,inhibitor,inhibits
DB03740,GBA1,inhibitor,inhibits
DB03740,SIGLEC7,nan,other
DB03740,IGHG1,nan,other
DB03742,ESR1,nan,other
DB03744,PYGL,nan,other
DB03747,HEXB,nan,other
DB03749,HSP90AA1,nan,other
DB03752,PTGS1,inhibitor,inhibits
DB03753,PTGS1,nan,other
DB03754,AMD1,inhibitor,inhibits
DB03754,APP,inhibitor,inhibits
DB03756,PPARA,activator,activates
DB03756,PTGS1,inhibitor,inhibits
DB03756,PTGS2,inhibitor,inhibits
DB03756,PPARG,activator,activates
DB03756,RXRA,activator,activates
DB03756,RXRB,activator,activates
DB03756,RXRG,activator,activates
DB03756,SREBF1,inhibitor,inhibits
DB03756,MYC,inhibitor,inhibits
DB03757,CELA1,inhibitor,inhibits
DB03758,HSP90AA1,inhibitor,inhibits
DB03758,HSP90AB1,nan,other
DB03758,HSP90B1,nan,other
DB03758,DLAT,nan,other
DB03758,PDK3,nan,other
DB03759,GRIA1,inhibitor,inhibits
DB03759,GRIK1,inhibitor,inhibits
DB03759,GRIN2B,inhibitor,inhibits
DB03759,GRIN2A,inhibitor,inhibits
DB03759,GRIN1,inhibitor,inhibits
DB03759,GRIA2,nan,other
DB03760,GCSH,nan,other
DB03760,DLAT,nan,other
DB03760,PDK3,nan,other
DB03765,RNASE1,nan,other
DB03766,GPHN,nan,other
DB03767,CTSS,nan,other
DB03769,AHCY,nan,other
DB03772,ABO,nan,other
DB03773,AMY2A,nan,other
DB03777,MAPK8,inhibitor,inhibits
DB03777,CDK1,inhibitor,inhibits
DB03777,PRKCG,inhibitor,inhibits
DB03777,GSK3B,inhibitor,inhibits
DB03777,MAPK14,inhibitor,inhibits
DB03777,MAPK11,inhibitor,inhibits
DB03777,LCK,inhibitor,inhibits
DB03777,AKT1,inhibitor,inhibits
DB03777,CCNB1,inhibitor,inhibits
DB03777,MAPK1,inhibitor,inhibits
DB03777,SGK1,inhibitor,inhibits
DB03777,MAPK12,inhibitor,inhibits
DB03777,PRKCZ,inhibitor,inhibits
DB03777,ROCK1,inhibitor,inhibits
DB03777,CHEK1,inhibitor,inhibits
DB03777,PDPK1,nan,other
DB03777,PRKCI,nan,other
DB03777,PIM1,nan,other
DB03781,ACACB,nan,other
DB03782,PLAU,inhibitor,inhibits
DB03783,PTGS1,inhibitor,inhibits
DB03783,IMPDH1,inhibitor,inhibits
DB03784,PLA2G2A,nan,other
DB03788,THRB,inhibitor,inhibits
DB03791,NR1H2,inhibitor,inhibits
DB03791,NR1H3,inhibitor,inhibits
DB03792,RNASE1,nan,other
DB03793,RAB9A,inhibitor,inhibits
DB03793,SLC15A1,nan,other
DB03793,DAO,nan,other
DB03796,FABP4,inhibitor,inhibits
DB03796,FABP5,inhibitor,inhibits
DB03796,LALBA,nan,other
DB03796,PPARA,nan,other
DB03796,RHO,nan,other
DB03796,PPT1,nan,other
DB03796,PMP2,nan,other
DB03796,PAEP,nan,other
DB03796,HNF4G,nan,other
DB03796,CYP2C8,nan,other
DB03796,TRAPPC3,nan,other
DB03800,TYMS,nan,other
DB03801,CDK2,inhibitor,inhibits
DB03802,ESR1,nan,other
DB03804,TK1,inhibitor,inhibits
DB03807,PDE4B,nan,other
DB03809,HSP90AA1,inhibitor,inhibits
DB03814,HSD11B1,inhibitor,inhibits
DB03814,PDF,inhibitor,inhibits
DB03814,ACHE,inhibitor,inhibits
DB03814,CMA1,inhibitor,inhibits
DB03814,BCHE,inhibitor,inhibits
DB03814,GSTP1,nan,other
DB03814,B4GALT1,nan,other
DB03814,QDPR,nan,other
DB03814,ASL,nan,other
DB03814,ARL3,nan,other
DB03814,L3MBTL1,nan,other
DB03814,PRDX6,nan,other
DB03814,SFTPA1,nan,other
DB03814,IRGC,nan,other
DB03821,ARSA,nan,other
DB03822,BCHE,inhibitor,inhibits
DB03824,PNMT,nan,other
DB03828,SRC,inhibitor,inhibits
DB03832,CROT,nan,other
DB03835,PYGM,nan,other
DB03837,CTSS,nan,other
DB03841,XDH,inhibitor,inhibits
DB03843,TRPA1,activator,activates
DB03844,CA2,inhibitor,inhibits
DB03845,DTYMK,nan,other
DB03847,F2,inhibitor,inhibits
DB03847,F9,inhibitor,inhibits
DB03847,F10,inhibitor,inhibits
DB03847,BGLAP,nan,other
DB03848,NR1H2,nan,other
DB03849,PDE4D,inhibitor,inhibits
DB03849,PDE4A,inhibitor,inhibits
DB03849,PDE4B,inhibitor,inhibits
DB03850,ACTA1,nan,other
DB03851,FABP4,inhibitor,inhibits
DB03851,FABP5,inhibitor,inhibits
DB03852,TRPM8,activator,activates
DB03854,CA4,inhibitor,inhibits
DB03854,CA1,inhibitor,inhibits
DB03854,CA6,inhibitor,inhibits
DB03854,CA9,inhibitor,inhibits
DB03854,CA14,inhibitor,inhibits
DB03854,CA2,inhibitor,inhibits
DB03854,CA12,inhibitor,inhibits
DB03856,ODC1,nan,other
DB03860,ESR1,inhibitor,inhibits
DB03860,ESR2,inhibitor,inhibits
DB03861,HEXB,nan,other
DB03861,KCNMB2,nan,other
DB03864,PREP,nan,other
DB03865,F2,nan,other
DB03865,PRSS1,nan,other
DB03865,PLAU,nan,other
DB03865,HPN,nan,other
DB03866,PTGS2,inhibitor,inhibits
DB03867,GSR,inhibitor,inhibits
DB03876,PLAU,inhibitor,inhibits
DB03876,PRSS1,nan,other
DB03877,CA2,inhibitor,inhibits
DB03878,ABL1,nan,other
DB03879,MBL2,nan,other
DB03880,MMP3,modulator,other
DB03880,ADAM28,nan,other
DB03880,ADAMTS5,nan,other
DB03880,MMP8,nan,other
DB03880,MMP12,nan,other
DB03880,MMP16,nan,other
DB03881,PNP,nan,other
DB03882,ESR2,agonist,activates
DB03884,HAO1,nan,other
DB03886,PDF,inhibitor,inhibits
DB03886,SPR,nan,other
DB03886,PTS,nan,other
DB03886,DHFR,nan,other
DB03889,HAGH,nan,other
DB03890,CELA1,nan,other
DB03891,CTSK,nan,other
DB03892,NOS1,inhibitor,inhibits
DB03893,GAPDH,nan,other
DB03894,MAOB,inhibitor,inhibits
DB03896,PAPOLA,nan,other
DB03899,HSP90AA1,inhibitor,inhibits
DB03900,CALM2,inhibitor,inhibits
DB03900,CALM1,inhibitor,inhibits
DB03900,CALM3,inhibitor,inhibits
DB03900,METAP2,inhibitor,inhibits
DB03900,RNASE1,nan,other
DB03900,TPI1,nan,other
DB03900,CALM1,nan,other
DB03902,SRC,inhibitor,inhibits
DB03903,ACTA1,nan,other
DB03904,ARG1,nan,other
DB03904,CA2,nan,other
DB03904,CTNNB1,nan,other
DB03906,HMOX1,inhibitor,inhibits
DB03907,COMT,nan,other
DB03909,INSR,inhibitor,inhibits
DB03909,ATP2A1,nan,other
DB03909,PDXK,nan,other
DB03909,PGK1,nan,other
DB03909,KIF1A,nan,other
DB03910,NOS2,inhibitor,inhibits
DB03910,NOS3,nan,other
DB03918,NOS3,inhibitor,inhibits
DB03921,TGFBR1,inhibitor,inhibits
DB03923,COMTD1,nan,other
DB03924,CSNK2A1,nan,other
DB03925,CELA1,nan,other
DB03925,ELANE,inhibitor,inhibits
DB03928,CTH,nan,other
DB03929,GRIN1,inhibitor,inhibits
DB03929,GLRA1,inhibitor,inhibits
DB03929,SERPINB3,nan,other
DB03932,ITGAL,inhibitor,inhibits
DB03934,CYCS,nan,other
DB03935,FGF2,nan,other
DB03935,ANXA5,nan,other
DB03937,GPI,nan,other
DB03940,ABAT,inhibitor,inhibits
DB03940,LDHA,nan,other
DB03940,LDHB,nan,other
DB03944,TNNC1,nan,other
DB03945,CRP,inhibitor,inhibits
DB03945,ELSPBP1,nan,other
DB03948,PPAT,inhibitor,inhibits
DB03948,IMPDH2,inhibitor,inhibits
DB03948,IMPDH1,nan,other
DB03950,CA2,nan,other
DB03951,GNPDA1,nan,other
DB03953,NOS2,inhibitor,inhibits
DB03955,MAN2A1,nan,other
DB03956,PLCD1,nan,other
DB03957,IL2,inhibitor,inhibits
DB03958,DCPS,nan,other
DB03959,HGF,inhibitor,inhibits
DB03959,FGF1,inhibitor,inhibits
DB03959,FGF2,inhibitor,inhibits
DB03959,HS3ST3A1,nan,other
DB03959,ANXA5,nan,other
DB03962,PGD,nan,other
DB03963,TLR2,nan,other
DB03963,NOS3,nan,other
DB03963,COPG1,nan,other
DB03963,XRCC4,nan,other
DB03964,ACO2,nan,other
DB03966,TOP2B,inhibitor,inhibits
DB03966,TOP2A,inhibitor,inhibits
DB03967,LYZ,nan,other
DB03968,REN,inhibitor,inhibits
DB03971,AMY2A,ligand,other
DB03974,NOS3,inhibitor,inhibits
DB03975,CA2,inhibitor,inhibits
DB03976,PRSS2,nan,other
DB03976,CTRB1,nan,other
DB03976,PRSS1,nan,other
DB03977,CALM2,inhibitor,inhibits
DB03977,CALM1,inhibitor,inhibits
DB03977,CALM3,inhibitor,inhibits
DB03977,CYCS,nan,other
DB03977,CALM1,nan,other
DB03978,YARS1,nan,other
DB03980,MAPK14,inhibitor,inhibits
DB03981,FGF2,nan,other
DB03981,HS3ST3A1,nan,other
DB03981,ANXA5,nan,other
DB03982,PTPN1,nan,other
DB03983,SUOX,nan,other
DB03984,CTSS,nan,other
DB03987,DHFR,nan,other
DB03988,ADCYAP1,nan,other
DB03991,NEU2,nan,other
DB03994,ANXA3,nan,other
DB03996,KIF11,nan,other
DB04000,GRIA2,nan,other
DB04001,PTPN1,inhibitor,inhibits
DB04002,CA2,nan,other
DB04003,LCK,nan,other
DB04005,P2RY2,modulator,other
DB04005,P2RY6,agonist,activates
DB04005,P2RY4,agonist,activates
DB04005,P2RY11,agonist,activates
DB04005,UCK2,nan,other
DB04006,CDK2,nan,other
DB04007,PDF,inhibitor,inhibits
DB04008,PRSS1,nan,other
DB04009,CYB5A,nan,other
DB04010,PARP1,inhibitor,inhibits
DB04012,FKBP1A,nan,other
DB04013,PYGM,nan,other
DB04014,CDK2,inhibitor,inhibits
DB04014,CDK5,inhibitor,inhibits
DB04014,CDK1,inhibitor,inhibits
DB04014,GSK3B,nan,other
DB04016,CTSG,nan,other
DB04016,CMA1,nan,other
DB04017,MAOA,inhibitor,inhibits
DB04018,NOS3,inhibitor,inhibits
DB04020,ESR2,nan,other
DB04021,ACHE,inhibitor,inhibits
DB04027,CKM,nan,other
DB04029,TACR1,inhibitor,inhibits
DB04036,IVD,nan,other
DB04043,LCN2,nan,other
DB04044,PYGM,inhibitor,inhibits
DB04048,PRDX2,nan,other
DB04050,MB,nan,other
DB04054,HSP90AA1,nan,other
DB04055,PYGM,nan,other
DB04057,ATIC,nan,other
DB04058,CPA1,nan,other
DB04059,PLAU,nan,other
DB04065,ADH1A,nan,other
DB04066,CA12,inhibitor,inhibits
DB04066,CA2,inhibitor,inhibits
DB04066,CA14,inhibitor,inhibits
DB04066,CA9,inhibitor,inhibits
DB04066,CA6,inhibitor,inhibits
DB04066,CA1,inhibitor,inhibits
DB04066,CA4,inhibitor,inhibits
DB04066,PTGR1,nan,other
DB04068,NME1,nan,other
DB04069,DAPK1,nan,other
DB04071,ADH1C,nan,other
DB04072,ACO2,nan,other
DB04074,BCAT2,nan,other
DB04076,PNP,inhibitor,inhibits
DB04079,RHO,nan,other
DB04080,SRC,inhibitor,inhibits
DB04081,CA2,nan,other
DB04083,KYAT1,nan,other
DB04083,ODC1,nan,other
DB04083,PYGM,nan,other
DB04083,AGXT,nan,other
DB04088,PTPN1,nan,other
DB04089,CA2,inhibitor,inhibits
DB04090,NQO1,nan,other
DB04094,FKBP1A,inhibitor,inhibits
DB04095,PNP,inhibitor,inhibits
DB04098,PRKACA,nan,other
DB04099,NMNAT1,nan,other
DB04099,NMNAT3,nan,other
DB04101,CDK2,nan,other
DB04105,ADH1B,nan,other
DB04106,TXNRD1,inhibitor,inhibits
DB04107,PRSS1,nan,other
DB04108,METAP2,nan,other
DB04109,PRSS3,nan,other
DB04112,PLA2G2A,nan,other
DB04113,ADH1C,nan,other
DB04114,ACHE,nan,other
DB04115,TERT,inhibitor,inhibits
DB04115,BIRC5,nan,other
DB04117,ECHS1,nan,other
DB04119,CAMK2A,nan,other
DB04119,UBA1,nan,other
DB04121,ARF1,nan,other
DB04125,PRSS1,nan,other
DB04126,CTSB,nan,other
DB04126,CTSH,nan,other
DB04129,GRIA1,inhibitor,inhibits
DB04129,GRIA2,nan,other
DB04132,HPGDS,inhibitor,inhibits
DB04132,GLO1,nan,other
DB04132,GSTM4,nan,other
DB04132,GSTP1,nan,other
DB04132,GSTA1,ligand,other
DB04132,GSTT2,nan,other
DB04136,F2,nan,other
DB04137,GCH1,inhibitor,inhibits
DB04137,UCKL1,nan,other
DB04137,HRAS,nan,other
DB04137,RND3,nan,other
DB04137,RHEB,nan,other
DB04137,PFKFB1,nan,other
DB04137,RAB5A,nan,other
DB04137,ARF1,nan,other
DB04137,GLUD1,nan,other
DB04137,ADSS1,nan,other
DB04137,RAP2A,nan,other
DB04139,TK1,inhibitor,inhibits
DB04140,MMP3,nan,other
DB04141,CYC1,nan,other
DB04141,MT-CYB,nan,other
DB04141,UQCRC1,nan,other
DB04141,UQCRC2,nan,other
DB04141,UQCRH,nan,other
DB04141,UQCRQ,nan,other
DB04141,UQCRFS1,nan,other
DB04141,UQCRB,nan,other
DB04141,UQCR10,nan,other
DB04141,SDHA,nan,other
DB04141,SDHB,nan,other
DB04141,SDHD,nan,other
DB04141,ETFDH,nan,other
DB04141,SDHC,nan,other
DB04141,ABO,nan,other
DB04142,PTPN1,nan,other
DB04144,MDM2,nan,other
DB04147,IGKV1D-33,nan,other
DB04147,IGHV3-23,nan,other
DB04147,DSTN,nan,other
DB04147,RHO,nan,other
DB04147,NFE2L1,nan,other
DB04147,PMP2,nan,other
DB04147,CFL1,nan,other
DB04147,DHODH,nan,other
DB04147,MAOB,ligand,other
DB04149,PDE4A,inhibitor,inhibits
DB04149,PDE4B,inhibitor,inhibits
DB04149,PDE4D,nan,other
DB04150,PAM,nan,other
DB04151,ACTA1,nan,other
DB04152,GRIK1,agonist,activates
DB04152,GRIA2,nan,other
DB04153,ADH5,nan,other
DB04156,CTDSP1,nan,other
DB04160,FDPS,inhibitor,inhibits
DB04163,PDF,inhibitor,inhibits
DB04163,DHFR2,nan,other
DB04166,IL4I1,nan,other
DB04166,DAO,nan,other
DB04172,PLAU,nan,other
DB04175,FBP1,nan,other
DB04177,ATP1A1,inhibitor,inhibits
DB04178,SLC25A4,inhibitor,inhibits
DB04178,BPI,nan,other
DB04180,CA2,nan,other
DB04185,GATM,nan,other
DB04185,OTC,nan,other
DB04186,CDK2,nan,other
DB04187,GSTM1,nan,other
DB04188,SMOX,inhibitor,inhibits
DB04194,LYZ,nan,other
DB04195,PYGM,inhibitor,inhibits
DB04197,ARG1,nan,other
DB04200,DHRS4L2,nan,other
DB04202,ALDH2,inhibitor,inhibits
DB04203,CA2,inhibitor,inhibits
DB04204,PTPN1,nan,other
DB04207,AASS,nan,other
DB04209,KCNN1,blocker,inhibits
DB04209,CNGA2,blocker,inhibits
DB04209,KCNN2,blocker,inhibits
DB04209,XIAP,antagonist,inhibits
DB04209,CNGA1,blocker,inhibits
DB04209,KCNN3,blocker,inhibits
DB04209,KCNMA1,inhibitor,inhibits
DB04209,PRKCA,inhibitor,inhibits
DB04209,SNCA,modulator,other
DB04209,CALM1,antagonist,inhibits
DB04213,EPHX2,inhibitor,inhibits
DB04214,CA1,inhibitor,inhibits
DB04214,CA2,inhibitor,inhibits
DB04214,ACP1,nan,other
DB04214,DUSP23,nan,other
DB04215,PRSS1,nan,other
DB04216,STAT3,inhibitor,inhibits
DB04216,LPCAT2,inhibitor,inhibits
DB04216,LPCAT1,inhibitor,inhibits
DB04216,PIK3CG,nan,other
DB04216,UGT3A1,nan,other
DB04216,ATP5F1A,nan,other
DB04216,ATP5F1B,nan,other
DB04216,ATP5F1C,nan,other
DB04216,PIM1,nan,other
DB04216,HIBCH,nan,other
DB04216,STK17B,nan,other
DB04216,ESR1,nan,other
DB04216,ESR2,nan,other
DB04216,NQO2,inhibitor,inhibits
DB04216,AHR,nan,other
DB04216,CYP1B1,nan,other
DB04216,ACTB,nan,other
DB04216,CSNK2A1,nan,other
DB04216,CSNK2B,nan,other
DB04216,EIF3F,nan,other
DB04216,HSP90AA1,nan,other
DB04216,HSPA2,nan,other
DB04216,RUVBL2,nan,other
DB04216,SF3B3,nan,other
DB04216,UBA1,nan,other
DB04216,SHBG,nan,other
DB04216,CBR1,nan,other
DB04216,CEBPB,inhibitor,inhibits
DB04216,NR1I2,activator,activates
DB04216,HCK,nan,other
DB04217,CTH,nan,other
DB04218,ADA,inhibitor,inhibits
DB04223,NOS1,inhibitor,inhibits
DB04223,NOS3,inhibitor,inhibits
DB04224,FABP4,inhibitor,inhibits
DB04224,FABP1,inhibitor,inhibits
DB04224,PPARA,nan,other
DB04224,PPARD,nan,other
DB04224,RXRA,nan,other
DB04224,PPARG,ligand,other
DB04224,PMP2,nan,other
DB04230,CS,nan,other
DB04232,MMP3,nan,other
DB04233,PNLIP,inhibitor,inhibits
DB04233,CLPS,nan,other
DB04233,RHO,nan,other
DB04234,CTSK,nan,other
DB04235,ABAT,nan,other
DB04238,PRSS1,nan,other
DB04242,MAOB,inhibitor,inhibits
DB04244,CTSK,nan,other
DB04246,PRSS1,nan,other
DB04249,CYCS,nan,other
DB04250,BCHE,substrate,other
DB04253,NQO2,inhibitor,inhibits
DB04254,HSP90AA1,nan,other
DB04256,GRM2,antagonist,inhibits
DB04256,GRM5,antagonist,inhibits
DB04256,GRM3,antagonist,inhibits
DB04256,GRM1,antagonist,inhibits
DB04258,VDR,inhibitor,inhibits
DB04260,PNP,inhibitor,inhibits
DB04263,ODC1,inhibitor,inhibits
DB04264,GART,inhibitor,inhibits
DB04268,LYZ,nan,other
DB04269,PRSS1,nan,other
DB04270,PPARG,nan,other
DB04271,PDE4D,nan,other
DB04272,TRPV4,activator,activates
DB04272,AKR1B1,inhibitor,inhibits
DB04272,CS,nan,other
DB04272,SRC,nan,other
DB04272,RNASE1,nan,other
DB04272,RNASE3,nan,other
DB04272,IL4I1,nan,other
DB04272,CTDSP1,nan,other
DB04272,HGS,nan,other
DB04272,MDH2,nan,other
DB04272,CPB1,nan,other
DB04272,LSM6,nan,other
DB04272,PLEKHA1,nan,other
DB04272,C8G,nan,other
DB04272,APRT,nan,other
DB04272,ITPA,nan,other
DB04273,PNMT,nan,other
DB04275,MTNR1A,inhibitor,inhibits
DB04275,SPR,nan,other
DB04276,CAPN1,nan,other
DB04278,IL2,nan,other
DB04281,DHODH,nan,other
DB04282,LCT,nan,other
DB04285,PTPN1,nan,other
DB04286,ACE,inhibitor,inhibits
DB04287,PLA2G2A,inhibitor,inhibits
DB04288,CDK2,nan,other
DB04295,PYGM,inhibitor,inhibits
DB04297,HDAC7,nan,other
DB04297,HDAC8,nan,other
DB04297,CASP8,activator,activates
DB04297,PTGER1,regulator,other
DB04297,TNF,downregulator,inhibits
DB04299,GOT1,nan,other
DB04301,PRSS1,nan,other
DB04306,PDF,inhibitor,inhibits
DB04306,DHFR2,nan,other
DB04307,MAOB,ligand,other
DB04310,PDF,nan,other
DB04311,PRSS1,nan,other
DB04312,ADH1C,nan,other
DB04315,TGM2,inhibitor,inhibits
DB04315,RAB9A,inhibitor,inhibits
DB04315,HRAS,nan,other
DB04315,RHOA,nan,other
DB04315,RAB11A,nan,other
DB04315,TGM3,nan,other
DB04315,RAB8B,nan,other
DB04315,ARF6,nan,other
DB04315,ADSS1,nan,other
DB04315,TUFM,nan,other
DB04315,EIF2S3,nan,other
DB04315,GNAI1,nan,other
DB04315,GNAT1,nan,other
DB04315,NME1,nan,other
DB04315,RHEB,nan,other
DB04315,CDC42,nan,other
DB04315,ARF1,nan,other
DB04315,EEF2,nan,other
DB04315,RAP2A,nan,other
DB04315,EFL1,nan,other
DB04315,ARL1,nan,other
DB04315,RAN,nan,other
DB04315,RAB7A,nan,other
DB04315,IRGC,nan,other
DB04315,GSPT1,nan,other
DB04315,RAB5A,nan,other
DB04315,EEF1A1,nan,other
DB04315,ARF4,nan,other
DB04315,GMDS,nan,other
DB04315,RALA,nan,other
DB04315,ARL5B,nan,other
DB04315,ARL3,nan,other
DB04315,NME2,nan,other
DB04315,RAC1,nan,other
DB04315,SAR1B,nan,other
DB04315,ARL5A,nan,other
DB04316,CPA1,nan,other
DB04318,MMP11,nan,other
DB04322,MTHFD1,nan,other
DB04324,METAP1,nan,other
DB04324,METAP2,nan,other
DB04325,HTR2A,inhibitor,inhibits
DB04325,PRSS1,nan,other
DB04325,PRSS2,nan,other
DB04326,ALDOA,nan,other
DB04326,TPI1,nan,other
DB04326,ALDOB,nan,other
DB04327,PTEN,substrate,other
DB04327,PROCR,nan,other
DB04331,KIF11,nan,other
DB04334,AOC3,inhibitor,inhibits
DB04335,PNP,nan,other
DB04336,PRSS1,nan,other
DB04337,MB,nan,other
DB04338,MAPK14,inhibitor,inhibits
DB04338,MAPK1,inhibitor,inhibits
DB04339,KEAP1,modulator,other
DB04339,NFE2L2,activator,activates
DB04339,PLCXD3,inhibitor,inhibits
DB04339,ST3GAL5,inducer,activates
DB04345,BLVRB,nan,other
DB04348,SLC10A2,modulator,other
DB04348,GPBAR1,modulator,other
DB04348,CEL,inhibitor,inhibits
DB04348,NR1H4,nan,other
DB04348,FABP6,ligand,other
DB04350,CHIT1,nan,other
DB04351,ACO2,nan,other
DB04352,NUDT9,nan,other
DB04356,HPRT1,nan,other
DB04363,BLVRB,nan,other
DB04365,CHRM1,inhibitor,inhibits
DB04365,CHRM3,nan,other
DB04366,NME1,nan,other
DB04367,CHEK2,inhibitor,inhibits
DB04367,CHEK1,inhibitor,inhibits
DB04367,MAP2K1,inhibitor,inhibits
DB04367,MAPK1,inhibitor,inhibits
DB04367,RAF1,inhibitor,inhibits
DB04367,TNK2,nan,other
DB04367,CLK1,nan,other
DB04368,PDF,inhibitor,inhibits
DB04369,PRSS3,nan,other
DB04371,CA2,inhibitor,inhibits
DB04372,PCTP,nan,other
DB04374,HAO1,nan,other
DB04376,PRKCD,inhibitor,inhibits
DB04377,HMGCR,inhibitor,inhibits
DB04379,REN,inhibitor,inhibits
DB04381,TRPA1,activator,activates
DB04381,ALDH2,inhibitor,inhibits
DB04387,REN,inhibitor,inhibits
DB04389,FHIT,inhibitor,inhibits
DB04391,PRSS1,nan,other
DB04392,NQO1,inhibitor,inhibits
DB04394,CA2,nan,other
DB04395,GSK3B,nan,other
DB04395,DTYMK,nan,other
DB04395,IGF1R,nan,other
DB04395,PIM1,nan,other
DB04395,HK1,nan,other
DB04395,LCK,nan,other
DB04395,CSNK2A1,nan,other
DB04395,EPHA2,nan,other
DB04395,MAPK10,nan,other
DB04395,KIF2C,nan,other
DB04395,ITPKA,nan,other
DB04395,TOP2B,nan,other
DB04395,GSS,nan,other
DB04395,PFKFB4,nan,other
DB04395,DAPK1,nan,other
DB04395,ACTA1,nan,other
DB04395,EPHB2,nan,other
DB04395,CFTR,nan,other
DB04395,VCP,nan,other
DB04395,TRPM7,nan,other
DB04395,KIF1A,nan,other
DB04395,CCT3,nan,other
DB04395,SRPK2,nan,other
DB04395,MAPK12,nan,other
DB04395,GALK1,nan,other
DB04395,RAD51,nan,other
DB04396,NCAN,nan,other
DB04396,LGALS1,nan,other
DB04397,PGM1,nan,other
DB04400,NOS2,inhibitor,inhibits
DB04400,TH,inhibitor,inhibits
DB04400,PAH,nan,other
DB04400,PCBD1,nan,other
DB04404,CHIT1,nan,other
DB04405,MMP12,nan,other
DB04407,CDK2,nan,other
DB04409,FGF1,inhibitor,inhibits
DB04410,PRSS1,nan,other
DB04410,PRSS2,nan,other
DB04416,MMP3,nan,other
DB04417,SULT1A1,nan,other
DB04417,AMY2B,nan,other
DB04418,ADSS1,nan,other
DB04419,PAH,nan,other
DB04419,PTH,nan,other
DB04419,HNF1A,nan,other
DB04424,PRSS1,nan,other
DB04426,SELE,inhibitor,inhibits
DB04426,SELP,inhibitor,inhibits
DB04426,MBL2,nan,other
DB04429,SHBG,nan,other
DB04432,PRSS1,nan,other
DB04434,TGFBR1,nan,other
DB04436,SOD2,nan,other
DB04440,ADA,inhibitor,inhibits
DB04442,PRSS1,nan,other
DB04444,MYH14,nan,other
DB04444,GNAI1,nan,other
DB04444,ATP2A1,nan,other
DB04444,GNAT1,nan,other
DB04444,CMPK1,nan,other
DB04444,MYH11,nan,other
DB04445,SULT2A1,nan,other
DB04446,PRSS1,nan,other
DB04447,TPI1,nan,other
DB04447,GSTZ1,nan,other
DB04447,HMGCR,nan,other
DB04447,LGALS1,nan,other
DB04447,CAMK2A,nan,other
DB04447,ALDH1A1,nan,other
DB04447,TRPM7,nan,other
DB04447,MSRA,nan,other
DB04447,AXIN1,nan,other
DB04447,PPIB,nan,other
DB04448,ADH1C,nan,other
DB04450,RHO,nan,other
DB04451,CTSV,nan,other
DB04453,AMY2A,ligand,other
DB04454,GATM,nan,other
DB04454,EGF,nan,other
DB04459,ELANE,inhibitor,inhibits
DB04459,CFD,nan,other
DB04461,UROD,nan,other
DB04462,MAPK8,inhibitor,inhibits
DB04462,GSK3B,inhibitor,inhibits
DB04462,MAPK12,inhibitor,inhibits
DB04462,ROCK1,inhibitor,inhibits
DB04462,RPS6KB1,inhibitor,inhibits
DB04462,CHEK1,inhibitor,inhibits
DB04462,PRKAA1,inhibitor,inhibits
DB04462,PRKAB1,inhibitor,inhibits
DB04462,PRKAG1,inhibitor,inhibits
DB04462,SGK1,inhibitor,inhibits
DB04462,MAPK1,inhibitor,inhibits
DB04462,MAPK14,inhibitor,inhibits
DB04462,MAPK11,inhibitor,inhibits
DB04462,MAP2K1,inhibitor,inhibits
DB04462,LCK,inhibitor,inhibits
DB04462,AKT1,inhibitor,inhibits
DB04462,PRKCA,inhibitor,inhibits
DB04462,CSNK2A1,inhibitor,inhibits
DB04463,CBR1,ligand,other
DB04464,MT-ND3,inhibitor,inhibits
DB04464,SERPINC1,inhibitor,inhibits
DB04464,RABGGTA,nan,other
DB04464,RABGGTB,nan,other
DB04464,B2M,nan,other
DB04464,MT-ND1,nan,other
DB04464,HLA-B,nan,other
DB04464,S100G,nan,other
DB04464,COX4I1,nan,other
DB04464,MT-CO1,nan,other
DB04464,MT-CO2,nan,other
DB04464,MT-CO3,nan,other
DB04464,COX5A,nan,other
DB04464,COX5B,nan,other
DB04464,COX6C,nan,other
DB04464,COX7B,nan,other
DB04464,COX7C,nan,other
DB04464,COX8A,nan,other
DB04464,COX6A2,nan,other
DB04464,COX6B1,nan,other
DB04464,COX7A1,nan,other
DB04464,S100B,nan,other
DB04464,UBC,nan,other
DB04464,RNASE1,nan,other
DB04464,CLPP,nan,other
DB04465,LGALS3,nan,other
DB04465,GLB1,nan,other
DB04465,GLT6D1,nan,other
DB04465,GLTP,nan,other
DB04466,HMGCR,modulator,other
DB04466,NR1I2,nan,other
DB04468,ESR1,modulator,other
DB04468,TFF1,nan,other
DB04468,ESRRA,inhibitor,inhibits
DB04468,NR1I2,nan,other
DB04468,SHBG,nan,other
DB04468,ESR2,nan,other
DB04468,ESRRG,nan,other
DB04469,PDE4D,nan,other
DB04470,PRSS1,nan,other
DB04471,ESR1,nan,other
DB04472,LGALS9,nan,other
DB04473,IGHG1,nan,other
DB04474,FABP1,inhibitor,inhibits
DB04474,S100A7,nan,other
DB04476,LCN2,nan,other
DB04477,GAPDHS,nan,other
DB04478,SORD,nan,other
DB04480,TGFBR1,nan,other
DB04485,TK2,substrate,other
DB04485,TK1,substrate,other
DB04487,CXCL10,inhibitor,inhibits
DB04489,CPD,nan,other
DB04491,DPP4,inhibitor,inhibits
DB04491,CFB,nan,other
DB04493,FBP1,inhibitor,inhibits
DB04493,FBP2,inhibitor,inhibits
DB04493,PFKFB1,nan,other
DB04493,PFKFB4,nan,other
DB04493,GPI,nan,other
DB04495,SRC,inhibitor,inhibits
DB04505,HSP90AA1,nan,other
DB04509,CES1,inhibitor,inhibits
DB04510,PGAM2,nan,other
DB04510,TPI1,nan,other
DB04510,PGK1,nan,other
DB04512,LCN9,nan,other
DB04513,TNNC1,nan,other
DB04513,TNNI3,nan,other
DB04513,CALM1,nan,other
DB04514,RNASE1,nan,other
DB04516,ISYNA1,nan,other
DB04518,CDK2,nan,other
DB04519,PPARA,nan,other
DB04521,GSTA3,nan,other
DB04522,PDPK1,inhibitor,inhibits
DB04522,PYGM,inhibitor,inhibits
DB04522,PRKCQ,inhibitor,inhibits
DB04522,PIM1,nan,other
DB04522,PYGL,nan,other
DB04522,PRKACA,nan,other
DB04522,RHO,nan,other
DB04522,SERPINB3,nan,other
DB04522,TAOK2,nan,other
DB04522,KCNC4,nan,other
DB04522,REG1A,nan,other
DB04522,SMAD2,nan,other
DB04522,CFTR,nan,other
DB04523,CTSK,inhibitor,inhibits
DB04525,PTPN1,nan,other
DB04527,MASP2,nan,other
DB04530,ALAD,inhibitor,inhibits
DB04530,PDE4B,inhibitor,inhibits
DB04530,TYMS,nan,other
DB04530,PRKACA,nan,other
DB04530,PIM1,nan,other
DB04530,ARG1,nan,other
DB04530,SERPINB5,nan,other
DB04530,PDE1B,nan,other
DB04530,SNX3,nan,other
DB04530,CYTH2,nan,other
DB04531,MGMT,inhibitor,inhibits
DB04534,NOS2,inhibitor,inhibits
DB04534,NOS3,inhibitor,inhibits
DB04537,WARS1,nan,other
DB04539,CYP19A1,nan,other
DB04540,PCYT1B,activator,activates
DB04540,NR1I3,nan,other
DB04540,VDR,nan,other
DB04540,CLEC4E,ligand,other
DB04540,RORA,nan,other
DB04542,NME1,nan,other
DB04544,PYGM,nan,other
DB04545,GBA1,inhibitor,inhibits
DB04549,CA2,nan,other
DB04551,PKLR,nan,other
DB04552,PLA2G1B,inhibitor,inhibits
DB04552,PTGS2,inhibitor,inhibits
DB04552,CLCNKA,inducer,activates
DB04552,PTGS1,nan,other
DB04552,PLA2G4A,nan,other
DB04552,UGT1A9,nan,other
DB04556,ACHE,inhibitor,inhibits
DB04557,PTGS1,inhibitor,inhibits
DB04557,PPARA,nan,other
DB04557,NR1H4,ligand,other
DB04557,RXRA,nan,other
DB04559,NOS3,inhibitor,inhibits
DB04560,ALAD,inhibitor,inhibits
DB04562,ACO2,nan,other
DB04563,PRSS1,nan,other
DB04564,LCT,nan,other
DB04566,IMPDH1,inhibitor,inhibits
DB04566,IMPDH2,inhibitor,inhibits
DB04566,PYGM,inhibitor,inhibits
DB04566,ADSS1,nan,other
DB04573,ESR1,agonist,activates
DB04573,ESR2,agonist,activates
DB04573,SHBG,nan,other
DB04574,ESR1,agonist,activates
DB04574,ESR2,agonist,activates
DB04575,ESR1,agonist,activates
DB04576,TOP2B,inhibitor,inhibits
DB04576,TOP2A,inhibitor,inhibits
DB04577,DPP4,inhibitor,inhibits
DB04578,DPP4,nan,other
DB04579,CTSB,nan,other
DB04581,CYP11B1,inhibitor,inhibits
DB04581,QPCT,nan,other
DB04583,DHODH,nan,other
DB04585,ARG1,nan,other
DB04588,HSP90AA1,nan,other
DB04590,F7,nan,other
DB04591,F2,nan,other
DB04593,F7,nan,other
DB04594,HMGCL,nan,other
DB04599,DRD2,inhibitor,inhibits
DB04599,HTR2A,inhibitor,inhibits
DB04599,GRIA2,nan,other
DB04599,GRIA3,nan,other
DB04600,CA2,nan,other
DB04601,CA2,nan,other
DB04602,RPL37,nan,other
DB04604,HASPIN,nan,other
DB04604,MAPK3,nan,other
DB04604,CSNK1G2,nan,other
DB04606,F7,nan,other
DB04607,CDK2,inhibitor,inhibits
DB04608,WEE1,nan,other
DB04612,XIAP,nan,other
DB04614,ACHE,inhibitor,inhibits
DB04615,ACHE,inhibitor,inhibits
DB04616,ACHE,inhibitor,inhibits
DB04617,ACHE,nan,other
DB04618,AMY2A,nan,other
DB04620,GRIN1,inhibitor,inhibits
DB04622,QPCT,nan,other
DB04629,ACTA1,nan,other
DB04630,SLC12A1,blocker,inhibits
DB04630,NR3C2,agonist,activates
DB04630,NR3C1,nan,other
DB04632,MAPK14,nan,other
DB04633,SAT1,nan,other
DB04636,QPCT,nan,other
DB04638,ATP2A1,nan,other
DB04639,IGHG1,nan,other
DB04642,PYGM,nan,other
DB04643,PYGM,nan,other
DB04644,PYGM,nan,other
DB04645,PYGM,nan,other
DB04648,ARG1,nan,other
DB04652,HSD11B1,substrate,other
DB04652,NR3C1,agonist,activates
DB04652,NCOA1,nan,other
DB04652,NR3C2,inhibitor,inhibits
DB04653,CAPN1,nan,other
DB04654,PRSS1,nan,other
DB04654,TPSB2,nan,other
DB04655,PDF,inhibitor,inhibits
DB04655,HNMT,inhibitor,inhibits
DB04657,SDHA,nan,other
DB04658,GLA,inhibitor,inhibits
DB04659,LCT,nan,other
DB04660,CHRM5,modulator,other
DB04660,GM2A,nan,other
DB04661,CD1D,nan,other
DB04662,CDK2,nan,other
DB04664,CYP2B6,nan,other
DB04665,CA4,inhibitor,inhibits
DB04665,CA1,inhibitor,inhibits
DB04665,CA6,inhibitor,inhibits
DB04665,CA9,inhibitor,inhibits
DB04665,CA14,inhibitor,inhibits
DB04665,CA2,inhibitor,inhibits
DB04665,CA12,inhibitor,inhibits
DB04665,CYP2A6,nan,other
DB04669,CDK2,nan,other
DB04672,NT5M,nan,other
DB04673,F10,nan,other
DB04674,EDNRA,inhibitor,inhibits
DB04674,AKR1C1,nan,other
DB04676,IGHA2,nan,other
DB04677,MAOB,nan,other
DB04678,ABO,nan,other
DB04679,ABO,nan,other
DB04680,ABO,nan,other
DB04681,ABO,nan,other
DB04682,TNNC2,nan,other
DB04683,NR5A1,nan,other
DB04685,DUT,nan,other
DB04688,IGHG2,nan,other
DB04688,IGKC,nan,other
DB04689,PPARG,nan,other
DB04690,TOP1,inhibitor,inhibits
DB04695,GGPS1,nan,other
DB04695,MVK,nan,other
DB04697,F2,nan,other
DB04700,GSTK1,nan,other
DB04701,GSTM2,nan,other
DB04703,CACNA1B,inhibitor,inhibits
DB04703,AURKB,regulator,other
DB04705,RORC,agonist,activates
DB04707,CLCN2,activator,activates
DB04707,ROCK1,inhibitor,inhibits
DB04707,PRKACA,nan,other
DB04707,PKIA,nan,other
DB04709,AR,nan,other
DB04711,ALB,binder,other
DB04714,FDPS,inhibitor,inhibits
DB04714,GGPS1,nan,other
DB04715,PIM1,nan,other
DB04716,JAK2,inhibitor,inhibits
DB04716,JAK3,inhibitor,inhibits
DB04716,TYK2,inhibitor,inhibits
DB04716,DAPK3,nan,other
DB04716,JAK1,nan,other
DB04719,DYRK1A,inhibitor,inhibits
DB04719,DYRK2,inhibitor,inhibits
DB04719,CSNK2A1,nan,other
DB04720,CSNK2A1,nan,other
DB04721,CSNK2A1,nan,other
DB04722,F2,nan,other
DB04723,CPB2,inhibitor,inhibits
DB04723,CPB1,nan,other
DB04724,ITGAL,nan,other
DB04725,ALOX5,inhibitor,inhibits
DB04725,PTGS2,nan,other
DB04725,PLA2G2E,nan,other
DB04727,KDR,nan,other
DB04728,TERT,inhibitor,inhibits
DB04733,ALDOA,nan,other
DB04736,PGLYRP3,nan,other
DB04738,PPP1CC,nan,other
DB04739,SRC,nan,other
DB04741,UQCRC1,nan,other
DB04743,PTGS2,inhibitor,inhibits
DB04743,TNFSF10,modulator,other
DB04743,LTF,inhibitor,inhibits
DB04743,PLA2G2E,nan,other
DB04745,TOP2A,inhibitor,inhibits
DB04745,TOP2B,inhibitor,inhibits
DB04751,CDK2,inhibitor,inhibits
DB04751,CDK1,inhibitor,inhibits
DB04751,CSNK1G3,nan,other
DB04751,RPS6KA1,nan,other
DB04751,SRC,nan,other
DB04752,NR5A1,nan,other
DB04753,PNP,inhibitor,inhibits
DB04754,PNP,inhibitor,inhibits
DB04757,PNP,inhibitor,inhibits
DB04758,F7,nan,other
DB04759,MMP13,nan,other
DB04760,MMP13,nan,other
DB04761,MMP13,nan,other
DB04763,CA2,nan,other
DB04764,TPSB2,nan,other
DB04767,F7,nan,other
DB04768,TPK1,nan,other
DB04769,PIK3CG,inhibitor,inhibits
DB04769,MAOB,inhibitor,inhibits
DB04770,PDXK,nan,other
DB04771,F2,nan,other
DB04772,F2,nan,other
DB04774,ACTA1,nan,other
DB04775,ACTA1,nan,other
DB04776,PDXK,nan,other
DB04779,LCT,nan,other
DB04781,ALAD,inhibitor,inhibits
DB04783,ACTA1,nan,other
DB04786,HPSE,inhibitor,inhibits
DB04786,P2RY2,antagonist,inhibits
DB04786,SIRT5,inhibitor,inhibits
DB04786,FSHR,antagonist,inhibits
DB04786,RYR1,agonist,activates
DB04786,F2,inhibitor,inhibits
DB04786,PLA2G2A,inhibitor,inhibits
DB04787,PGR,agonist,activates
DB04789,AMT,nan,other
DB04790,PRSS1,nan,other
DB04791,PRSS1,nan,other
DB04792,PRSS1,nan,other
DB04793,PRSS1,nan,other
DB04794,CYP2B6,nan,other
DB04795,CES1,inhibitor,inhibits
DB04795,SDHA,nan,other
DB04796,VDR,agonist,activates
DB04797,MAPK14,inhibitor,inhibits
DB04798,GRIA2,nan,other
DB04799,CYC1,nan,other
DB04799,MT-CYB,nan,other
DB04799,UQCRC1,nan,other
DB04799,UQCRC2,nan,other
DB04799,UQCRH,nan,other
DB04799,UQCRQ,nan,other
DB04799,UQCRFS1,nan,other
DB04799,UQCR11,nan,other
DB04799,UQCRB,nan,other
DB04799,UQCR10,nan,other
DB04800,PTPN1,inhibitor,inhibits
DB04801,PPARD,inhibitor,inhibits
DB04803,HMOX1,nan,other
DB04805,RPL37,nan,other
DB04812,ACAT1,inhibitor,inhibits
DB04813,ESR1,inhibitor,inhibits
DB04813,CAPN2,inhibitor,inhibits
DB04813,ESR2,inhibitor,inhibits
DB04813,MCL1,inhibitor,inhibits
DB04815,OPRK1,inhibitor,inhibits
DB04817,PTGS1,inhibitor,inhibits
DB04818,MAOA,inhibitor,inhibits
DB04818,MAOB,inhibitor,inhibits
DB04820,MAOB,nan,other
DB04820,MAOA,nan,other
DB04820,COMT,nan,other
DB04821,DRD2,antagonist,inhibits
DB04821,SLC6A2,nan,other
DB04821,SLC6A3,nan,other
DB04821,MAOB,nan,other
DB04821,MAOA,nan,other
DB04821,MPO,nan,other
DB04821,SLC6A4,nan,other
DB04821,SLC18A2,nan,other
DB04824,UGT1A9,nan,other
DB04824,NR1I2,nan,other
DB04824,NR1I3,nan,other
DB04824,ESR1,agonist,activates
DB04824,SHBG,nan,other
DB04825,MYLK2,inhibitor,inhibits
DB04825,CALM1,nan,other
DB04828,PTGS1,modulator,other
DB04828,PTGS2,modulator,other
DB04828,PTGDR2,nan,other
DB04829,HTR2A,inhibitor,inhibits
DB04829,HTR1A,inhibitor,inhibits
DB04829,HTR2B,agonist,activates
DB04829,HTR6,nan,other
DB04832,SLC6A4,inhibitor,inhibits
DB04832,MAOB,inhibitor,inhibits
DB04832,MAOA,inhibitor,inhibits
DB04834,CHRM2,antagonist,inhibits
DB04835,CCR5,antagonist,inhibits
DB04836,SLC6A3,inhibitor,inhibits
DB04836,SLC6A2,nan,other
DB04836,SLC6A4,nan,other
DB04837,HRH1,antagonist,inhibits
DB04838,CACNA2D1,inhibitor,inhibits
DB04838,CES1,nan,other
DB04839,AR,antagonist,inhibits
DB04839,KLK3,nan,other
DB04840,SLC6A2,inducer,activates
DB04841,CACNA1A,inhibitor,inhibits
DB04841,CACNA1G,inhibitor,inhibits
DB04841,CACNA1H,inhibitor,inhibits
DB04841,CACNA1I,inhibitor,inhibits
DB04841,CALM1,antagonist,inhibits
DB04841,HRH1,antagonist,inhibits
DB04842,DRD2,antagonist,inhibits
DB04842,HTR2A,antagonist,inhibits
DB04842,CACNG1,inhibitor,inhibits
DB04843,CHRM1,antagonist,inhibits
DB04843,CHRM5,antagonist,inhibits
DB04843,CHRM3,antagonist,inhibits
DB04844,SLC18A2,inhibitor,inhibits
DB04844,DRD2,inhibitor,inhibits
DB04845,TUBB3,inhibitor,inhibits
DB04846,ADRB1,antagonist,inhibits
DB04846,ADRB2,agonist,activates
DB04846,ADRB3,agonist,activates
DB04846,ADRA2A,antagonist,inhibits
DB04846,ADRA2B,antagonist,inhibits
DB04846,ADRA2C,antagonist,inhibits
DB04847,EGLN1,inhibitor,inhibits
DB04847,EGLN2,inhibitor,inhibits
DB04847,EGLN3,inhibitor,inhibits
DB04849,KDR,inhibitor,inhibits
DB04850,MAOA,nan,other
DB04851,ABCB1,modulator,other
DB04851,ABCB5,nan,other
DB04851,ABCC1,nan,other
DB04851,ABCG2,nan,other
DB04852,MTTP,inhibitor,inhibits
DB04853,ADORA2A,agonist,activates
DB04854,XDH,inhibitor,inhibits
DB04855,ADRA1A,antagonist,inhibits
DB04855,KCNA5,blocker,inhibits
DB04855,ADRA1B,antagonist,inhibits
DB04855,ADRA1D,antagonist,inhibits
DB04855,ADRA2A,antagonist,inhibits
DB04855,ADRA2B,antagonist,inhibits
DB04855,ADRA2C,antagonist,inhibits
DB04855,KCNH2,inhibitor,inhibits
DB04855,CACNA1C,inhibitor,inhibits
DB04855,CACNA1D,inhibitor,inhibits
DB04855,CACNA1F,inhibitor,inhibits
DB04855,CACNA1S,inhibitor,inhibits
DB04855,CACNB1,inhibitor,inhibits
DB04855,CACNB2,inhibitor,inhibits
DB04855,CACNB3,inhibitor,inhibits
DB04855,CACNB4,inhibitor,inhibits
DB04855,KCNK2,inhibitor,inhibits
DB04855,SCN5A,inhibitor,inhibits
DB04855,KCNJ3,inhibitor,inhibits
DB04855,KCNQ1,inhibitor,inhibits
DB04855,KCNJ12,inhibitor,inhibits
DB04855,SLC8A1,inhibitor,inhibits
DB04855,KCND3,inhibitor,inhibits
DB04855,ADRB1,antagonist,inhibits
DB04855,THRA,inhibitor,inhibits
DB04856,CCKBR,inhibitor,inhibits
DB04856,CCKAR,inhibitor,inhibits
DB04857,SLC6A4,modulator,other
DB04857,DRD2,nan,other
DB04858,TOP2A,modulator,other
DB04858,TOP2B,modulator,other
DB04859,ACHE,inhibitor,inhibits
DB04860,TLR7,agonist,activates
DB04861,ADRB1,antagonist,inhibits
DB04861,ADRB2,antagonist,inhibits
DB04861,ADRB3,agonist,activates
DB04862,IMPDH1,inhibitor,inhibits
DB04862,ERBB2,inhibitor,inhibits
DB04862,EGFR,inhibitor,inhibits
DB04863,ITGA2B,modulator,other
DB04863,ITGB3,modulator,other
DB04864,ACHE,inhibitor,inhibits
DB04865,RPL3,antagonist,inhibits
DB04866,COL1A1,nan,other
DB04866,MMP2,nan,other
DB04867,CCKAR,antagonist,inhibits
DB04868,ABL1,inhibitor,inhibits
DB04868,KIT,antagonist,inhibits
DB04869,CALCRL,antagonist,inhibits
DB04869,CALCA,nan,other
DB04870,GRM3,agonist,activates
DB04870,GRM2,agonist,activates
DB04871,HTR2C,agonist,activates
DB04872,TACR3,antagonist,inhibits
DB04873,HTR4,antagonist,inhibits
DB04875,CASP1,modulator,other
DB04876,DPP4,inhibitor,inhibits
DB04877,ABCB1,inhibitor,inhibits
DB04878,MGAM,inhibitor,inhibits
DB04879,EGFR,inhibitor,inhibits
DB04879,FLT4,inhibitor,inhibits
DB04879,KDR,inhibitor,inhibits
DB04879,FLT1,inhibitor,inhibits
DB04880,PDE3A,inhibitor,inhibits
DB04881,ABCB1,inhibitor,inhibits
DB04882,TOP1,inhibitor,inhibits
DB04883,EDNRA,antagonist,inhibits
DB04884,HTR1A,nan,other
DB04884,HTR1B,nan,other
DB04884,HTR2C,nan,other
DB04885,HTR3A,modulator,other
DB04888,HTR1A,modulator,other
DB04888,DRD2,modulator,other
DB04889,SLC6A2,modulator,other
DB04889,SLC6A4,modulator,other
DB04889,DRD2,nan,other
DB04890,HRH1,antagonist,inhibits
DB04891,MED1,nan,other
DB04891,VDR,nan,other
DB04892,ACHE,inhibitor,inhibits
DB04892,BCHE,inhibitor,inhibits
DB04892,APP,nan,other
DB04893,FNTB,nan,other
DB04893,FNTA,nan,other
DB04894,SSTR2,inducer,activates
DB04894,SSTR5,agonist,activates
DB04894,TACR1,antagonist,inhibits
DB04895,VEGFA,antagonist,inhibits
DB04896,SLC6A4,inhibitor,inhibits
DB04896,SLC6A2,inhibitor,inhibits
DB04896,GRIN1,inhibitor,inhibits
DB04898,F2,inhibitor,inhibits
DB04899,NPR1,binder,other
DB04899,NPR2,nan,other
DB04899,NPR3,nan,other
DB04901,CD80,antibody,other
DB04903,GABRG3,modulator,other
DB04903,GABRA2,nan,other
DB04903,GABRA3,nan,other
DB04905,ABCB1,inducer,activates
DB04905,HRH1,antagonist,inhibits
DB04908,HTR1A,agonist,activates
DB04908,HTR2A,antagonist,inhibits
DB04908,DRD4,antagonist,inhibits
DB04910,TUBB4B,nan,other
DB04912,HMOX1,nan,other
DB04912,HMOX2,nan,other
DB04915,XIAP,modulator,other
DB04915,SPHK1,modulator,other
DB04915,ENOX2,nan,other
DB04917,HTR4,modulator,other
DB04917,HTR3A,nan,other
DB04919,FGA,nan,other
DB04919,FGB,nan,other
DB04920,CACNA1F,blocker,inhibits
DB04920,CACNA1S,blocker,inhibits
DB04920,CACNA1D,blocker,inhibits
DB04920,CACNA1C,blocker,inhibits
DB04924,DRD2,nan,other
DB04924,ACHE,inhibitor,inhibits
DB04925,PLG,nan,other
DB04926,GRIN3A,nan,other
DB04929,ALOX5AP,nan,other
DB04930,SCN1A,inhibitor,inhibits
DB04930,ESR1,nan,other
DB04930,NR1I2,nan,other
DB04931,MC4R,inhibitor,inhibits
DB04931,MC1R,agonist,activates
DB04932,ADORA1,agonist,activates
DB04932,ADORA2A,agonist,activates
DB04932,ADORA2B,agonist,activates
DB04933,TLR4,inhibitor,inhibits
DB04938,ESR1,antagonist,inhibits
DB04941,ANO1,antagonist,inhibits
DB04941,CFTR,antagonist,inhibits
DB04942,RARA,agonist,activates
DB04942,RARB,agonist,activates
DB04944,PRKAA1,modulator,other
DB04944,PRKAB1,modulator,other
DB04944,PRKAG1,modulator,other
DB04946,HTR2A,antagonist,inhibits
DB04946,DRD2,antagonist,inhibits
DB04946,HTR1A,antagonist,inhibits
DB04946,HTR2C,antagonist,inhibits
DB04946,HTR6,antagonist,inhibits
DB04946,HTR7,antagonist,inhibits
DB04946,ADRA1A,antagonist,inhibits
DB04946,ADRA2A,antagonist,inhibits
DB04946,ADRA2B,antagonist,inhibits
DB04946,ADRA2C,antagonist,inhibits
DB04946,ADRB1,antagonist,inhibits
DB04946,ADRB2,antagonist,inhibits
DB04946,DRD1,antagonist,inhibits
DB04946,DRD3,antagonist,inhibits
DB04946,DRD4,antagonist,inhibits
DB04946,DRD5,antagonist,inhibits
DB04946,HRH1,antagonist,inhibits
DB04947,SLC6A3,inhibitor,inhibits
DB04948,ADRA2A,agonist,activates
DB04948,ADRA1A,agonist,activates
DB04948,HTR1A,agonist,activates
DB04948,HTR7,agonist,activates
DB04948,HTR2C,agonist,activates
DB04948,HTR1D,agonist,activates
DB04951,TGFB1,modulator,other
DB04953,KCNQ3,modulator,other
DB04953,KCNQ2,nan,other
DB04953,KCNQ4,nan,other
DB04953,KCNQ5,nan,other
DB04954,ADORA1,agonist,activates
DB04956,TNF,nan,other
DB04957,KCNE1,nan,other
DB04957,KCNQ1,nan,other
DB04957,KCNH2,nan,other
DB04958,CD22,antibody,other
DB04959,KRT7,nan,other
DB04959,UBR4,nan,other
DB04960,FDPS,inhibitor,inhibits
DB04960,FNTA,modulator,other
DB04960,FNTB,modulator,other
DB04964,MUC16,nan,other
DB04967,TOP2A,inhibitor,inhibits
DB04967,TOP2B,inhibitor,inhibits
DB04967,APEX1,inhibitor,inhibits
DB04967,TOP1,inhibitor,inhibits
DB04970,HTR1A,nan,other
DB04971,PPARA,agonist,activates
DB04971,PPARG,nan,other
DB04972,GSTP1,modulator,other
DB04973,RAF1,nan,other
DB04974,FKBP1A,modulator,other
DB04974,MTOR,ligand,other
DB04975,TOP2B,modulator,other
DB04975,TOP2A,modulator,other
DB04977,PPT1,modulator,other
DB04977,EEF1A2,nan,other
DB04978,TOP2A,nan,other
DB04982,GRIA1,nan,other
DB04982,GRIA2,nan,other
DB04982,GRIA3,nan,other
DB04982,GRIA4,nan,other
DB04983,P2RY2,agonist,activates
DB04985,RPSA,nan,other
DB04988,EGFR,nan,other
DB04988,ERBB2,nan,other
DB04991,ADAM10,nan,other
DB04997,ITGA4,nan,other
DB04998,IKBKG,nan,other
DB05001,DPP4,nan,other
DB05003,RRM2,nan,other
DB05003,RRM1,nan,other
DB05004,NPY2R,nan,other
DB05004,NPY1R,nan,other
DB05004,NPY5R,nan,other
DB05004,NPY4R,nan,other
DB05009,ADORA2A,agonist,activates
DB05010,GABBR1,modulator,other
DB05010,GABBR2,modulator,other
DB05012,SLC6A2,nan,other
DB05013,PRKCD,ligand,other
DB05013,PRKCA,ligand,other
DB05014,FGFR3,nan,other
DB05014,FGFR1,nan,other
DB05014,KDR,nan,other
DB05014,FLT3,nan,other
DB05014,PDGFRB,nan,other
DB05014,RET,nan,other
DB05015,HDAC1,inhibitor,inhibits
DB05016,DMD,modulator,other
DB05017,TNF,nan,other
DB05017,IL6,nan,other
DB05018,GLA,stabilization,other
DB05022,TOP2A,nan,other
DB05022,TOP2B,nan,other
DB05023,IGF1R,nan,other
DB05024,CYP24A1,nan,other
DB05024,VDR,nan,other
DB05032,HRH4,nan,other
DB05033,ADAM9,nan,other
DB05034,NPR1,modulator,other
DB05035,THRA,nan,other
DB05035,THRB,nan,other
DB05036,SMG6,nan,other
DB05036,SCYL1,nan,other
DB05036,PTGES3,nan,other
DB05036,TERT,nan,other
DB05038,BDKRB2,antagonist,inhibits
DB05039,ADRB2,agonist,activates
DB05042,HTR6,nan,other
DB05044,PYGL,nan,other
DB05045,NPY4R,nan,other
DB05045,NPY2R,nan,other
DB05046,OPRK1,nan,other
DB05046,OPRM1,nan,other
DB05047,BDNF,nan,other
DB05047,GRIA1,nan,other
DB05047,GRIA2,nan,other
DB05047,GRIA3,nan,other
DB05047,GRIA4,nan,other
DB05049,HTR3A,nan,other
DB05050,OPRD1,nan,other
DB05052,ESR2,nan,other
DB05053,FBP2,modulator,other
DB05053,FBP1,modulator,other
DB05057,CELA1,modulator,other
DB05064,HSD11B1,nan,other
DB05069,CHRNA10,nan,other
DB05069,CHRNA9,nan,other
DB05070,GRM5,nan,other
DB05072,TACR1,nan,other
DB05075,VEGFC,inhibitor,inhibits
DB05075,VEGFD,inhibitor,inhibits
DB05075,VEGFA,inhibitor,inhibits
DB05075,VEGFB,inhibitor,inhibits
DB05075,FLT1,nan,other
DB05075,KDR,nan,other
DB05075,FLT4,nan,other
DB05075,CSK,nan,other
DB05077,CNR1,nan,other
DB05078,IL4R,nan,other
DB05078,IL13RA2,nan,other
DB05079,HRH1,nan,other
DB05079,HTR2A,nan,other
DB05080,HRH1,nan,other
DB05080,HRH3,nan,other
DB05084,PTH1R,agonist,activates
DB05085,NPY4R,nan,other
DB05087,GABRA1,positive allosteric modulator,activates
DB05088,APP,nan,other
DB05091,AVPR2,nan,other
DB05092,ITGA4,nan,other
DB05095,PTGS2,modulator,other
DB05096,GRM2,nan,other
DB05096,GRM3,nan,other
DB05097,CEACAM5,inhibitor,inhibits
DB05098,LEPR,nan,other
DB05099,FGA,nan,other
DB05100,MMP2,inhibitor,inhibits
DB05100,MMP1,inhibitor,inhibits
DB05100,MMP7,inhibitor,inhibits
DB05101,EGFR,nan,other
DB05103,HDAC1,inhibitor,inhibits
DB05103,BCL2,downregulator,inhibits
DB05103,CASP8,regulator,other
DB05104,OPRK1,agonist,activates
DB05107,AR,inhibitor,inhibits
DB05107,G6PD,nan,other
DB05110,IFNG,nan,other
DB05111,IFNG,nan,other
DB05115,INSR,nan,other
DB05116,TYMS,nan,other
DB05119,TK1,inhibitor,inhibits
DB05119,PLA2G1B,modulator,other
DB05119,PLA2G7,inhibitor,inhibits
DB05120,INSR,nan,other
DB05121,HLA-DRA,nan,other
DB05122,ITGA4,nan,other
DB05122,ITGB4,nan,other
DB05122,ITGB7,nan,other
DB05125,DHODH,nan,other
DB05127,TLR7,nan,other
DB05129,TOP2A,modulator,other
DB05129,TOP2B,modulator,other
DB05129,TOP1,nan,other
DB05130,CCR2,nan,other
DB05131,F9,nan,other
DB05133,IL1B,nan,other
DB05134,HSP90AA1,inhibitor,inhibits
DB05134,HSP90AB1,nan,other
DB05137,SLC18A2,inhibitor,inhibits
DB05137,CHRNA7,nan,other
DB05137,CHRNA9,nan,other
DB05137,CHRNA10,nan,other
DB05139,PDGFD,nan,other
DB05141,BIRC5,nan,other
DB05142,PDE2A,nan,other
DB05146,KDR,nan,other
DB05146,KIT,nan,other
DB05146,PDGFRA,nan,other
DB05146,PDGFRB,nan,other
DB05147,TUBA1A,nan,other
DB05147,TUBA1B,nan,other
DB05147,TUBA1C,nan,other
DB05147,TUBA4A,nan,other
DB05147,TUBA3E,nan,other
DB05147,TUBA4B,nan,other
DB05147,TUBB1,nan,other
DB05147,TUBB2A,nan,other
DB05147,TUBB2B,nan,other
DB05147,TUBB4B,nan,other
DB05147,TUBB3,nan,other
DB05147,TUBB4A,nan,other
DB05147,TUBB,nan,other
DB05147,TUBB6,nan,other
DB05147,TUBA3C,nan,other
DB05149,CHEK2,nan,other
DB05149,CHEK1,nan,other
DB05150,APP,nan,other
DB05152,CHRM1,agonist,activates
DB05155,OPRK1,agonist,activates
DB05157,MAPK14,nan,other
DB05157,MAPK11,nan,other
DB05157,MAPK12,nan,other
DB05157,MAPK13,nan,other
DB05159,CCR2,nan,other
DB05161,ELANE,nan,other
DB05161,PRTN3,nan,other
DB05164,BCR/ABL fusion,nan,other
DB05165,EIF4E,nan,other
DB05166,GPR119,nan,other
DB05168,FOLR1,modulator,other
DB05168,FOLR2,nan,other
DB05168,FOLR3,nan,other
DB05169,AURKB,modulator,other
DB05169,AURKA,modulator,other
DB05171,APH1B,modulator,other
DB05171,NCSTN,modulator,other
DB05171,PSEN1,modulator,other
DB05171,APH1A,modulator,other
DB05171,PSENEN,modulator,other
DB05177,LTA4H,nan,other
DB05183,IKBKB,nan,other
DB05184,IGF1R,nan,other
DB05184,SRC,nan,other
DB05184,ABL1,nan,other
DB05184,ABL2,nan,other
DB05187,PPARA,agonist,activates
DB05187,PPARD,agonist,activates
DB05187,PPARG,agonist,activates
DB05188,PPARD,nan,other
DB05190,BRAF,nan,other
DB05190,RAF1,nan,other
DB05191,ADORA2A,nan,other
DB05192,THRB,nan,other
DB05194,CSF2RA,nan,other
DB05194,CSF2,nan,other
DB05198,AURKA,nan,other
DB05198,KDR,nan,other
DB05199,TPH1,nan,other
DB05200,GAA,nan,other
DB05201,CNR1,nan,other
DB05202,VWF,nan,other
DB05202,GP1BA,nan,other
DB05203,REN,nan,other
DB05203,ACE2,nan,other
DB05204,BTK,inhibitor,inhibits
DB05205,MAOA,nan,other
DB05207,TNF,nan,other
DB05207,IL1R1,nan,other
DB05209,RHD,nan,other
DB05210,PIK3R1,nan,other
DB05210,PIK3R2,nan,other
DB05210,PIK3R3,nan,other
DB05210,PRKDC,nan,other
DB05210,MTOR,nan,other
DB05212,NFKB1,nan,other
DB05212,NFKB2,nan,other
DB05214,NOS2,nan,other
DB05217,NAMPT,inhibitor,inhibits
DB05218,TNF,nan,other
DB05219,PDE4A,inhibitor,inhibits
DB05219,PDE4B,inhibitor,inhibits
DB05219,PDE4C,inhibitor,inhibits
DB05219,PDE4D,inhibitor,inhibits
DB05220,AURKA,inhibitor,inhibits
DB05223,HDAC1,nan,other
DB05223,HDAC2,nan,other
DB05223,HDAC3,nan,other
DB05223,HDAC6,nan,other
DB05225,ALOX5AP,inhibitor,inhibits
DB05227,HTR2A,nan,other
DB05229,PTGIR,agonist,activates
DB05232,SCN5A,blocker,inhibits
DB05232,SCN1A,nan,other
DB05232,SCN2A,nan,other
DB05232,SCN3A,nan,other
DB05232,SCN8A,nan,other
DB05233,ESR1,nan,other
DB05234,AR,modulator,other
DB05235,CRYM,nan,other
DB05235,THRA,nan,other
DB05239,MAP2K1,inhibitor,inhibits
DB05241,PIK3CA,nan,other
DB05241,PIK3CG,nan,other
DB05241,PIK3CD,nan,other
DB05241,PIK3CB,nan,other
DB05241,MTOR,nan,other
DB05243,JAK2,nan,other
DB05246,CACNA1G,inhibitor,inhibits
DB05249,CSF3R,nan,other
DB05252,NOS3,stimulator,activates
DB05252,NOS2,nan,other
DB05253,PGR,nan,other
DB05254,SERPINE1,nan,other
DB05254,PLAU,nan,other
DB05255,CASR,antagonist,inhibits
DB05258,IFNAR1,nan,other
DB05260,IL1B,inhibitor,inhibits
DB05260,RRM2,inhibitor,inhibits
DB05260,ATP6V1B2,inhibitor,inhibits
DB05262,XDH,inhibitor,inhibits
DB05264,CSF2RB,nan,other
DB05265,NOXO1,antagonist,inhibits
DB05266,PDE4A,inhibitor,inhibits
DB05266,PDE4B,inhibitor,inhibits
DB05266,PDE4C,inhibitor,inhibits
DB05266,PDE4D,inhibitor,inhibits
DB05266,PDE3A,inhibitor,inhibits
DB05268,RAF1,nan,other
DB05271,DRD3,agonist,activates
DB05271,DRD4,agonist,activates
DB05271,DRD2,agonist,activates
DB05271,DRD5,agonist,activates
DB05271,DRD1,agonist,activates
DB05271,HTR1A,agonist,activates
DB05271,ADRA2B,antagonist,inhibits
DB05282,AIFM1,nan,other
DB05284,TUBB,nan,other
DB05289,APH1B,inhibitor,inhibits
DB05289,NCSTN,inhibitor,inhibits
DB05289,APH1A,inhibitor,inhibits
DB05289,PSENEN,inhibitor,inhibits
DB05289,PSEN1,inhibitor,inhibits
DB05289,PSEN2,inhibitor,inhibits
DB05289,IKBKG,nan,other
DB05290,EDNRA,nan,other
DB05294,KDR,inhibitor,inhibits
DB05294,RET,inhibitor,inhibits
DB05294,EGFR,inhibitor,inhibits
DB05294,VEGFA,inhibitor,inhibits
DB05294,PTK6,inhibitor,inhibits
DB05294,TEK,inhibitor,inhibits
DB05295,VDR,nan,other
DB05296,KLK3,modulator,other
DB05297,BCL2,nan,other
DB05298,PDE4D,nan,other
DB05299,IL2,nan,other
DB05301,PLD1,nan,other
DB05301,CASP1,nan,other
DB05303,TNF,nan,other
DB05303,IL1R1,nan,other
DB05304,CA9,nan,other
DB05304,IL2,nan,other
DB05305,IL13,nan,other
DB05308,TYMS,nan,other
DB05309,FGF4,nan,other
DB05311,KLKB1,inhibitor,inhibits
DB05316,HTR2A,inverse agonist,inhibits
DB05316,HTR2C,inverse agonist,inhibits
DB05316,SIGMAR1,binder,other
DB05317,FDFT1,nan,other
DB05317,HMGCR,nan,other
DB05319,EPCAM,nan,other
DB05327,AKR1B1,inhibitor,inhibits
DB05332,MPL,agonist,activates
DB05337,GLIPR1,nan,other
DB05339,HTR1A,agonist,activates
DB05343,ADRB3,agonist,activates
DB05343,S100B,modulator,other
DB05345,HRH1,nan,other
DB05351,ATP4A,inhibitor,inhibits
DB05351,ATP4B,inhibitor,inhibits
DB05351,DDAH1,nan,other
DB05361,F10,modulator,other
DB05361,F2,modulator,other
DB05361,SERPINC1,nan,other
DB05361,F2R,nan,other
DB05362,F10,nan,other
DB05364,CCL3,nan,other
DB05367,EDNRA,nan,other
DB05369,HRH2,nan,other
DB05374,EGFR,nan,other
DB05381,HRH1,agonist,activates
DB05381,HRH2,agonist,activates
DB05381,HRH3,agonist,activates
DB05381,HRH4,agonist,activates
DB05381,SLC18A2,nan,other
DB05382,SLC5A5,substrate,other
DB05383,NOS2,inhibitor,inhibits
DB05383,CCR2,antagonist,inhibits
DB05383,AOC1,inhibitor,inhibits
DB05383,AKR1B1,nan,other
DB05383,TIMP3,nan,other
DB05386,CSF2RA,nan,other
DB05387,MMP2,nan,other
DB05387,MMP9,nan,other
DB05387,MMP12,nan,other
DB05389,MAEA,nan,other
DB05389,CD163,nan,other
DB05390,P2RY2,nan,other
DB05391,GP1BA,nan,other
DB05395,ADRB3,agonist,activates
DB05398,CD9,nan,other
DB05399,VCAM1,nan,other
DB05403,MAPK12,nan,other
DB05404,TP53,nan,other
DB05407,EDNRA,antagonist,inhibits
DB05407,EDN1,nan,other
DB05408,CASP1,nan,other
DB05408,CASP3,nan,other
DB05408,CASP7,nan,other
DB05409,PTGS1,modulator,other
DB05409,PTGS2,modulator,other
DB05412,MAPK14,modulator,other
DB05412,TNF,nan,other
DB05412,IL1B,nan,other
DB05412,MT-CO2,nan,other
DB05413,SERPINA5,nan,other
DB05414,ESR1,inhibitor,inhibits
DB05414,ESR2,inhibitor,inhibits
DB05415,PDE5A,nan,other
DB05416,PPARD,agonist,activates
DB05416,PPARA,agonist,activates
DB05417,GLRA1,nan,other
DB05418,TACR1,nan,other
DB05419,CALY,nan,other
DB05420,RRM2,binder,other
DB05420,RRM1,nan,other
DB05421,TACR1,antagonist,inhibits
DB05422,SIGMAR1,modulator,other
DB05422,HTR1A,modulator,other
DB05422,SLC6A4,nan,other
DB05423,NR3C1,antagonist,inhibits
DB05424,ERBB2,inhibitor,inhibits
DB05424,AKT1,inhibitor,inhibits
DB05424,ERBB4,inhibitor,inhibits
DB05424,EGFR,inhibitor,inhibits
DB05428,PRDX5,modulator,other
DB05428,TXNRD1,nan,other
DB05428,TXNRD2,nan,other
DB05428,RRM2,nan,other
DB05429,CCL11,nan,other
DB05431,ALOX5,inhibitor,inhibits
DB05432,CALY,nan,other
DB05434,THBS1,modulator,other
DB05434,FGF2,nan,other
DB05434,HGF,nan,other
DB05434,VEGFA,nan,other
DB05434,CXCL8,nan,other
DB05442,NR3C1,modulator,other
DB05442,IL1B,nan,other
DB05443,OPRK1,nan,other
DB05444,HSPA1A,modulator,other
DB05444,HSPA1B,modulator,other
DB05446,APOH,nan,other
DB05447,HNF4A,nan,other
DB05448,TXN,inhibitor,inhibits
DB05448,TXNRD1,inhibitor,inhibits
DB05449,ABCB1,nan,other
DB05451,NFKB2,nan,other
DB05451,NFKB1,nan,other
DB05452,AVPR1A,nan,other
DB05452,AVPR1B,nan,other
DB05454,GRIA2,modulator,other
DB05455,AVPR1B,nan,other
DB05457,TYMS,nan,other
DB05458,CHRNA4,modulator,other
DB05458,CHRNB2,modulator,other
DB05459,IL12B,nan,other
DB05459,IL23A,nan,other
DB05460,GSTP1,modulator,other
DB05461,HTR2B,nan,other
DB05461,ADRA2C,nan,other
DB05461,ADRA2B,nan,other
DB05463,TLR9,nan,other
DB05464,NFKB2,nan,other
DB05464,NFKB1,nan,other
DB05465,FLT3,inhibitor,inhibits
DB05465,PDGFD,nan,other
DB05466,TACR1,nan,other
DB05467,RARG,agonist,activates
DB05468,ITGA4,nan,other
DB05469,ADRA1A,nan,other
DB05469,ADRA1B,nan,other
DB05469,ADRA1D,nan,other
DB05470,MAPK14,modulator,other
DB05470,TNF,nan,other
DB05470,IL1B,nan,other
DB05470,IL6,nan,other
DB05471,NFKB1,nan,other
DB05471,NFKB2,nan,other
DB05472,IFNAR1,nan,other
DB05472,IFNAR2,nan,other
DB05475,STAT3,inhibitor,inhibits
DB05475,TLR2,nan,other
DB05475,TLR4,nan,other
DB05475,TLR7,nan,other
DB05475,TLR9,nan,other
DB05476,PLAUR,nan,other
DB05478,CYP3A4,nan,other
DB05479,MC1R,nan,other
DB05481,SERPINA1,nan,other
DB05482,TOP1,inhibitor,inhibits
DB05483,UBR4,nan,other
DB05483,ZFY,nan,other
DB05484,CXCL8,nan,other
DB05487,CLU,other/unknown,other
DB05487,ESR1,nan,other
DB05487,NFKB2,nan,other
DB05487,NFKB1,nan,other
DB05488,TOP2B,nan,other
DB05490,PPARG,partial agonist,activates
DB05492,OPRM1,nan,other
DB05492,HTR2A,nan,other
DB05492,HTR2B,nan,other
DB05492,HTR2C,nan,other
DB05492,ADRA1A,nan,other
DB05492,ADRA1B,nan,other
DB05492,ADRA1D,nan,other
DB05492,ADRA2A,nan,other
DB05492,ADRA2B,nan,other
DB05492,ADRA2C,nan,other
DB05492,HRH1,nan,other
DB05492,OPRL1,nan,other
DB05494,DCK,nan,other
DB05495,MMP3,inhibitor,inhibits
DB05495,MMP9,nan,other
DB05501,CXCR4,antagonist,inhibits
DB05505,TBXAS1,nan,other
DB05506,PTPN1,nan,other
DB05507,CASP1,nan,other
DB05507,IL1B,nan,other
DB05509,OPRM1,nan,other
DB05509,HTR1A,nan,other
DB05511,ADORA3,agonist,activates
DB05513,STAT3,inhibitor,inhibits
DB05513,IL6,nan,other
DB05513,TNF,nan,other
DB05514,CLCN2,nan,other
DB05518,FBP1,nan,other
DB05521,SLCO1B1,inhibitor,inhibits
DB05521,SLCO2B1,inhibitor,inhibits
DB05524,EGFR,modulator,other
DB05528,APOB,other/unknown,other
DB05530,TLR9,nan,other
DB05532,FFAR4,nan,other
DB05533,AKR1B1,nan,other
DB05540,ADSS2,nan,other
DB05540,ADSS1,nan,other
DB05541,SV2A,unknown,other
DB05541,SCN1A,inhibitor,inhibits
DB05542,HTR4,agonist,activates
DB05550,TNFRSF8,antibody,other
DB05552,PIK3CD,inhibitor,inhibits
DB05552,PIK3CG,inhibitor,inhibits
DB05553,P2RY12,antagonist,inhibits
DB05559,NFKB2,inhibitor,inhibits
DB05560,PRKCD,inhibitor,inhibits
DB05562,HTR1A,agonist,activates
DB05565,MAPT,modulator,other
DB05575,KDR,inhibitor,inhibits
DB05575,KIT,inhibitor,inhibits
DB05578,KDR,antagonist,inhibits
DB05586,CHRNA7,antagonist,inhibits
DB05590,ADRB2,agonist,activates
DB05592,SIGMAR1,agonist,activates
DB05592,CHRM1,agonist,activates
DB05595,FOLR1,antibody,other
DB05607,HTR2B,antagonist,inhibits
DB05608,CDK4,inhibitor,inhibits
DB05608,CDK2,inhibitor,inhibits
DB05608,CDK1,inhibitor,inhibits
DB05611,PIKFYVE,inhibitor,inhibits
DB05611,IL12A,inhibitor,inhibits
DB05624,GNRHR,antagonist,inhibits
DB05625,CXCR4,modulator,other
DB05630,TOP1,inhibitor,inhibits
DB05631,NOS2,modulator,other
DB05642,HTR3A,nan,other
DB05642,SLC6A2,nan,other
DB05645,HP,modulator,other
DB05646,PLAT,nan,other
DB05650,NFE2L2,inhibitor,inhibits
DB05653,RARA,agonist,activates
DB05660,MAPK8,modulator,other
DB05660,MAPK9,modulator,other
DB05660,MAPK10,modulator,other
DB05662,ESR1,nan,other
DB05667,CYP17A1,inhibitor,inhibits
DB05667,CYP11B1,inhibitor,inhibits
DB05667,CYP11B2,inhibitor,inhibits
DB05667,CYP11A1,inhibitor,inhibits
DB05667,CYP51A1,inhibitor,inhibits
DB05668,DNMT1,inhibitor,inhibits
DB05673,TBXAS1,nan,other
DB05675,FGA,nan,other
DB05676,PDE4,inhibitor,inhibits
DB05676,CDK4,inhibitor,inhibits
DB05676,CDK6,inhibitor,inhibits
DB05678,MTTP,inhibitor,inhibits
DB05679,IL12B,inhibitor,inhibits
DB05685,CDH5,nan,other
DB05687,DRD2,nan,other
DB05687,HTR2A,nan,other
DB05688,SLC6A4,nan,other
DB05688,SLC6A2,nan,other
DB05695,CASR,antagonist,inhibits
DB05697,TGFB2,nan,other
DB05706,TOP2A,nan,other
DB05708,CHRNA7,agonist,activates
DB05710,CHRNA3,antagonist,inhibits
DB05712,CPB2,nan,other
DB05713,F10,inhibitor,inhibits
DB05714,F2,nan,other
DB05721,GABRG3,modulator,other
DB05721,GABRA1,modulator,other
DB05724,CHRNA10,modulator,other
DB05736,CTSK,nan,other
DB05737,PLA2G2A,nan,other
DB05737,PLA2G10,nan,other
DB05738,HRH1,antagonist,inhibits
DB05739,AGTR1,nan,other
DB05739,AGTR2,nan,other
DB05740,CHRNA2,nan,other
DB05740,CHRNB2,nan,other
DB05740,CHRNA7,nan,other
DB05740,CHRNA4,nan,other
DB05740,CHRNA10,nan,other
DB05740,CHRNA9,nan,other
DB05744,TNF,nan,other
DB05744,IL6,nan,other
DB05744,CRP,nan,other
DB05744,IL10,nan,other
DB05749,CYP19A1,nan,other
DB05750,CNR1,nan,other
DB05752,CHRM1,nan,other
DB05752,CHRM2,nan,other
DB05752,CHRM3,nan,other
DB05752,CHRM4,nan,other
DB05752,CHRM5,nan,other
DB05758,TNF,nan,other
DB05766,CHRM1,modulator,other
DB05766,DRD2,nan,other
DB05766,DRD3,nan,other
DB05767,TNF,nan,other
DB05767,IL1B,nan,other
DB05767,IL6,nan,other
DB05767,NFKB2,nan,other
DB05767,NFKB1,nan,other
DB05771,IL10,nan,other
DB05773,ERBB2,antibody,other
DB05777,F2,inhibitor,inhibits
DB05777,F5,nan,other
DB05785,RARA,nan,other
DB05785,RARB,nan,other
DB05785,RARG,nan,other
DB05785,JUN,nan,other
DB05786,CHEK2,modulator,other
DB05786,FUBP1,nan,other
DB05787,ITGB3,nan,other
DB05790,TACR1,nan,other
DB05792,EBP,modulator,other
DB05792,SIGMAR1,nan,other
DB05793,FFAR4,nan,other
DB05796,MME,modulator,other
DB05797,FCER1A,nan,other
DB05798,PRKAR2A,nan,other
DB05798,PRKAR1A,nan,other
DB05801,RRM2,nan,other
DB05805,SLC6A3,inhibitor,inhibits
DB05805,SLC6A2,inhibitor,inhibits
DB05805,SLC6A4,inhibitor,inhibits
DB05806,TOP1,inhibitor,inhibits
DB05812,CYP17A1,inhibitor,inhibits
DB05814,FKBP1A,binder,other
DB05824,GRIN1,nan,other
DB05829,PTH2R,activator,activates
DB05829,PTH1R,activator,activates
DB05831,EPCAM,nan,other
DB05838,AVPR2,agonist,activates
DB05846,APP,nan,other
DB05848,IL12B,nan,other
DB05849,ADRB2,nan,other
DB05854,PPARG,nan,other
DB05855,CHRNB2,nan,other
DB05855,CXCL8,antagonist,inhibits
DB05861,S100A9,modulator,other
DB05864,METAP2,inhibitor,inhibits
DB05867,ST3GAL5,nan,other
DB05869,TNF,nan,other
DB05869,HMGB1,nan,other
DB05874,SOD1,modulator,other
DB05879,TNF,nan,other
DB05882,ESR1,nan,other
DB05882,ESR2,nan,other
DB05883,PTH,nan,other
DB05885,SV2A,modulator,other
DB05885,CACNA1B,blocker,inhibits
DB05885,GLRA1,binding,other
DB05889,CD22,antibody,other
DB05890,VEGFA,nan,other
DB05892,NGF,nan,other
DB05895,TNFRSF10B,nan,other
DB05897,IGF1R,nan,other
DB05905,HTR4,agonist,activates
DB05906,CCR5,nan,other
DB05913,KDR,modulator,other
DB05913,KIT,modulator,other
DB05913,FLT1,nan,other
DB05915,MSTN,nan,other
DB05916,PDCD1,nan,other
DB05920,TOP2A,nan,other
DB05928,NR1I2,suppressor,inhibits
DB05930,MPL,nan,other
DB05931,KDR,modulator,other
DB05932,VEGFA,nan,other
DB05932,FLT1,nan,other
DB05932,FLT4,nan,other
DB05933,PSCA,nan,other
DB05934,CXCL12,nan,other
DB05936,ADORA2B,modulator,other
DB05938,APP,inhibitor,inhibits
DB05939,HCAR2,inhibitor,inhibits
DB05939,GPER1,nan,other
DB05941,CCR5,antagonist,inhibits
DB05943,TLR4,antagonist,inhibits
DB05943,CSF2RB,nan,other
DB05943,IL2RG,nan,other
DB05944,EGFR,modulator,other
DB05944,ERBB2,modulator,other
DB05945,ANTXR2,nan,other
DB05945,ANTXR1,nan,other
DB05946,MLN,nan,other
DB05950,CACNA1B,nan,other
DB05951,CTSS,nan,other
DB05956,GRIN2B,antagonist,inhibits
DB05956,RXRA,nan,other
DB05959,HIF1A,inhibitor,inhibits
DB05959,TNFRSF11A,nan,other
DB05959,STAT3,nan,other
DB05961,SERPING1,nan,other
DB05961,SERPINA5,nan,other
DB05961,SERPINA1,nan,other
DB05964,SLC6A3,inhibitor,inhibits
DB05964,SLC6A4,inhibitor,inhibits
DB05964,SLC6A2,inhibitor,inhibits
DB05964,DRD2,nan,other
DB05966,ESR1,nan,other
DB05966,ESR2,nan,other
DB05967,KISS1R,nan,other
DB05968,TNF,nan,other
DB05969,CDK9,inhibitor,inhibits
DB05969,CDK2,inhibitor,inhibits
DB05969,CDK7,inhibitor,inhibits
DB05969,VEGFA,nan,other
DB05970,GCK,inhibitor,inhibits
DB05971,AKT1,nan,other
DB05981,ADRB3,nan,other
DB05983,NFKBIA,nan,other
DB05984,KDR,modulator,other
DB05984,BRAF,nan,other
DB05990,NR1H4,agonist,activates
DB05992,EIF2B1,stimulator,activates
DB05992,EIF2B2,stimulator,activates
DB05992,TNF,nan,other
DB05993,HTR6,antagonist,inhibits
DB05996,GPNMB,binder,other
DB05998,JUN,inhibitor,inhibits
DB06008,HTR2C,nan,other
DB06011,DPP4,nan,other
DB06013,TOP2A,inhibitor,inhibits
DB06013,TOP2B,modulator,other
DB06016,DRD3,partial agonist,activates
DB06016,DRD2,partial agonist,activates
DB06016,HTR1A,partial agonist,activates
DB06016,HTR2B,antagonist,inhibits
DB06016,HTR2A,antagonist,inhibits
DB06016,HRH1,antagonist,inhibits
DB06016,HTR2C,antagonist,inhibits
DB06016,ADRA1A,antagonist,inhibits
DB06017,IL6,nan,other
DB06021,EGFR,nan,other
DB06021,ERBB2,nan,other
DB06027,MCHR1,antagonist,inhibits
DB06029,HTR2B,nan,other
DB06037,COL1A1,nan,other
DB06037,COL1A2,nan,other
DB06037,COL3A1,nan,other
DB06040,KIF11,inhibitor,inhibits
DB06042,TUBB,nan,other
DB06042,TUBB1,nan,other
DB06042,TUBB3,nan,other
DB06042,TUBB4A,nan,other
DB06042,TOP2A,nan,other
DB06042,TOP2B,nan,other
DB06043,PDGFRA,antagonist,inhibits
DB06044,CHRNA4,nan,other
DB06044,CHRNB2,nan,other
DB06048,DDIT4,nan,other
DB06050,F8,nan,other
DB06056,C3,nan,other
DB06057,MAOB,nan,other
DB06061,MAP3K1,nan,other
DB06064,PRKCE,nan,other
DB06069,TOP1,nan,other
DB06070,HSP90AA1,inhibitor,inhibits
DB06070,HSP90AB1,inhibitor,inhibits
DB06072,EPCAM,nan,other
DB06073,BACE1,inhibitor,inhibits
DB06075,INSR,inhibitor,inhibits
DB06075,IGF1R,inhibitor,inhibits
DB06077,SLC6A4,inhibitor,inhibits
DB06077,HTR2A,antagonist,inhibits
DB06077,DRD2,partial agonist,activates
DB06077,DRD1,nan,other
DB06080,FLT4,modulator,other
DB06080,FLT3,nan,other
DB06080,FLT1,nan,other
DB06080,KDR,nan,other
DB06080,KIT,nan,other
DB06080,CSF1R,nan,other
DB06081,VWF,inhibitor,inhibits
DB06082,HIF1A,inhibitor,inhibits
DB06083,AHR,agonist,activates
DB06086,APP,nan,other
DB06089,KCNQ1,nan,other
DB06089,KCNQ3,nan,other
DB06089,KCNQ4,nan,other
DB06089,KCNQ5,nan,other
DB06089,KCNQ2,nan,other
DB06090,CHRNA7,agonist,activates
DB06094,HSPB1,nan,other
DB06096,NOS1,nan,other
DB06096,HTR1B,nan,other
DB06096,HTR1D,nan,other
DB06097,CENPE,nan,other
DB06098,VDAC2,nan,other
DB06098,VDAC3,nan,other
DB06099,GCGR,nan,other
DB06101,FLT1,nan,other
DB06101,KDR,nan,other
DB06101,FLT4,nan,other
DB06103,IMPDH1,nan,other
DB06103,IMPDH2,nan,other
DB06109,HTR2A,nan,other
DB06109,DRD2,antagonist,inhibits
DB06110,EGFR,nan,other
DB06116,CXCL10,nan,other
DB06119,SCN1A,inhibitor,inhibits
DB06119,GABRA1,allosteric modulator,other
DB06121,OPRD1,nan,other
DB06124,CAPN3,nan,other
DB06127,DPP4,nan,other
DB06133,AR,inhibitor,inhibits
DB06134,AURKB,inhibitor,inhibits
DB06134,AURKC,inhibitor,inhibits
DB06134,AURKA,inhibitor,inhibits
DB06137,TUBB,inhibitor,inhibits
DB06137,SRC,inhibitor,inhibits
DB06138,EDNRB,nan,other
DB06140,HTR6,antagonist,inhibits
DB06144,DRD2,antagonist,inhibits
DB06144,HTR2A,antagonist,inhibits
DB06144,HTR2C,antagonist,inhibits
DB06144,HTR6,antagonist,inhibits
DB06144,KCNH2,inhibitor,inhibits
DB06144,ADRA1A,nan,other
DB06144,ADRA1B,nan,other
DB06144,ADRA1D,nan,other
DB06148,ADRA2A,antagonist,inhibits
DB06148,HTR2A,antagonist,inhibits
DB06148,HTR2C,antagonist,inhibits
DB06148,HRH1,antagonist,inhibits
DB06148,SLC6A2,inhibitor,inhibits
DB06148,SLC6A4,inhibitor,inhibits
DB06148,HRH4,binder,other
DB06148,HTR1A,blocker,inhibits
DB06148,ADRA2C,antagonist,inhibits
DB06148,HTR2B,binder,other
DB06148,HTR1F,binder,other
DB06148,ADRA2B,antagonist,inhibits
DB06148,DRD3,binder,other
DB06148,OPRK1,agonist,activates
DB06148,SLC6A3,binder,other
DB06148,HTR7,antagonist,inhibits
DB06148,DRD2,antagonist,inhibits
DB06148,HTR6,binder,other
DB06148,ADRA1A,antagonist,inhibits
DB06148,DRD1,binder,other
DB06151,GSS,stimulator,activates
DB06151,SLC7A11,activator,activates
DB06151,ACY1,substrate,other
DB06151,IKBKB,inhibitor,inhibits
DB06151,CHUK,inhibitor,inhibits
DB06151,GRIN2B,activator,activates
DB06151,GRIN1,activator,activates
DB06151,GRIN2A,activator,activates
DB06151,GRIN2D,activator,activates
DB06151,GRIN3A,activator,activates
DB06152,IFNAR2,agonist,activates
DB06152,CACNA1I,antagonist,inhibits
DB06153,CHRM1,antagonist,inhibits
DB06153,CHRM2,antagonist,inhibits
DB06153,CHRM3,antagonist,inhibits
DB06153,HTR2A,antagonist,inhibits
DB06153,HTR2B,antagonist,inhibits
DB06153,HTR2C,antagonist,inhibits
DB06153,HTR1A,partial agonist,activates
DB06153,HTR1B,antagonist,inhibits
DB06153,HRH1,antagonist,inhibits
DB06153,ADRA1A,antagonist,inhibits
DB06153,ADRA1B,antagonist,inhibits
DB06153,ADRA1D,antagonist,inhibits
DB06153,ADRA2A,antagonist,inhibits
DB06153,ADRA2B,antagonist,inhibits
DB06153,ADRA2C,antagonist,inhibits
DB06154,HBA1,agonist,activates
DB06154,HBB,agonist,activates
DB06155,CNR1,antagonist,inhibits
DB06155,GPR55,nan,other
DB06156,INSR,inhibitor,inhibits
DB06156,SLC6A4,nan,other
DB06156,SLC6A2,nan,other
DB06156,SLC6A3,nan,other
DB06157,ATP1A1,inhibitor,inhibits
DB06157,ATP1A3,inhibitor,inhibits
DB06157,ATP1B1,inhibitor,inhibits
DB06157,ATP1B2,inhibitor,inhibits
DB06157,ATP1B3,inhibitor,inhibits
DB06157,ATP1A2,inhibitor,inhibits
DB06157,ATP2A2,nan,other
DB06159,TOP1,inhibitor,inhibits
DB06160,TOP2A,inhibitor,inhibits
DB06160,TOP2B,inhibitor,inhibits
DB06162,FCER2,antibody,other
DB06168,IL1B,binder,other
DB06174,SIGMAR1,nan,other
DB06176,HDAC1,antagonist,inhibits
DB06176,HDAC2,antagonist,inhibits
DB06176,HDAC4,inhibitor,inhibits
DB06176,HDAC6,inhibitor,inhibits
DB06176,ABCC1,nan,other
DB06176,HDAC1,inhibitor,inhibits
DB06178,FOLR1,antagonist,inhibits
DB06182,FAP,inhibitor,inhibits
DB06182,DPP9,inhibitor,inhibits
DB06182,DPP8,inhibitor,inhibits
DB06184,XIAP,nan,other
DB06185,PNP,inhibitor,inhibits
DB06186,CTLA4,inhibitor,inhibits
DB06188,KIF11,inhibitor,inhibits
DB06190,ADRB3,agonist,activates
DB06191,ABCB1,inhibitor,inhibits
DB06191,ABCB4,modulator,other
DB06193,TOP2A,modulator,other
DB06193,TOP2B,modulator,other
DB06194,VDR,agonist,activates
DB06195,CDK2,inhibitor,inhibits
DB06195,CDK7,inhibitor,inhibits
DB06195,CDK1,inhibitor,inhibits
DB06195,MAPK3,nan,other
DB06195,MAPK1,nan,other
DB06195,CDK9,nan,other
DB06195,CSNK1E,nan,other
DB06196,BDKRB2,antagonist,inhibits
DB06196,ANPEP,inhibitor,inhibits
DB06197,SELE,inhibitor,inhibits
DB06199,EDNRA,antagonist,inhibits
DB06201,SCN9A,modulator,other
DB06201,GRM5,inhibitor,inhibits
DB06202,ESR1,antagonist,inhibits
DB06202,ESR2,agonist,activates
DB06202,CNR2,inverse agonist,inhibits
DB06203,DPP4,inhibitor,inhibits
DB06204,OPRM1,agonist,activates
DB06204,SLC6A2,inhibitor,inhibits
DB06204,OPRK1,agonist,activates
DB06204,OPRD1,agonist,activates
DB06204,SLC6A4,inhibitor,inhibits
DB06205,TGFB1,inhibitor,inhibits
DB06207,ADRA1A,antagonist,inhibits
DB06207,ADRA1D,antagonist,inhibits
DB06207,ADRA1B,antagonist,inhibits
DB06207,KCNH2,blocker,inhibits
DB06209,P2RY12,antagonist,inhibits
DB06210,MPL,agonist,activates
DB06212,AVPR2,antagonist,inhibits
DB06212,AVPR1A,antagonist,inhibits
DB06213,ADORA2A,agonist,activates
DB06216,HTR2A,antagonist,inhibits
DB06216,DRD2,antagonist,inhibits
DB06216,HTR1A,antagonist,inhibits
DB06216,HTR1B,antagonist,inhibits
DB06216,HTR2B,antagonist,inhibits
DB06216,HTR2C,antagonist,inhibits
DB06216,HTR5A,antagonist,inhibits
DB06216,HTR6,antagonist,inhibits
DB06216,HTR7,antagonist,inhibits
DB06216,DRD3,antagonist,inhibits
DB06216,DRD4,antagonist,inhibits
DB06216,DRD1,antagonist,inhibits
DB06216,ADRA1A,antagonist,inhibits
DB06216,ADRA2A,antagonist,inhibits
DB06216,ADRA2B,antagonist,inhibits
DB06216,ADRA2C,antagonist,inhibits
DB06216,HRH1,antagonist,inhibits
DB06216,HRH2,antagonist,inhibits
DB06216,ADRB1,antagonist,inhibits
DB06216,ADRB2,antagonist,inhibits
DB06217,SCN5A,blocker,inhibits
DB06217,KCNA5,blocker,inhibits
DB06217,KCND3,blocker,inhibits
DB06217,KCNH2,blocker,inhibits
DB06218,DPYSL2,modulator,other
DB06218,SCN11A,inhibitor,inhibits
DB06218,SCN9A,blocker,inhibits
DB06218,SCN3A,blocker,inhibits
DB06218,SCN10A,blocker,inhibits
DB06219,PNLIP,inhibitor,inhibits
DB06224,ICAM1,other/unknown,other
DB06226,ERBB2,inhibitor,inhibits
DB06226,HLA-A,nan,other
DB06228,F10,antagonist,inhibits
DB06229,HTR2A,modulator,other
DB06229,DRD2,modulator,other
DB06229,HRH1,nan,other
DB06229,ADRA1A,nan,other
DB06229,ADRA1B,nan,other
DB06229,ADRA2A,nan,other
DB06229,ADRA1D,nan,other
DB06229,ADRA2B,nan,other
DB06229,ADRA2C,nan,other
DB06229,HTR2B,nan,other
DB06229,HTR2C,nan,other
DB06230,OPRK1,partial agonist,activates
DB06230,OPRD1,antagonist,inhibits
DB06230,OPRM1,antagonist,inhibits
DB06231,SLC8A1,nan,other
DB06233,MTOR,inhibitor,inhibits
DB06235,RELB,modulator,other
DB06235,NFKB1,modulator,other
DB06235,NFKB2,modulator,other
DB06235,RELA,modulator,other
DB06235,REL,modulator,other
DB06237,PDE5A,inhibitor,inhibits
DB06240,ABCB1,modulator,other
DB06241,CD4,nan,other
DB06243,ODC1,inhibitor,inhibits
DB06245,PLAUR,nan,other
DB06245,FGA,nan,other
DB06245,KLK1,nan,other
DB06245,LAMA5,nan,other
DB06245,F10,nan,other
DB06245,FN1,nan,other
DB06245,SERPINB2,nan,other
DB06245,CLEC3B,nan,other
DB06245,KRT8,nan,other
DB06245,ANXA2,nan,other
DB06245,LAMB1,nan,other
DB06245,LAMC1,nan,other
DB06245,LAMA1,nan,other
DB06245,CALR,nan,other
DB06245,CANX,nan,other
DB06245,LRP1,nan,other
DB06245,LAMA3,nan,other
DB06246,PDE5A,modulator,other
DB06246,GSTP1,inhibitor,inhibits
DB06246,AKR1B1,inhibitor,inhibits
DB06246,AKR1B10,inhibitor,inhibits
DB06246,PDE4D,nan,other
DB06246,PDE4C,nan,other
DB06246,PDE2A,nan,other
DB06247,GRIA1,nan,other
DB06248,LTB4R,antagonist,inhibits
DB06248,LTB4R2,nan,other
DB06249,ESR1,inhibitor,inhibits
DB06249,ESR2,inhibitor,inhibits
DB06251,PTAFR,inhibitor,inhibits
DB06252,SYK,nan,other
DB06255,FDPS,inhibitor,inhibits
DB06255,CASP3,activator,activates
DB06255,CASP4,activator,activates
DB06255,CASP7,activator,activates
DB06258,HSPA1B,modulator,other
DB06258,HSPA1A,modulator,other
DB06258,HSF1,nan,other
DB06262,ADRA1A,agonist,activates
DB06262,ADRA1B,agonist,activates
DB06262,ADRA1D,agonist,activates
DB06262,ADRA2A,agonist,activates
DB06262,ADRA2B,agonist,activates
DB06262,ADRA2C,agonist,activates
DB06262,ADRB1,agonist,activates
DB06262,ADRB2,agonist,activates
DB06262,ADRB3,agonist,activates
DB06262,PAH,inhibitor,inhibits
DB06263,TOP2A,nan,other
DB06264,SCN11A,modulator,other
DB06266,CFTR,nan,other
DB06266,HK1,nan,other
DB06267,PDE5A,inhibitor,inhibits
DB06268,EDNRA,antagonist,inhibits
DB06268,EDNRB,antagonist,inhibits
DB06271,SERPIND1,agonist,activates
DB06271,SERPINC1,potentiator,activates
DB06273,IL6R,inhibitor,inhibits
DB06274,OPRM1,antagonist,inhibits
DB06274,OPRK1,antagonist,inhibits
DB06274,OPRD1,antagonist,inhibits
DB06276,MMP2,inhibitor,inhibits
DB06280,KCNN4,modulator,other
DB06281,CETP,antagonist,inhibits
DB06282,HRH1,antagonist,inhibits
DB06283,CACNA1B,inhibitor,inhibits
DB06283,CACNA1A,inhibitor,inhibits
DB06285,PTH,modulator,other
DB06285,PTH1R,ligand,other
DB06287,MTOR,inhibitor,inhibits
DB06288,HTR7,antagonist,inhibits
DB06288,HTR2A,antagonist,inhibits
DB06288,DRD2,antagonist,inhibits
DB06288,DRD3,antagonist,inhibits
DB06288,OPRM1,agonist,activates
DB06288,OPRD1,agonist,activates
DB06288,OPRK1,agonist,activates
DB06292,SLC5A2,antagonist,inhibits
DB06297,SGPL1,inhibitor,inhibits
DB06306,HSP90AA1,inhibitor,inhibits
DB06307,BCL2,nan,other
DB06311,PLA2G1B,modulator,other
DB06311,PLA2G4A,nan,other
DB06314,MET,inhibitor,inhibits
DB06315,INS,nan,other
DB06316,SYK,nan,other
DB06317,SLAMF7,modulator,other
DB06318,CD33,nan,other
DB06319,DDC,nan,other
DB06321,JAK3,nan,other
DB06322,ENG,nan,other
DB06324,TNFRSF8,nan,other
DB06325,PDGFB,nan,other
DB06329,TLR7,nan,other
DB06333,PTPN1,inhibitor,inhibits
DB06333,SLC6A3,nan,other
DB06333,SLC6A2,nan,other
DB06334,HDAC1,modulator,other
DB06335,DPP4,inhibitor,inhibits
DB06342,CD19,nan,other
DB06343,IGF1R,binder,other
DB06345,EPHX2,inhibitor,inhibits
DB06346,ALOX5AP,inhibitor,inhibits
DB06347,AURKB,inhibitor,inhibits
DB06347,AURKA,inhibitor,inhibits
DB06350,P2RY12,antagonist,inhibits
DB06354,GRIK1,modulator,other
DB06354,GABBR1,nan,other
DB06356,COL4A4,nan,other
DB06358,DHFR,inhibitor,inhibits
DB06359,MYB,nan,other
DB06360,CD40,nan,other
DB06362,TOP1,modulator,other
DB06362,TOP2A,nan,other
DB06362,TOP2B,nan,other
DB06364,TOP2A,modulator,other
DB06364,TOP2B,modulator,other
DB06366,ERBB2,binder,other
DB06367,CTSK,inhibitor,inhibits
DB06370,CA9,modulator,other
DB06371,CD2,nan,other
DB06372,IL1B,binder,other
DB06372,IL1A,binder,other
DB06372,IL1RN,binder,other
DB06373,MUC1,nan,other
DB06374,ESR1,antagonist,inhibits
DB06376,CLK1,nan,other
DB06391,TAPT1,nan,other
DB06393,HTR1A,antagonist,inhibits
DB06397,PARP1,modulator,other
DB06401,ESR1,antagonist,inhibits
DB06401,ESR2,nan,other
DB06402,CHRNA2,agonist,activates
DB06402,CHRNA3,agonist,activates
DB06402,CRHR1,antagonist,inhibits
DB06403,EDNRA,antagonist,inhibits
DB06403,EDNRB,antagonist,inhibits
DB06404,C1R,inhibitor,inhibits
DB06404,C1S,inhibitor,inhibits
DB06404,KLKB1,inhibitor,inhibits
DB06404,F12,inhibitor,inhibits
DB06404,F11,inhibitor,inhibits
DB06404,PLAT,inhibitor,inhibits
DB06404,F2,inhibitor,inhibits
DB06406,F10,inhibitor,inhibits
DB06408,IMPDH1,inhibitor,inhibits
DB06408,ENPP1,nan,other
DB06408,NT5C2,nan,other
DB06409,OPRM1,agonist,activates
DB06409,OPRD1,nan,other
DB06409,OPRK1,nan,other
DB06410,VDR,suppressor,inhibits
DB06412,AR,agonist,activates
DB06412,NPPB,nan,other
DB06413,ADRA1D,agonist,activates
DB06413,SLC6A3,antagonist,inhibits
DB06420,TOP2A,other/unknown,other
DB06421,DRD2,modulator,other
DB06421,CHRM1,modulator,other
DB06421,TOP2A,nan,other
DB06421,TOP2B,nan,other
DB06422,HTR4,nan,other
DB06422,HTR3A,nan,other
DB06423,MMP2,nan,other
DB06423,MMP9,nan,other
DB06423,MMP13,nan,other
DB06423,PTK2,nan,other
DB06423,SELE,nan,other
DB06429,TACR3,antagonist,inhibits
DB06433,RRM2,modulator,other
DB06433,RRM1,nan,other
DB06435,CCKAR,antagonist,inhibits
DB06436,AHR,modulator,other
DB06436,PDGFRB,inhibitor,inhibits
DB06436,FLT1,inhibitor,inhibits
DB06436,RET,inhibitor,inhibits
DB06436,MPL,modulator,other
DB06436,FGFR1,inhibitor,inhibits
DB06436,PDGFRA,inhibitor,inhibits
DB06436,KIT,inhibitor,inhibits
DB06436,KDR,inhibitor,inhibits
DB06439,RELB,inhibitor,inhibits
DB06439,NFKB1,inhibitor,inhibits
DB06439,NFKB2,inhibitor,inhibits
DB06439,RELA,inhibitor,inhibits
DB06439,REL,inhibitor,inhibits
DB06439,LPL,inhibitor,inhibits
DB06441,P2RY12,inhibitor,inhibits
DB06442,CES1,inhibitor,inhibits
DB06444,TNF,nan,other
DB06446,HTR2A,nan,other
DB06446,HTR1A,nan,other
DB06446,CACNA1A,nan,other
DB06446,HTR2C,nan,other
DB06447,TLR4,nan,other
DB06448,FNTA,inhibitor,inhibits
DB06448,FNTB,inhibitor,inhibits
DB06451,PRKCA,nan,other
DB06454,HTR1A,modulator,other
DB06454,DRD2,partial agonist,activates
DB06454,DRD3,ligand,other
DB06455,NTSR1,antagonist,inhibits
DB06457,HRH1,modulator,other
DB06457,KCNH2,nan,other
DB06460,EDNRA,modulator,other
DB06460,EDNRB,modulator,other
DB06461,VEGFC,modulator,other
DB06461,VEGFD,modulator,other
DB06461,FGF2,modulator,other
DB06461,PDGFA,inhibitor,inhibits
DB06461,VEGFA,modulator,other
DB06461,VEGFB,modulator,other
DB06468,SLC9A1,inhibitor,inhibits
DB06468,SLC9A3,inhibitor,inhibits
DB06469,FLT3,modulator,other
DB06470,GABRG3,modulator,other
DB06470,GABRA1,nan,other
DB06471,ADORA1,antagonist,inhibits
DB06472,ITGA2B,modulator,other
DB06472,ITGB3,modulator,other
DB06474,FAP,nan,other
DB06475,CD40LG,nan,other
DB06477,DRD2,agonist,activates
DB06477,DRD3,nan,other
DB06477,DRD4,nan,other
DB06479,PDE4A,nan,other
DB06480,HTR4,agonist,activates
DB06481,DHODH,nan,other
DB06483,ADRB1,nan,other
DB06483,ADRB2,nan,other
DB06483,ADRB3,nan,other
DB06484,ADORA1,antagonist,inhibits
DB06486,PRKCB,modulator,other
DB06486,PIK3CG,inhibitor,inhibits
DB06486,AKT1,inhibitor,inhibits
DB06486,AURKB,nan,other
DB06486,AURKA,nan,other
DB06486,CDK15,nan,other
DB06486,CHEK1,nan,other
DB06486,CHEK2,nan,other
DB06486,PIK3R1,nan,other
DB06490,TLR7,nan,other
DB06492,C3,nan,other
DB06494,GNRHR,inhibitor,inhibits
DB06495,TNF,nan,other
DB06497,CCR5,antagonist,inhibits
DB06503,CFB,nan,other
DB06504,TSPO,agonist,activates
DB06505,CCR1,nan,other
DB06506,HTR1A,antagonist,inhibits
DB06508,ITGA5,antagonist,inhibits
DB06510,PPARG,modulator,other
DB06510,PPARA,modulator,other
DB06511,TNFSF11,nan,other
DB06512,HTR2A,antagonist,inhibits
DB06512,HTR2C,inverse agonist,inhibits
DB06515,TRPV1,activator,activates
DB06518,MAPK14,inhibitor,inhibits
DB06519,PPARG,modulator,other
DB06521,PTPN1,inhibitor,inhibits
DB06521,IKBKB,nan,other
DB06521,PPARA,nan,other
DB06521,PPARG,nan,other
DB06525,ACHE,inhibitor,inhibits
DB06527,APP,antagonist,inhibits
DB06529,GABRG3,modulator,other
DB06530,TLR7,modulator,other
DB06530,TLR8,modulator,other
DB06533,PPARA,nan,other
DB06533,PPARG,nan,other
DB06534,MPL,nan,other
DB06536,PPARG,modulator,other
DB06536,PPARA,modulator,other
DB06538,HTR1A,antagonist,inhibits
DB06543,NFKBIA,nan,other
DB06544,DNMT1,nan,other
DB06546,CD14,nan,other
DB06548,FDPS,inhibitor,inhibits
DB06548,GGPS1,inhibitor,inhibits
DB06549,BDKRB2,agonist,activates
DB06550,CD44,nan,other
DB06552,F7,nan,other
DB06552,F3,nan,other
DB06552,F10,nan,other
DB06554,GABRD,modulator,other
DB06555,ADRA1A,inhibitor,inhibits
DB06555,ADRA1D,inhibitor,inhibits
DB06555,ADRA1B,inhibitor,inhibits
DB06558,EDNRA,nan,other
DB06558,EDNRB,nan,other
DB06560,IL4,nan,other
DB06578,HTR1D,agonist,activates
DB06579,GABRA1,partial agonist,activates
DB06579,GABRA3,modulator,other
DB06580,MGAM,modulator,other
DB06582,TSPO,agonist,activates
DB06584,MUC1,nan,other
DB06584,IL2,nan,other
DB06586,LIPG,modulator,other
DB06586,LIPF,modulator,other
DB06586,PNLIP,nan,other
DB06587,MLNR,agonist,activates
DB06589,FLT1,inhibitor,inhibits
DB06589,KDR,inhibitor,inhibits
DB06589,FLT4,inhibitor,inhibits
DB06589,PDGFRA,inhibitor,inhibits
DB06589,PDGFRB,inhibitor,inhibits
DB06589,KIT,inhibitor,inhibits
DB06589,FGFR3,inhibitor,inhibits
DB06589,ITK,inhibitor,inhibits
DB06589,FGF1,inhibitor,inhibits
DB06589,SH2B3,inhibitor,inhibits
DB06594,HTR2C,antagonist,inhibits
DB06594,MTNR1A,agonist,activates
DB06594,MTNR1B,agonist,activates
DB06595,PRKCG,inhibitor,inhibits
DB06595,PRKCA,antagonist,inhibits
DB06595,KDR,antagonist,inhibits
DB06595,PDGFRA,antagonist,inhibits
DB06595,PDGFRB,antagonist,inhibits
DB06595,FLT3,antagonist,inhibits
DB06595,KIT,antagonist,inhibits
DB06597,STS,inhibitor,inhibits
DB06599,TNFRSF10B,nan,other
DB06602,IL5,antagonist,inhibits
DB06603,HDAC1,inhibitor,inhibits
DB06604,MME,modulator,other
DB06604,ACE,modulator,other
DB06605,F10,inhibitor,inhibits
DB06606,CD3E,antibody,other
DB06607,FCGR2A,agonist,activates
DB06607,FCGR3A,agonist,activates
DB06607,FCGR3B,agonist,activates
DB06607,CD3E,agonist,activates
DB06607,FCGR1A,agonist,activates
DB06607,EPCAM,ligand,other
DB06609,F2,inhibitor,inhibits
DB06612,IL5,antagonist,inhibits
DB06616,ABL1,inhibitor,inhibits
DB06616,LYN,inhibitor,inhibits
DB06616,SRC,inhibitor,inhibits
DB06616,MAP2K1,inhibitor,inhibits
DB06616,MAP2K2,inhibitor,inhibits
DB06616,MAP3K2,inhibitor,inhibits
DB06616,CAMK2G,inhibitor,inhibits
DB06616,FGR,inhibitor,inhibits
DB06616,HCK,inhibitor,inhibits
DB06616,TEC,inhibitor,inhibits
DB06616,SLK,inhibitor,inhibits
DB06618,SIGMAR1,agonist,activates
DB06620,DRD2,agonist,activates
DB06622,HPGDS,stimulator,activates
DB06623,ADRA2A,nan,other
DB06624,CNR1,antagonist,inhibits
DB06625,ADORA2A,antagonist,inhibits
DB06626,ABL1,inhibitor,inhibits
DB06626,FLT1,inhibitor,inhibits
DB06626,KDR,inhibitor,inhibits
DB06626,FLT4,inhibitor,inhibits
DB06629,EDNRA,antagonist,inhibits
DB06630,CETP,inhibitor,inhibits
DB06634,TACR1,antagonist,inhibits
DB06634,CYP3A4,nan,other
DB06635,F10,inhibitor,inhibits
DB06637,KCNA1,antagonist,inhibits
DB06637,KCNA2,antagonist,inhibits
DB06637,KCNA3,antagonist,inhibits
DB06637,KCNA4,antagonist,inhibits
DB06637,KCNA5,antagonist,inhibits
DB06637,KCNA6,antagonist,inhibits
DB06637,KCNA7,antagonist,inhibits
DB06637,KCNA10,antagonist,inhibits
DB06637,KCNB1,antagonist,inhibits
DB06637,KCNB2,antagonist,inhibits
DB06637,KCNC1,antagonist,inhibits
DB06637,KCNC2,antagonist,inhibits
DB06637,KCNC3,antagonist,inhibits
DB06637,KCND1,antagonist,inhibits
DB06637,KCND2,antagonist,inhibits
DB06637,KCND3,antagonist,inhibits
DB06638,NCL,inhibitor,inhibits
DB06641,PIK3CG,modulator,other
DB06641,AKT1,nan,other
DB06641,MAPK1,nan,other
DB06641,PRKCA,nan,other
DB06642,VEGFA,nan,other
DB06643,TNFSF11,antibody,other
DB06645,GHSR,stimulator,activates
DB06645,GAA,modulator,other
DB06645,GANAB,modulator,other
DB06645,GANC,modulator,other
DB06649,CACNA1B,blocker,inhibits
DB06650,MS4A1,antibody,other
DB06651,HSPD1,modulator,other
DB06652,CCR5,antagonist,inhibits
DB06654,MAOB,antagonist,inhibits
DB06655,GLP1R,agonist,activates
DB06660,TACR2,antagonist,inhibits
DB06663,SSTR3,inhibitor,inhibits
DB06663,SSTR1,inhibitor,inhibits
DB06663,SSTR2,inhibitor,inhibits
DB06663,SSTR5,inhibitor,inhibits
DB06666,HDC,inhibitor,inhibits
DB06666,AVPR2,antagonist,inhibits
DB06670,CTSK,inhibitor,inhibits
DB06673,HCRTR1,antagonist,inhibits
DB06674,TNF,antibody,other
DB06677,EDNRA,antagonist,inhibits
DB06678,HRH1,inverse agonist,inhibits
DB06678,HTR2A,inverse agonist,inhibits
DB06678,ADRA2A,antagonist,inhibits
DB06680,PGR,modulator,other
DB06681,CD86,antagonist,inhibits
DB06681,CD80,antagonist,inhibits
DB06682,PTGS1,modulator,other
DB06682,PTGS2,modulator,other
DB06684,SLC6A4,inhibitor,inhibits
DB06684,HTR1A,agonist,activates
DB06685,RELB,modulator,other
DB06685,NFKB1,modulator,other
DB06685,NFKB2,modulator,other
DB06685,RELA,modulator,other
DB06685,REL,modulator,other
DB06685,CXCL2,modulator,other
DB06688,ACP3,other,other
DB06689,F12,activator,activates
DB06691,HRH1,antagonist,inhibits
DB06692,PRSS1,nan,other
DB06692,CTRB1,nan,other
DB06692,PLG,nan,other
DB06692,KLK1,nan,other
DB06693,HMGCR,inhibitor,inhibits
DB06694,ADRA2A,agonist,activates
DB06694,ADRA2B,agonist,activates
DB06694,ADRA1A,agonist,activates
DB06694,ADRA1B,agonist,activates
DB06694,ADRA1D,agonist,activates
DB06694,ADRA2C,agonist,activates
DB06695,F2,inhibitor,inhibits
DB06697,ATP1A1,binder,other
DB06698,HRH1,agonist,activates
DB06698,HRH3,antagonist,inhibits
DB06699,GNRHR,antagonist,inhibits
DB06700,SLC6A2,inhibitor,inhibits
DB06700,SLC6A4,inhibitor,inhibits
DB06700,SLC6A3,inhibitor,inhibits
DB06701,SLC6A3,inhibitor,inhibits
DB06701,SLC6A2,inhibitor,inhibits
DB06701,SLC6A4,inhibitor,inhibits
DB06702,CHRM3,antagonist,inhibits
DB06702,CHRM4,antagonist,inhibits
DB06702,CHRM1,antagonist,inhibits
DB06702,CHRM2,antagonist,inhibits
DB06702,CHRM5,antagonist,inhibits
DB06704,SLC6A2,modulator,other
DB06705,ALB,binder,other
DB06706,ADRA1A,agonist,activates
DB06706,SLC18A2,inhibitor,inhibits
DB06707,ADRA1D,inhibitor,inhibits
DB06707,ADRA1B,inhibitor,inhibits
DB06707,ADRA1A,inhibitor,inhibits
DB06707,ADRA2A,agonist,activates
DB06708,ATP1A1,binder,other
DB06709,CHRM3,agonist,activates
DB06709,CHRM2,agonist,activates
DB06709,CHRM1,agonist,activates
DB06709,CHRM4,agonist,activates
DB06709,CHRM5,agonist,activates
DB06710,AR,agonist,activates
DB06710,ESR1,nan,other
DB06711,DRD2,agonist,activates
DB06711,ADRA2A,agonist,activates
DB06711,ADRA1A,agonist,activates
DB06712,CACNA1C,inhibitor,inhibits
DB06712,CACNA2D1,inhibitor,inhibits
DB06712,CACNB2,inhibitor,inhibits
DB06712,CACNA1D,inhibitor,inhibits
DB06712,CACNA1S,inhibitor,inhibits
DB06712,CACNA2D3,inhibitor,inhibits
DB06712,CACNA1H,inhibitor,inhibits
DB06712,CACNA1I,inhibitor,inhibits
DB06712,CACNA1C,blocker,inhibits
DB06712,CACNA1G,inhibitor,inhibits
DB06713,PGR,agonist,activates
DB06713,ALB,nan,other
DB06713,AR,partial agonist,activates
DB06714,SLC18A2,antagonist,inhibits
DB06714,ADRA2C,modulator,other
DB06714,TAAR1,agonist,activates
DB06716,GABRB2,potentiator,activates
DB06716,GABRB3,potentiator,activates
DB06717,TACR1,antagonist,inhibits
DB06718,AR,agonist,activates
DB06719,LHCGR,nan,other
DB06719,GNRHR,nan,other
DB06720,GBA1,other,other
DB06721,TOP1,inhibitor,inhibits
DB06725,PTGS1,inhibitor,inhibits
DB06725,PTGS2,inhibitor,inhibits
DB06726,ADRB1,antagonist,inhibits
DB06728,KLK1,nan,other
DB06728,ALB,nan,other
DB06729,CYP2C9,modulator,other
DB06730,PGR,binder,other
DB06731,SLC6A2,inhibitor,inhibits
DB06731,SLC6A4,inhibitor,inhibits
DB06731,SLC6A3,inhibitor,inhibits
DB06732,ESR1,nan,other
DB06732,ESRRA,nan,other
DB06732,NR2F1,nan,other
DB06732,AHR,agonist,activates
DB06732,CYP1B1,nan,other
DB06733,ATP6V1A,inhibitor,inhibits
DB06734,ATP6V1A,inhibitor,inhibits
DB06735,ESR1,modulator,other
DB06736,PTGS2,inhibitor,inhibits
DB06736,PTGS1,inhibitor,inhibits
DB06738,OPRM1,agonist,activates
DB06738,OPRK1,agonist,activates
DB06738,OPRD1,agonist,activates
DB06738,GRIN1,antagonist,inhibits
DB06739,TBXA2R,antagonist,inhibits
DB06741,GLRA1,modulator,other
DB06741,GLRA2,modulator,other
DB06741,GLRA3,modulator,other
DB06741,GLRB,modulator,other
DB06741,GRIN1,antagonist,inhibits
DB06743,GLRA1,inhibitor,inhibits
DB06743,GLRA2,inhibitor,inhibits
DB06743,GLRA3,inhibitor,inhibits
DB06743,GLRB,inhibitor,inhibits
DB06749,SLCO1B3,inhibitor,inhibits
DB06750,SLCO1B3,nan,other
DB06751,PDE4A,inhibitor,inhibits
DB06751,CACNA1C,inhibitor,inhibits
DB06752,PRG2,degradation,inhibits
DB06754,SERPINC1,positive allosteric modulator,activates
DB06756,BHMT,substrate,other
DB06757,IDH3A,cofactor,other
DB06757,IDH3G,cofactor,other
DB06757,TAB1,nan,other
DB06757,ARG1,cofactor,other
DB06757,SOD2,cofactor,other
DB06757,GLUL,nan,other
DB06757,PCK2,cofactor,other
DB06757,PPP1CC,cofactor,other
DB06763,AGTR2,inhibitor,inhibits
DB06763,AGTR1,inhibitor,inhibits
DB06764,ADRA1A,agonist,activates
DB06764,ADRA2C,modulator,other
DB06764,ADRA2A,agonist,activates
DB06766,HRH1,antagonist,inhibits
DB06772,TUBB1,inhibitor,inhibits
DB06773,ACTN1,incorporation into and destabilization,other
DB06774,TRPV1,agonist,activates
DB06774,PHB2,nan,other
DB06775,CPS1,allosteric modulator,other
DB06777,NR1H4,agonist,activates
DB06777,NR1I2,nan,other
DB06777,GPBAR1,nan,other
DB06777,AKR1C2,substrate,other
DB06779,SERPINC1,potentiator,activates
DB06779,VEGFA,inhibitor,inhibits
DB06779,SELP,inhibitor,inhibits
DB06780,NR3C2,agonist,activates
DB06781,NR3C1,agonist,activates
DB06781,ANXA1,agonist,activates
DB06782,APP,nan,other
DB06785,GNRHR,antagonist,inhibits
DB06786,ESRRA,modulator,other
DB06786,ESRRB,modulator,other
DB06786,ESRRG,modulator,other
DB06786,SMO,agonist,activates
DB06787,CHRM3,antagonist,inhibits
DB06787,CHRM1,antagonist,inhibits
DB06787,CHRM2,antagonist,inhibits
DB06787,CHRM4,antagonist,inhibits
DB06788,GNRHR,agonist,activates
DB06789,PGR,agonist,activates
DB06791,SSTR2,agonist,activates
DB06791,SSTR5,agonist,activates
DB06793,OPRM1,modulator,other
DB06795,CA2,inhibitor,inhibits
DB06795,CA12,inhibitor,inhibits
DB06795,CA14,inhibitor,inhibits
DB06795,CA4,inhibitor,inhibits
DB06795,CA6,antagonist,inhibits
DB06797,GABRG3,modulator,other
DB06800,OPRM1,antagonist,inhibits
DB06800,MC4R,agonist,activates
DB06800,OPRK1,antagonist,inhibits
DB06802,PTGS1,inhibitor,inhibits
DB06802,PTGS2,inhibitor,inhibits
DB06808,DRD2,modulator,other
DB06809,CXCR4,antagonist,inhibits
DB06813,DHFR,substrate,other
DB06813,PDF,inhibitor,inhibits
DB06813,FPGS,substrate,other
DB06813,TYMS,substrate,other
DB06814,ADRB2,agonist,activates
DB06814,ADRB1,modulator,other
DB06815,KCNQ1,activator,activates
DB06819,HDAC1,inhibitor,inhibits
DB06819,PRKCA,modulator,other
DB06822,SERPINC1,potentiator,activates
DB06822,ITGA4,inhibitor,inhibits
DB06822,CXCL12,binder,other
DB06824,CA14,inhibitor,inhibits
DB06825,GNRHR,agonist,activates
DB06828,LTA4H,inhibitor,inhibits
DB06829,PTPN1,nan,other
DB06830,FDPS,inhibitor,inhibits
DB06830,GGPS1,nan,other
DB06831,PIK3CG,nan,other
DB06831,PIK3CD,nan,other
DB06832,ESR2,agonist,activates
DB06832,NCOA1,nan,other
DB06833,ESRRA,antagonist,inhibits
DB06834,SYK,nan,other
DB06835,CPB1,nan,other
DB06836,PI4KB,inhibitor,inhibits
DB06836,PIK3CG,nan,other
DB06836,PIK3C3,nan,other
DB06837,ADAMTS5,nan,other
DB06838,F2,inhibitor,inhibits
DB06840,PRSS1,nan,other
DB06841,F2,nan,other
DB06842,PDE4A,nan,other
DB06842,PDE4D,nan,other
DB06843,GNAS,nan,other
DB06843,ADCY2,nan,other
DB06843,ADCY5,nan,other
DB06844,CCNA2,nan,other
DB06844,CDK2,nan,other
DB06845,PRSS1,nan,other
DB06845,F2,nan,other
DB06848,TPSAB1,nan,other
DB06849,TPSAB1,nan,other
DB06850,PRSS1,nan,other
DB06850,F2,nan,other
DB06851,LTA4H,inhibitor,inhibits
DB06852,CHEK1,nan,other
DB06853,PRSS1,nan,other
DB06853,F2,nan,other
DB06855,PLAU,nan,other
DB06855,PRSS1,nan,other
DB06856,PLAU,nan,other
DB06857,PLAU,nan,other
DB06858,F2,nan,other
DB06858,PRSS1,nan,other
DB06859,F2,nan,other
DB06861,F2,inhibitor,inhibits
DB06862,CASP3,nan,other
DB06865,F2,nan,other
DB06866,F2,nan,other
DB06867,PIN1,inhibitor,inhibits
DB06868,F2,nan,other
DB06869,F2,nan,other
DB06870,AR,nan,other
DB06871,ESR1,inhibitor,inhibits
DB06871,NCOA2,nan,other
DB06875,ESR2,agonist,activates
DB06875,NCOA1,nan,other
DB06876,CHEK1,nan,other
DB06877,MAPK1,nan,other
DB06878,F2,nan,other
DB06879,NOS2,nan,other
DB06880,DPP4,nan,other
DB06882,SRC,nan,other
DB06882,MAPK14,nan,other
DB06883,SRC,nan,other
DB06884,ESRRG,nan,other
DB06884,NRIP1,nan,other
DB06887,PTPN1,nan,other
DB06888,CDK2,nan,other
DB06891,CA2,nan,other
DB06892,MAP2K1,nan,other
DB06894,FAAH,nan,other
DB06896,MET,nan,other
DB06897,PLK1,nan,other
DB06898,ESR1,nan,other
DB06898,NCOA2,nan,other
DB06899,REN,nan,other
DB06900,PRSS8,nan,other
DB06901,CELA2A,nan,other
DB06902,ESRRG,nan,other
DB06905,PPP2R5C,nan,other
DB06905,PPP2CA,nan,other
DB06905,PPP2R1A,nan,other
DB06908,NCOA1,nan,other
DB06908,PPARG,nan,other
DB06909,PDE4B,nan,other
DB06911,F2,inhibitor,inhibits
DB06912,LYZ,nan,other
DB06914,HMOX1,nan,other
DB06916,NOS2,nan,other
DB06917,LTA4H,inhibitor,inhibits
DB06918,PRSS1,nan,other
DB06919,F2,inhibitor,inhibits
DB06920,F10,inhibitor,inhibits
DB06921,CPB1,nan,other
DB06923,PRSS1,nan,other
DB06924,CPA1,nan,other
DB06925,LCK,nan,other
DB06926,PPARG,inhibitor,inhibits
DB06927,ESR2,nan,other
DB06927,NCOA1,nan,other
DB06927,ESR1,nan,other
DB06928,FOLH1,nan,other
DB06929,F2,nan,other
DB06930,BACE1,nan,other
DB06931,GGPS1,nan,other
DB06932,PDPK1,nan,other
DB06933,MAPK10,nan,other
DB06936,F2,nan,other
DB06937,ESR2,nan,other
DB06938,KDR,nan,other
DB06939,DPP4,nan,other
DB06940,MAPK14,nan,other
DB06941,S100B,nan,other
DB06942,F2,nan,other
DB06943,ADAM17,nan,other
DB06944,CCNA2,nan,other
DB06944,CDK2,nan,other
DB06945,ADAMTS5,nan,other
DB06947,F2,nan,other
DB06948,CDK2,inhibitor,inhibits
DB06948,CCNA2,nan,other
DB06951,CELA1,nan,other
DB06953,FNTA,nan,other
DB06953,FNTB,nan,other
DB06954,CA2,nan,other
DB06956,HSP90AA1,nan,other
DB06957,HSP90AA1,nan,other
DB06958,HSP90AA1,nan,other
DB06959,PRKACA,nan,other
DB06959,PKIA,nan,other
DB06961,HSP90AA1,nan,other
DB06962,TPSB2,nan,other
DB06963,PLK1,nan,other
DB06964,HSP90AA1,nan,other
DB06967,REN,nan,other
DB06969,HSP90AA1,nan,other
DB06971,MMP8,nan,other
DB06972,ITGAL,nan,other
DB06973,AR,antagonist,inhibits
DB06973,ESR2,agonist,activates
DB06973,ESRRG,nan,other
DB06976,CDK2,nan,other
DB06977,PRKACA,nan,other
DB06979,HAO1,nan,other
DB06980,SKP1,nan,other
DB06981,SKP1,nan,other
DB06982,SKP1,nan,other
DB06983,CDK2,nan,other
DB06984,MAN2A1,nan,other
DB06986,PYGM,nan,other
DB06987,LTF,nan,other
DB06987,PLA2G2E,nan,other
DB06989,PTPRB,nan,other
DB06990,UNG,nan,other
DB06991,MAPK14,nan,other
DB06992,HSD11B1,nan,other
DB06993,DPP4,nan,other
DB06994,DPP4,nan,other
DB06995,MET,nan,other
DB06996,F2,inhibitor,inhibits
DB06997,MET,nan,other
DB06999,KDR,inhibitor,inhibits
DB06999,BRAF,inhibitor,inhibits
DB07000,BRAF,nan,other
DB07001,NOS3,nan,other
DB07002,NOS2,inhibitor,inhibits
DB07002,NOS1,inhibitor,inhibits
DB07003,NOS2,nan,other
DB07004,S100B,nan,other
DB07005,F2,nan,other
DB07006,WEE1,nan,other
DB07007,NOS2,nan,other
DB07008,NOS2,nan,other
DB07009,NCOA1,nan,other
DB07009,ESR2,nan,other
DB07010,MAPK1,nan,other
DB07010,MAPK10,nan,other
DB07011,NOS2,nan,other
DB07013,MMP13,nan,other
DB07014,GSK3B,nan,other
DB07015,DPP4,nan,other
DB07016,F2,nan,other
DB07017,HSD11B1,nan,other
DB07019,BACE1,nan,other
DB07020,MAPK9,nan,other
DB07021,DPP4,nan,other
DB07022,F11,nan,other
DB07023,F11,nan,other
DB07024,CDK2,nan,other
DB07025,CHEK1,nan,other
DB07026,MMP12,nan,other
DB07027,F2,inhibitor,inhibits
DB07028,AKR1B1,nan,other
DB07029,NOS2,nan,other
DB07030,AKR1B1,nan,other
DB07031,RARG,agonist,activates
DB07032,ESR2,inhibitor,inhibits
DB07032,ESR1,inhibitor,inhibits
DB07033,PDPK1,nan,other
DB07034,CHEK1,nan,other
DB07036,ESR2,nan,other
DB07037,CHEK1,nan,other
DB07038,CHEK1,inhibitor,inhibits
DB07039,AR,nan,other
DB07045,BAG1,nan,other
DB07045,HSPA8,nan,other
DB07046,MAP2K1,nan,other
DB07048,CA2,nan,other
DB07049,HSD11B1,nan,other
DB07050,CA14,inhibitor,inhibits
DB07050,CA4,inhibitor,inhibits
DB07050,CA1,inhibitor,inhibits
DB07050,CA6,inhibitor,inhibits
DB07050,CA9,inhibitor,inhibits
DB07050,CA12,inhibitor,inhibits
DB07050,CA2,inhibitor,inhibits
DB07051,PDE4D,nan,other
DB07053,PPARG,nan,other
DB07054,CDK2,nan,other
DB07056,HSD11B1,nan,other
DB07058,GSK3B,nan,other
DB07059,REN,nan,other
DB07060,HAO1,nan,other
DB07061,NMT2,nan,other
DB07063,AKR1B1,inhibitor,inhibits
DB07064,KIF11,nan,other
DB07065,CDK2,nan,other
DB07066,PYGM,nan,other
DB07067,DPP4,nan,other
DB07068,PTPRB,nan,other
DB07069,KYNU,nan,other
DB07070,PPARD,nan,other
DB07071,F11,nan,other
DB07072,DPP4,nan,other
DB07073,PIK3CG,nan,other
DB07074,F11,nan,other
DB07075,CHEK1,nan,other
DB07076,PLAU,nan,other
DB07077,F11,nan,other
DB07078,CHEK1,inhibitor,inhibits
DB07079,ADAM17,nan,other
DB07080,NR1H2,nan,other
DB07080,NCOA2,nan,other
DB07080,RXRB,nan,other
DB07080,NR1H3,nan,other
DB07080,NCOA1,nan,other
DB07080,NR1I2,nan,other
DB07081,DPP4,nan,other
DB07082,NR1H2,nan,other
DB07083,F2,inhibitor,inhibits
DB07086,NCOA2,nan,other
DB07086,ESR1,nan,other
DB07087,ESR1,nan,other
DB07087,NCOA2,nan,other
DB07088,PRSS1,nan,other
DB07088,F2,nan,other
DB07089,BACE1,nan,other
DB07091,PRSS1,nan,other
DB07091,F2,nan,other
DB07092,DPP4,nan,other
DB07093,AKR1B1,nan,other
DB07094,LTA4H,inhibitor,inhibits
DB07095,PRSS1,nan,other
DB07095,F2,nan,other
DB07096,PARP1,inhibitor,inhibits
DB07099,LTA4H,inhibitor,inhibits
DB07100,HSP90AA1,nan,other
DB07101,MAP2K1,nan,other
DB07102,LTA4H,inhibitor,inhibits
DB07104,LTA4H,inhibitor,inhibits
DB07105,F2,nan,other
DB07106,HNMT,inhibitor,inhibits
DB07107,PRKACA,nan,other
DB07107,PKIA,nan,other
DB07108,BCL2L1,inhibitor,inhibits
DB07110,BACE1,nan,other
DB07111,PPARG,nan,other
DB07112,EGLN1,nan,other
DB07113,REN,nan,other
DB07115,CA13,nan,other
DB07116,UNG,nan,other
DB07117,MMP9,nan,other
DB07119,ESR1,inhibitor,inhibits
DB07119,ESR2,inhibitor,inhibits
DB07119,NCOA1,nan,other
DB07120,F2,nan,other
DB07121,ADAM17,nan,other
DB07122,PLAU,inhibitor,inhibits
DB07124,PRKACA,nan,other
DB07125,DAPK3,nan,other
DB07126,CHEK1,inhibitor,inhibits
DB07126,GSK3B,inhibitor,inhibits
DB07126,CDK4,inhibitor,inhibits
DB07126,CDK2,inhibitor,inhibits
DB07126,CCNA2,nan,other
DB07127,PTPRB,nan,other
DB07128,F2,nan,other
DB07129,PLAU,inhibitor,inhibits
DB07130,PTPN1,nan,other
DB07131,PRSS1,nan,other
DB07131,F2,nan,other
DB07132,PDPK1,nan,other
DB07133,F2,inhibitor,inhibits
DB07134,PTPN1,nan,other
DB07135,DPP4,nan,other
DB07136,CPB1,nan,other
DB07137,CCNA2,nan,other
DB07137,CDK2,nan,other
DB07138,MAPK11,inhibitor,inhibits
DB07138,MAPK12,inhibitor,inhibits
DB07138,MAPK14,inhibitor,inhibits
DB07139,AKR1B1,inhibitor,inhibits
DB07140,DHFR,nan,other
DB07141,DHFR,nan,other
DB07142,DHFR,nan,other
DB07143,F2,inhibitor,inhibits
DB07144,DHFR,nan,other
DB07145,ADAM33,inhibitor,inhibits
DB07145,MMP14,inhibitor,inhibits
DB07145,MMP9,inhibitor,inhibits
DB07145,MMP2,inhibitor,inhibits
DB07145,MMP3,inhibitor,inhibits
DB07145,MMP8,inhibitor,inhibits
DB07145,TNF,inhibitor,inhibits
DB07145,MMP7,inhibitor,inhibits
DB07145,MMP13,inhibitor,inhibits
DB07145,ADAM17,inhibitor,inhibits
DB07146,LCK,nan,other
DB07147,ADAM17,nan,other
DB07148,PREP,nan,other
DB07149,CDK1,inhibitor,inhibits
DB07149,CDC7,inhibitor,inhibits
DB07149,CDK2,inhibitor,inhibits
DB07149,CDK9,inhibitor,inhibits
DB07149,GSK3B,inhibitor,inhibits
DB07150,ESR2,inhibitor,inhibits
DB07150,NCOA1,nan,other
DB07151,PIM1,nan,other
DB07152,TGFBR1,nan,other
DB07154,DPP4,nan,other
DB07156,IGF1R,nan,other
DB07157,CPB1,nan,other
DB07158,CHEK1,nan,other
DB07159,SYK,inhibitor,inhibits
DB07159,RET,inhibitor,inhibits
DB07160,CTSB,nan,other
DB07161,JAK2,inhibitor,inhibits
DB07162,JAK2,nan,other
DB07163,CDK2,nan,other
DB07164,CCNA2,nan,other
DB07164,CDK2,nan,other
DB07165,F2,nan,other
DB07167,CSF1R,nan,other
DB07168,CAMK2B,nan,other
DB07171,ECE1,nan,other
DB07172,PPARG,nan,other
DB07173,ADK,inhibitor,inhibits
DB07174,REN,nan,other
DB07175,BACE1,nan,other
DB07177,PTGR1,nan,other
DB07177,PTGR2,nan,other
DB07179,CDK2,nan,other
DB07180,NEK2,nan,other
DB07181,DPP4,nan,other
DB07182,CPB1,nan,other
DB07183,KDR,nan,other
DB07186,AURKA,nan,other
DB07186,PLK1,nan,other
DB07187,AKR1B1,inhibitor,inhibits
DB07189,ADAM17,nan,other
DB07190,F2,nan,other
DB07193,DPP4,nan,other
DB07194,SYK,nan,other
DB07195,ESR1,nan,other
DB07195,NCOA2,nan,other
DB07196,LTA4H,inhibitor,inhibits
DB07197,PTPN1,nan,other
DB07198,ESR2,nan,other
DB07198,NCOA1,nan,other
DB07202,CSF1R,nan,other
DB07203,CDK2,inhibitor,inhibits
DB07203,CCNA2,nan,other
DB07204,PKIA,nan,other
DB07204,PRKACA,nan,other
DB07205,YARS1,nan,other
DB07206,BACE1,nan,other
DB07207,F7,nan,other
DB07207,F3,nan,other
DB07208,PPARG,nan,other
DB07209,PPARG,nan,other
DB07210,CDK2,nan,other
DB07211,F2,nan,other
DB07211,F10,nan,other
DB07212,F11,nan,other
DB07213,CHEK1,nan,other
DB07215,NCOA1,nan,other
DB07215,PPARA,nan,other
DB07216,FNTA,nan,other
DB07216,FNTB,nan,other
DB07217,MAPK10,nan,other
DB07218,MAPK8IP1,nan,other
DB07218,MAPK8,nan,other
DB07219,CTSB,nan,other
DB07220,CDK2,nan,other
DB07221,GGPS1,nan,other
DB07223,CTSB,nan,other
DB07224,CTSB,nan,other
DB07225,CTSB,nan,other
DB07226,WEE1,nan,other
DB07227,FNTA,modulator,other
DB07227,FNTB,modulator,other
DB07227,PGGT1B,modulator,other
DB07228,CHEK1,nan,other
DB07229,PRSS1,nan,other
DB07230,ESR2,nan,other
DB07230,NCOA1,nan,other
DB07231,CTSB,nan,other
DB07232,PARP1,nan,other
DB07232,PARP2,nan,other
DB07233,ADAM17,nan,other
DB07234,MAPKAPK2,nan,other
DB07235,PRKACA,nan,other
DB07236,ESR2,nan,other
DB07236,NCOA1,nan,other
DB07237,LTA4H,nan,other
DB07239,DPP4,nan,other
DB07242,DAPK3,nan,other
DB07242,PIM1,nan,other
DB07243,CHEK1,nan,other
DB07244,NOS3,nan,other
DB07244,REN,nan,other
DB07245,BACE1,nan,other
DB07246,MMP9,nan,other
DB07247,F7,nan,other
DB07247,F3,nan,other
DB07248,PTK2,nan,other
DB07249,EPHB4,nan,other
DB07250,EPHB4,nan,other
DB07251,EPHB4,nan,other
DB07252,EPHB4,nan,other
DB07253,EPHB4,nan,other
DB07254,EPHB4,nan,other
DB07255,EPHB4,nan,other
DB07256,EPHB4,nan,other
DB07257,WEE1,nan,other
DB07258,LTA4H,nan,other
DB07259,LTA4H,inhibitor,inhibits
DB07260,LTA4H,inhibitor,inhibits
DB07261,F10,nan,other
DB07263,PTPN1,nan,other
DB07264,MAPK1,nan,other
DB07265,WEE1,nan,other
DB07266,AURKA,nan,other
DB07267,TGFBR1,nan,other
DB07268,MAPK8,nan,other
DB07269,CPB1,nan,other
DB07270,FBP1,nan,other
DB07271,DPP4,nan,other
DB07272,MAPK8IP1,nan,other
DB07272,MAPK8,nan,other
DB07274,KDR,nan,other
DB07276,MAPK8IP1,nan,other
DB07276,MAPK8,nan,other
DB07277,F2,nan,other
DB07277,F10,nan,other
DB07278,F10,inhibitor,inhibits
DB07278,F2,nan,other
DB07279,F2,nan,other
DB07280,ADK,nan,other
DB07281,BACE1,nan,other
DB07284,BACE1,nan,other
DB07285,MMP9,nan,other
DB07286,AR,inhibitor,inhibits
DB07288,KDR,inhibitor,inhibits
DB07288,FLT1,nan,other
DB07289,PTPN1,nan,other
DB07292,FBP1,inhibitor,inhibits
DB07292,FBP2,inhibitor,inhibits
DB07292,LTA4H,inhibitor,inhibits
DB07294,RARG,nan,other
DB07295,PTPN1,nan,other
DB07297,LCK,nan,other
DB07298,PTPN1,nan,other
DB07299,F11,nan,other
DB07300,PDPK1,nan,other
DB07302,PPARG,inhibitor,inhibits
DB07303,BACE1,nan,other
DB07306,NOS2,nan,other
DB07307,MAPK14,nan,other
DB07309,METAP2,inhibitor,inhibits
DB07310,HSD11B1,nan,other
DB07311,CHEK1,nan,other
DB07312,FBP1,nan,other
DB07313,METAP2,inhibitor,inhibits
DB07314,CHEK1,nan,other
DB07315,PYGL,nan,other
DB07316,HSD11B1,nan,other
DB07317,HSP90AA1,nan,other
DB07318,NOS2,nan,other
DB07319,HSP90AA1,inhibitor,inhibits
DB07320,CHEK1,nan,other
DB07321,FBP1,nan,other
DB07322,METAP2,nan,other
DB07323,METAP2,nan,other
DB07324,HSP90AA1,nan,other
DB07325,HSP90AA1,nan,other
DB07326,KDR,nan,other
DB07328,DPP4,nan,other
DB07329,IGHG2,nan,other
DB07330,PARP1,inhibitor,inhibits
DB07333,KDR,nan,other
DB07334,KDR,nan,other
DB07335,PIK3CG,nan,other
DB07335,SRC,nan,other
DB07336,CHEK1,nan,other
DB07339,NQO2,nan,other
DB07340,ADORA3,inhibitor,inhibits
DB07340,MAP2K1,inhibitor,inhibits
DB07340,AURKB,nan,other
DB07340,INCENP,nan,other
DB07341,ABO,nan,other
DB07342,HMOX1,inhibitor,inhibits
DB07344,MCAT,nan,other
DB07345,BACE1,nan,other
DB07346,BACE1,nan,other
DB07347,GAPDH,nan,other
DB07347,ATP6V1B2,nan,other
DB07348,CYTH2,nan,other
DB07348,ARF1,nan,other
DB07350,HDAC8,nan,other
DB07351,CPA1,nan,other
DB07352,CSNK2A1,inhibitor,inhibits
DB07352,AKR1B1,inhibitor,inhibits
DB07352,CYP1B1,inhibitor,inhibits
DB07352,CYP19A1,inhibitor,inhibits
DB07352,AR,inhibitor,inhibits
DB07352,CDK6,inhibitor,inhibits
DB07352,HSD17B1,inhibitor,inhibits
DB07353,F2,inhibitor,inhibits
DB07354,TOP1,nan,other
DB07356,DPP4,nan,other
DB07357,ABO,nan,other
DB07358,GCK,nan,other
DB07359,GCK,nan,other
DB07360,AURKA,nan,other
DB07362,AURKA,nan,other
DB07363,CA2,nan,other
DB07364,CDK5,nan,other
DB07364,CDK5R1,nan,other
DB07366,F2,nan,other
DB07368,PRSS1,nan,other
DB07369,MET,nan,other
DB07371,IGHG1,nan,other
DB07373,CYP19A1,inhibitor,inhibits
DB07374,RPL10L,nan,other
DB07374,RPL13A,nan,other
DB07374,RPL23,nan,other
DB07374,RPL15,nan,other
DB07374,RPL19,nan,other
DB07374,RPL23A,nan,other
DB07374,RSL24D1,nan,other
DB07374,RPL26L1,nan,other
DB07374,RPL8,nan,other
DB07374,RPL37,nan,other
DB07374,RPL3,nan,other
DB07374,RPL11,nan,other
DB07374,SNU13,nan,other
DB07375,IGHG2,nan,other
DB07375,IGHG1,nan,other
DB07375,IGKC,nan,other
DB07375,IGKV2-30,nan,other
DB07376,F2,nan,other
DB07376,F7,nan,other
DB07377,METAP2,inhibitor,inhibits
DB07378,ABO,nan,other
DB07379,CDK6,nan,other
DB07380,CTRB1,nan,other
DB07382,ERN1,inhibitor,inhibits
DB07383,CTRB1,nan,other
DB07384,ATP5F1A,nan,other
DB07384,ATP5F1B,nan,other
DB07384,ATP5F1C,nan,other
DB07385,NQO1,nan,other
DB07387,TPI1,nan,other
DB07388,NOS2,nan,other
DB07388,NOS3,nan,other
DB07389,NOS2,nan,other
DB07390,MMP2,inhibitor,inhibits
DB07390,MMP3,inhibitor,inhibits
DB07393,GSR,nan,other
DB07394,ATP5F1A,nan,other
DB07394,ATP5F1B,nan,other
DB07394,ATP5F1C,nan,other
DB07395,PYGL,nan,other
DB07396,PYGL,nan,other
DB07397,MMP8,nan,other
DB07400,F2,nan,other
DB07401,CYC1,nan,other
DB07401,MT-CYB,nan,other
DB07401,UQCRC1,nan,other
DB07401,UQCRC2,nan,other
DB07401,UQCRH,nan,other
DB07401,UQCRQ,nan,other
DB07401,UQCRFS1,nan,other
DB07401,UQCR11,nan,other
DB07401,UQCRB,nan,other
DB07401,UQCR10,nan,other
DB07403,PDK1,nan,other
DB07404,FDPS,inhibitor,inhibits
DB07405,NOS1,inhibitor,inhibits
DB07405,NOS2,inhibitor,inhibits
DB07406,MAPKAPK2,nan,other
DB07409,FDPS,inhibitor,inhibits
DB07410,FDPS,inhibitor,inhibits
DB07410,GGPS1,nan,other
DB07412,DPP4,inhibitor,inhibits
DB07415,BACE1,nan,other
DB07416,IGKC,nan,other
DB07419,AR,nan,other
DB07421,AR,nan,other
DB07422,AR,nan,other
DB07423,AR,agonist,activates
DB07425,CHRM1,agonist,activates
DB07425,nan,nan,other
DB07425,THRB,nan,other
DB07426,FDPS,inhibitor,inhibits
DB07427,HBA1,inhibitor,inhibits
DB07427,HBB,nan,other
DB07428,HBA1,inhibitor,inhibits
DB07428,HBB,nan,other
DB07430,MAPKAPK2,inhibitor,inhibits
DB07431,MAPKAPK2,nan,other
DB07431,CDK2,nan,other
DB07433,CELA1,nan,other
DB07435,POLK,nan,other
DB07437,UPP1,nan,other
DB07440,F2,inhibitor,inhibits
DB07441,IGHG1,nan,other
DB07441,IGKC,nan,other
DB07443,DHODH,nan,other
DB07444,DAPK1,nan,other
DB07446,MMP12,inhibitor,inhibits
DB07447,AKR1D1,nan,other
DB07448,LAP3,nan,other
DB07449,PADI4,nan,other
DB07450,AKR1B1,nan,other
DB07453,PRKDC,inhibitor,inhibits
DB07453,CYP19A1,inhibitor,inhibits
DB07453,CYP1A2,nan,other
DB07454,AR,nan,other
DB07455,GRIA2,nan,other
DB07456,PDPK1,nan,other
DB07457,PDPK1,nan,other
DB07458,PRKACA,nan,other
DB07459,MAPK14,inhibitor,inhibits
DB07460,PTK2,nan,other
DB07461,F2,nan,other
DB07462,COMT,inhibitor,inhibits
DB07465,DPP4,nan,other
DB07467,CA2,nan,other
DB07468,MYH14,nan,other
DB07469,MYH14,nan,other
DB07470,MYH14,nan,other
DB07471,CCNA2,nan,other
DB07471,CDK2,nan,other
DB07474,IGF1R,nan,other
DB07476,CA1,inhibitor,inhibits
DB07476,CA9,inhibitor,inhibits
DB07476,CA2,inhibitor,inhibits
DB07477,PTGS1,modulator,other
DB07477,PTGS2,modulator,other
DB07477,CTSL,nan,other
DB07479,POLB,nan,other
DB07480,PTPN1,nan,other
DB07482,DPP4,nan,other
DB07484,CPA1,nan,other
DB07485,ESRRG,nan,other
DB07486,ITGAL,nan,other
DB07488,CSNK1G3,nan,other
DB07489,CSNK1G3,nan,other
DB07491,PRSS1,nan,other
DB07493,CDK2,nan,other
DB07494,CHRFAM7A,nan,other
DB07495,HSP90AA1,nan,other
DB07496,EPHX2,inhibitor,inhibits
DB07497,PC,nan,other
DB07498,AKR1B1,nan,other
DB07500,PLA2G2E,nan,other
DB07501,CDK2,nan,other
DB07502,HSP90AA1,nan,other
DB07503,PIK3CG,inhibitor,inhibits
DB07504,CDK2,nan,other
DB07506,CPA1,nan,other
DB07506,SCPEP1,nan,other
DB07508,F2,nan,other
DB07509,PPARG,nan,other
DB07512,MAOA,inhibitor,inhibits
DB07512,MAOB,inhibitor,inhibits
DB07513,MAOB,nan,other
DB07514,KDR,nan,other
DB07515,F2,nan,other
DB07519,BACE1,nan,other
DB07520,CTSS,nan,other
DB07521,F2,nan,other
DB07522,F2,nan,other
DB07524,PIM1,nan,other
DB07525,FGFR1,inhibitor,inhibits
DB07527,F2,nan,other
DB07528,KDR,nan,other
DB07529,CDK2,nan,other
DB07530,NCOA1,nan,other
DB07530,VDR,nan,other
DB07531,CDK2,nan,other
DB07533,CCNA2,nan,other
DB07533,CDK2,nan,other
DB07534,CCNA2,nan,other
DB07534,CDK2,nan,other
DB07535,BACE1,nan,other
DB07537,KDR,nan,other
DB07538,CCNA2,nan,other
DB07538,CDK2,nan,other
DB07539,CCNA2,nan,other
DB07539,CDK2,nan,other
DB07540,CDK2,nan,other
DB07542,CTSD,nan,other
DB07543,ADRB2,nan,other
DB07544,BCAT1,nan,other
DB07545,AURKC,inhibitor,inhibits
DB07545,AURKA,nan,other
DB07546,CSNK2A2,nan,other
DB07548,F2,nan,other
DB07549,F2,nan,other
DB07550,F2,nan,other
DB07553,HDAC8,inhibitor,inhibits
DB07553,HDAC4,inhibitor,inhibits
DB07553,HDAC1,inhibitor,inhibits
DB07553,HDAC6,inhibitor,inhibits
DB07553,HDAC2,inhibitor,inhibits
DB07553,HDAC10,inhibitor,inhibits
DB07555,ACHE,nan,other
DB07556,MMP8,inhibitor,inhibits
DB07556,ADAMTS4,inhibitor,inhibits
DB07556,MMP2,inhibitor,inhibits
DB07556,MMP14,inhibitor,inhibits
DB07556,CA2,inhibitor,inhibits
DB07556,MMP13,inhibitor,inhibits
DB07556,MMP3,inhibitor,inhibits
DB07556,CA9,inhibitor,inhibits
DB07556,MMP9,inhibitor,inhibits
DB07556,MMP7,inhibitor,inhibits
DB07556,MMP1,inhibitor,inhibits
DB07556,MMP12,nan,other
DB07557,RXRA,inhibitor,inhibits
DB07557,NR1I3,inhibitor,inhibits
DB07557,NCOA1,nan,other
DB07557,AKR1D1,nan,other
DB07558,PSMA7,nan,other
DB07559,DHODH,nan,other
DB07561,DHODH,nan,other
DB07562,CDK2,nan,other
DB07562,CCNA2,nan,other
DB07563,CTSK,nan,other
DB07567,ESR1,nan,other
DB07573,BACE1,nan,other
DB07574,STMN4,nan,other
DB07574,TUBB2B,nan,other
DB07574,TUBA1A,nan,other
DB07574,TUBA1C,nan,other
DB07574,TUBA1B,nan,other
DB07577,TYMS,nan,other
DB07579,APCS,nan,other
DB07580,APCS,nan,other
DB07583,PRKACA,nan,other
DB07583,PKIA,nan,other
DB07584,AKT1,nan,other
DB07584,GSK3B,nan,other
DB07585,AKT1,nan,other
DB07585,GSK3B,nan,other
DB07586,HDAC8,nan,other
DB07587,CTSS,nan,other
DB07589,CTSS,nan,other
DB07592,CTSK,nan,other
DB07593,CTSL,inhibitor,inhibits
DB07593,CTSK,inhibitor,inhibits
DB07594,HSP90AA1,inhibitor,inhibits
DB07594,HSP90AB1,nan,other
DB07595,CDK2,nan,other
DB07596,CA2,nan,other
DB07597,PNMT,nan,other
DB07598,GRIA2,nan,other
DB07601,HSP90AA1,nan,other
DB07602,EGFR,nan,other
DB07604,ATP2A1,nan,other
DB07605,F10,nan,other
DB07606,CDK2,nan,other
DB07607,MAPK14,nan,other
DB07608,DYRK1A,nan,other
DB07609,CYP2A6,nan,other
DB07612,CDK2,nan,other
DB07613,HPGDS,nan,other
DB07614,HPGDS,nan,other
DB07615,STS,inhibitor,inhibits
DB07615,HRH1,antagonist,inhibits
DB07615,HPGDS,inhibitor,inhibits
DB07616,HPGDS,nan,other
DB07617,CYP2A6,nan,other
DB07618,CDK2,nan,other
DB07619,HSD11B1,nan,other
DB07621,CYP2D6,inhibitor,inhibits
DB07621,CYP2A6,nan,other
DB07622,CDK2,nan,other
DB07623,CYP2A6,nan,other
DB07624,HSD11B1,nan,other
DB07625,PLAU,nan,other
DB07626,PLAU,nan,other
DB07627,CAPN1,nan,other
DB07628,PKM,nan,other
DB07629,F10,nan,other
DB07630,F10,nan,other
DB07632,CA2,nan,other
DB07633,ABO,nan,other
DB07636,MT-CYB,nan,other
DB07636,UQCRFS1,nan,other
DB07636,CYC1,nan,other
DB07636,UQCRB,nan,other
DB07636,UQCR10,nan,other
DB07637,EPOR,inhibitor,inhibits
DB07638,ESR1,nan,other
DB07638,ESR2,nan,other
DB07639,F2,nan,other
DB07641,MAOA,inhibitor,inhibits
DB07642,DCPS,nan,other
DB07643,DCPS,nan,other
DB07644,DCPS,nan,other
DB07645,HBA1,inhibitor,inhibits
DB07645,HBB,nan,other
DB07646,DHODH,nan,other
DB07647,CHEK1,nan,other
DB07648,CHEK1,nan,other
DB07651,PTPN1,nan,other
DB07652,POLK,nan,other
DB07653,CHEK1,inhibitor,inhibits
DB07654,CHEK1,nan,other
DB07655,CHEK1,nan,other
DB07657,PLA2G1B,nan,other
DB07658,F2,inhibitor,inhibits
DB07659,F2,inhibitor,inhibits
DB07660,F2,inhibitor,inhibits
DB07662,EGFR,inhibitor,inhibits
DB07662,ERBB2,inhibitor,inhibits
DB07662,SRC,nan,other
DB07664,FLT1,inhibitor,inhibits
DB07664,CDK1,inhibitor,inhibits
DB07664,CDK2,inhibitor,inhibits
DB07664,CSNK1G3,nan,other
DB07664,SLK,nan,other
DB07664,CAMK4,nan,other
DB07664,CLK3,nan,other
DB07664,ABL2,nan,other
DB07665,F2,nan,other
DB07666,DPP4,nan,other
DB07668,CTRB1,nan,other
DB07670,CYP2C18,nan,other
DB07672,IGHG1,nan,other
DB07675,PPARG,nan,other
DB07676,GSK3B,nan,other
DB07676,CAMK4,nan,other
DB07677,PARP1,inhibitor,inhibits
DB07677,PARP3,nan,other
DB07678,ESR1,nan,other
DB07678,NCOA2,nan,other
DB07680,CMA1,nan,other
DB07681,BCHE,inhibitor,inhibits
DB07683,MMP12,inhibitor,inhibits
DB07684,PLAT,inhibitor,inhibits
DB07685,CDK2,nan,other
DB07686,CDK2,nan,other
DB07687,CDK2,nan,other
DB07688,CDK2,nan,other
DB07688,CCNA2,nan,other
DB07689,DHRS4L1,nan,other
DB07691,PPARD,nan,other
DB07692,PKM,nan,other
DB07696,CASP3,nan,other
DB07697,PKM,nan,other
DB07698,HASPIN,nan,other
DB07700,AKR1C3,nan,other
DB07701,ACHE,nan,other
DB07702,NCOA5,nan,other
DB07702,ESR2,nan,other
DB07705,CYP51A1,nan,other
DB07707,ESR1,nan,other
DB07707,NCOA2,nan,other
DB07708,ESR1,inhibitor,inhibits
DB07708,NCOA2,nan,other
DB07710,CA2,nan,other
DB07711,ADA,inhibitor,inhibits
DB07712,ESR1,inhibitor,inhibits
DB07712,NCOA2,nan,other
DB07713,MMP8,nan,other
DB07714,GSR,nan,other
DB07715,CSNK2A1,inhibitor,inhibits
DB07715,AHR,agonist,activates
DB07716,IGKC,nan,other
DB07717,AR,nan,other
DB07718,F2,inhibitor,inhibits
DB07718,MIF,inhibitor,inhibits
DB07719,PTPN1,nan,other
DB07720,CHRFAM7A,nan,other
DB07720,CHRNA7,nan,other
DB07720,CHRNB2,nan,other
DB07720,CHRNA2,agonist,activates
DB07720,CHRNA3,agonist,activates
DB07720,CHRNA4,agonist,activates
DB07720,CHRNB4,agonist,activates
DB07723,PPARG,inhibitor,inhibits
DB07724,PPARA,agonist,activates
DB07724,PPARG,agonist,activates
DB07724,PPARD,agonist,activates
DB07724,NCOA1,nan,other
DB07728,MAPKAPK2,nan,other
DB07728,MAPKAPK3,nan,other
DB07730,PTPN1,nan,other
DB07731,CDK2,nan,other
DB07733,CASP1,nan,other
DB07734,BACE1,nan,other
DB07735,BACE1,nan,other
DB07736,BACE1,nan,other
DB07737,BACE1,nan,other
DB07738,BACE1,nan,other
DB07739,PNMT,nan,other
DB07740,HMGCS1,nan,other
DB07741,F2,nan,other
DB07742,CA2,inhibitor,inhibits
DB07744,CASP1,nan,other
DB07746,METAP2,nan,other
DB07747,PNMT,nan,other
DB07749,CTRB1,nan,other
DB07750,CDK2,nan,other
DB07751,CDK2,nan,other
DB07754,FOLH1,nan,other
DB07755,CDK2,nan,other
DB07756,ACHE,nan,other
DB07757,ESR2,nan,other
DB07760,UNG,nan,other
DB07761,CDK2,nan,other
DB07763,CYC1,nan,other
DB07763,MT-CYB,nan,other
DB07763,UQCRC1,nan,other
DB07763,UQCRC2,nan,other
DB07763,UQCRH,nan,other
DB07763,UQCRQ,nan,other
DB07763,UQCRFS1,nan,other
DB07763,UQCR11,nan,other
DB07763,UQCRB,nan,other
DB07763,UQCR10,nan,other
DB07764,IGHG1,nan,other
DB07765,DHRS4L1,nan,other
DB07766,CAMK2A,nan,other
DB07766,CDK16,nan,other
DB07767,CA12,inhibitor,inhibits
DB07767,CA2,inhibitor,inhibits
DB07767,CA14,inhibitor,inhibits
DB07767,CA9,inhibitor,inhibits
DB07767,CA6,inhibitor,inhibits
DB07767,CA1,inhibitor,inhibits
DB07767,CA4,inhibitor,inhibits
DB07767,MAOB,inhibitor,inhibits
DB07768,AKR1C1,nan,other
DB07768,AKR1C2,nan,other
DB07769,AR,nan,other
DB07771,KRAS,nan,other
DB07771,FNTA,nan,other
DB07771,FNTB,nan,other
DB07772,MMP8,nan,other
DB07776,CYP19A1,inhibitor,inhibits
DB07776,GABRA1,inhibitor,inhibits
DB07776,AR,inhibitor,inhibits
DB07776,ADORA3,antagonist,inhibits
DB07776,ADORA2B,antagonist,inhibits
DB07776,ADORA1,antagonist,inhibits
DB07776,ESRRA,agonist,activates
DB07776,ESRRB,agonist,activates
DB07776,CYP1B1,nan,other
DB07778,CYC1,nan,other
DB07778,MT-CYB,nan,other
DB07778,UQCRC1,nan,other
DB07778,UQCRC2,nan,other
DB07778,UQCRH,nan,other
DB07778,UQCRQ,nan,other
DB07778,UQCRFS1,nan,other
DB07778,UQCR11,nan,other
DB07778,UQCRB,nan,other
DB07778,UQCR10,nan,other
DB07779,DPP4,nan,other
DB07780,FDFT1,modulator,other
DB07780,FNTA,nan,other
DB07780,FNTB,nan,other
DB07780,KRAS,nan,other
DB07780,FDPS,nan,other
DB07780,GGPS1,nan,other
DB07780,RABGGTA,nan,other
DB07780,RABGGTB,nan,other
DB07783,ADA,nan,other
DB07784,IGKC,nan,other
DB07785,ADA,nan,other
DB07786,ADA,nan,other
DB07787,PARP1,nan,other
DB07788,MAPK1,nan,other
DB07789,PLK1,nan,other
DB07790,CDK2,nan,other
DB07791,CDK2,nan,other
DB07792,PYGM,nan,other
DB07793,PYGM,nan,other
DB07794,MAPK1,inhibitor,inhibits
DB07795,CDK6,inhibitor,inhibits
DB07795,FASN,inhibitor,inhibits
DB07796,F2,nan,other
DB07798,PNMT,nan,other
DB07800,F10,nan,other
DB07801,AURKA,nan,other
DB07802,CSNK2A1,nan,other
DB07804,F10,nan,other
DB07807,PYGM,nan,other
DB07809,F2,nan,other
DB07810,SLC23A1,inhibitor,inhibits
DB07811,MAPK14,nan,other
DB07812,AKT2,nan,other
DB07812,GSK3B,nan,other
DB07814,AADACL2,nan,other
DB07815,AADACL2,nan,other
DB07816,IGHG1,nan,other
DB07821,CES1,nan,other
DB07821,PAFAH1B3,nan,other
DB07821,PLA2G7,nan,other
DB07827,MMP13,nan,other
DB07829,MAPK14,inhibitor,inhibits
DB07830,DPP4,nan,other
DB07831,ABL1,nan,other
DB07832,MAPK14,nan,other
DB07833,MAPK14,nan,other
DB07834,MAPK14,nan,other
DB07835,MAPK14,nan,other
DB07836,PLA2G1B,nan,other
DB07837,SGK1,nan,other
DB07838,NMT2,nan,other
DB07839,CTSS,nan,other
DB07840,FGFR1,nan,other
DB07841,FDPS,inhibitor,inhibits
DB07841,FNTA,inhibitor,inhibits
DB07841,FNTB,inhibitor,inhibits
DB07841,PGGT1B,nan,other
DB07841,GGPS1,nan,other
DB07841,RABGGTA,nan,other
DB07841,RABGGTB,nan,other
DB07842,PPARG,inhibitor,inhibits
DB07843,F10,nan,other
DB07844,F10,nan,other
DB07845,MAPK8,nan,other
DB07846,ACHE,nan,other
DB07847,F10,nan,other
DB07848,F10,nan,other
DB07849,GSTP1,nan,other
DB07851,DPP4,nan,other
DB07852,CCNA2,nan,other
DB07852,CDK2,nan,other
DB07853,SLK,nan,other
DB07853,CAMK2D,nan,other
DB07853,STK26,nan,other
DB07854,PRKACA,nan,other
DB07854,PKIA,nan,other
DB07855,PRKACA,nan,other
DB07855,PKIA,nan,other
DB07856,PRKACA,nan,other
DB07856,PKIA,nan,other
DB07857,PRKACA,nan,other
DB07857,PKIA,nan,other
DB07858,PRKACA,nan,other
DB07858,PKIA,nan,other
DB07859,PRKACA,nan,other
DB07859,PKIA,nan,other
DB07859,AKT2,nan,other
DB07859,GSK3B,nan,other
DB07860,PRKACA,nan,other
DB07860,PKIA,nan,other
DB07862,DHFR2,nan,other
DB07863,RXRA,inhibitor,inhibits
DB07863,PPARG,inhibitor,inhibits
DB07863,NCOA2,nan,other
DB07866,HSD11B1,nan,other
DB07870,ACACB,nan,other
DB07872,F10,nan,other
DB07873,FDPS,inhibitor,inhibits
DB07873,GGPS1,nan,other
DB07874,BACE1,nan,other
DB07875,F10,nan,other
DB07876,ROCK1,inhibitor,inhibits
DB07876,PRKACA,nan,other
DB07876,PKIA,nan,other
DB07877,HSP90AB1,nan,other
DB07877,HSP90AA1,nan,other
DB07878,CTSS,nan,other
DB07879,HDAC4,nan,other
DB07881,IGHG1,nan,other
DB07882,IGKC,nan,other
DB07883,IGHG1,nan,other
DB07887,F11,nan,other
DB07888,MIF,nan,other
DB07889,CDK2,nan,other
DB07893,IGKC,nan,other
DB07895,FNTB,nan,other
DB07895,FNTA,nan,other
DB07897,F2,inhibitor,inhibits
DB07899,CTRB1,nan,other
DB07900,MMP8,nan,other
DB07901,METAP1,nan,other
DB07902,METAP1,nan,other
DB07903,METAP1,nan,other
DB07905,MAPK1,nan,other
DB07906,PNMT,nan,other
DB07907,HAO1,nan,other
DB07908,PFN1,nan,other
DB07909,nan,nan,other
DB07909,IGHG1,nan,other
DB07909,IGKC,nan,other
DB07912,ENOPH1,nan,other
DB07913,CTSF,nan,other
DB07916,CASP1,nan,other
DB07917,HPGDS,inhibitor,inhibits
DB07919,DYRK2,inhibitor,inhibits
DB07919,DYRK3,inhibitor,inhibits
DB07919,DYRK1A,inhibitor,inhibits
DB07919,MAOA,inhibitor,inhibits
DB07920,MMP12,inhibitor,inhibits
DB07921,MMP12,nan,other
DB07922,MMP12,inhibitor,inhibits
DB07926,MMP9,inhibitor,inhibits
DB07926,ADAMTS4,inhibitor,inhibits
DB07926,MMP8,inhibitor,inhibits
DB07926,MMP3,inhibitor,inhibits
DB07926,MMP2,inhibitor,inhibits
DB07926,MMP7,inhibitor,inhibits
DB07926,ADAMTS5,inhibitor,inhibits
DB07926,MMP1,inhibitor,inhibits
DB07929,NR1H3,nan,other
DB07929,RXRB,nan,other
DB07930,ACOX1,nan,other
DB07931,AKR1C1,nan,other
DB07931,ESR1,nan,other
DB07931,NR1I2,nan,other
DB07931,NR1I3,nan,other
DB07932,ESR1,nan,other
DB07932,NCOA2,nan,other
DB07933,ESR2,agonist,activates
DB07933,ESR1,nan,other
DB07934,F2,nan,other
DB07936,CDK2,nan,other
DB07940,BCHE,inhibitor,inhibits
DB07941,MAPK14,nan,other
DB07942,MAPK14,nan,other
DB07943,MAPK14,nan,other
DB07944,F2,nan,other
DB07946,F2,nan,other
DB07947,PRKACA,nan,other
DB07947,PKIA,nan,other
DB07947,AKT2,nan,other
DB07947,GSK3B,nan,other
DB07949,PYGM,nan,other
DB07950,PLA2G2E,nan,other
DB07950,SKP1,nan,other
DB07950,KYAT1,nan,other
DB07954,ADORA1,antagonist,inhibits
DB07954,PDE3A,inhibitor,inhibits
DB07954,ADORA2A,inhibitor,inhibits
DB07954,PDE4B,inhibitor,inhibits
DB07954,ADORA2B,inhibitor,inhibits
DB07954,PDE4A,inhibitor,inhibits
DB07954,ADORA3,inhibitor,inhibits
DB07954,PDE4D,inhibitor,inhibits
DB07954,PDE5A,inhibitor,inhibits
DB07954,PDE2A,inhibitor,inhibits
DB07954,PDE3B,nan,other
DB07954,PDE7A,nan,other
DB07954,PDE9A,nan,other
DB07954,PDE8A,nan,other
DB07954,PDE6G,nan,other
DB07955,CELA1,inhibitor,inhibits
DB07956,CELA1,nan,other
DB07957,CELA1,nan,other
DB07958,PLA2G2E,nan,other
DB07959,CHEK1,nan,other
DB07960,NEU2,nan,other
DB07964,ADAM17,nan,other
DB07965,CTSK,nan,other
DB07966,SRC,nan,other
DB07967,CTSK,nan,other
DB07968,PYGL,nan,other
DB07969,MET,nan,other
DB07970,EPHA7,nan,other
DB07973,F10,nan,other
DB07974,F10,nan,other
DB07975,DHODH,nan,other
DB07976,DHODH,nan,other
DB07977,DHODH,nan,other
DB07978,DHODH,nan,other
DB07979,DAO,nan,other
DB07981,PTGS1,nan,other
DB07982,CDK2,nan,other
DB07983,PTGS1,inhibitor,inhibits
DB07984,PTGS1,nan,other
DB07985,PRSS1,nan,other
DB07986,MMP3,nan,other
DB07987,MMP3,nan,other
DB07988,MMP3,inhibitor,inhibits
DB07991,ESR1,nan,other
DB07993,BACE1,nan,other
DB07994,BACE1,nan,other
DB07995,PRKACA,inhibitor,inhibits
DB07995,PKIA,nan,other
DB07995,HASPIN,nan,other
DB07995,EIF2AK2,inhibitor,inhibits
DB07996,PRKACA,nan,other
DB07996,PKIA,nan,other
DB07997,CNGA1,blocker,inhibits
DB07997,PRKACA,nan,other
DB07997,PKIA,nan,other
DB07999,AKR1B1,nan,other
DB08000,AKR1B1,nan,other
DB08001,PTPN1,nan,other
DB08003,PTPN1,inhibitor,inhibits
DB08004,HASPIN,nan,other
DB08005,MAPK10,nan,other
DB08006,DHODH,nan,other
DB08007,CELA1,nan,other
DB08008,DHODH,nan,other
DB08009,PDGFRB,inhibitor,inhibits
DB08009,PDGFRA,inhibitor,inhibits
DB08009,FLT1,inhibitor,inhibits
DB08009,KDR,inhibitor,inhibits
DB08009,CAMK1G,nan,other
DB08010,MAPK10,nan,other
DB08011,MAPK10,nan,other
DB08015,MAPK10,nan,other
DB08018,NOS1,nan,other
DB08018,NOS3,nan,other
DB08019,NOS1,nan,other
DB08019,NOS3,nan,other
DB08020,ESR2,nan,other
DB08020,ESR1,nan,other
DB08021,MAPK10,nan,other
DB08022,PIM1,nan,other
DB08023,MAPK10,nan,other
DB08024,DPP4,nan,other
DB08025,MAPK10,nan,other
DB08026,MAPK10,nan,other
DB08028,MMP8,nan,other
DB08029,MMP3,nan,other
DB08030,MMP3,nan,other
DB08032,KIF11,nan,other
DB08033,KIF11,nan,other
DB08035,AR,nan,other
DB08037,KIF11,inhibitor,inhibits
DB08038,KLK7,nan,other
DB08039,AURKB,inhibitor,inhibits
DB08039,AURKC,inhibitor,inhibits
DB08039,SRC,inhibitor,inhibits
DB08039,LCK,inhibitor,inhibits
DB08039,PRKAA1,inhibitor,inhibits
DB08039,PRKAB1,inhibitor,inhibits
DB08039,PRKAG1,inhibitor,inhibits
DB08039,CAMK2D,nan,other
DB08039,CALM1,nan,other
DB08040,ANPEP,inhibitor,inhibits
DB08040,ENPEP,inhibitor,inhibits
DB08040,LTA4H,nan,other
DB08042,KDR,nan,other
DB08043,ABL1,nan,other
DB08044,DPP4,inhibitor,inhibits
DB08045,HSP90AB1,nan,other
DB08046,CA2,nan,other
DB08047,ESR1,nan,other
DB08047,NCOA2,nan,other
DB08048,ESR1,inhibitor,inhibits
DB08048,NCOA2,nan,other
DB08049,COMT,inhibitor,inhibits
DB08051,DPP4,nan,other
DB08052,EGFR,inhibitor,inhibits
DB08052,PRKDC,inhibitor,inhibits
DB08052,KDR,inhibitor,inhibits
DB08052,PIK3CG,inhibitor,inhibits
DB08052,PDGFRA,inhibitor,inhibits
DB08052,ABL1,inhibitor,inhibits
DB08052,HCK,inhibitor,inhibits
DB08052,PIK3CB,inhibitor,inhibits
DB08052,MTOR,inhibitor,inhibits
DB08052,SRC,inhibitor,inhibits
DB08053,SRC,nan,other
DB08054,SRC,nan,other
DB08055,LCK,nan,other
DB08056,LCK,nan,other
DB08057,LCK,nan,other
DB08058,PARP1,inhibitor,inhibits
DB08058,PARP3,nan,other
DB08059,PIK3CD,inhibitor,inhibits
DB08059,PIK3CG,inhibitor,inhibits
DB08059,PLK1,nan,other
DB08059,PIK3R1,nan,other
DB08059,PIK3CA,nan,other
DB08060,AGXT,nan,other
DB08061,F2,inhibitor,inhibits
DB08062,F2,nan,other
DB08063,RXRA,nan,other
DB08063,NR1H3,nan,other
DB08064,MAPK14,nan,other
DB08065,AURKA,inhibitor,inhibits
DB08066,AURKA,nan,other
DB08066,CDK2,nan,other
DB08067,JAK2,nan,other
DB08068,MAPK14,nan,other
DB08070,PRKACA,nan,other
DB08070,PKIA,nan,other
DB08072,PLAU,nan,other
DB08073,AKT1,inhibitor,inhibits
DB08073,AKT2,nan,other
DB08073,GSK3B,nan,other
DB08073,PRKACA,nan,other
DB08073,PKIA,nan,other
DB08077,HBA1,nan,other
DB08077,HBB,nan,other
DB08078,PPARD,agonist,activates
DB08079,MET,inhibitor,inhibits
DB08080,ACTA1,nan,other
DB08080,MRTFA,nan,other
DB08080,SPIRE2,nan,other
DB08082,MAOB,nan,other
DB08083,CA2,nan,other
DB08084,AKR1B1,inhibitor,inhibits
DB08085,THRB,inhibitor,inhibits
DB08087,AR,nan,other
DB08088,AR,nan,other
DB08089,AR,inhibitor,inhibits
DB08091,MAPK14,nan,other
DB08092,MAPK14,nan,other
DB08093,MAPK14,inhibitor,inhibits
DB08094,CDK4,inhibitor,inhibits
DB08094,CDK1,inhibitor,inhibits
DB08094,CDK7,inhibitor,inhibits
DB08094,CDK2,inhibitor,inhibits
DB08095,MAPK14,nan,other
DB08096,MAPK14,nan,other
DB08097,MAPK14,nan,other
DB08098,AKR1B1,nan,other
DB08099,REN,nan,other
DB08111,nan,nan,other
DB08113,PRKACA,nan,other
DB08113,PKIA,nan,other
DB08114,PRKACA,nan,other
DB08114,PKIA,nan,other
DB08118,GCK,nan,other
DB08119,CTRB1,nan,other
DB08121,PPARG,inhibitor,inhibits
DB08122,CDK2,nan,other
DB08123,CDK2,nan,other
DB08124,CDK2,nan,other
DB08125,CDK2,nan,other
DB08126,CDK2,nan,other
DB08128,PNMT,nan,other
DB08129,PNMT,nan,other
DB08130,MAP2K1,nan,other
DB08132,CDK2,inhibitor,inhibits
DB08133,CDK2,inhibitor,inhibits
DB08134,CDK2,inhibitor,inhibits
DB08135,CDK2,inhibitor,inhibits
DB08136,CDK2,nan,other
DB08137,CDK2,nan,other
DB08138,CDK2,nan,other
DB08139,CDK2,nan,other
DB08140,CDK2,nan,other
DB08141,CDK2,nan,other
DB08142,CDK2,inhibitor,inhibits
DB08142,CDK1,nan,other
DB08143,F10,nan,other
DB08147,PTPN1,nan,other
DB08148,PRKACA,nan,other
DB08148,PKIA,nan,other
DB08149,PRKACA,nan,other
DB08149,PKIA,nan,other
DB08150,PRKACA,nan,other
DB08150,PKIA,nan,other
DB08151,PYGM,nan,other
DB08152,F2,nan,other
DB08153,HSP90AB1,nan,other
DB08155,CA2,inhibitor,inhibits
DB08155,CA1,inhibitor,inhibits
DB08156,CA1,inhibitor,inhibits
DB08156,CA2,inhibitor,inhibits
DB08157,CA2,inhibitor,inhibits
DB08157,CA1,inhibitor,inhibits
DB08159,TOP1,nan,other
DB08162,ROCK1,inhibitor,inhibits
DB08162,PKIA,nan,other
DB08162,PRKACA,nan,other
DB08162,ROCK2,nan,other
DB08163,AMD1,nan,other
DB08164,DPP4,nan,other
DB08165,CA2,inhibitor,inhibits
DB08165,CA14,inhibitor,inhibits
DB08165,CA12,inhibitor,inhibits
DB08165,CA1,inhibitor,inhibits
DB08166,PIM1,nan,other
DB08167,ACHE,inhibitor,inhibits
DB08168,PPIA,inhibitor,inhibits
DB08168,PPIF,nan,other
DB08168,HDAC8,nan,other
DB08169,DHODH,nan,other
DB08170,MMP7,nan,other
DB08172,DHODH,nan,other
DB08173,F10,nan,other
DB08174,F10,nan,other
DB08175,NCOA2,nan,other
DB08175,RXRB,nan,other
DB08175,NR1H3,nan,other
DB08176,MAOB,nan,other
DB08178,CDK9,inhibitor,inhibits
DB08178,CDK2,inhibitor,inhibits
DB08178,CCNA2,nan,other
DB08179,GLO1,nan,other
DB08180,FDPS,inhibitor,inhibits
DB08180,FNTA,nan,other
DB08180,PGGT1B,nan,other
DB08182,CDK9,inhibitor,inhibits
DB08182,CDK2,inhibitor,inhibits
DB08182,CCNA2,nan,other
DB08184,PRSS1,nan,other
DB08186,KAT2B,nan,other
DB08187,F2,nan,other
DB08190,MTNR1A,agonist,activates
DB08190,MTNR1B,inhibitor,inhibits
DB08190,NQO2,inhibitor,inhibits
DB08191,SGK1,nan,other
DB08192,SRC,inhibitor,inhibits
DB08194,HSP90AA1,nan,other
DB08195,CTSS,nan,other
DB08197,HSP90AA1,nan,other
DB08198,KIF11,nan,other
DB08200,BCHE,inhibitor,inhibits
DB08201,BCHE,inhibitor,inhibits
DB08202,CA2,nan,other
DB08203,DHFR2,nan,other
DB08208,MAP2K1,nan,other
DB08210,GCK,nan,other
DB08213,CASP3,nan,other
DB08214,NOS2,inhibitor,inhibits
DB08217,EIF4E,nan,other
DB08217,CEACAM5,nan,other
DB08218,CCNA2,nan,other
DB08218,CDK2,nan,other
DB08219,CCNA2,nan,other
DB08219,CDK2,nan,other
DB08220,NCOA1,nan,other
DB08220,NR1H4,nan,other
DB08221,TEK,nan,other
DB08222,PNLIP,inhibitor,inhibits
DB08222,CLPS,nan,other
DB08224,CES1,nan,other
DB08228,NQO2,inhibitor,inhibits
DB08229,CASP3,nan,other
DB08230,PIM1,nan,other
DB08231,ABL1,inhibitor,inhibits
DB08231,CALM1,inhibitor,inhibits
DB08231,CALM3,inhibitor,inhibits
DB08231,CALM2,inhibitor,inhibits
DB08231,TLR4,inhibitor,inhibits
DB08231,FKBP1A,inhibitor,inhibits
DB08231,PKIA,nan,other
DB08231,PRKACA,nan,other
DB08231,ECI2,nan,other
DB08231,RCVRN,nan,other
DB08231,HNF4A,nan,other
DB08231,NCOA1,nan,other
DB08231,PPP3R1,nan,other
DB08231,PPP3CA,nan,other
DB08231,TRAPPC3,nan,other
DB08231,INS,nan,other
DB08231,GM2A,nan,other
DB08231,ARF6,nan,other
DB08231,LY96,nan,other
DB08231,ARF1,nan,other
DB08231,GUCA1A,nan,other
DB08231,PVR,nan,other
DB08231,PPARA,nan,other
DB08231,CALM1,nan,other
DB08232,F7,nan,other
DB08232,F3,nan,other
DB08233,CDK2,inhibitor,inhibits
DB08233,CCNA2,nan,other
DB08234,DHFR,nan,other
DB08235,ARPC1B,nan,other
DB08235,ACTR2,nan,other
DB08235,ACTR3,nan,other
DB08235,ARPC2,nan,other
DB08235,ARPC3,nan,other
DB08235,ARPC4,nan,other
DB08235,ARPC5,nan,other
DB08236,ARPC1B,nan,other
DB08236,ACTR2,nan,other
DB08236,ACTR3,nan,other
DB08236,ARPC2,nan,other
DB08236,ARPC3,nan,other
DB08236,ARPC4,nan,other
DB08236,ARPC5,nan,other
DB08237,POLK,nan,other
DB08238,FGF1,inhibitor,inhibits
DB08239,KIF11,nan,other
DB08240,ALDOA,nan,other
DB08241,CCNA2,nan,other
DB08241,CDK2,nan,other
DB08242,MAPK14,nan,other
DB08244,KIF11,nan,other
DB08246,KIF11,nan,other
DB08247,CDK2,nan,other
DB08248,CCNA2,nan,other
DB08248,CDK2,nan,other
DB08249,DHODH,nan,other
DB08250,KIF11,nan,other
DB08251,CASP3,nan,other
DB08254,F2,inhibitor,inhibits
DB08254,PRSS1,nan,other
DB08256,EPHX2,inhibitor,inhibits
DB08257,EPHX2,inhibitor,inhibits
DB08258,EPHX2,inhibitor,inhibits
DB08259,EPHX2,nan,other
DB08262,HBA1,inhibitor,inhibits
DB08262,HBB,nan,other
DB08263,HIF1AN,nan,other
DB08270,CTSK,nan,other
DB08271,MMP10,nan,other
DB08271,MMP12,nan,other
DB08271,MMP3,nan,other
DB08271,MMP20,nan,other
DB08273,IGHV1-2,nan,other
DB08273,IGLV7-43,nan,other
DB08276,MYH14,nan,other
DB08277,HSD11B1,nan,other
DB08280,HSD11B1,nan,other
DB08283,GBA1,nan,other
DB08285,CDK2,nan,other
DB08285,CCNA2,nan,other
DB08287,CTSK,nan,other
DB08289,IGKC,nan,other
DB08291,KAT2B,nan,other
DB08292,HSP90AB1,nan,other
DB08293,HSP90AB1,nan,other
DB08294,IGHV1-2,nan,other
DB08294,IGHG1,nan,other
DB08295,IGHV1-2,nan,other
DB08295,IGLV7-43,nan,other
DB08296,IGHG1,nan,other
DB08299,PDE4A,nan,other
DB08299,PDE4B,nan,other
DB08299,PDE4D,nan,other
DB08300,PIK3CG,nan,other
DB08301,CA2,nan,other
DB08302,PPARG,nan,other
DB08303,GRIA2,nan,other
DB08304,GRIA2,nan,other
DB08305,GRIA2,nan,other
DB08309,CDK2,nan,other
DB08309,CCNA2,nan,other
DB08312,CDK2,inhibitor,inhibits
DB08313,HPGDS,nan,other
DB08320,ESR1,nan,other
DB08320,NCOA2,nan,other
DB08321,GBA1,inhibitor,inhibits
DB08321,MAN2A1,nan,other
DB08322,PYGM,nan,other
DB08323,IGHG2,nan,other
DB08324,PLAU,inhibitor,inhibits
DB08325,CSNK1G1,nan,other
DB08325,MERTK,nan,other
DB08326,ACSBG1,nan,other
DB08329,CA2,inhibitor,inhibits
DB08330,CYC1,nan,other
DB08330,MT-CYB,nan,other
DB08330,UQCRC1,nan,other
DB08330,UQCRC2,nan,other
DB08330,UQCRH,nan,other
DB08330,UQCRQ,nan,other
DB08330,UQCRFS1,nan,other
DB08330,UQCR11,nan,other
DB08330,UQCRB,nan,other
DB08330,UQCR10,nan,other
DB08332,IGHG1,nan,other
DB08333,MIF,nan,other
DB08334,MIF,nan,other
DB08335,MIF,nan,other
DB08338,CSNK2A1,nan,other
DB08339,KIT,inhibitor,inhibits
DB08339,MAPK14,inhibitor,inhibits
DB08339,LCK,inhibitor,inhibits
DB08339,FGFR1,inhibitor,inhibits
DB08339,PDGFRB,inhibitor,inhibits
DB08339,EGFR,inhibitor,inhibits
DB08339,PDGFRA,inhibitor,inhibits
DB08339,SRC,inhibitor,inhibits
DB08339,ABL1,inhibitor,inhibits
DB08340,CSNK2A1,nan,other
DB08341,PTK2B,nan,other
DB08342,TRAPPC6A,nan,other
DB08342,TRAPPC3,nan,other
DB08342,TRAPPC6B,nan,other
DB08342,TRAPPC5,nan,other
DB08342,TRAPPC4,nan,other
DB08342,TRAPPC1,nan,other
DB08345,CSNK2A1,nan,other
DB08346,HSP90AB1,nan,other
DB08347,ADRB1,nan,other
DB08348,PARP1,inhibitor,inhibits
DB08348,EEF2,nan,other
DB08348,PARP3,nan,other
DB08348,PARP15,nan,other
DB08349,MAPK14,nan,other
DB08350,ABL1,nan,other
DB08351,MAPK14,nan,other
DB08352,MAPK14,nan,other
DB08353,CSNK2A1,nan,other
DB08354,CSNK2A1,nan,other
DB08355,CCNA2,nan,other
DB08355,CDK2,nan,other
DB08356,PDK4,nan,other
DB08357,ACHE,inhibitor,inhibits
DB08358,MAPKAPK5,inhibitor,inhibits
DB08358,MAPKAPK2,inhibitor,inhibits
DB08358,MAPKAPK3,nan,other
DB08360,CSNK2A1,nan,other
DB08361,SYK,inhibitor,inhibits
DB08362,CSNK2A1,nan,other
DB08363,TP53,inhibitor,inhibits
DB08365,WEE1,nan,other
DB08368,CPA1,nan,other
DB08369,CYP2B6,nan,other
DB08370,GSTP1,nan,other
DB08371,PTPN1,inhibitor,inhibits
DB08371,YARS1,nan,other
DB08373,SCGB1A1,nan,other
DB08374,CTRB1,nan,other
DB08377,IGHG1,nan,other
DB08378,MYL6B,nan,other
DB08378,MYL12A,nan,other
DB08378,MYH7,nan,other
DB08382,DPP4,inhibitor,inhibits
DB08383,PDE10A,nan,other
DB08384,PDE10A,nan,other
DB08385,FAAH,nan,other
DB08386,PDE10A,nan,other
DB08387,PDE10A,inhibitor,inhibits
DB08388,MMP13,inhibitor,inhibits
DB08389,PDE10A,nan,other
DB08391,PDE10A,nan,other
DB08392,CHEK1,nan,other
DB08393,CHEK1,nan,other
DB08394,IGHG1,nan,other
DB08395,MAPK14,nan,other
DB08396,IGHV3-30,nan,other
DB08397,PTPN1,nan,other
DB08398,ESR1,inhibitor,inhibits
DB08398,NCOA2,nan,other
DB08399,ATP5F1A,nan,other
DB08399,ATP5F1B,nan,other
DB08399,ATP5F1C,nan,other
DB08400,FAAH,nan,other
DB08402,PPARG,nan,other
DB08402,NCOA2,nan,other
DB08402,RXRA,nan,other
DB08403,MMP8,inhibitor,inhibits
DB08403,MMP1,inhibitor,inhibits
DB08406,DHFR,nan,other
DB08409,IGHG1,nan,other
DB08409,IGHG2,nan,other
DB08410,IGHG1,nan,other
DB08411,IGHG1,nan,other
DB08412,IGHG1,nan,other
DB08413,IGKC,nan,other
DB08413,ALPP,nan,other
DB08416,STS,inhibitor,inhibits
DB08416,CA2,inhibitor,inhibits
DB08418,CA2,nan,other
DB08420,PRSS1,nan,other
DB08422,F2,nan,other
DB08423,MAPK14,nan,other
DB08424,MAPK14,inhibitor,inhibits
DB08426,F10,nan,other
DB08429,DPP4,nan,other
DB08430,LCTL,nan,other
DB08435,PPARG,nan,other
DB08436,HSP90AA1,inhibitor,inhibits
DB08437,RPL10L,nan,other
DB08437,RPL13A,nan,other
DB08437,RPL23,nan,other
DB08437,RPL15,nan,other
DB08437,RPL19,nan,other
DB08437,RPL23A,nan,other
DB08437,RSL24D1,nan,other
DB08437,RPL26L1,nan,other
DB08437,RPL8,nan,other
DB08437,RPL37,nan,other
DB08437,RPL3,nan,other
DB08437,RPL11,nan,other
DB08439,PTGS2,inhibitor,inhibits
DB08439,LTF,inhibitor,inhibits
DB08441,CDK2,nan,other
DB08442,HSP90AA1,nan,other
DB08443,HSP90AA1,inhibitor,inhibits
DB08445,DPP4,nan,other
DB08447,PLA2G2E,nan,other
DB08448,DHFR,nan,other
DB08449,AKR1B1,nan,other
DB08450,TGFBR1,nan,other
DB08453,CYC1,nan,other
DB08453,MT-CYB,nan,other
DB08453,UQCRC1,nan,other
DB08453,UQCRC2,nan,other
DB08453,UQCRH,nan,other
DB08453,UQCRQ,nan,other
DB08453,UQCRFS1,nan,other
DB08453,UQCR11,nan,other
DB08453,UQCRB,nan,other
DB08453,UQCR10,nan,other
DB08454,AURKC,inhibitor,inhibits
DB08454,GSK3B,inhibitor,inhibits
DB08454,SRC,inhibitor,inhibits
DB08454,CAMK1D,nan,other
DB08461,AR,nan,other
DB08462,EGFR,inhibitor,inhibits
DB08462,SRC,inhibitor,inhibits
DB08463,CDK2,nan,other
DB08463,CCNA2,nan,other
DB08464,HSP90AB1,nan,other
DB08464,HSP90B1,nan,other
DB08465,HSP90AB1,nan,other
DB08465,HSP90B1,nan,other
DB08466,LTA4H,inhibitor,inhibits
DB08473,CSNK2A1,inhibitor,inhibits
DB08476,MMP8,inhibitor,inhibits
DB08478,TYMS,nan,other
DB08479,TYMS,nan,other
DB08480,MAOB,inhibitor,inhibits
DB08482,MMP1,inhibitor,inhibits
DB08484,FBP1,inhibitor,inhibits
DB08484,FBP2,inhibitor,inhibits
DB08486,HBA1,inhibitor,inhibits
DB08486,HBB,nan,other
DB08487,F10,nan,other
DB08488,F10,nan,other
DB08489,MMP7,nan,other
DB08490,MMP3,inhibitor,inhibits
DB08490,MMP1,inhibitor,inhibits
DB08490,MMP2,inhibitor,inhibits
DB08490,MMP9,inhibitor,inhibits
DB08490,MMP13,inhibitor,inhibits
DB08491,MMP1,nan,other
DB08492,ALOX15,inhibitor,inhibits
DB08493,MMP7,nan,other
DB08495,F10,nan,other
DB08497,CASP3,nan,other
DB08498,CASP3,nan,other
DB08499,CASP3,nan,other
DB08500,PYGM,nan,other
DB08503,PYGM,nan,other
DB08504,DPP4,nan,other
DB08507,MMP3,nan,other
DB08510,IGHG2,nan,other
DB08513,MAPK1,nan,other
DB08513,INSR,nan,other
DB08513,IRS1,nan,other
DB08515,PSMA1,nan,other
DB08515,PSMA2,nan,other
DB08515,PSMA3,nan,other
DB08515,PSMA4,nan,other
DB08515,PSMA5,nan,other
DB08515,PSMA6,nan,other
DB08515,PSMA7,nan,other
DB08515,PSMB1,nan,other
DB08515,PSMB2,nan,other
DB08515,PSMB3,nan,other
DB08515,PSMB4,nan,other
DB08515,PSMB5,nan,other
DB08515,PSMB6,nan,other
DB08515,PSMB7,nan,other
DB08516,MAOB,nan,other
DB08517,ADORA2B,antagonist,inhibits
DB08517,ADORA1,antagonist,inhibits
DB08517,ADORA3,antagonist,inhibits
DB08519,KDR,nan,other
DB08520,FKBP1A,nan,other
DB08521,MAPK14,nan,other
DB08521,MAPK1,nan,other
DB08522,MAPK14,inhibitor,inhibits
DB08526,CTSH,nan,other
DB08527,CCNA2,nan,other
DB08527,CDK2,nan,other
DB08529,GGPS1,nan,other
DB08530,DPP4,nan,other
DB08531,CDK2,nan,other
DB08532,CDK2,nan,other
DB08533,CDK2,nan,other
DB08534,CDK2,nan,other
DB08535,CDK2,nan,other
DB08536,CDK2,nan,other
DB08537,CDK2,nan,other
DB08538,CDK2,nan,other
DB08539,CDK2,nan,other
DB08545,nan,nan,other
DB08546,F2,nan,other
DB08547,IGHG2,nan,other
DB08549,PTPN1,nan,other
DB08550,ADRA2B,inhibitor,inhibits
DB08550,ADRA2C,inhibitor,inhibits
DB08550,ADRA2A,inhibitor,inhibits
DB08550,PNMT,nan,other
DB08553,BRAF,nan,other
DB08555,MAPK10,nan,other
DB08557,HSP90AA1,nan,other
DB08558,ADRB1,nan,other
DB08558,LCT,nan,other
DB08560,PPARG,nan,other
DB08561,MMP13,nan,other
DB08562,IGKC,nan,other
DB08562,IGHG1,nan,other
DB08562,IGKV2D-28,nan,other
DB08564,SRC,nan,other
DB08565,CTRB1,nan,other
DB08566,CTRB1,nan,other
DB08568,AKT1,inhibitor,inhibits
DB08568,PRKACA,nan,other
DB08568,PKIA,nan,other
DB08569,PRKACA,nan,other
DB08569,PKIA,nan,other
DB08572,CCNA2,nan,other
DB08572,CDK2,nan,other
DB08574,AFDN,nan,other
DB08575,MME,nan,other
DB08576,ESR1,modulator,other
DB08577,FGFR3,inhibitor,inhibits
DB08577,FGFR1,nan,other
DB08583,ABL1,nan,other
DB08588,DPP4,nan,other
DB08590,IRAK4,nan,other
DB08591,PTPN1,nan,other
DB08593,PTPN1,inhibitor,inhibits
DB08594,CTSK,inhibitor,inhibits
DB08595,ESR1,nan,other
DB08595,NCOA2,nan,other
DB08596,RNASE1,nan,other
DB08597,PRKAA1,inhibitor,inhibits
DB08597,PRKAB1,inhibitor,inhibits
DB08597,PRKAG1,inhibitor,inhibits
DB08597,ACVR1,nan,other
DB08597,FKBP1A,nan,other
DB08599,MMP12,inhibitor,inhibits
DB08601,RXRA,inhibitor,inhibits
DB08601,NCOA2,nan,other
DB08602,PDE7A,nan,other
DB08604,NR1I2,nan,other
DB08604,AR,nan,other
DB08604,NR1I3,inverse agonist,inhibits
DB08604,PPARG,nan,other
DB08604,TPO,weak inhibitor,inhibits
DB08605,DECR1,nan,other
DB08607,CYP2C8,nan,other
DB08608,PDK2,nan,other
DB08609,PDK2,nan,other
DB08610,PDK2,nan,other
DB08611,CTSS,inhibitor,inhibits
DB08612,CES1,inhibitor,inhibits
DB08612,CES1P1,nan,other
DB08613,HDAC4,nan,other
DB08614,CELA1,nan,other
DB08615,ACHE,nan,other
DB08617,YARS1,nan,other
DB08618,IGHG2,nan,other
DB08620,CHRFAM7A,nan,other
DB08624,F2,nan,other
DB08624,AHR,nan,other
DB08626,MME,inhibitor,inhibits
DB08629,ATP5F1A,nan,other
DB08629,ATP5F1B,nan,other
DB08629,ATP5F1C,nan,other
DB08631,PNMT,nan,other
DB08632,HBA1,inhibitor,inhibits
DB08632,HBB,nan,other
DB08633,METAP2,inhibitor,inhibits
DB08635,IGHV3-30,nan,other
DB08640,CELA1,nan,other
DB08641,CELA1,nan,other
DB08642,DHFR,nan,other
DB08643,MMP3,nan,other
DB08645,CA2,nan,other
DB08647,IGKC,nan,other
DB08651,TOP2B,inhibitor,inhibits
DB08653,MAOB,inhibitor,inhibits
DB08653,HTR2A,inhibitor,inhibits
DB08653,MAOA,inhibitor,inhibits
DB08654,PNMT,nan,other
DB08655,CREBBP,nan,other
DB08658,BCHE,inhibitor,inhibits
DB08659,CA2,nan,other
DB08660,CSNK2A1,nan,other
DB08661,RNASE1,nan,other
DB08672,DPP4,nan,other
DB08673,CDK2,nan,other
DB08674,FNTA,nan,other
DB08674,FNTB,nan,other
DB08675,PTGIS,nan,other
DB08676,FNTA,nan,other
DB08676,FNTB,nan,other
DB08677,CDK2,nan,other
DB08678,PTPRB,nan,other
DB08683,CHEK1,inhibitor,inhibits
DB08687,EGLN1,nan,other
DB08687,HIF1A,nan,other
DB08688,ACOT13,nan,other
DB08689,SDHA,nan,other
DB08689,SDHB,nan,other
DB08689,SDHD,nan,other
DB08689,SDHC,nan,other
DB08690,CYC1,nan,other
DB08690,MT-CYB,nan,other
DB08690,UQCRC1,nan,other
DB08690,UQCRC2,nan,other
DB08690,UQCRH,nan,other
DB08690,UQCRQ,nan,other
DB08690,UQCRFS1,nan,other
DB08690,UQCR11,nan,other
DB08690,UQCRB,nan,other
DB08690,UQCR10,nan,other
DB08691,CLK1,inhibitor,inhibits
DB08691,DYRK1A,inhibitor,inhibits
DB08691,CLK3,nan,other
DB08692,CTRB1,nan,other
DB08693,CTRB1,nan,other
DB08694,CDK2,nan,other
DB08694,CCNA2,nan,other
DB08695,HPGDS,nan,other
DB08697,PLAU,nan,other
DB08699,CAMK2G,nan,other
DB08703,MAP3K9,nan,other
DB08705,PIM1,nan,other
DB08707,PIM1,nan,other
DB08708,PIM1,nan,other
DB08709,PIM1,nan,other
DB08729,PDE5A,nan,other
DB08730,MAPK14,nan,other
DB08733,ADAM28,nan,other
DB08734,TYMS,nan,other
DB08737,ESR1,nan,other
DB08738,PREP,nan,other
DB08739,PREP,nan,other
DB08740,CTSD,nan,other
DB08742,NCOA1,nan,other
DB08742,VDR,nan,other
DB08743,DPP4,nan,other
DB08744,NQO2,nan,other
DB08745,F10,nan,other
DB08746,F10,nan,other
DB08749,BACE1,nan,other
DB08750,NOS2,nan,other
DB08751,HRAS,nan,other
DB08752,CTSS,nan,other
DB08754,TYR,inhibitor,inhibits
DB08755,CTSS,nan,other
DB08756,F2,inhibitor,inhibits
DB08756,PRKACA,nan,other
DB08756,PKIA,nan,other
DB08756,ROCK1,nan,other
DB08756,ROCK2,nan,other
DB08760,PPARG,inhibitor,inhibits
DB08762,CPA1,nan,other
DB08763,PRSS1,nan,other
DB08765,CA2,inhibitor,inhibits
DB08765,MIF,inhibitor,inhibits
DB08766,LAP3,nan,other
DB08768,CDK2,inhibitor,inhibits
DB08770,ADORA1,inhibitor,inhibits
DB08770,ADORA2B,inhibitor,inhibits
DB08770,ADORA2A,inhibitor,inhibits
DB08771,HSD11B1,nan,other
DB08772,AKR1B1,modulator,other
DB08772,AKR1B10,nan,other
DB08773,ESR1,nan,other
DB08773,NCOA2,nan,other
DB08774,CHEK1,nan,other
DB08775,CTSF,nan,other
DB08776,CHEK1,nan,other
DB08777,CHEK1,nan,other
DB08778,CHEK1,nan,other
DB08779,CHEK1,nan,other
DB08780,CHEK1,inhibitor,inhibits
DB08781,CHEK1,nan,other
DB08782,CA2,inhibitor,inhibits
DB08782,CA4,inhibitor,inhibits
DB08782,CA12,inhibitor,inhibits
DB08782,CA9,inhibitor,inhibits
DB08782,CA14,inhibitor,inhibits
DB08782,CA1,inhibitor,inhibits
DB08783,PTPN1,nan,other
DB08784,NMRAL1,nan,other
DB08786,HSP90AA1,inhibitor,inhibits
DB08787,HSP90AA1,nan,other
DB08788,HSP90AA1,nan,other
DB08789,HSP90AA1,nan,other
DB08790,HPGDS,nan,other
DB08791,MET,nan,other
DB08799,HRH1,antagonist,inhibits
DB08800,HRH1,antagonist,inhibits
DB08801,HRH1,antagonist,inhibits
DB08801,CHRM2,antagonist,inhibits
DB08802,HRH1,antagonist,inhibits
DB08804,AR,agonist,activates
DB08804,FOS,inducer,activates
DB08804,HTR2A,modulator,other
DB08804,HTR1B,modulator,other
DB08804,IGF1R,inducer,activates
DB08804,DRD1,modulator,other
DB08805,HRH2,antagonist,inhibits
DB08806,HRH2,antagonist,inhibits
DB08807,ADRB1,antagonist,inhibits
DB08807,ADRB2,antagonist,inhibits
DB08807,ADRB3,modulator,other
DB08807,HTR1A,nan,other
DB08807,HTR1B,nan,other
DB08808,ADRB1,antagonist,inhibits
DB08808,ADRB2,antagonist,inhibits
DB08808,ADRB3,antagonist,inhibits
DB08809,PDK1,inhibitor,inhibits
DB08809,GSTZ1,nan,other
DB08810,HTR1A,agonist,activates
DB08810,HTR2A,antagonist,inhibits
DB08810,HTR4,agonist,activates
DB08811,PDE10A,inhibitor,inhibits
DB08811,PDE4A,inhibitor,inhibits
DB08811,PDE2A,inhibitor,inhibits
DB08811,PDE3A,inhibitor,inhibits
DB08813,SERPINC1,potentiator,activates
DB08813,SELP,inhibitor,inhibits
DB08813,FOS,inhibitor,inhibits
DB08813,MYC,inhibitor,inhibits
DB08814,PTGS1,antagonist,inhibits
DB08814,NFKB1,antagonist,inhibits
DB08814,NOS2,agonist,activates
DB08814,PDE10A,antagonist,inhibits
DB08815,DRD2,antagonist,inhibits
DB08815,HTR2A,antagonist,inhibits
DB08815,HTR7,antagonist,inhibits
DB08815,HTR1A,antagonist,inhibits
DB08815,ADRA2C,antagonist,inhibits
DB08815,ADRA2A,nan,other
DB08816,P2RY12,inhibitor,inhibits
DB08818,CD44,binder,other
DB08818,ICAM1,inhibitor,inhibits
DB08818,HMMR,binder,other
DB08818,LYVE1,modulator,other
DB08818,NCAN,binder,other
DB08818,VCAN,binder,other
DB08818,C1QBP,binder,other
DB08818,HAPLN1,binder,other
DB08818,HAPLN3,binder,other
DB08818,HABP2,binder,other
DB08818,LAYN,binder,other
DB08818,STAB2,binder,other
DB08818,TNFAIP6,binder,other
DB08818,IMPG2,binder,other
DB08818,HABP4,binder,other
DB08819,PTGFR,agonist,activates
DB08820,CFTR,potentiator,activates
DB08822,AGTR1,antagonist,inhibits
DB08823,CHRNA7,antagonist,inhibits
DB08824,SLC6A3,modulator,other
DB08827,MTTP,antagonist,inhibits
DB08828,SMO,antagonist,inhibits
DB08834,ITGA5,activator,activates
DB08835,FOLH1,ligand,other
DB08836,ACE,inhibitor,inhibits
DB08837,KCNQ3,blocker,inhibits
DB08837,KCNT2,blocker,inhibits
DB08837,KCNT1,blocker,inhibits
DB08837,KCNMB4,inhibitor,inhibits
DB08837,KCNA5,blocker,inhibits
DB08837,AQP1,inhibitor,inhibits
DB08837,KCNN2,blocker,inhibits
DB08837,KCNN3,blocker,inhibits
DB08837,SLC47A1,modulator,other
DB08837,KCNA3,blocker,inhibits
DB08837,KCNN1,blocker,inhibits
DB08837,CHRNA9,agonist,activates
DB08837,KCNA1,blocker,inhibits
DB08838,ADRA2C,agonist,activates
DB08838,NISCH,agonist,activates
DB08838,CHRNA1,antagonist,inhibits
DB08838,GRIN1,antagonist,inhibits
DB08838,KCNJ1,antagonist,inhibits
DB08838,CACNA1B,antagonist,inhibits
DB08838,ASIC3,agonist,activates
DB08839,HTR1B,inhibitor,inhibits
DB08839,HTR7,inhibitor,inhibits
DB08839,HTR2B,inhibitor,inhibits
DB08839,ADORA3,inhibitor,inhibits
DB08839,HTR1A,inhibitor,inhibits
DB08839,HTR2C,inhibitor,inhibits
DB08839,HTR4,inhibitor,inhibits
DB08839,HTR5A,inhibitor,inhibits
DB08839,HTR1D,inhibitor,inhibits
DB08839,HTR6,inhibitor,inhibits
DB08839,HTR2A,inhibitor,inhibits
DB08839,HTR3A,inhibitor,inhibits
DB08839,HTR3B,inhibitor,inhibits
DB08839,SLC6A4,nan,other
DB08839,SLC18A2,nan,other
DB08841,TAAR1,agonist,activates
DB08844,PYGL,nan,other
DB08846,HSPA1A,inhibitor,inhibits
DB08846,HSPA1B,inhibitor,inhibits
DB08846,GSK3B,inhibitor,inhibits
DB08846,CA12,inhibitor,inhibits
DB08846,CA2,inhibitor,inhibits
DB08846,CA14,inhibitor,inhibits
DB08846,CA6,inhibitor,inhibits
DB08846,SYK,inhibitor,inhibits
DB08846,CA9,inhibitor,inhibits
DB08846,CA1,inhibitor,inhibits
DB08846,SQLE,inhibitor,inhibits
DB08846,CA4,inhibitor,inhibits
DB08846,CSNK2A1,inhibitor,inhibits
DB08846,CA3,inhibitor,inhibits
DB08846,CA5A,inhibitor,inhibits
DB08846,CA5B,inhibitor,inhibits
DB08846,CA7,inhibitor,inhibits
DB08846,PRKACA,inhibitor,inhibits
DB08846,PRKCA,inhibitor,inhibits
DB08846,PRKCB,inhibitor,inhibits
DB08848,SLC6A13,inhibitor,inhibits
DB08848,SLC6A1,inhibitor,inhibits
DB08848,SLC6A11,inhibitor,inhibits
DB08848,SLC6A12,inhibitor,inhibits
DB08849,SLC6A1,inhibitor,inhibits
DB08849,SLC6A11,inhibitor,inhibits
DB08849,ABAT,inhibitor,inhibits
DB08849,ADORA3,inhibitor,inhibits
DB08855,CYSLTR1,agonist,activates
DB08855,CYSLTR2,agonist,activates
DB08855,ABCC1,nan,other
DB08856,OPRD1,agonist,activates
DB08856,OPRM1,inhibitor,inhibits
DB08860,HMGCR,inhibitor,inhibits
DB08860,ITGAL,nan,other
DB08861,OPRM1,inhibitor,inhibits
DB08861,OPRD1,inhibitor,inhibits
DB08861,OPRK1,inhibitor,inhibits
DB08862,CCKAR,agonist,activates
DB08862,RAF1,agonist,activates
DB08862,MAPK3,nan,other
DB08862,EGF,nan,other
DB08862,PRKCB,agonist,activates
DB08862,CCKBR,agonist,activates
DB08864,SCN10A,inhibitor,inhibits
DB08864,NR1I2,agonist,activates
DB08865,ALK,inhibitor,inhibits
DB08865,MET,inhibitor,inhibits
DB08865,ROS1,inhibitor,inhibits
DB08865,MST1R,inhibitor,inhibits
DB08867,PGR,modulator,other
DB08867,NR3C1,antagonist,inhibits
DB08867,AR,nan,other
DB08868,DRD3,antagonist,inhibits
DB08868,SPHK1,inhibitor,inhibits
DB08868,S1PR5,modulator,other
DB08868,S1PR1,modulator,other
DB08868,S1PR3,modulator,other
DB08868,HDAC1,inhibitor,inhibits
DB08868,S1PR4,modulator,other
DB08869,GHRHR,binder,other
DB08870,TNFRSF8,binder,other
DB08871,TUBB1,inhibitor,inhibits
DB08871,BCL2,nan,other
DB08872,SLC5A6,modulator,other
DB08872,CACNA2D1,nan,other
DB08872,CACNA2D2,nan,other
DB08875,MET,antagonist,inhibits
DB08875,KDR,antagonist,inhibits
DB08875,RET,antagonist,inhibits
DB08877,PLAUR,inhibitor,inhibits
DB08877,JAK2,inhibitor,inhibits
DB08877,JAK1,inhibitor,inhibits
DB08877,JAK3,inhibitor,inhibits
DB08877,TYK2,inhibitor,inhibits
DB08878,PDF,inhibitor,inhibits
DB08879,TNFSF13B,antibody,other
DB08880,HMGCR,inhibitor,inhibits
DB08880,DHODH,inhibitor,inhibits
DB08881,BRAF,inhibitor,inhibits
DB08882,DPP4,inhibitor,inhibits
DB08883,GRIA2,inhibitor,inhibits
DB08883,GRIA3,inhibitor,inhibits
DB08883,GRIA4,inhibitor,inhibits
DB08883,GRIA1,antagonist,inhibits
DB08885,VEGFA,inhibitor,inhibits
DB08885,PGF,inhibitor,inhibits
DB08885,VEGFB,inhibitor,inhibits
DB08888,FN1,cleavage,other
DB08888,A2M,ligand,other
DB08888,SERPINF2,ligand,other
DB08889,PSMB5,inhibitor,inhibits
DB08889,PSMB8,inhibitor,inhibits
DB08889,PSMB1,inhibitor,inhibits
DB08889,PSMB9,inhibitor,inhibits
DB08889,PSMB2,inhibitor,inhibits
DB08889,PSMB10,inhibitor,inhibits
DB08890,GUCY2C,agonist,activates
DB08891,GABBR1,agonist,activates
DB08891,GABBR2,agonist,activates
DB08892,GABBR1,agonist,activates
DB08892,GABRG3,agonist,activates
DB08892,GABBR2,agonist,activates
DB08893,ADRB3,agonist,activates
DB08893,ADRB1,agonist,activates
DB08894,EPOR,stimulator,activates
DB08895,JAK1,inhibitor,inhibits
DB08895,JAK2,antagonist,inhibits
DB08895,JAK3,inhibitor,inhibits
DB08895,TYK2,nan,other
DB08896,FLT1,inhibitor,inhibits
DB08896,KDR,inhibitor,inhibits
DB08896,FLT4,inhibitor,inhibits
DB08896,KIT,inhibitor,inhibits
DB08896,PDGFRA,inhibitor,inhibits
DB08896,PDGFRB,inhibitor,inhibits
DB08896,FGFR1,inhibitor,inhibits
DB08896,FGFR2,inhibitor,inhibits
DB08896,TEK,inhibitor,inhibits
DB08896,DDR2,inhibitor,inhibits
DB08896,NTRK1,inhibitor,inhibits
DB08896,EPHA2,inhibitor,inhibits
DB08896,RAF1,inhibitor,inhibits
DB08896,BRAF,inhibitor,inhibits
DB08896,MAPK11,inhibitor,inhibits
DB08896,FRK,inhibitor,inhibits
DB08896,ABL1,inhibitor,inhibits
DB08896,RET,inhibitor,inhibits
DB08897,CHRM1,antagonist,inhibits
DB08897,CHRM2,antagonist,inhibits
DB08897,CHRM3,antagonist,inhibits
DB08897,CHRM4,antagonist,inhibits
DB08897,CHRM5,antagonist,inhibits
DB08899,AR,inhibitor,inhibits
DB08900,GLP2R,agonist,activates
DB08901,ABL1,inhibitor,inhibits
DB08901,BCR,inhibitor,inhibits
DB08901,KIT,inhibitor,inhibits
DB08901,RET,inhibitor,inhibits
DB08901,TEK,inhibitor,inhibits
DB08901,FLT3,inhibitor,inhibits
DB08901,FGFR1,inhibitor,inhibits
DB08901,FGFR2,inhibitor,inhibits
DB08901,FGFR3,inhibitor,inhibits
DB08901,FGFR4,inhibitor,inhibits
DB08901,LCK,inhibitor,inhibits
DB08901,SRC,inhibitor,inhibits
DB08901,LYN,inhibitor,inhibits
DB08901,KDR,inhibitor,inhibits
DB08901,PDGFRA,inhibitor,inhibits
DB08904,TNF,neutralizer,inhibits
DB08905,CYP19A1,inhibitor,inhibits
DB08906,NR3C1,agonist,activates
DB08906,PGR,agonist,activates
DB08906,NR3C2,antagonist,inhibits
DB08907,SLC5A2,inhibitor,inhibits
DB08908,KEAP1,binder,other
DB08908,RELA,inhibitor,inhibits
DB08910,CRBN,inhibitor,inhibits
DB08910,TNF,inhibitor,inhibits
DB08910,PTGS2,inhibitor,inhibits
DB08911,MAP2K1,inhibitor,inhibits
DB08911,MAP2K2,inhibitor,inhibits
DB08912,BRAF,inhibitor,inhibits
DB08912,RAF1,inhibitor,inhibits
DB08912,SIK1,inhibitor,inhibits
DB08912,NEK11,inhibitor,inhibits
DB08912,LIMK1,inhibitor,inhibits
DB08915,PPARA,agonist,activates
DB08915,PPARG,agonist,activates
DB08915,NCOA1,nan,other
DB08916,EGFR,inhibitor,inhibits
DB08916,ERBB2,inhibitor,inhibits
DB08916,ERBB4,inhibitor,inhibits
DB08918,SLC6A4,inhibitor,inhibits
DB08918,SLC6A2,inhibitor,inhibits
DB08922,HTR2A,inverse agonist,inhibits
DB08922,DRD2,antagonist,inhibits
DB08922,HTR1A,partial agonist,activates
DB08922,HRH1,inverse agonist,inhibits
DB08922,DRD4,antagonist,inhibits
DB08922,ADRA1A,antagonist,inhibits
DB08927,HTR2A,antagonist,inhibits
DB08931,GUCY2D,modulator,other
DB08931,GUCY1A2,agonist,activates
DB08932,EDNRA,antagonist,inhibits
DB08932,EDNRB,antagonist,inhibits
DB08935,MS4A1,antibody,other
DB08936,HRH1,antagonist,inhibits
DB08943,CYP17A1,inhibitor,inhibits
DB08949,HCAR3,agonist,activates
DB08949,HCAR2,agonist,activates
DB08950,ADRA1D,inhibitor,inhibits
DB08950,ADRA2C,inhibitor,inhibits
DB08950,ADRA2B,inhibitor,inhibits
DB08950,ADRA1A,antagonist,inhibits
DB08951,CXCR1,inhibitor,inhibits
DB08951,PTGS2,inhibitor,inhibits
DB08951,PTGS1,inhibitor,inhibits
DB08951,FABP1,inhibitor,inhibits
DB08951,CXCR2,inhibitor,inhibits
DB08951,PKM,inhibitor,inhibits
DB08954,GRIN2B,antagonist,inhibits
DB08954,CELA1,inhibitor,inhibits
DB08954,GRIN1,antagonist,inhibits
DB08954,KCNJ3,antagonist,inhibits
DB08954,KCNJ6,antagonist,inhibits
DB08954,KCNJ5,antagonist,inhibits
DB08955,ALOX5,inhibitor,inhibits
DB08960,CHRNA2,antagonist,inhibits
DB08964,PTGER3,agonist,activates
DB08964,PTGER2,agonist,activates
DB08980,HTR2B,inhibitor,inhibits
DB08981,PTGS2,inhibitor,inhibits
DB08981,PTGS1,inhibitor,inhibits
DB08995,AHR,agonist,activates
DB08996,ACHE,antagonist,inhibits
DB09000,HTR2A,antagonist,inhibits
DB09000,HTR1A,antagonist,inhibits
DB09000,HTR7,antagonist,inhibits
DB09000,HTR2C,antagonist,inhibits
DB09006,PPARA,nan,other
DB09006,PPARG,nan,other
DB09006,PPARD,nan,other
DB09009,SCN1A,inhibitor,inhibits
DB09013,ADRB1,nan,other
DB09013,ADRB2,nan,other
DB09014,HTR2C,antagonist,inhibits
DB09014,SIGMAR1,agonist,activates
DB09014,DRD3,agonist,activates
DB09016,SLC6A4,antagonist,inhibits
DB09016,HRH1,antagonist,inhibits
DB09016,HTR2A,antagonist,inhibits
DB09017,GABRA1,positive allosteric modulator,activates
DB09017,GABRA1,ligand,other
DB09018,DRD2,antagonist,inhibits
DB09019,TMPRSS2,inhibitor,inhibits
DB09019,ACE2,binder,other
DB09020,AQP3,negative modulator,inhibits
DB09020,ATP1A1,inhibitor,inhibits
DB09023,CHRM5,antagonist,inhibits
DB09026,REN,inhibitor,inhibits
DB09028,CHRNA2,inhibitor,inhibits
DB09028,CHRNB4,inhibitor,inhibits
DB09028,CHRNA4,agonist,activates
DB09028,CHRNA7,agonist,activates
DB09028,CHRNA3,agonist,activates
DB09028,CHRNA6,agonist,activates
DB09028,CHRNB2,partial agonist,activates
DB09029,IL17A,inhibitor,inhibits
DB09030,F2R,antagonist,inhibits
DB09031,PLA2G1B,inhibitor,inhibits
DB09031,ABCB1,nan,other
DB09033,ITGA4,antibody,other
DB09033,ITGB7,antibody,other
DB09034,HCRTR1,antagonist,inhibits
DB09034,HCRTR2,antagonist,inhibits
DB09035,PDCD1,inhibitor,inhibits
DB09035,CD274,inhibitor,inhibits
DB09036,IL6,antagonist,inhibits
DB09037,PDCD1,inhibitor,inhibits
DB09037,CD274,inhibitor,inhibits
DB09038,SLC5A2,inhibitor,inhibits
DB09039,UGCG,inhibitor,inhibits
DB09043,GLP1R,agonist,activates
DB09045,GLP1R,agonist,activates
DB09046,LEPR,agonist,activates
DB09047,TOP2A,inhibitor,inhibits
DB09048,TACR1,antagonist,inhibits
DB09049,OPRM1,antagonist,inhibits
DB09052,CD19,antibody,other
DB09052,CD3D,antibody,other
DB09053,BTK,inhibitor,inhibits
DB09054,PIK3CD,inhibitor,inhibits
DB09059,OXTR,antagonist,inhibits
DB09059,AVPR1A,antagonist,inhibits
DB09059,AVPR1B,antagonist,inhibits
DB09059,AVPR2,antagonist,inhibits
DB09061,CNR1,antagonist,inhibits
DB09061,CNR2,antagonist,inhibits
DB09061,GPR12,inverse agonist,inhibits
DB09061,GLRA1,nan,other
DB09061,GLRA1,allosteric modulator,other
DB09061,GLRA3,potentiator,activates
DB09061,GPR18,nan,other
DB09061,GPR55,antagonist,inhibits
DB09061,HTR1A,agonist,activates
DB09061,HTR2A,agonist,activates
DB09061,CHRNA7,nan,other
DB09061,OPRD1,nan,other
DB09061,OPRM1,nan,other
DB09061,PPARG,activator,activates
DB09061,TRPV1,activator,activates
DB09061,CACNA1G,nan,other
DB09061,CACNA1H,nan,other
DB09061,CACNA1I,nan,other
DB09061,TRPA1,agonist,activates
DB09061,TRPM8,nan,other
DB09061,TRPV2,activator,activates
DB09061,TRPV3,activator,activates
DB09061,TRPV4,activator,activates
DB09061,VDAC1,nan,other
DB09061,HTR3A,antagonist,inhibits
DB09061,ADORA1,activator,activates
DB09061,PTGS1,inhibitor,inhibits
DB09061,PTGS2,inhibitor,inhibits
DB09061,ACAT1,inhibitor,inhibits
DB09061,CYP17A1,inhibitor,inhibits
DB09061,HMGCR,stimulator,activates
DB09061,GSR,stimulator,activates
DB09061,GPX1,stimulator,activates
DB09061,IDO1,inhibitor,inhibits
DB09061,NQO1,inhibitor,inhibits
DB09061,CAT,inhibitor,inhibits
DB09061,SOD1,inhibitor,inhibits
DB09061,AANAT,inhibitor,inhibits
DB09061,NAAA,inhibitor,inhibits
DB09063,ALK,antagonist,inhibits
DB09064,PPARA,agonist,activates
DB09065,CYP3A4,inhibitor,inhibits
DB09065,CYP3A5,inhibitor,inhibits
DB09065,CYP3A7,inhibitor,inhibits
DB09066,FSHR,agonist,activates
DB09067,CRHR1,ligand,other
DB09067,CRHR2,ligand,other
DB09068,SLC6A4,inhibitor,inhibits
DB09068,HTR3A,antagonist,inhibits
DB09068,HTR7,antagonist,inhibits
DB09068,HTR1B,partial agonist,activates
DB09068,HTR1A,agonist,activates
DB09068,ADRB1,ligand,other
DB09068,SLC6A2,blocker,inhibits
DB09069,ACAA2,inhibitor,inhibits
DB09070,ESR1,antagonist,inhibits
DB09071,MTNR1A,agonist,activates
DB09071,MTNR1B,agonist,activates
DB09072,SLC52A2,agonist,activates
DB09073,CDK4,inhibitor,inhibits
DB09073,CDK6,inhibitor,inhibits
DB09074,PARP1,inhibitor,inhibits
DB09074,PARP2,inhibitor,inhibits
DB09074,PARP3,inhibitor,inhibits
DB09074,AKR1C3,inhibitor,inhibits
DB09075,F10,inhibitor,inhibits
DB09076,CHRM3,antagonist,inhibits
DB09076,CHRM2,antagonist,inhibits
DB09076,CHRM1,antagonist,inhibits
DB09076,CHRM4,antagonist,inhibits
DB09076,CHRM5,antagonist,inhibits
DB09078,FLT1,inhibitor,inhibits
DB09078,KDR,inhibitor,inhibits
DB09078,FLT4,inhibitor,inhibits
DB09078,FGFR1,inhibitor,inhibits
DB09078,FGFR2,inhibitor,inhibits
DB09078,FGFR3,inhibitor,inhibits
DB09078,FGFR4,inhibitor,inhibits
DB09078,PDGFRA,inhibitor,inhibits
DB09078,RET,inhibitor,inhibits
DB09078,KIT,inhibitor,inhibits
DB09079,FLT1,inhibitor,inhibits
DB09079,KDR,inhibitor,inhibits
DB09079,FLT4,inhibitor,inhibits
DB09079,PDGFRA,inhibitor,inhibits
DB09079,PDGFRB,inhibitor,inhibits
DB09079,FGFR1,inhibitor,inhibits
DB09079,FGFR2,inhibitor,inhibits
DB09079,FGFR3,inhibitor,inhibits
DB09079,FLT3,inhibitor,inhibits
DB09079,LCK,inhibitor,inhibits
DB09079,LYN,inhibitor,inhibits
DB09079,SRC,inhibitor,inhibits
DB09080,ADRB2,agonist,activates
DB09082,ADRB2,agonist,activates
DB09083,HCN2,inhibitor,inhibits
DB09084,PTGS1,inhibitor,inhibits
DB09084,PTGS2,inhibitor,inhibits
DB09085,RYR1,modulator,other
DB09085,SCN10A,inhibitor,inhibits
DB09085,RYR2,modulator,other
DB09085,SCN1A,blocker,inhibits
DB09086,MAOB,inhibitor,inhibits
DB09086,ESR1,nan,other
DB09086,ESR2,nan,other
DB09086,AR,antagonist,inhibits
DB09086,TRPV3,nan,other
DB09088,SCN1A,blocker,inhibits
DB09089,OPRM1,agonist,activates
DB09089,CACNA1C,inhibitor,inhibits
DB09089,KCNMA1,inhibitor,inhibits
DB09089,CHRM1,antagonist,inhibits
DB09089,CHRM2,antagonist,inhibits
DB09089,CHRM3,antagonist,inhibits
DB09089,CHRM4,antagonist,inhibits
DB09089,CACNA1G,activator,activates
DB09090,CACNA1S,antagonist,inhibits
DB09091,NR3C1,binder,other
DB09091,HDAC2,stimulator,activates
DB09092,NNT,cofactor,other
DB09092,GAPDH,cofactor,other
DB09092,IDH3A,cofactor,other
DB09092,OGDH,cofactor,other
DB09092,MDH2,cofactor,other
DB09092,RPL3,binder,other
DB09093,ARF1,inhibitor,inhibits
DB09093,EPHB1,inhibitor,inhibits
DB09093,PNLIP,inhibitor,inhibits
DB09093,PADI4,inhibitor,inhibits
DB09095,ANXA3,inducer,activates
DB09095,NR3C1,binder,other
DB09096,CAT,inhibitor,inhibits
DB09096,AZIN2,activator,activates
DB09096,PRKCA,inhibitor,inhibits
DB09096,SOD3,inhibitor,inhibits
DB09097,DRD2,agonist,activates
DB09097,DRD1,agonist,activates
DB09098,GHR,agonist,activates
DB09098,IGF1R,nan,other
DB09099,OPRM1,inhibitor,inhibits
DB09099,OPRD1,inhibitor,inhibits
DB09099,SSTR1,agonist,activates
DB09099,SSTR2,agonist,activates
DB09099,SSTR3,agonist,activates
DB09099,SSTR4,agonist,activates
DB09099,SSTR5,agonist,activates
DB09100,THRA,substrate,other
DB09100,THRB,substrate,other
DB09103,KIT,agonist,activates
DB09107,EPOR,stimulator,activates
DB09108,VWF,binding,other
DB09109,F9,activator,activates
DB09109,F10,activator,activates
DB09109,F2,binder,other
DB09112,HBA1,oxidizer,other
DB09112,HBB,oxidizer,other
DB09112,MB,oxidizer,other
DB09116,ALDH3B2,antagonist,inhibits
DB09116,ALDH2,inhibitor,inhibits
DB09116,ALDH1B1,inhibitor,inhibits
DB09116,ALDH1A1,inhibitor,inhibits
DB09118,GABRA1,agonist,activates
DB09118,GABRG3,modulator,other
DB09118,LDHA,inhibitor,inhibits
DB09118,LDHB,inhibitor,inhibits
DB09119,P2RX4,antagonist,inhibits
DB09120,TRPV1,agonist,activates
DB09121,ADCY1,nan,other
DB09121,ADCY2,nan,other
DB09121,ADCY5,nan,other
DB09122,IFNAR1,activator,activates
DB09123,PGR,agonist,activates
DB09123,AR,antagonist,inhibits
DB09124,PGR,ligand,other
DB09126,LHCGR,ligand,other
DB09128,HTR1A,partial agonist,activates
DB09128,DRD2,partial agonist,activates
DB09128,DRD3,partial agonist,activates
DB09128,HTR2A,antagonist,inhibits
DB09128,HTR2B,antagonist,inhibits
DB09128,HTR7,antagonist,inhibits
DB09128,ADRA1A,antagonist,inhibits
DB09128,ADRA1B,antagonist,inhibits
DB09128,ADRA1D,antagonist,inhibits
DB09128,ADRA2C,antagonist,inhibits
DB09128,HRH1,antagonist,inhibits
DB09128,CHRM1,antagonist,inhibits
DB09129,INSR,activator,activates
DB09130,APP,binder,other
DB09130,AHCY,allosteric modulator,other
DB09130,H2BC4,nan,other
DB09130,GAPDH,nan,other
DB09130,NME1,nan,other
DB09130,H1-4,nan,other
DB09130,PRDX1,nan,other
DB09130,S100A8,nan,other
DB09130,RPSA,nan,other
DB09130,ACTG1,nan,other
DB09130,ENO1,nan,other
DB09130,EEF1A1,nan,other
DB09130,KRT8,nan,other
DB09130,P4HB,nan,other
DB09130,PDIA3,nan,other
DB09130,HSPD1,nan,other
DB09130,HSPA13,nan,other
DB09130,HSPA5,nan,other
DB09130,HSP90B1,nan,other
DB09130,TF,nan,other
DB09130,RPS2,nan,other
DB09130,SRSF1,nan,other
DB09130,HNRNPA2B1,nan,other
DB09130,HNRNPH1,nan,other
DB09130,HNRNPH3,nan,other
DB09130,HNRNPL,nan,other
DB09130,SFPQ,nan,other
DB09130,SF3A2,nan,other
DB09130,RACK1,nan,other
DB09130,ACTN1,nan,other
DB09130,ACY1,nan,other
DB09130,ANXA4,nan,other
DB09130,ANXA5,nan,other
DB09130,CALR,nan,other
DB09130,PKM,nan,other
DB09130,AKR1A1,nan,other
DB09130,CYB5R3,nan,other
DB09130,GSR,nan,other
DB09130,TKT,nan,other
DB09130,PRDX2,nan,other
DB09130,PRDX6,nan,other
DB09130,PPIA,nan,other
DB09130,HSPA8,nan,other
DB09130,HSP90AA1,nan,other
DB09130,PTGES3,nan,other
DB09130,STIP1,nan,other
DB09130,EIF6,nan,other
DB09130,EIF4A1,nan,other
DB09130,GPI,nan,other
DB09130,LDHA,nan,other
DB09130,PGK1,nan,other
DB09130,TUBB,nan,other
DB09130,CFL1,nan,other
DB09130,YWHAB,nan,other
DB09130,GOT1,nan,other
DB09130,GSS,nan,other
DB09130,HDGF,nan,other
DB09130,IDH3A,nan,other
DB09130,CLIC1,nan,other
DB09130,PSME1,nan,other
DB09130,PEBP1,nan,other
DB09130,PGAM1,nan,other
DB09130,RANBP1,nan,other
DB09130,UGDH,nan,other
DB09130,B2M,nan,other
DB09130,SCO1,nan,other
DB09130,PRNP,nan,other
DB09130,GLRA1,nan,other
DB09130,HTT,nan,other
DB09130,NEIL1,nan,other
DB09130,NEIL2,nan,other
DB09130,HEPHL1,cofactor,other
DB09130,SERPINE1,nan,other
DB09130,S100A2,nan,other
DB09130,S100A4,nan,other
DB09130,SNCA,nan,other
DB09130,BDNF,cofactor,other
DB09130,PARK7,nan,other
DB09130,IAPP,nan,other
DB09130,TAC3,nan,other
DB09130,A1BG,nan,other
DB09130,AFM,nan,other
DB09130,AGT,nan,other
DB09130,AHSG,nan,other
DB09130,APCS,nan,other
DB09130,APOA1,nan,other
DB09130,APOA2,nan,other
DB09130,APOA4,nan,other
DB09130,APOBR,nan,other
DB09130,APOC2,nan,other
DB09130,APOC3,nan,other
DB09130,APOD,nan,other
DB09130,APOE,nan,other
DB09130,APOH,nan,other
DB09130,AZGP1,nan,other
DB09130,C1QC,nan,other
DB09130,C1S,nan,other
DB09130,C3,nan,other
DB09130,C4B,nan,other
DB09130,C4BPA,nan,other
DB09130,C5,nan,other
DB09130,C8B,nan,other
DB09130,C9,nan,other
DB09130,CFH,nan,other
DB09130,CFI,nan,other
DB09130,CLEC3B,nan,other
DB09130,CLU,nan,other
DB09130,F2,nan,other
DB09130,C1QBP,nan,other
DB09130,GSN,nan,other
DB09130,HBA1,nan,other
DB09130,HBB,nan,other
DB09130,CBX5,nan,other
DB09130,HPR,nan,other
DB09130,IGFALS,nan,other
DB09130,IGHG1,nan,other
DB09130,IGHG4,nan,other
DB09130,IGKV3-20,nan,other
DB09130,IGLL1,nan,other
DB09130,ITIH2,nan,other
DB09130,KNG1,nan,other
DB09130,KRT1,nan,other
DB09130,KRT10,nan,other
DB09130,KRT2,nan,other
DB09130,KRT9,nan,other
DB09130,LRG1,nan,other
DB09130,LUM,nan,other
DB09130,PGLYRP2,nan,other
DB09130,PLG,nan,other
DB09130,PON1,nan,other
DB09130,PPBP,nan,other
DB09130,SERPINA1,nan,other
DB09130,SERPINA4,nan,other
DB09130,SERPINA6,nan,other
DB09130,SERPINA7,nan,other
DB09130,SERPINC1,nan,other
DB09130,SERPIND1,nan,other
DB09130,SERPINF1,nan,other
DB09130,SERPINF2,nan,other
DB09130,SERPING1,nan,other
DB09130,TTR,nan,other
DB09130,VTN,nan,other
DB09130,APLP1,cofactor,other
DB09130,TUBA3C,nan,other
DB09131,PROC,nan,other
DB09131,CSTB,nan,other
DB09140,MT-CO1,agonist,activates
DB09140,NOX1,agonist,activates
DB09142,CCKAR,agonist,activates
DB09142,CCKBR,agonist,activates
DB09143,SMO,antagonist,inhibits
DB09147,FTL,binder,other
DB09147,HBA1,binder,other
DB09147,HBB,binder,other
DB09148,APP,binder,other
DB09149,APP,modulator,other
DB09151,APP,binder,other
DB09154,CA4,inhibitor,inhibits
DB09158,PTPN1,inhibitor,inhibits
DB09166,GABRA1,positive allosteric modulator,activates
DB09166,GABRA1,ligand,other
DB09166,PTAFR,antagonist,inhibits
DB09167,HTR1A,antagonist,inhibits
DB09167,HTR2A,antagonist,inhibits
DB09167,HRH1,antagonist,inhibits
DB09167,CHRM1,antagonist,inhibits
DB09167,CHRM2,antagonist,inhibits
DB09167,CHRM3,antagonist,inhibits
DB09167,CHRM4,antagonist,inhibits
DB09167,CHRM5,antagonist,inhibits
DB09167,ADRA2A,antagonist,inhibits
DB09167,ADRA1A,antagonist,inhibits
DB09167,SLC6A2,inhibitor,inhibits
DB09167,SLC6A4,inhibitor,inhibits
DB09173,OPRM1,agonist,activates
DB09173,OPRK1,agonist,activates
DB09173,OPRD1,agonist,activates
DB09174,OPRM1,inhibitor,inhibits
DB09174,OPRK1,inhibitor,inhibits
DB09174,OPRD1,inhibitor,inhibits
DB09181,OPRM1,agonist,activates
DB09185,SLC6A2,inhibitor,inhibits
DB09185,HTR2B,antagonist,inhibits
DB09185,HTR2C,agonist,activates
DB09185,ADRA1B,antagonist,inhibits
DB09185,ADRB2,antagonist,inhibits
DB09185,HRH1,antagonist,inhibits
DB09185,HRH2,antagonist,inhibits
DB09185,CHRM1,antagonist,inhibits
DB09185,CHRM2,antagonist,inhibits
DB09185,CHRM3,antagonist,inhibits
DB09185,CHRM4,antagonist,inhibits
DB09185,MAOA,inhibitor,inhibits
DB09185,MAOB,inhibitor,inhibits
DB09186,SLC6A2,inhibitor,inhibits
DB09186,SLC6A3,inhibitor,inhibits
DB09186,SLC6A4,inhibitor,inhibits
DB09194,HTR2A,antagonist,inhibits
DB09194,HTR2C,agonist,activates
DB09194,ADRA1A,antagonist,inhibits
DB09194,ADRA2A,antagonist,inhibits
DB09194,DRD2,antagonist,inhibits
DB09194,CHRM1,antagonist,inhibits
DB09195,HTR2A,antagonist,inhibits
DB09195,HTR2C,antagonist,inhibits
DB09195,ADRA1A,antagonist,inhibits
DB09195,ADRA2A,antagonist,inhibits
DB09195,HRH1,antagonist,inhibits
DB09195,SLC6A4,antagonist,inhibits
DB09196,HTR2A,inhibitor,inhibits
DB09196,SLC6A4,inhibitor,inhibits
DB09198,PPARA,agonist,activates
DB09198,PPARG,activator,activates
DB09199,PPARG,modulator,other
DB09200,PPARG,agonist,activates
DB09201,PPARG,agonist,activates
DB09202,ADRA1A,agonist,activates
DB09202,ADRA2C,agonist,activates
DB09202,ADRA1B,partial agonist,activates
DB09202,ADRA1D,partial agonist,activates
DB09202,ADRA2A,antagonist,inhibits
DB09203,ADRA1A,nan,other
DB09204,ADRB1,antagonist,inhibits
DB09204,ADRB2,antagonist,inhibits
DB09204,ADRA1A,antagonist,inhibits
DB09205,ADRA1D,modulator,other
DB09205,ADRA1A,antagonist,inhibits
DB09206,ADRA1D,modulator,other
DB09207,DRD2,antagonist,inhibits
DB09207,DRD3,antagonist,inhibits
DB09207,nan,antagonist,inhibits
DB09209,OPRM1,antagonist,inhibits
DB09209,OPRK1,antagonist,inhibits
DB09209,OPRD1,antagonist,inhibits
DB09211,PTGER2,agonist,activates
DB09211,PTGER1,agonist,activates
DB09211,PTGER3,agonist,activates
DB09211,PTGER4,nan,other
DB09212,PTGS2,antagonist,inhibits
DB09212,PTGS1,antagonist,inhibits
DB09213,PTGS2,inhibitor,inhibits
DB09213,PTGS1,inhibitor,inhibits
DB09213,BCL2,negative modulator,inhibits
DB09213,THBD,modulator,other
DB09213,PLAT,modulator,other
DB09213,FABP2,binder,other
DB09213,PPARG,activator,activates
DB09213,CFTR,inhibitor,inhibits
DB09213,SLC15A1,nan,other
DB09213,PPARA,nan,other
DB09213,GP1BA,nan,other
DB09213,S100A7,nan,other
DB09214,PTGS1,antagonist,inhibits
DB09214,PTGS2,antagonist,inhibits
DB09215,PTGS1,inhibitor,inhibits
DB09215,PTGS2,inhibitor,inhibits
DB09216,PTGS1,antagonist,inhibits
DB09216,PTGS2,antagonist,inhibits
DB09217,PTGS2,inhibitor,inhibits
DB09220,ABCC9,activator,activates
DB09221,TNF,inhibitor,inhibits
DB09221,IL6,inhibitor,inhibits
DB09221,IL3,inhibitor,inhibits
DB09221,FLT1,agonist,activates
DB09221,NGF,agonist,activates
DB09221,PDGFRB,agonist,activates
DB09221,HSP90AA1,agonist,activates
DB09221,HSP90AB1,agonist,activates
DB09223,DRD2,antagonist,inhibits
DB09223,DRD3,antagonist,inhibits
DB09223,HTR2A,antagonist,inhibits
DB09224,DRD2,antagonist,inhibits
DB09225,DRD1,antagonist,inhibits
DB09225,DRD2,antagonist,inhibits
DB09225,HTR2A,antagonist,inhibits
DB09225,HTR7,antagonist,inhibits
DB09225,SLC6A2,antagonist,inhibits
DB09225,SLC6A4,antagonist,inhibits
DB09225,HTR6,antagonist,inhibits
DB09227,CACNA1C,antagonist,inhibits
DB09227,CACNA1G,antagonist,inhibits
DB09227,CACNA1H,antagonist,inhibits
DB09228,C1R,inhibitor,inhibits
DB09228,C1S,inhibitor,inhibits
DB09228,KLKB1,inhibitor,inhibits
DB09228,F12,inhibitor,inhibits
DB09228,F2,inhibitor,inhibits
DB09228,F11,inhibitor,inhibits
DB09228,PLAT,inhibitor,inhibits
DB09229,CACNA1C,antagonist,inhibits
DB09229,CACNA1D,antagonist,inhibits
DB09229,CACNA1F,antagonist,inhibits
DB09229,CACNA1S,antagonist,inhibits
DB09229,ADRA1A,agonist,activates
DB09229,CACNA1H,inhibitor,inhibits
DB09230,CACNB1,agonist,activates
DB09231,CACNA1C,antagonist,inhibits
DB09231,CACNA1B,antagonist,inhibits
DB09231,CACNA1G,antagonist,inhibits
DB09232,CACNA1B,antagonist,inhibits
DB09232,CACNA1C,antagonist,inhibits
DB09235,CACNA1C,blocker,inhibits
DB09235,CACNG1,inhibitor,inhibits
DB09235,CACNA1G,inhibitor,inhibits
DB09235,CACNA1H,inhibitor,inhibits
DB09235,CACNA1I,antagonist,inhibits
DB09235,CACNA1C,nan,other
DB09236,CACNA1C,antagonist,inhibits
DB09237,CACNA1C,antagonist,inhibits
DB09237,CACNA1D,antagonist,inhibits
DB09237,NOS3,agonist,activates
DB09237,NOS2,agonist,activates
DB09238,CACNA1C,blocker,inhibits
DB09238,CACNA1C,inhibitor,inhibits
DB09238,CACNA1D,inhibitor,inhibits
DB09238,CACNA1G,inhibitor,inhibits
DB09238,CACNA1H,inhibitor,inhibits
DB09238,CACNA1I,inhibitor,inhibits
DB09239,ADRA1A,antagonist,inhibits
DB09241,GUCY1A2,inhibitor,inhibits
DB09241,NOS1,inhibitor,inhibits
DB09242,ADRA2C,inhibitor,inhibits
DB09242,ADRA2B,inhibitor,inhibits
DB09242,ADRA2A,agonist,activates
DB09242,NISCH,agonist,activates
DB09244,MAOA,antagonist,inhibits
DB09244,HTR1A,antagonist,inhibits
DB09244,ADRA2A,antagonist,inhibits
DB09245,MAOB,inhibitor,inhibits
DB09245,MAOA,antagonist,inhibits
DB09256,TYMS,inhibitor,inhibits
DB09257,DPYD,inhibitor,inhibits
DB09258,F10,antagonist,inhibits
DB09258,SERPINC1,antagonist,inhibits
DB09258,SERPIND1,antagonist,inhibits
DB09262,CHRM1,antagonist,inhibits
DB09262,CHRM2,antagonist,inhibits
DB09262,CHRM3,antagonist,inhibits
DB09265,GLP1R,agonist,activates
DB09266,MRC1,ligand,other
DB09270,NDUFV3,cofactor,other
DB09270,SDHA,cofactor,other
DB09271,CHRM5,modulator,other
DB09272,OPRM1,agonist,activates
DB09272,OPRD1,antagonist,inhibits
DB09272,OPRK1,agonist,activates
DB09273,ADRB2,agonist,activates
DB09273,PDE2A,inhibitor,inhibits
DB09273,ADORA2A,antagonist,inhibits
DB09279,AGTR1,antagonist,inhibits
DB09280,CFTR,modulator,other
DB09282,GUCY1A2,agonist,activates
DB09283,FGFR3,inhibitor,inhibits
DB09283,PDE4A,inhibitor,inhibits
DB09283,PDGFRB,antagonist,inhibits
DB09285,PTGS1,modulator,other
DB09285,PTGS2,modulator,other
DB09285,ALOX5,antagonist,inhibits
DB09285,LTB4R,antagonist,inhibits
DB09285,TBXA2R,nan,other
DB09286,DRD2,antagonist,inhibits
DB09286,HTR2A,agonist,activates
DB09286,ADRA1A,antagonist,inhibits
DB09286,DRD4,antagonist,inhibits
DB09286,DRD1,antagonist,inhibits
DB09286,DRD3,nan,other
DB09286,HTR2B,nan,other
DB09286,ADRA2A,antagonist,inhibits
DB09288,PTGS1,antagonist,inhibits
DB09288,PTGS2,antagonist,inhibits
DB09288,TRPV1,antagonist,inhibits
DB09288,CNR1,antagonist,inhibits
DB09289,OPRM1,agonist,activates
DB09289,SLC6A4,inhibitor,inhibits
DB09289,GRIA1,modulator,other
DB09289,HTR1A,inhibitor,inhibits
DB09289,DRD3,agonist,activates
DB09290,HTR3A,antagonist,inhibits
DB09291,TACR1,antagonist,inhibits
DB09292,MME,antagonist,inhibits
DB09295,PTGS1,antagonist,inhibits
DB09295,PTGS2,antagonist,inhibits
DB09295,CLCNKA,antagonist,inhibits
DB09300,CHRM3,antagonist,inhibits
DB09300,CHRM5,modulator,other
DB09300,CHRM2,antagonist,inhibits
DB09301,BDNF,nan,other
DB09301,GDNF,nan,other
DB09301,VEGFA,nan,other
DB09301,CCL2,nan,other
DB09302,PCSK9,inhibitor,inhibits
DB09303,PCSK9,inhibitor,inhibits
DB09304,ADRA2A,antagonist,inhibits
DB09304,HTR1A,antagonist,inhibits
DB09310,F13B,nan,other
DB09317,ESR1,ligand,other
DB09318,ESR1,ligand,other
DB09327,DPYD,antagonist,inhibits
DB09327,TYMS,antagonist,inhibits
DB09329,VWF,binder,other
DB09330,EGFR,inhibitor,inhibits
DB09331,CD38,antibody,other
DB09332,F2,agonist,activates
DB09332,F7,agonist,activates
DB09332,F9,agonist,activates
DB09332,F10,agonist,activates
DB09332,PROC,agonist,activates
DB09332,GGCX,agonist,activates
DB09332,PROS1,agonist,activates
DB09333,DIO3,antagonist,inhibits
DB09334,MC2R,agonist,activates
DB09336,EPCAM,binder,other
DB09336,MS4A1,binder,other
DB09338,ALPL,antagonist,inhibits
DB09338,AQP1,nan,other
DB09338,SLC16A1,antagonist,inhibits
DB09342,SCN1A,blocker,inhibits
DB09343,TYMP,inhibitor,inhibits
DB09345,SCN1A,blocker,inhibits
DB09351,ADRB1,antagonist,inhibits
DB09352,TAAR1,modulator,other
DB09361,ALB,modulator,other
DB09363,SLC18A2,inhibitor,inhibits
DB09369,ESR1,agonist,activates
DB09371,ESR1,nan,other
DB09371,AR,nan,other
DB09371,SHBG,nan,other
DB09372,ANO1,blocker,inhibits
DB09383,NR3C1,modulator,other
DB09389,PGR,binder,other
DB09389,SRD5A1,inhibitor,inhibits
DB09389,AR,agonist,activates
DB09401,GUCY1A1,activator,activates
DB09409,GRIN1,ligand,other
DB09418,SLC5A5,inhibitor,inhibits
DB09421,TRHR,ligand,other
DB09422,PPARA,activator,activates
DB09456,INSR,agonist,activates
DB09456,IGF1R,activator,activates
DB09460,CA1,inhibitor,inhibits
DB09460,CA2,inhibitor,inhibits
DB09460,CA4,inhibitor,inhibits
DB09460,CA9,inhibitor,inhibits
DB09462,PPARD,agonist,activates
DB09462,PLA2G2E,nan,other
DB09462,ISYNA1,nan,other
DB09462,ADH1B,nan,other
DB09462,ITPR1,nan,other
DB09462,PAEP,nan,other
DB09462,NAGA,nan,other
DB09462,ARF1,nan,other
DB09462,PAPSS1,nan,other
DB09462,TRDMT1,nan,other
DB09462,GSTZ1,nan,other
DB09472,CA2,inhibitor,inhibits
DB09472,CA1,inhibitor,inhibits
DB09477,ACE,inhibitor,inhibits
DB09477,BDKRB1,nan,other
DB09481,GRIN1,blocker,inhibits
DB09488,HRH1,antagonist,inhibits
DB09517,FTL,binding,other
DB09517,HBB,binding,other
DB09517,HBA1,binding,other
DB09526,TYR,inhibitor,inhibits
DB09526,ITGB3,antagonist,inhibits
DB09526,ITGA2B,antagonist,inhibits
DB09526,CYSLTR1,activator,activates
DB09532,SCTR,ligand,other
DB09535,ESR1,nan,other
DB09535,ESR2,nan,other
DB09536,MARCO,nan,other
DB09539,SREBF1,inhibitor,inhibits
DB09543,TRPA1,activator,activates
DB09552,ATP6V1C1,inhibitor,inhibits
DB09555,HRH1,antagonist,inhibits
DB09559,EGFR,antagonist,inhibits
DB09564,INS,modulator,other
DB09564,INSR,agonist,activates
DB09564,IGF1R,activator,activates
DB09568,DGAT2,antagonist,inhibits
DB09568,HSD17B10,potentiator,activates
DB09568,ECHS1,potentiator,activates
DB09568,HADH,potentiator,activates
DB09568,ELOVL4,potentiator,activates
DB09568,LPL,stimulator,activates
DB09570,PSMB5,inhibitor,inhibits
DB10770,FLT1,agonist,activates
DB10770,IL6,agonist,activates
DB10770,IL1R1,agonist,activates
DB10770,TGFBR2,agonist,activates
DB10770,FGF1,agonist,activates
DB10770,IFNG,agonist,activates
DB10770,FGFR2,agonist,activates
DB10770,CSF2RA,agonist,activates
DB10770,PDGFRB,agonist,activates
DB10770,TGFB1,agonist,activates
DB10770,TNF,agonist,activates
DB10772,FGF1,agonist,activates
DB10772,EGFR,agonist,activates
DB10772,CSF2RA,agonist,activates
DB10772,IL1B,agonist,activates
DB10772,IL6,agonist,activates
DB10772,IFNG,agonist,activates
DB10772,PDGFRA,agonist,activates
DB10772,TGFBR2,agonist,activates
DB10772,TGFB1,agonist,activates
DB10772,TNF,agonist,activates
DB10772,VEGFA,agonist,activates
DB10772,FGFR2,agonist,activates
DB11059,SLC2A1,binder,other
DB11064,PGR,antagonist,inhibits
DB11064,AR,antagonist,inhibits
DB11064,ESR1,nan,other
DB11071,PTGS1,inhibitor,inhibits
DB11071,PTGS2,inhibitor,inhibits
DB11075,EPCAM,nan,other
DB11077,ENPP1,other,other
DB11077,HTATIP2,nan,other
DB11079,PTGS1,inhibitor,inhibits
DB11079,PTGS2,inhibitor,inhibits
DB11081,GLUD1,inactivator,inhibits
DB11085,CA12,inhibitor,inhibits
DB11085,CA2,inhibitor,inhibits
DB11085,CA14,inhibitor,inhibits
DB11085,PTGS1,inhibitor,inhibits
DB11085,TPO,nan,other
DB11087,NR1I2,nan,other
DB11090,KCNH2,agonist,activates
DB11091,PTPN1,inhibitor,inhibits
DB11093,CASR,agonist,activates
DB11093,CALR,ligand,other
DB11093,CIB1,ligand,other
DB11093,PDCD6,agonist,activates
DB11093,SRI,ligand,other
DB11093,CHP1,agonist,activates
DB11093,SPARC,ligand,other
DB11093,CANX,ligand,other
DB11093,FBN2,ligand,other
DB11093,S100B,ligand,other
DB11093,CASQ2,ligand,other
DB11093,RGN,ligand,other
DB11093,PEF1,ligand,other
DB11093,S100A6,ligand,other
DB11093,TPT1,ligand,other
DB11093,CIB2,ligand,other
DB11093,S100A13,ligand,other
DB11093,CASQ1,ligand,other
DB11093,NUCB1,ligand,other
DB11093,NUCB2,ligand,other
DB11093,FBN3,ligand,other
DB11093,GCA,ligand,other
DB11093,CADPS,agonist,activates
DB11093,CALM2,agonist,activates
DB11093,CALM3,agonist,activates
DB11093,S100A16,ligand,other
DB11093,CALB2,ligand,other
DB11093,CAPS,ligand,other
DB11093,CADPS2,agonist,activates
DB11093,CALR3,ligand,other
DB11093,NRXN1,agonist,activates
DB11093,NCS1,ligand,other
DB11093,CALM1,agonist,activates
DB11094,VDR,nan,other
DB11094,GC,nan,other
DB11113,PTGER3,agonist,activates
DB11113,PTGER4,agonist,activates
DB11117,CAPN1,other/unknown,other
DB11120,MAPK1,nan,other
DB11124,ADRA1A,agonist,activates
DB11124,ADRA1B,agonist,activates
DB11124,ADRA2A,agonist,activates
DB11124,ADRA2B,agonist,activates
DB11124,ADRA2C,agonist,activates
DB11124,ADRA1D,antagonist,inhibits
DB11124,ADRB1,agonist,activates
DB11124,ADRB2,agonist,activates
DB11124,ADRB3,agonist,activates
DB11130,OPRD1,agonist,activates
DB11130,OPRK1,agonist,activates
DB11130,OPRM1,agonist,activates
DB11131,TRPV1,agonist,activates
DB11132,MARCO,nan,other
DB11133,PPARG,ligand,other
DB11133,PPARA,activator,activates
DB11133,SREBF1,inhibitor,inhibits
DB11136,CYB5A,substrate,other
DB11145,METAP2,inhibitor,inhibits
DB11148,CACNG1,inhibitor,inhibits
DB11148,KCNJ1,antagonist,inhibits
DB11148,TRPA1,inhibitor,inhibits
DB11148,TRPV4,inhibitor,inhibits
DB11156,GPR35,nan,other
DB11156,CHRM1,antagonist,inhibits
DB11157,KRT2,antagonist,inhibits
DB11157,KRT12,antagonist,inhibits
DB11157,MAPK8IP1,agonist,activates
DB11160,DRD2,inhibitor,inhibits
DB11160,DRD5,inhibitor,inhibits
DB11160,DRD1,inhibitor,inhibits
DB11160,DRD4,inhibitor,inhibits
DB11166,F2,inhibitor,inhibits
DB11166,F10,inhibitor,inhibits
DB11181,CHRM1,antagonist,inhibits
DB11181,CHRM2,antagonist,inhibits
DB11181,CHRM3,antagonist,inhibits
DB11181,CHRM4,antagonist,inhibits
DB11181,CHRM5,antagonist,inhibits
DB11186,SIGMAR1,agonist,activates
DB11186,KCNH2,inhibitor,inhibits
DB11186,SCN1A,inhibitor,inhibits
DB11186,OPRK1,agonist,activates
DB11186,OPRM1,antagonist,inhibits
DB11193,TLR4,activator,activates
DB11201,PTGS1,antagonist,inhibits
DB11201,PTGS2,antagonist,inhibits
DB11217,TYR,inhibitor,inhibits
DB11219,PGR,antagonist,inhibits
DB11219,AR,antagonist,inhibits
DB11219,ESR2,nan,other
DB11219,ESR1,nan,other
DB11221,SHBG,binder,other
DB11235,HRH1,antagonist,inhibits
DB11235,CHRM1,antagonist,inhibits
DB11235,CHRM2,antagonist,inhibits
DB11235,CHRM3,antagonist,inhibits
DB11235,CHRM4,antagonist,inhibits
DB11235,CHRM5,antagonist,inhibits
DB11254,TYR,inhibitor,inhibits
DB11254,TOP1,inhibitor,inhibits
DB11254,TGM2,inhibitor,inhibits
DB11259,CYP1B1,inhibitor,inhibits
DB11259,STAT3,inhibitor,inhibits
DB11263,PKM,inhibitor,inhibits
DB11268,MAOB,inhibitor,inhibits
DB11273,HTR1A,antagonist,inhibits
DB11273,ADRB1,antagonist,inhibits
DB11273,ADRA1A,antagonist,inhibits
DB11274,HTR7,antagonist,inhibits
DB11274,HTR2B,agonist,activates
DB11274,DRD2,agonist,activates
DB11274,DRD1,partial agonist,activates
DB11274,DRD3,partial agonist,activates
DB11275,DRD1,agonist,activates
DB11278,ADRB1,agonist,activates
DB11278,ADRA2A,agonist,activates
DB11278,ADRA1A,agonist,activates
DB11288,TRPV3,activator,activates
DB11294,HLA-DRA,binder,other
DB11294,HLA-A,nan,other
DB11294,HLA-B,nan,other
DB11300,F11,activator,activates
DB11300,F13A1,activator,activates
DB11300,F13B,activator,activates
DB11300,FGA,activator,activates
DB11300,FGB,activator,activates
DB11300,FGG,activator,activates
DB11300,F5,activator,activates
DB11300,F8,activator,activates
DB11300,F2R,nan,other
DB11300,F2RL3,nan,other
DB11311,FGA,cleavage,other
DB11311,FGB,cleavage,other
DB11311,F13A1,agonist,activates
DB11311,CPB2,agonist,activates
DB11312,F5,inactivator,inhibits
DB11312,F8,inactivator,inhibits
DB11315,CHRM3,antagonist,inhibits
DB11315,CHRM2,antagonist,inhibits
DB11323,PTGS1,antagonist,inhibits
DB11323,PTGS2,antagonist,inhibits
DB11324,TRPV1,agonist,activates
DB11327,NOS2,antagonist,inhibits
DB11327,PTGS2,nan,other
DB11328,PROCR,antagonist,inhibits
DB11338,VCAM1,antagonist,inhibits
DB11338,CXCL10,nan,other
DB11338,COL1A1,nan,other
DB11338,CSF2RA,nan,other
DB11345,TRPV1,agonist,activates
DB11345,TRPV3,agonist,activates
DB11345,TRPA1,inhibitor,inhibits
DB11345,TRPM8,activator,activates
DB11348,CASR,agonist,activates
DB11348,CALR,ligand,other
DB11348,CIB1,ligand,other
DB11348,PDCD6,agonist,activates
DB11348,SRI,ligand,other
DB11348,CHP1,agonist,activates
DB11348,SPARC,ligand,other
DB11348,CANX,ligand,other
DB11348,FBN2,ligand,other
DB11348,S100B,ligand,other
DB11348,CASQ2,ligand,other
DB11348,RGN,ligand,other
DB11348,PEF1,ligand,other
DB11348,S100A6,ligand,other
DB11348,TPT1,ligand,other
DB11348,CIB2,ligand,other
DB11348,S100A13,ligand,other
DB11348,CASQ1,ligand,other
DB11348,NUCB1,ligand,other
DB11348,NUCB2,ligand,other
DB11348,FBN3,ligand,other
DB11348,GCA,ligand,other
DB11348,CADPS,agonist,activates
DB11348,CALM2,agonist,activates
DB11348,CALM3,agonist,activates
DB11348,S100A16,ligand,other
DB11348,CALB2,ligand,other
DB11348,CAPS,ligand,other
DB11348,CADPS2,agonist,activates
DB11348,CALR3,ligand,other
DB11348,NRXN1,agonist,activates
DB11348,NCS1,ligand,other
DB11348,CALM1,agonist,activates
DB11359,ALB,nan,other
DB11362,PTGIR,agonist,activates
DB11363,ALK,inhibitor,inhibits
DB11365,AQP3,inhibitor,inhibits
DB11366,IL2,modulator,other
DB11376,DRD3,inhibitor,inhibits
DB11376,DRD2,inhibitor,inhibits
DB11386,KCNH2,nan,other
DB11397,TF,nan,other
DB11397,BCHE,nan,other
DB11399,MTTP,inhibitor,inhibits
DB11421,CHRFAM7A,nan,other
DB11425,AR,inhibitor,inhibits
DB11428,ADRA2A,inhibitor,inhibits
DB11428,ADRA1B,inhibitor,inhibits
DB11428,ADRA1D,inhibitor,inhibits
DB11428,ADRA2B,inhibitor,inhibits
DB11428,ADRA1A,inhibitor,inhibits
DB11428,ADRA2C,inhibitor,inhibits
DB11429,AR,agonist,activates
DB11447,AR,nan,other
DB11466,IL4,inhibitor,inhibits
DB11466,ALOX5,inhibitor,inhibits
DB11477,ADRA2B,agonist,activates
DB11477,ADRA2C,agonist,activates
DB11477,ADRA2A,agonist,activates
DB11478,ESR1,nan,other
DB11478,SHBG,nan,other
DB11490,OPRK1,agonist,activates
DB11496,TPO,inhibitor,inhibits
DB11504,CHRM2,inhibitor,inhibits
DB11504,CHRM1,inhibitor,inhibits
DB11507,PTGER1,agonist,activates
DB11507,PTGFR,agonist,activates
DB11507,PTGER3,agonist,activates
DB11507,TBXA2R,agonist,activates
DB11507,PTGDR,agonist,activates
DB11519,TBXA2R,agonist,activates
DB11519,PTGER3,agonist,activates
DB11519,PTGFR,agonist,activates
DB11521,ACHE,inhibitor,inhibits
DB11526,SRC,inhibitor,inhibits
DB11541,ESR1,nan,other
DB11560,SLC22A12,inhibitor,inhibits
DB11560,SLC22A11,inhibitor,inhibits
DB11564,INSR,agonist,activates
DB11564,IGF1R,activator,activates
DB11567,INSR,nan,other
DB11567,IGF1R,activator,activates
DB11568,INSR,agonist,activates
DB11568,IGF1R,activator,activates
DB11569,IL17A,inhibitor,inhibits
DB11571,F5,activator,activates
DB11571,F8,activator,activates
DB11571,F11,activator,activates
DB11571,F13A1,activator,activates
DB11571,F13B,activator,activates
DB11571,FGA,activator,activates
DB11571,FGB,activator,activates
DB11571,FGG,activator,activates
DB11572,F5,activator,activates
DB11572,F8,activator,activates
DB11572,FGA,activator,activates
DB11572,FGB,activator,activates
DB11572,FGG,activator,activates
DB11577,ADRA1A,agonist,activates
DB11580,C5,inhibitor,inhibits
DB11581,BCL2,antagonist,inhibits
DB11582,GABRA1,inhibitor,inhibits
DB11582,GABRB2,inhibitor,inhibits
DB11582,GLRA2,inhibitor,inhibits
DB11582,GLRA3,inhibitor,inhibits
DB11582,GLRB,inhibitor,inhibits
DB11582,GABRG2,inhibitor,inhibits
DB11582,GABRA1,antagonist,inhibits
DB11582,GLRA1,antagonist,inhibits
DB11582,TNFSF11,antagonist,inhibits
DB11584,DRD1,agonist,activates
DB11587,ADRB2,agonist,activates
DB11588,MB,inhibitor,inhibits
DB11590,MTR,antagonist,inhibits
DB11590,SLC7A11,antagonist,inhibits
DB11590,FXYD2,antagonist,inhibits
DB11591,HRH1,antagonist,inhibits
DB11595,CD274,inhibitor,inhibits
DB11595,PDCD1,inhibitor,inhibits
DB11597,RHD,antibody,other
DB11598,SERPINC1,agonist,activates
DB11601,TLR2,ligand,other
DB11605,NR1H4,antagonist,inhibits
DB11605,NR1I2,partial agonist,activates
DB11605,PPARA,agonist,activates
DB11606,VWF,binding,other
DB11607,VWF,binding,other
DB11608,FCGRT,ligand,other
DB11611,ICAM1,inhibitor,inhibits
DB11611,ITGAL,antagonist,inhibits
DB11614,PTAFR,antagonist,inhibits
DB11614,HRH1,antagonist,inhibits
DB11617,TOP2A,inhibitor,inhibits
DB11617,TOP2B,inhibitor,inhibits
DB11619,PGR,antagonist,inhibits
DB11619,NR3C1,antagonist,inhibits
DB11619,AR,antagonist,inhibits
DB11619,GNRHR,antagonist,inhibits
DB11619,ESR1,antagonist,inhibits
DB11619,SHBG,antagonist,inhibits
DB11620,FDPS,inhibitor,inhibits
DB11623,MME,inhibitor,inhibits
DB11626,TNFRSF1A,agonist,activates
DB11626,TNFRSF1B,agonist,activates
DB11629,PTGER2,inhibitor,inhibits
DB11629,HMGCR,inhibitor,inhibits
DB11629,TBXA2R,inhibitor,inhibits
DB11629,PTGDR,inhibitor,inhibits
DB11629,PTGIR,inhibitor,inhibits
DB11629,PTGDR2,inhibitor,inhibits
DB11629,PTGFR,inhibitor,inhibits
DB11632,COMT,inhibitor,inhibits
DB11633,KCNH2,inhibitor,inhibits
DB11633,CACNA1C,inhibitor,inhibits
DB11633,KCNJ6,inhibitor,inhibits
DB11633,KCNJ9,inhibitor,inhibits
DB11633,KCNJ11,inhibitor,inhibits
DB11633,KCNA5,inhibitor,inhibits
DB11633,KCND3,inhibitor,inhibits
DB11633,KCNQ1,inhibitor,inhibits
DB11633,SCN5A,inhibitor,inhibits
DB11635,ABCB1,antagonist,inhibits
DB11638,ACTG1,ligand,other
DB11638,ALDH7A1,ligand,other
DB11638,ANXA2,ligand,other
DB11638,ATP5F1A,ligand,other
DB11638,ATP5MG,ligand,other
DB11638,ATP5PO,ligand,other
DB11638,CAST,ligand,other
DB11638,CCT3,ligand,other
DB11638,CFL1,ligand,other
DB11638,CLIC1,ligand,other
DB11638,CSRP1,ligand,other
DB11638,DPYSL2,ligand,other
DB11638,DSP,ligand,other
DB11638,EEF1A1,ligand,other
DB11638,ENO1,ligand,other
DB11638,FLNA,ligand,other
DB11638,FTO,ligand,other
DB11638,G6PD,ligand,other
DB11638,GAPDHS,ligand,other
DB11638,GPI,ligand,other
DB11638,HNRNPA2B1,ligand,other
DB11638,HNRNPD,ligand,other
DB11638,HNRNPK,ligand,other
DB11638,HP1BP3,ligand,other
DB11638,HSPB1,ligand,other
DB11638,IQGAP1,ligand,other
DB11638,KHSRP,ligand,other
DB11638,LDHA,ligand,other
DB11638,LDHB,ligand,other
DB11638,LGALS1,ligand,other
DB11638,MAP4,ligand,other
DB11638,MDH1,ligand,other
DB11638,NPEPPS,ligand,other
DB11638,PFN1,ligand,other
DB11638,PGK1,ligand,other
DB11638,PKM,ligand,other
DB11638,PPIA,ligand,other
DB11638,PRDX1,ligand,other
DB11638,RPL10,ligand,other
DB11638,RPL14,ligand,other
DB11638,RPL18,ligand,other
DB11638,RPL23A,ligand,other
DB11638,RPL35,ligand,other
DB11638,RPL4,ligand,other
DB11638,RPS13,ligand,other
DB11638,RPS17,ligand,other
DB11638,RPS18,ligand,other
DB11638,RPS19,ligand,other
DB11638,RPS28,ligand,other
DB11638,RPS5,ligand,other
DB11638,RPS6,ligand,other
DB11638,RPS8,ligand,other
DB11638,RPS9,ligand,other
DB11638,SF1,ligand,other
DB11638,SFPQ,ligand,other
DB11638,SNRPD2,ligand,other
DB11638,SRP14,ligand,other
DB11638,SRSF4,ligand,other
DB11638,TAGLN,ligand,other
DB11638,TAGLN2,ligand,other
DB11638,TPI1,ligand,other
DB11638,TPM1,ligand,other
DB11638,TUBA1A,ligand,other
DB11638,VIM,ligand,other
DB11638,ZYX,ligand,other
DB11638,HSPA8,ligand,other
DB11638,TUBB6,ligand,other
DB11638,TUBB4A,ligand,other
DB11638,TUBB,ligand,other
DB11638,ALDOA,ligand,other
DB11638,GAPDH,ligand,other
DB11638,CYCS,ligand,other
DB11638,PGAM1,ligand,other
DB11638,MYH9,ligand,other
DB11638,P4HB,ligand,other
DB11638,DDX5,ligand,other
DB11638,SHMT2,ligand,other
DB11638,DDX39B,ligand,other
DB11638,NPM1,ligand,other
DB11638,ALB,ligand,other
DB11639,BMPR2,ligand,other
DB11639,BMPR1A,ligand,other
DB11640,KCNA1,blocker,inhibits
DB11641,TUBB,inhibitor,inhibits
DB11642,HRH3,antagonist,inhibits
DB11642,KCNH2,blocker,inhibits
DB11644,TTR,chaperone,other
DB11645,ALOX5,inhibitor,inhibits
DB11647,MMP2,inhibitor,inhibits
DB11648,AKT1,modulator,other
DB11650,PDE4D,inhibitor,inhibits
DB11650,PDE4A,inhibitor,inhibits
DB11650,PDE4B,inhibitor,inhibits
DB11651,MTOR,modulator,other
DB11651,PIK3CG,modulator,other
DB11652,ERBB2,inhibitor,inhibits
DB11652,ERBB3,inhibitor,inhibits
DB11653,MC1R,agonist,activates
DB11653,MC4R,agonist,activates
DB11653,MC3R,agonist,activates
DB11653,MC5R,agonist,activates
DB11653,MC2R,agonist,activates
DB11655,CETP,inhibitor,inhibits
DB11656,FPR1,antagonist,inhibits
DB11658,PTGDR2,antagonist,inhibits
DB11660,PTGFR,agonist,activates
DB11662,CHEK1,modulator,other
DB11663,PIK3CG,inhibitor,inhibits
DB11665,KDR,inhibitor,inhibits
DB11665,EGFR,inhibitor,inhibits
DB11665,ERBB2,inhibitor,inhibits
DB11665,FLT3,inhibitor,inhibits
DB11666,PIK3CD,inhibitor,inhibits
DB11666,PIK3CG,inhibitor,inhibits
DB11666,PIK3CB,inhibitor,inhibits
DB11666,PIK3CA,inhibitor,inhibits
DB11669,TNF,inhibitor,inhibits
DB11671,KIF11,inhibitor,inhibits
DB11672,CYP3A4,inhibitor,inhibits
DB11672,NOS2,inhibitor,inhibits
DB11672,CA14,inhibitor,inhibits
DB11672,CA1,inhibitor,inhibits
DB11672,MMP13,inhibitor,inhibits
DB11672,DNMT3B,inhibitor,inhibits
DB11672,XDH,inhibitor,inhibits
DB11672,PTGS1,inhibitor,inhibits
DB11672,MMP9,inhibitor,inhibits
DB11672,PTGS2,inhibitor,inhibits
DB11672,CA4,inhibitor,inhibits
DB11672,APP,inhibitor,inhibits
DB11672,CA2,inhibitor,inhibits
DB11672,CA12,inhibitor,inhibits
DB11672,CA6,inhibitor,inhibits
DB11672,CA9,inhibitor,inhibits
DB11672,PPARG,nan,other
DB11672,VDR,nan,other
DB11672,ABCC5,inhibitor,inhibits
DB11672,CBR1,nan,other
DB11672,GSTP1,nan,other
DB11673,AGER,inhibitor,inhibits
DB11674,ESR2,agonist,activates
DB11674,SHBG,nan,other
DB11675,HTR4,agonist,activates
DB11679,FLT1,inhibitor,inhibits
DB11679,KDR,inhibitor,inhibits
DB11679,FLT4,inhibitor,inhibits
DB11681,PDE4B,inhibitor,inhibits
DB11681,PDE4D,inhibitor,inhibits
DB11681,PDE4A,inhibitor,inhibits
DB11682,EGLN1,inhibitor,inhibits
DB11682,EGLN2,inhibitor,inhibits
DB11682,EGLN3,inhibitor,inhibits
DB11684,TP53,stimulator,activates
DB11689,MAP2K1,inhibitor,inhibits
DB11689,MAP2K2,inhibitor,inhibits
DB11691,OPRM1,antagonist,inhibits
DB11691,OPRD1,antagonist,inhibits
DB11691,OPRK1,antagonist,inhibits
DB11692,TACR3,antagonist,inhibits
DB11693,CAMLG,binder,other
DB11693,PPP3CA,inhibitor,inhibits
DB11693,PPP3R1,inhibitor,inhibits
DB11693,PPP3R2,inhibitor,inhibits
DB11694,AURKA,modulator,other
DB11694,AURKB,modulator,other
DB11694,AURKC,modulator,other
DB11697,JAK3,modulator,other
DB11697,JAK2,inhibitor,inhibits
DB11697,FLT3,inhibitor,inhibits
DB11698,SLC5A2,modulator,other
DB11699,HTR3A,antagonist,inhibits
DB11700,MC4R,agonist,activates
DB11703,BTK,inhibitor,inhibits
DB11704,GCGR,antagonist,inhibits
DB11706,SCN9A,inhibitor,inhibits
DB11708,JAK3,inhibitor,inhibits
DB11708,JAK1,inhibitor,inhibits
DB11712,CFTR,positive allosteric modulator,activates
DB11714,CD274,inhibitor,inhibits
DB11714,PDCD1,inhibitor,inhibits
DB11717,IDO1,inhibitor,inhibits
DB11718,BRAF,inhibitor,inhibits
DB11718,CCND1,inhibitor,inhibits
DB11718,RAF1,inhibitor,inhibits
DB11718,MAPK8,inhibitor,inhibits
DB11718,MAPK9,inhibitor,inhibits
DB11718,MAPK10,inhibitor,inhibits
DB11718,LIMK1,inhibitor,inhibits
DB11718,LIMK2,inhibitor,inhibits
DB11718,MAP2K4,inhibitor,inhibits
DB11718,STK36,inhibitor,inhibits
DB11720,MAS1,agonist,activates
DB11721,INSR,modulator,other
DB11723,DPP4,inhibitor,inhibits
DB11724,GRPR,agonist,activates
DB11724,BRS3,agonist,activates
DB11724,NMBR,agonist,activates
DB11725,HTR6,inhibitor,inhibits
DB11725,HRH1,inhibitor,inhibits
DB11726,CHRNA7,partial agonist,activates
DB11729,SLC10A2,modulator,other
DB11730,CDK4,antagonist,inhibits
DB11730,CDK6,antagonist,inhibits
DB11731,TUBB,nucleotide exchange blocker,inhibits
DB11731,EGFR,antibody,other
DB11731,CD19,regulator,other
DB11732,HTR1F,agonist,activates
DB11734,AVPR2,inhibitor,inhibits
DB11736,PDE5A,inhibitor,inhibits
DB11737,EGFR,antagonist,inhibits
DB11738,ADRA2C,modulator,other
DB11738,ADRA2A,nan,other
DB11739,ATP4A,inhibitor,inhibits
DB11740,WEE1,inhibitor,inhibits
DB11741,PDGFRA,inhibitor,inhibits
DB11741,FLT3,inhibitor,inhibits
DB11741,KIT,inhibitor,inhibits
DB11741,PDGFRB,inhibitor,inhibits
DB11741,FLT1,inhibitor,inhibits
DB11741,FLT4,inhibitor,inhibits
DB11741,KDR,inhibitor,inhibits
DB11743,AKT1,inhibitor,inhibits
DB11745,CNR1,antagonist,inhibits
DB11750,PLA2G1B,inhibitor,inhibits
DB11752,PRKCE,activator,activates
DB11752,PRKCA,activator,activates
DB11752,CASP8,inhibitor,inhibits
DB11752,PRKD1,activator,activates
DB11752,CD86,inducer,activates
DB11752,PTGS2,inducer,activates
DB11752,CCND1,inhibitor,inhibits
DB11752,TNF,inducer,activates
DB11755,TRPV3,activator,activates
DB11755,CNR1,antagonist,inhibits
DB11755,GPR55,partial agonist,activates
DB11755,HTR1A,agonist,activates
DB11755,TRPV2,agonist,activates
DB11755,TRPM8,antagonist,inhibits
DB11755,TRPA1,agonist,activates
DB11755,CNR2,partial agonist,activates
DB11757,ADORA2A,antagonist,inhibits
DB11757,ADORA1,antagonist,inhibits
DB11758,CCR5,modulator,other
DB11758,CCR2,inhibitor,inhibits
DB11759,UBA3,modulator,other
DB11759,NEDD8,inhibitor,inhibits
DB11759,NAE1,modulator,other
DB11760,PARP1,inhibitor,inhibits
DB11760,PARP2,inhibitor,inhibits
DB11761,SLC9A3,inhibitor,inhibits
DB11763,JAK1,inhibitor,inhibits
DB11763,JAK2,inhibitor,inhibits
DB11763,JAK3,inhibitor,inhibits
DB11763,TYK2,inhibitor,inhibits
DB11763,ACVR1,inhibitor,inhibits
DB11763,FLT3,inhibitor,inhibits
DB11764,BTK,inhibitor,inhibits
DB11765,GCK,activator,activates
DB11767,IL6R,antagonist,inhibits
DB11767,FCGR1A,unknown,other
DB11767,FCGR2A,unknown,other
DB11767,FCGR2B,unknown,other
DB11767,FCGR3A,unknown,other
DB11767,FCGR3B,unknown,other
DB11769,SCN9A,inhibitor,inhibits
DB11771,CTLA4,inhibitor,inhibits
DB11772,PIK3CA,nan,other
DB11773,GPR119,modulator,other
DB11775,PAK4,inhibitor,inhibits
DB11776,IL17RA,inhibitor,inhibits
DB11778,AURKC,inhibitor,inhibits
DB11778,AURKA,inhibitor,inhibits
DB11778,AURKB,inhibitor,inhibits
DB11781,NPEPPS,inhibitor,inhibits
DB11781,LTA4H,nan,other
DB11782,XIAP,modulator,other
DB11782,BIRC2,modulator,other
DB11783,ACE,modulator,other
DB11785,ADRB1,modulator,other
DB11790,SLC6A3,inhibitor,inhibits
DB11790,SLC6A2,inhibitor,inhibits
DB11791,MET,inhibitor,inhibits
DB11793,PARP1,inhibitor,inhibits
DB11793,PARP2,inhibitor,inhibits
DB11794,ATR,inhibitor,inhibits
DB11795,PIK3CB,inhibitor,inhibits
DB11798,MAPK8,modulator,other
DB11798,MAPK9,modulator,other
DB11798,MAPK10,modulator,other
DB11800,FLT1,inhibitor,inhibits
DB11800,KDR,inhibitor,inhibits
DB11800,FLT4,inhibitor,inhibits
DB11800,KIT,inhibitor,inhibits
DB11800,PDGFRB,inhibitor,inhibits
DB11800,FLT3,inhibitor,inhibits
DB11800,PDGFRA,inhibitor,inhibits
DB11800,PTK6,nan,other
DB11800,TEK,nan,other
DB11800,FGFR1,inhibitor,inhibits
DB11800,MET,inhibitor,inhibits
DB11805,SRC,modulator,other
DB11805,ABL1,modulator,other
DB11806,RXRG,modulator,other
DB11807,CHRNB2,antagonist,inhibits
DB11811,PPARG,agonist,activates
DB11813,FOLH1,inhibitor,inhibits
DB11814,NR3C2,modulator,other
DB11815,NOS3,modulator,other
DB11816,MYBPC3,modulator,other
DB11817,JAK1,inhibitor,inhibits
DB11817,JAK2,inhibitor,inhibits
DB11817,JAK3,inhibitor,inhibits
DB11817,TYK2,inhibitor,inhibits
DB11818,OXTR,modulator,other
DB11819,S1PR1,modulator,other
DB11819,S1PR5,modulator,other
DB11823,GRIN1,antagonist,inhibits
DB11823,GRIN2B,antagonist,inhibits
DB11823,EEF2,inhibitor,inhibits
DB11823,BDNF,agonist,activates
DB11823,NTRK2,nan,other
DB11825,CACNA2D1,modulator,other
DB11827,SLC5A2,inhibitor,inhibits
DB11828,KDR,inhibitor,inhibits
DB11828,ERBB2,inhibitor,inhibits
DB11828,EGFR,inhibitor,inhibits
DB11829,PDF,inhibitor,inhibits
DB11829,PRKCB,inhibitor,inhibits
DB11830,HDAC1,inhibitor,inhibits
DB11830,HDAC3,nan,other
DB11830,HDAC2,nan,other
DB11831,MGMT,nan,other
DB11831,GSTP1,nan,other
DB11832,PDGFRA,modulator,other
DB11832,SRC,inhibitor,inhibits
DB11833,GRM5,antagonist,inhibits
DB11834,IL23A,blocker,inhibits
DB11836,MTOR,inhibitor,inhibits
DB11837,CYP11B1,inhibitor,inhibits
DB11837,CYP11B2,inhibitor,inhibits
DB11838,PDE4D,inhibitor,inhibits
DB11838,PDE4B,inhibitor,inhibits
DB11838,PDE4A,inhibitor,inhibits
DB11839,F2R,antagonist,inhibits
DB11840,IGF1R,antibody,other
DB11841,HDAC1,inhibitor,inhibits
DB11842,AGTR2,inhibitor,inhibits
DB11842,AGTR1,agonist,activates
DB11845,FGFR1,inhibitor,inhibits
DB11845,FGFR2,inhibitor,inhibits
DB11845,KDR,inhibitor,inhibits
DB11845,PDGFRA,inhibitor,inhibits
DB11845,FGFR3,inhibitor,inhibits
DB11845,FLT4,inhibitor,inhibits
DB11845,PDGFRB,inhibitor,inhibits
DB11845,FLT1,inhibitor,inhibits
DB11848,IGF2R,modulator,other
DB11850,MS4A1,binder,other
DB11851,LYN,modulator,other
DB11853,GNRHR,antagonist,inhibits
DB11855,CHRM1,antagonist,inhibits
DB11856,IGHE,antibody,other
DB11858,CYSLTR1,agonist,activates
DB11858,CYSLTR2,agonist,activates
DB11859,GABRD,inhibitor,inhibits
DB11859,GABRG3,modulator,other
DB11859,GABRA1,positive allosteric modulator,activates
DB11859,GABRG2,inhibitor,inhibits
DB11859,GABRA1,inhibitor,inhibits
DB11859,GABRB2,inhibitor,inhibits
DB11861,KIF11,modulator,other
DB11863,ELANE,inhibitor,inhibits
DB11864,ADORA2A,antagonist,inhibits
DB11865,FGFR3,inhibitor,inhibits
DB11866,SOST,inhibitor,inhibits
DB11867,CHRNA7,modulator,other
DB11869,F10,inhibitor,inhibits
DB11870,APH1B,modulator,other
DB11870,NCSTN,modulator,other
DB11870,APH1A,modulator,other
DB11870,PSENEN,modulator,other
DB11870,PSEN1,modulator,other
DB11871,ADRB2,agonist,activates
DB11873,SLC22A12,modulator,other
DB11877,GABRA5,modulator,other
DB11883,TRPV1,blocker,inhibits
DB11884,CD33,antagonist,inhibits
DB11885,SRC,inhibitor,inhibits
DB11886,FGFR1,inhibitor,inhibits
DB11886,FGFR2,inhibitor,inhibits
DB11886,FGFR3,inhibitor,inhibits
DB11886,FGFR4,inhibitor,inhibits
DB11891,PIK3CG,modulator,other
DB11893,APH1A,modulator,other
DB11893,NCSTN,modulator,other
DB11893,APH1B,modulator,other
DB11893,PSENEN,modulator,other
DB11893,PSEN1,modulator,other
DB11894,PPARG,agonist,activates
DB11896,MTOR,modulator,other
DB11896,PIK3CG,modulator,other
DB11898,PPARG,agonist,activates
DB11899,CHEK1,inhibitor,inhibits
DB11900,PTGDR2,antagonist,inhibits
DB11901,AR,antagonist,inhibits
DB11901,GABRA1,antagonist,inhibits
DB11902,PDE5A,inhibitor,inhibits
DB11903,CNR2,agonist,activates
DB11904,ABL1,inhibitor,inhibits
DB11906,GNRHR,inhibitor,inhibits
DB11907,EGFR,modulator,other
DB11909,PLA2G1B,other/unknown,other
DB11910,HRH3,agonist,activates
DB11911,TGFBR1,modulator,other
DB11911,TGFB1,inhibitor,inhibits
DB11913,GSK3A,modulator,other
DB11913,GSK3B,modulator,other
DB11914,IL13,antibody,other
DB11915,SLC18A2,inhibitor,inhibits
DB11918,DNMT1,inhibitor,inhibits
DB11919,MGMT,inhibitor,inhibits
DB11920,GABBR1,modulator,other
DB11920,GABBR2,modulator,other
DB11921,NR3C1,agonist,activates
DB11922,CXCR2,modulator,other
DB11923,GRM3,modulator,other
DB11923,GRM2,modulator,other
DB11925,MAPKAP1,inhibitor,inhibits
DB11925,MTOR,inhibitor,inhibits
DB11928,NPR2,agonist,activates
DB11934,OXTR,antagonist,inhibits
DB11936,ACLY,inhibitor,inhibits
DB11937,GRIN1,inhibitor,inhibits
DB11937,GRIN2B,inhibitor,inhibits
DB11937,GRIN2A,inhibitor,inhibits
DB11937,AHR,nan,other
DB11937,GPR35,nan,other
DB11938,OPRK1,agonist,activates
DB11940,RRM2,modulator,other
DB11942,XPO1,inhibitor,inhibits
DB11945,CD274,inhibitor,inhibits
DB11946,PTGDR2,antagonist,inhibits
DB11947,DRD2,modulator,other
DB11948,TOP1,modulator,other
DB11948,RBP3,nan,other
DB11949,TACR1,antagonist,inhibits
DB11950,DPP4,modulator,other
DB11951,HCRTR1,antagonist,inhibits
DB11951,HCRTR2,antagonist,inhibits
DB11952,PIK3CG,inhibitor,inhibits
DB11952,PIK3CD,inhibitor,inhibits
DB11953,PDE9A,inhibitor,inhibits
DB11958,KDR,modulator,other
DB11960,CHRM5,modulator,other
DB11961,MMP12,inhibitor,inhibits
DB11962,MTOR,inhibitor,inhibits
DB11962,PIK3CG,inhibitor,inhibits
DB11962,PIK3C3,inhibitor,inhibits
DB11963,ERBB4,antagonist,inhibits
DB11963,ERBB2,antagonist,inhibits
DB11963,EGFR,inhibitor,inhibits
DB11967,MAP2K2,inhibitor,inhibits
DB11967,MAP2K1,inhibitor,inhibits
DB11969,AKT3,modulator,other
DB11970,CXCR4,inhibitor,inhibits
DB11971,PGR,antagonist,inhibits
DB11973,EPHB4,modulator,other
DB11973,EGF,nan,other
DB11973,ERBB2,nan,other
DB11974,MTOR,modulator,other
DB11974,PIK3CG,modulator,other
DB11975,KISS1,modulator,other
DB11976,IFNAR1,inhibitor,inhibits
DB11977,KDR,modulator,other
DB11977,MET,modulator,other
DB11978,SMO,inhibitor,inhibits
DB11978,MTOR,inhibitor,inhibits
DB11979,GNRHR,antagonist,inhibits
DB11984,F10,inhibitor,inhibits
DB11986,ALK,inhibitor,inhibits
DB11986,NTRK1,inhibitor,inhibits
DB11986,NTRK3,inhibitor,inhibits
DB11986,ROS1,inhibitor,inhibits
DB11986,NTRK2,inhibitor,inhibits
DB11986,JAK2,inhibitor,inhibits
DB11986,TNK2,nan,other
DB11987,S1PR1,agonist,activates
DB11988,MS4A1,antagonist,inhibits
DB11990,CCR2,antagonist,inhibits
DB11992,DPP4,modulator,other
DB11993,SLC6A9,inhibitor,inhibits
DB11994,IL1B,inhibitor,inhibits
DB11994,NR1H3,inhibitor,inhibits
DB11994,NR1H2,inhibitor,inhibits
DB11994,ALOX5,inhibitor,inhibits
DB11994,CYP1A2,inhibitor,inhibits
DB11994,CYP3A4,inhibitor,inhibits
DB11994,CYP2E1,inhibitor,inhibits
DB11994,CYP2C9,inhibitor,inhibits
DB11994,CYP2D6,inhibitor,inhibits
DB11995,MPL,agonist,activates
DB11999,TOP2A,modulator,other
DB11999,TOP2B,modulator,other
DB12001,CDK4,inhibitor,inhibits
DB12001,CDK6,inhibitor,inhibits
DB12004,CCND1,inhibitor,inhibits
DB12005,APH1B,modulator,other
DB12005,NCSTN,modulator,other
DB12005,PSEN1,inhibitor,inhibits
DB12005,PSENEN,modulator,other
DB12005,APH1A,modulator,other
DB12005,PSEN2,inhibitor,inhibits
DB12007,PPARA,agonist,activates
DB12007,PPARG,agonist,activates
DB12008,CHEK1,inhibitor,inhibits
DB12009,PTGS2,inhibitor,inhibits
DB12010,SYK,inhibitor,inhibits
DB12010,ADORA3,antagonist,inhibits
DB12010,SLC18A2,inhibitor,inhibits
DB12010,FAAH,inhibitor,inhibits
DB12010,SLC29A1,inhibitor,inhibits
DB12010,UGT1A1,inhibitor,inhibits
DB12010,PDE5A,inhibitor,inhibits
DB12010,ALOX5,inhibitor,inhibits
DB12010,CTSS,inhibitor,inhibits
DB12010,CTSL,inhibitor,inhibits
DB12010,ABL1,inhibitor,inhibits
DB12010,RPS6KA6,inhibitor,inhibits
DB12010,TYK2,inhibitor,inhibits
DB12010,COQ8A,inhibitor,inhibits
DB12010,JAK1,inhibitor,inhibits
DB12010,MET,inhibitor,inhibits
DB12010,NIM1K,inhibitor,inhibits
DB12010,STK26,inhibitor,inhibits
DB12010,PRKACA,inhibitor,inhibits
DB12010,STK24,inhibitor,inhibits
DB12010,STK3,inhibitor,inhibits
DB12010,TEC,inhibitor,inhibits
DB12010,STK33,inhibitor,inhibits
DB12010,STK35,inhibitor,inhibits
DB12010,STK36,inhibitor,inhibits
DB12010,STK38,inhibitor,inhibits
DB12010,STK38L,inhibitor,inhibits
DB12010,STK39,inhibitor,inhibits
DB12010,TAOK1,inhibitor,inhibits
DB12010,TAOK2,inhibitor,inhibits
DB12010,TAOK3,inhibitor,inhibits
DB12010,TBK1,inhibitor,inhibits
DB12010,TEK,inhibitor,inhibits
DB12010,TESK1,inhibitor,inhibits
DB12010,TGFBR1,inhibitor,inhibits
DB12010,TGFBR2,inhibitor,inhibits
DB12010,TIE1,inhibitor,inhibits
DB12010,TLK1,inhibitor,inhibits
DB12010,TLK2,inhibitor,inhibits
DB12010,TNIK,inhibitor,inhibits
DB12010,TNK1,inhibitor,inhibits
DB12010,TNK2,inhibitor,inhibits
DB12010,TNNI3K,inhibitor,inhibits
DB12010,TSSK1B,inhibitor,inhibits
DB12010,TTK,inhibitor,inhibits
DB12010,TXK,inhibitor,inhibits
DB12010,TYRO3,inhibitor,inhibits
DB12010,ULK1,inhibitor,inhibits
DB12010,ULK2,inhibitor,inhibits
DB12010,ULK3,inhibitor,inhibits
DB12010,WEE1,inhibitor,inhibits
DB12010,YES1,inhibitor,inhibits
DB12010,MAP3K19,inhibitor,inhibits
DB12010,MAP3K20,inhibitor,inhibits
DB12010,ZAP70,inhibitor,inhibits
DB12010,AAK1,inhibitor,inhibits
DB12010,ABL2,inhibitor,inhibits
DB12010,ACVR1,inhibitor,inhibits
DB12010,ACVR1B,inhibitor,inhibits
DB12010,COQ8B,inhibitor,inhibits
DB12010,ALK,inhibitor,inhibits
DB12010,ANKK1,inhibitor,inhibits
DB12010,AURKA,inhibitor,inhibits
DB12010,AURKB,inhibitor,inhibits
DB12010,AURKC,inhibitor,inhibits
DB12010,AXL,inhibitor,inhibits
DB12010,BLK,inhibitor,inhibits
DB12010,BMP2K,inhibitor,inhibits
DB12010,BMPR1B,inhibitor,inhibits
DB12010,BMPR2,inhibitor,inhibits
DB12010,BMX,inhibitor,inhibits
DB12010,BRAF,inhibitor,inhibits
DB12010,BTK,inhibitor,inhibits
DB12010,CAMK1,inhibitor,inhibits
DB12010,CAMK1D,inhibitor,inhibits
DB12010,CAMK1G,inhibitor,inhibits
DB12010,CAMK2A,inhibitor,inhibits
DB12010,CAMK2B,inhibitor,inhibits
DB12010,CAMK2D,inhibitor,inhibits
DB12010,CAMK2G,inhibitor,inhibits
DB12010,CAMKK1,inhibitor,inhibits
DB12010,CAMKK2,inhibitor,inhibits
DB12010,CASK,inhibitor,inhibits
DB12010,CSN3,inhibitor,inhibits
DB12010,CDK1,inhibitor,inhibits
DB12010,CDC42BPG,inhibitor,inhibits
DB12010,CDK4,inhibitor,inhibits
DB12010,CDKL1,inhibitor,inhibits
DB12010,CDKL2,inhibitor,inhibits
DB12010,CHEK1,inhibitor,inhibits
DB12010,CHEK2,inhibitor,inhibits
DB12010,CIT,inhibitor,inhibits
DB12010,CLK1,inhibitor,inhibits
DB12010,CLK2,inhibitor,inhibits
DB12010,CLK3,inhibitor,inhibits
DB12010,CLK4,inhibitor,inhibits
DB12010,CSF1R,inhibitor,inhibits
DB12010,CSK,inhibitor,inhibits
DB12010,CSNK1A1,inhibitor,inhibits
DB12010,CSNK2A1,inhibitor,inhibits
DB12010,CSNK2A2,inhibitor,inhibits
DB12010,DAPK1,inhibitor,inhibits
DB12010,DAPK2,inhibitor,inhibits
DB12010,DAPK3,inhibitor,inhibits
DB12010,DCLK1,inhibitor,inhibits
DB12010,DCLK2,inhibitor,inhibits
DB12010,DCLK3,inhibitor,inhibits
DB12010,DDR1,inhibitor,inhibits
DB12010,DDR2,inhibitor,inhibits
DB12010,DYRK1A,inhibitor,inhibits
DB12010,DYRK1B,inhibitor,inhibits
DB12010,EGFR,inhibitor,inhibits
DB12010,EIF2AK1,inhibitor,inhibits
DB12010,EIF2AK2,inhibitor,inhibits
DB12010,EIF2AK4,inhibitor,inhibits
DB12010,EPHA1,inhibitor,inhibits
DB12010,EPHA2,inhibitor,inhibits
DB12010,EPHA3,inhibitor,inhibits
DB12010,EPHA4,inhibitor,inhibits
DB12010,EPHA5,inhibitor,inhibits
DB12010,EPHA6,inhibitor,inhibits
DB12010,EPHA7,inhibitor,inhibits
DB12010,EPHA8,inhibitor,inhibits
DB12010,EPHB1,inhibitor,inhibits
DB12010,EPHB2,inhibitor,inhibits
DB12010,EPHB4,inhibitor,inhibits
DB12010,EPHB6,inhibitor,inhibits
DB12010,ERBB2,inhibitor,inhibits
DB12010,ERBB4,inhibitor,inhibits
DB12010,ERN1,inhibitor,inhibits
DB12010,FER,inhibitor,inhibits
DB12010,FES,inhibitor,inhibits
DB12010,FGFR1,inhibitor,inhibits
DB12010,FGFR2,inhibitor,inhibits
DB12010,FGFR3,inhibitor,inhibits
DB12010,FGR,inhibitor,inhibits
DB12010,FLT1,inhibitor,inhibits
DB12010,FLT3,inhibitor,inhibits
DB12010,FLT4,inhibitor,inhibits
DB12010,MTOR,inhibitor,inhibits
DB12010,FRK,inhibitor,inhibits
DB12010,FYN,inhibitor,inhibits
DB12010,GAK,inhibitor,inhibits
DB12010,GSK3A,inhibitor,inhibits
DB12010,GSK3B,inhibitor,inhibits
DB12010,HCK,inhibitor,inhibits
DB12010,HIPK2,inhibitor,inhibits
DB12010,HIPK3,inhibitor,inhibits
DB12010,CILK1,inhibitor,inhibits
DB12010,IKBKB,inhibitor,inhibits
DB12010,IKBKE,inhibitor,inhibits
DB12010,INSR,inhibitor,inhibits
DB12010,INSRR,inhibitor,inhibits
DB12010,IRAK1,inhibitor,inhibits
DB12010,IRAK3,inhibitor,inhibits
DB12010,IRAK4,inhibitor,inhibits
DB12010,ITK,inhibitor,inhibits
DB12010,JAK2,inhibitor,inhibits
DB12010,JAK3,inhibitor,inhibits
DB12010,KDR,inhibitor,inhibits
DB12010,SIK3,inhibitor,inhibits
DB12010,KIT,inhibitor,inhibits
DB12010,LATS1,inhibitor,inhibits
DB12010,LCK,inhibitor,inhibits
DB12010,LIMK1,inhibitor,inhibits
DB12010,LIMK2,inhibitor,inhibits
DB12010,LRRK2,inhibitor,inhibits
DB12010,LTK,inhibitor,inhibits
DB12010,LYN,inhibitor,inhibits
DB12010,MAP2K2,inhibitor,inhibits
DB12010,MAP2K3,inhibitor,inhibits
DB12010,MAP2K5,inhibitor,inhibits
DB12010,MAP2K6,inhibitor,inhibits
DB12010,MAP3K1,inhibitor,inhibits
DB12010,MAP3K10,inhibitor,inhibits
DB12010,MAP3K11,inhibitor,inhibits
DB12010,MAP3K12,inhibitor,inhibits
DB12010,MAP3K13,inhibitor,inhibits
DB12010,MAP3K15,inhibitor,inhibits
DB12010,MAP3K2,inhibitor,inhibits
DB12010,MAP3K3,inhibitor,inhibits
DB12010,MAP3K4,inhibitor,inhibits
DB12010,MAP3K6,inhibitor,inhibits
DB12010,MAP3K9,inhibitor,inhibits
DB12010,MAP4K1,inhibitor,inhibits
DB12010,MAP4K2,inhibitor,inhibits
DB12010,MAP4K3,inhibitor,inhibits
DB12010,MAP4K4,inhibitor,inhibits
DB12010,MAP4K5,inhibitor,inhibits
DB12010,MAPK10,inhibitor,inhibits
DB12010,MAPK13,inhibitor,inhibits
DB12010,MAPK14,inhibitor,inhibits
DB12010,MAPK15,inhibitor,inhibits
DB12010,MAPK4,inhibitor,inhibits
DB12010,MAPK7,inhibitor,inhibits
DB12010,MAPK9,inhibitor,inhibits
DB12010,MAPKAPK5,inhibitor,inhibits
DB12010,MARK1,inhibitor,inhibits
DB12010,MARK2,inhibitor,inhibits
DB12010,MARK3,inhibitor,inhibits
DB12010,MARK4,inhibitor,inhibits
DB12010,CLASP1,inhibitor,inhibits
DB12010,MAST1,inhibitor,inhibits
DB12010,MATK,inhibitor,inhibits
DB12010,MELK,inhibitor,inhibits
DB12010,MERTK,inhibitor,inhibits
DB12010,MINK1,inhibitor,inhibits
DB12010,MKNK1,inhibitor,inhibits
DB12010,MKNK2,inhibitor,inhibits
DB12010,MST1R,inhibitor,inhibits
DB12010,MUSK,inhibitor,inhibits
DB12010,MYLK,inhibitor,inhibits
DB12010,MYLK2,inhibitor,inhibits
DB12010,MYLK3,inhibitor,inhibits
DB12010,MYLK4,inhibitor,inhibits
DB12010,MYO3A,inhibitor,inhibits
DB12010,NEK1,inhibitor,inhibits
DB12010,NEK11,inhibitor,inhibits
DB12010,NEK2,inhibitor,inhibits
DB12010,NEK3,inhibitor,inhibits
DB12010,NEK4,inhibitor,inhibits
DB12010,NEK5,inhibitor,inhibits
DB12010,NEK9,inhibitor,inhibits
DB12010,NTRK1,inhibitor,inhibits
DB12010,NTRK2,inhibitor,inhibits
DB12010,NTRK3,inhibitor,inhibits
DB12010,NUAK1,inhibitor,inhibits
DB12010,NUAK2,inhibitor,inhibits
DB12010,OXSR1,inhibitor,inhibits
DB12010,PAK1,inhibitor,inhibits
DB12010,PAK2,inhibitor,inhibits
DB12010,PAK3,inhibitor,inhibits
DB12010,PAK4,inhibitor,inhibits
DB12010,PAK6,inhibitor,inhibits
DB12010,PAK5,inhibitor,inhibits
DB12010,CDK16,inhibitor,inhibits
DB12010,CDK17,inhibitor,inhibits
DB12010,PDGFRA,inhibitor,inhibits
DB12010,PDGFRB,inhibitor,inhibits
DB12010,PDPK1,inhibitor,inhibits
DB12010,CDK15,inhibitor,inhibits
DB12010,PHKG1,inhibitor,inhibits
DB12010,PI4KB,inhibitor,inhibits
DB12010,PIK3C2B,inhibitor,inhibits
DB12010,PIK3C2G,inhibitor,inhibits
DB12010,PIK3CD,inhibitor,inhibits
DB12010,PIK3CG,inhibitor,inhibits
DB12010,PIM1,inhibitor,inhibits
DB12010,PIM3,inhibitor,inhibits
DB12010,PIP4K2B,inhibitor,inhibits
DB12010,PIP4K2C,inhibitor,inhibits
DB12010,PKMYT1,inhibitor,inhibits
DB12010,PKN1,inhibitor,inhibits
DB12010,PKN2,inhibitor,inhibits
DB12010,PLK1,inhibitor,inhibits
DB12010,PLK2,inhibitor,inhibits
DB12010,PLK3,inhibitor,inhibits
DB12010,PLK4,inhibitor,inhibits
DB12010,PRKAA1,inhibitor,inhibits
DB12010,PRKACB,inhibitor,inhibits
DB12010,PRKCD,inhibitor,inhibits
DB12010,PRKCE,inhibitor,inhibits
DB12010,PRKCG,inhibitor,inhibits
DB12010,PRKCI,inhibitor,inhibits
DB12010,PRKCQ,inhibitor,inhibits
DB12010,PRKD1,inhibitor,inhibits
DB12010,PRKG2,inhibitor,inhibits
DB12010,PRP4K,inhibitor,inhibits
DB12010,PTK2,inhibitor,inhibits
DB12010,PTK2B,inhibitor,inhibits
DB12010,PTK6,inhibitor,inhibits
DB12010,RAF1,inhibitor,inhibits
DB12010,RET,inhibitor,inhibits
DB12010,RIOK1,inhibitor,inhibits
DB12010,RIOK2,inhibitor,inhibits
DB12010,RIOK3,inhibitor,inhibits
DB12010,RIPK1,inhibitor,inhibits
DB12010,RIPK2,inhibitor,inhibits
DB12010,RIPK4,inhibitor,inhibits
DB12010,ROCK2,inhibitor,inhibits
DB12010,ROS1,inhibitor,inhibits
DB12010,RPS6KA1,inhibitor,inhibits
DB12010,RPS6KA3,inhibitor,inhibits
DB12010,SBK1,inhibitor,inhibits
DB12010,SBK3,inhibitor,inhibits
DB12010,SGK3,inhibitor,inhibits
DB12010,SIK1,inhibitor,inhibits
DB12010,SIK2,inhibitor,inhibits
DB12010,SLK,inhibitor,inhibits
DB12010,SNRK,inhibitor,inhibits
DB12010,SRC,inhibitor,inhibits
DB12010,SRMS,inhibitor,inhibits
DB12010,STK10,inhibitor,inhibits
DB12010,STK16,inhibitor,inhibits
DB12010,STK17A,inhibitor,inhibits
DB12010,STK17B,inhibitor,inhibits
DB12010,STK32A,inhibitor,inhibits
DB12011,PTGDR2,antagonist,inhibits
DB12013,OPRM1,modulator,other
DB12015,PIK3CA,inhibitor,inhibits
DB12016,S1PR1,agonist,activates
DB12017,MAPK14,inhibitor,inhibits
DB12018,CXCR4,inhibitor,inhibits
DB12021,CDK9,inhibitor,inhibits
DB12021,CDK2,inhibitor,inhibits
DB12021,CDK1,inhibitor,inhibits
DB12022,PTGER2,agonist,activates
DB12023,IL5RA,antibody,other
DB12023,FCGR3A,binding,other
DB12024,PTGER2,antagonist,inhibits
DB12025,RELB,inhibitor,inhibits
DB12025,NFKB1,inhibitor,inhibits
DB12025,NFKB2,inhibitor,inhibits
DB12025,RELA,inhibitor,inhibits
DB12025,REL,inhibitor,inhibits
DB12027,MDM2,modulator,other
DB12032,CACNA2D1,inhibitor,inhibits
DB12034,APP,antagonist,inhibits
DB12036,EGFR,inhibitor,inhibits
DB12039,PTGS1,inhibitor,inhibits
DB12041,NR3C1,agonist,activates
DB12042,TACR2,antagonist,inhibits
DB12046,F2R,antagonist,inhibits
DB12048,MET,inhibitor,inhibits
DB12050,NOTCH4,inhibitor,inhibits
DB12050,NOTCH1,inhibitor,inhibits
DB12052,PDE5A,inhibitor,inhibits
DB12054,EDNRA,antagonist,inhibits
DB12057,ADRA2C,antagonist,inhibits
DB12058,NFKB1,modulator,other
DB12058,RELB,modulator,other
DB12058,NFKB2,modulator,other
DB12058,RELA,modulator,other
DB12058,REL,modulator,other
DB12059,GRM2,modulator,other
DB12061,DRD2,agonist,activates
DB12061,DRD3,nan,other
DB12061,DRD4,nan,other
DB12061,HTR1A,nan,other
DB12062,PLK1,inhibitor,inhibits
DB12063,GRIN2B,antagonist,inhibits
DB12064,MET,inhibitor,inhibits
DB12071,HTR2B,modulator,other
DB12071,HTR2C,modulator,other
DB12072,KDR,inhibitor,inhibits
DB12072,AURKA,inhibitor,inhibits
DB12072,FGFR1,inhibitor,inhibits
DB12072,AURKB,inhibitor,inhibits
DB12072,PPARG,agonist,activates
DB12077,TNFRSF9,nan,other
DB12080,ADRB3,agonist,activates
DB12082,PDE3A,inhibitor,inhibits
DB12082,KCNH2,inhibitor,inhibits
DB12084,GPR119,agonist,activates
DB12085,XIAP,modulator,other
DB12085,BIRC2,modulator,other
DB12085,BIRC3,modulator,other
DB12085,NAIP,modulator,other
DB12085,BIRC7,modulator,other
DB12085,BIRC5,modulator,other
DB12086,CHRM5,modulator,other
DB12088,PKM,modulator,other
DB12092,ADRA1A,inhibitor,inhibits
DB12093,DRD1,antagonist,inhibits
DB12093,DRD2,antagonist,inhibits
DB12094,RAF1,modulator,other
DB12095,TPH2,antagonist,inhibits
DB12095,TPH1,antagonist,inhibits
DB12096,ACACB,inhibitor,inhibits
DB12098,GABBR1,agonist,activates
DB12099,CPB2,inhibitor,inhibits
DB12100,ADRB2,agonist,activates
DB12101,CRBN,inhibitor,inhibits
DB12105,CACNA2D1,agonist,activates
DB12108,PIK3CA,modulator,other
DB12108,PIK3CG,inhibitor,inhibits
DB12109,OGDH,modulator,other
DB12110,HTR1E,agonist,activates
DB12110,HTR7,agonist,activates
DB12110,HTR6,agonist,activates
DB12110,HTR2A,agonist,activates
DB12110,HTR2B,agonist,activates
DB12110,HTR1D,antagonist,inhibits
DB12110,HTR2C,agonist,activates
DB12111,HTR2C,modulator,other
DB12113,P2RX7,antagonist,inhibits
DB12114,ERBB2,inhibitor,inhibits
DB12114,EGFR,inhibitor,inhibits
DB12116,FASN,inhibitor,inhibits
DB12116,STAT3,inhibitor,inhibits
DB12116,MMP14,inhibitor,inhibits
DB12116,MMP2,inhibitor,inhibits
DB12116,SQLE,inhibitor,inhibits
DB12116,ELANE,inhibitor,inhibits
DB12116,TGM2,inhibitor,inhibits
DB12116,AHR,nan,other
DB12116,DNMT1,inhibitor,inhibits
DB12116,DHFR2,nan,other
DB12118,ACVR2A,binder,other
DB12118,ACVR1B,binder,other
DB12118,MSTN,binder,other
DB12118,GDF11,binder,other
DB12119,IL1B,nan,other
DB12120,KLK2,inhibitor,inhibits
DB12120,KNG1,inhibitor,inhibits
DB12121,SYK,inhibitor,inhibits
DB12122,TACR1,antagonist,inhibits
DB12124,TOP1,inhibitor,inhibits
DB12125,CHRNA4,modulator,other
DB12125,CHRNB2,modulator,other
DB12126,BDKRB2,inhibitor,inhibits
DB12128,GHSR,agonist,activates
DB12129,GSK3B,antagonist,inhibits
DB12130,ROS1,inhibitor,inhibits
DB12130,ALK,inhibitor,inhibits
DB12134,TOP2A,inhibitor,inhibits
DB12134,TOP2B,inhibitor,inhibits
DB12135,CXCR2,antagonist,inhibits
DB12137,PDE4A,inhibitor,inhibits
DB12139,CAMLG,inhibitor,inhibits
DB12140,MAPK14,inhibitor,inhibits
DB12140,TNF,nan,other
DB12140,IL1B,nan,other
DB12140,IL6,nan,other
DB12141,FLT3,inhibitor,inhibits
DB12141,AXL,inhibitor,inhibits
DB12141,ALK,inhibitor,inhibits
DB12141,HTR1A,inhibitor,inhibits
DB12143,ADRA2C,agonist,activates
DB12145,CHRNA7,modulator,other
DB12146,PLK1,modulator,other
DB12146,PIK3CG,modulator,other
DB12147,FGFR1,inhibitor,inhibits
DB12147,FGFR2,inhibitor,inhibits
DB12147,FGFR3,inhibitor,inhibits
DB12147,FGFR4,inhibitor,inhibits
DB12147,RET,substrate,other
DB12147,CSF1R,substrate,other
DB12147,PDGFRA,substrate,other
DB12147,PDGFRB,substrate,other
DB12147,KIT,substrate,other
DB12147,KDR,substrate,other
DB12150,PTGS1,modulator,other
DB12150,PTGS2,modulator,other
DB12151,POLN,inhibitor,inhibits
DB12151,POLD4,inhibitor,inhibits
DB12151,POLD1,inhibitor,inhibits
DB12151,POLQ,inhibitor,inhibits
DB12151,POLB,inhibitor,inhibits
DB12151,POLG2,inhibitor,inhibits
DB12151,POLG,inhibitor,inhibits
DB12151,POLE2,inhibitor,inhibits
DB12154,JAK2,inhibitor,inhibits
DB12154,JAK1,inhibitor,inhibits
DB12155,STAT3,inhibitor,inhibits
DB12157,NGF,inhibitor,inhibits
DB12159,IL4R,inhibitor,inhibits
DB12159,IL13,inhibitor,inhibits
DB12159,IL4,inhibitor,inhibits
DB12161,SLC18A2,inhibitor,inhibits
DB12163,HTR2C,nan,other
DB12163,HTR2A,inverse agonist,inhibits
DB12167,MTOR,modulator,other
DB12167,PIK3CA,modulator,other
DB12169,IL13,antibody,other
DB12174,EGFR,modulator,other
DB12174,ERBB2,modulator,other
DB12177,HTR2A,nan,other
DB12177,HTR2C,nan,other
DB12180,MTOR,modulator,other
DB12180,PIK3CG,modulator,other
DB12181,CETP,inhibitor,inhibits
DB12183,ERBB2,inhibitor,inhibits
DB12184,HTR1A,partial agonist,activates
DB12185,TOP1,inhibitor,inhibits
DB12186,SIRT1,modulator,other
DB12188,DRD2,modulator,other
DB12188,DRD1,modulator,other
DB12188,HTR2A,modulator,other
DB12189,ITGB7,binder,other
DB12191,BCL2,inhibitor,inhibits
DB12191,MCL1,inhibitor,inhibits
DB12191,BCL2L1,inhibitor,inhibits
DB12193,TNF,inhibitor,inhibits
DB12199,AGTR1,antagonist,inhibits
DB12200,MET,inhibitor,inhibits
DB12202,EGFR,antagonist,inhibits
DB12203,ADORA2A,antagonist,inhibits
DB12204,TBXA2R,antagonist,inhibits
DB12206,CBR1,inhibitor,inhibits
DB12209,TNNC2,modulator,other
DB12210,GABRA3,modulator,other
DB12211,SELP,inhibitor,inhibits
DB12218,AKT1,inhibitor,inhibits
DB12218,AKT2,inhibitor,inhibits
DB12218,AKT3,inhibitor,inhibits
DB12220,SLC6A9,inhibitor,inhibits
DB12222,TOP1,inhibitor,inhibits
DB12226,SP1,modulator,other
DB12228,CALCRL,antagonist,inhibits
DB12228,CALCA,nan,other
DB12228,CALCB,nan,other
DB12229,HTR6,antagonist,inhibits
DB12230,ADRA1D,modulator,other
DB12234,FNTA,modulator,other
DB12234,FNTB,modulator,other
DB12235,ESR1,agonist,activates
DB12235,ESR2,agonist,activates
DB12236,SLC5A2,inhibitor,inhibits
DB12237,NOS2,modulator,other
DB12239,CTSK,inhibitor,inhibits
DB12240,CD79B,antibody,other
DB12242,CHEK1,inhibitor,inhibits
DB12243,BCL2,upregulator,activates
DB12244,CHRNA4,modulator,other
DB12244,CHRNB2,modulator,other
DB12247,FGFR1,modulator,other
DB12248,ADRB2,regulator,other
DB12250,IGF1R,nan,other
DB12253,ESR1,modulator,other
DB12255,EGLN1,inhibitor,inhibits
DB12255,EGLN2,inhibitor,inhibits
DB12255,EGLN3,inhibitor,inhibits
DB12255,HIF1A,stabilization,other
DB12255,EPAS1,stabilization,other
DB12260,GRIN2B,antagonist,inhibits
DB12263,APH1B,modulator,other
DB12263,NCSTN,modulator,other
DB12263,APH1A,modulator,other
DB12263,PSENEN,modulator,other
DB12263,PSEN1,modulator,other
DB12266,FOLR1,modulator,other
DB12267,ALK,inhibitor,inhibits
DB12267,EGFR,inhibitor,inhibits
DB12267,ABL1,inhibitor,inhibits
DB12267,IGF1R,inhibitor,inhibits
DB12267,FLT3,inhibitor,inhibits
DB12267,INSR,binding,other
DB12267,MET,inhibitor,inhibits
DB12267,ERBB4,inhibitor,inhibits
DB12267,ERBB2,inhibitor,inhibits
DB12270,MAPK14,inhibitor,inhibits
DB12271,ACE2,inhibitor,inhibits
DB12271,CPN1,nan,other
DB12271,CPN2,nan,other
DB12272,PTGDR2,modulator,other
DB12272,PTGDR,modulator,other
DB12273,DRD1,modulator,other
DB12274,APP,antagonist,inhibits
DB12275,CYP17A1,inhibitor,inhibits
DB12276,NR1H4,agonist,activates
DB12278,CHRM1,antagonist,inhibits
DB12278,CHRM2,antagonist,inhibits
DB12278,CHRM3,antagonist,inhibits
DB12278,CHRM5,antagonist,inhibits
DB12278,CACNA1C,antagonist,inhibits
DB12278,ADRA1A,antagonist,inhibits
DB12278,CHRM4,antagonist,inhibits
DB12279,HDAC1,inhibitor,inhibits
DB12280,NR3C1,agonist,activates
DB12282,PTK2,inhibitor,inhibits
DB12284,GCK,activator,activates
DB12284,CHEK1,inhibitor,inhibits
DB12285,BACE1,inhibitor,inhibits
DB12288,HTR1A,agonist,activates
DB12288,HTR1D,agonist,activates
DB12288,MTNR1A,agonist,activates
DB12289,F10,inhibitor,inhibits
DB12290,HTR2C,modulator,other
DB12291,HDAC1,inhibitor,inhibits
DB12292,OXTR,antagonist,inhibits
DB12295,ADORA2A,agonist,activates
DB12298,HBA1,modulator,other
DB12299,HRH3,antagonist,inhibits
DB12302,ERBB2,inhibitor,inhibits
DB12303,TLR8,modulator,other
DB12305,SLC6A3,inhibitor,inhibits
DB12305,SLC6A2,inhibitor,inhibits
DB12305,SLC6A4,inhibitor,inhibits
DB12306,ADORA3,inhibitor,inhibits
DB12306,KCNH2,inhibitor,inhibits
DB12307,MET,modulator,other
DB12307,KDR,modulator,other
DB12307,HGF,nan,other
DB12308,GABRA1,inhibitor,inhibits
DB12308,GABRB2,inhibitor,inhibits
DB12308,GABRG2,inhibitor,inhibits
DB12309,CCKAR,agonist,activates
DB12312,GABRG3,modulator,other
DB12313,DRD2,modulator,other
DB12314,PDF,inhibitor,inhibits
DB12317,ANGPT2,regulator,other
DB12317,VEGFA,regulator,other
DB12318,EGFR,inhibitor,inhibits
DB12318,ERBB2,inhibitor,inhibits
DB12319,ANO1,antagonist,inhibits
DB12319,SLC22A12,inhibitor,inhibits
DB12319,ABCC1,stimulator,activates
DB12319,CYP2C9,inhibitor,inhibits
DB12319,CYP2C19,inhibitor,inhibits
DB12321,TBXA2R,antagonist,inhibits
DB12323,ABL1,antagonist,inhibits
DB12325,MDM2,modulator,other
DB12325,ERBB4,inhibitor,inhibits
DB12326,DNMT1,inhibitor,inhibits
DB12327,OPRM1,inhibitor,inhibits
DB12327,OPRD1,inhibitor,inhibits
DB12327,OPRK1,inhibitor,inhibits
DB12328,PPP1CA,inhibitor,inhibits
DB12328,AHR,agonist,activates
DB12332,PARP1,inhibitor,inhibits
DB12332,PARP2,inhibitor,inhibits
DB12332,PARP3,inhibitor,inhibits
DB12334,TUBB1,nan,other
DB12334,TUBB,nan,other
DB12339,RRBP1,inhibitor,inhibits
DB12340,BCL2L1,inhibitor,inhibits
DB12340,CCND1,inhibitor,inhibits
DB12340,BCL2,inhibitor,inhibits
DB12340,BCL2L2,inhibitor,inhibits
DB12340,BAD,nan,other
DB12341,OPRK1,antagonist,inhibits
DB12345,GPR119,agonist,activates
DB12348,CA1,inhibitor,inhibits
DB12348,CA9,inhibitor,inhibits
DB12348,CA2,inhibitor,inhibits
DB12350,ATP1B1,modulator,other
DB12350,ATP1B2,modulator,other
DB12350,ATP1B3,modulator,other
DB12350,ATP1A1,modulator,other
DB12350,ATP1A2,modulator,other
DB12350,ATP1A3,modulator,other
DB12353,PNP,inhibitor,inhibits
DB12354,PTGS1,inhibitor,inhibits
DB12354,PTGS2,inhibitor,inhibits
DB12355,CCKBR,inhibitor,inhibits
DB12357,CDC7,modulator,other
DB12359,HSP90AA1,inhibitor,inhibits
DB12361,HTR1A,agonist,activates
DB12364,F10,inhibitor,inhibits
DB12369,PRKCQ,inhibitor,inhibits
DB12369,PRKCB,inhibitor,inhibits
DB12369,PRKCA,inhibitor,inhibits
DB12370,GHSR,modulator,other
DB12371,S1PR1,modulator,other
DB12371,S1PR5,modulator,other
DB12375,PDE4A,inhibitor,inhibits
DB12375,PDE4B,inhibitor,inhibits
DB12375,PDE4D,inhibitor,inhibits
DB12378,PTGS2,inhibitor,inhibits
DB12379,CYP1A1,substrate,other
DB12379,AHR,agonist,activates
DB12380,XIAP,modulator,other
DB12381,MET,modulator,other
DB12384,TOP1,inhibitor,inhibits
DB12385,TOP1,inhibitor,inhibits
DB12387,MTOR,inhibitor,inhibits
DB12390,PPARD,agonist,activates
DB12392,HDAC1,inhibitor,inhibits
DB12395,SLC6A2,blocker,inhibits
DB12399,PTGS2,inhibitor,inhibits
DB12399,CA1,inhibitor,inhibits
DB12399,CA2,inhibitor,inhibits
DB12400,PIK3CG,inhibitor,inhibits
DB12400,MTOR,inhibitor,inhibits
DB12404,GABRG3,agonist,activates
DB12404,GABRA1,positive allosteric modulator,activates
DB12404,GABRA1,ligand,other
DB12410,TOP2A,modulator,other
DB12410,TOP2B,modulator,other
DB12411,AXL,inhibitor,inhibits
DB12412,DPP4,inhibitor,inhibits
DB12414,MTTP,inhibitor,inhibits
DB12415,AR,inhibitor,inhibits
DB12416,REN,inhibitor,inhibits
DB12417,DPP4,modulator,other
DB12418,CA1,inhibitor,inhibits
DB12418,CA9,inhibitor,inhibits
DB12418,CA12,inhibitor,inhibits
DB12418,CA2,inhibitor,inhibits
DB12418,CA3,inhibitor,inhibits
DB12420,TSPO,modulator,other
DB12424,CALCRL,antagonist,inhibits
DB12427,TACR1,antagonist,inhibits
DB12428,TRPV1,antagonist,inhibits
DB12429,MAP3K1,inhibitor,inhibits
DB12429,MAP3K2,inhibitor,inhibits
DB12429,SGK1,inhibitor,inhibits
DB12429,MAPK1,inhibitor,inhibits
DB12429,RPS6KB1,inhibitor,inhibits
DB12429,ROCK1,inhibitor,inhibits
DB12429,MAPK8,inhibitor,inhibits
DB12429,PRKCA,inhibitor,inhibits
DB12429,MAPK11,inhibitor,inhibits
DB12429,MAPK14,inhibitor,inhibits
DB12429,LCK,inhibitor,inhibits
DB12429,CHEK1,inhibitor,inhibits
DB12429,MAPK12,inhibitor,inhibits
DB12429,GSK3B,inhibitor,inhibits
DB12429,AKT1,inhibitor,inhibits
DB12432,MAPK8,modulator,other
DB12432,MAPK9,modulator,other
DB12432,MAPK10,modulator,other
DB12433,HCAR2,modulator,other
DB12435,ALOX5,modulator,other
DB12436,TACR1,nan,other
DB12440,MPO,inhibitor,inhibits
DB12441,NTRK1,agonist,activates
DB12442,HSP90AA1,inhibitor,inhibits
DB12443,ADORA2A,agonist,activates
DB12445,PTGS2,inhibitor,inhibits
DB12445,PTGS1,inhibitor,inhibits
DB12446,ADORA1,antagonist,inhibits
DB12449,SOD1,modulator,other
DB12450,ESR1,nan,other
DB12451,CAMLG,modulator,other
DB12452,GJA1,inhibitor,inhibits
DB12457,CALCRL,antagonist,inhibits
DB12458,GABRA1,nan,other
DB12458,GABRB3,nan,other
DB12458,GABRG2,nan,other
DB12459,TOP1,inhibitor,inhibits
DB12461,AR,modulator,other
DB12462,PTGIR,agonist,activates
DB12463,APH1B,modulator,other
DB12463,NCSTN,modulator,other
DB12463,APH1A,modulator,other
DB12463,PSENEN,modulator,other
DB12463,PSEN1,modulator,other
DB12465,HTR2A,inverse agonist,inhibits
DB12476,TLR7,agonist,activates
DB12478,DRD3,agonist,activates
DB12478,ADRA2C,antagonist,inhibits
DB12478,HTR1A,agonist,activates
DB12478,DRD4,antagonist,inhibits
DB12478,HTR2B,antagonist,inhibits
DB12478,DRD2,agonist,activates
DB12483,PIK3CA,inhibitor,inhibits
DB12483,PIK3CD,inhibitor,inhibits
DB12483,PIK3CB,inhibitor,inhibits
DB12483,PIK3CG,inhibitor,inhibits
DB12484,CDA,modulator,other
DB12486,SLC10A2,modulator,other
DB12487,ESR1,modulator,other
DB12489,FOLR1,binder,other
DB12491,FFAR1,modulator,other
DB12495,AVPR1A,agonist,activates
DB12498,CCR4,antagonist,inhibits
DB12499,AR,antagonist,inhibits
DB12500,JAK2,inhibitor,inhibits
DB12500,FLT3,inhibitor,inhibits
DB12500,JAK1,inhibitor,inhibits
DB12505,ITGA2,inhibitor,inhibits
DB12507,F2,inhibitor,inhibits
DB12509,PRKAA1,modulator,other
DB12509,PRKAB1,modulator,other
DB12509,PRKAG1,modulator,other
DB12511,PPARG,modulator,other
DB12511,PPARA,modulator,other
DB12512,CRHR1,antagonist,inhibits
DB12513,NFE2L2,activator,activates
DB12513,KEAP1,inhibitor,inhibits
DB12514,FOLH1,inhibitor,inhibits
DB12515,TOP1,inhibitor,inhibits
DB12518,INSR,stimulator,activates
DB12518,DRD2,antagonist,inhibits
DB12520,CCR2,nan,other
DB12522,HRH4,antagonist,inhibits
DB12523,HRH1,antagonist,inhibits
DB12524,PTGDR2,antagonist,inhibits
DB12526,ADRB2,modulator,other
DB12527,CHRNA4,modulator,other
DB12527,CHRNB2,modulator,other
DB12530,CD19,binder,other
DB12532,GAST,inhibition of synthesis,inhibits
DB12535,JAK2,modulator,other
DB12537,TSPO,agonist,activates
DB12537,GABRA1,positive allosteric modulator,activates
DB12537,GABRA1,ligand,other
DB12539,TGM2,inhibitor,inhibits
DB12540,HTR1A,regulator,other
DB12540,HTR1A,antagonist,inhibits
DB12541,TP53,modulator,other
DB12542,PDE4A,inhibitor,inhibits
DB12542,PDE4D,inhibitor,inhibits
DB12542,PDE4B,inhibitor,inhibits
DB12543,OPRM1,antagonist,inhibits
DB12543,OPRK1,partial agonist,activates
DB12543,OPRD1,partial agonist,activates
DB12548,EDNRA,antagonist,inhibits
DB12548,AGTR1,antagonist,inhibits
DB12548,AGTR2,antagonist,inhibits
DB12549,TOP2A,modulator,other
DB12549,TOP2B,modulator,other
DB12550,SMO,modulator,other
DB12554,CHRM5,antagonist,inhibits
DB12555,HTR2A,modulator,other
DB12556,AURKB,inhibitor,inhibits
DB12556,AURKA,regulator,other
DB12557,PPARG,agonist,activates
DB12558,FGFR2,inhibitor,inhibits
DB12558,FGFR3,inhibitor,inhibits
DB12559,FOLR1,modulator,other
DB12561,PORCN,inhibitor,inhibits
DB12562,PTGDR,antagonist,inhibits
DB12562,PTGDR2,antagonist,inhibits
DB12564,RRM2,inhibitor,inhibits
DB12565,HDAC1,nan,other
DB12565,HDAC1,inhibitor,inhibits
DB12566,JAK3,inhibitor,inhibits
DB12567,MLNR,modulator,other
DB12569,ADORA1,inhibitor,inhibits
DB12569,ADORA2A,inhibitor,inhibits
DB12569,ADORA3,inhibitor,inhibits
DB12569,ADORA2B,inhibitor,inhibits
DB12570,MTOR,modulator,other
DB12571,CAMK2A,modulator,other
DB12571,CAMK2B,modulator,other
DB12571,CAMK2D,modulator,other
DB12571,CAMK2G,modulator,other
DB12572,CRHR1,antagonist,inhibits
DB12576,GABRG3,modulator,other
DB12579,DRD2,antagonist,inhibits
DB12580,TACR1,antagonist,inhibits
DB12581,GNRHR,modulator,other
DB12582,MAOA,inhibitor,inhibits
DB12582,MAOB,inhibitor,inhibits
DB12582,NR1I2,nan,other
DB12588,JAK2,modulator,other
DB12589,CD40,nan,other
DB12590,GABRA1,agonist,activates
DB12591,JAK2,modulator,other
DB12594,P2RX7,antagonist,inhibits
DB12597,ABL1,inhibitor,inhibits
DB12598,TNF,other/unknown,other
DB12598,F2,inhibitor,inhibits
DB12598,F10,inhibitor,inhibits
DB12598,F12,inhibitor,inhibits
DB12598,PRSS1,inhibitor,inhibits
DB12598,KLK1,inhibitor,inhibits
DB12598,ICAM1,inhibitor,inhibits
DB12601,PIK3CG,inhibitor,inhibits
DB12608,RPE65,inhibitor,inhibits
DB12610,ALB,binder,other
DB12610,KDM4A,inhibitor,inhibits
DB12610,EPHX2,inhibitor,inhibits
DB12611,CHEK1,inhibitor,inhibits
DB12612,S1PR1,agonist,activates
DB12612,S1PR5,agonist,activates
DB12614,CXCR2,modulator,other
DB12614,CXCR1,modulator,other
DB12615,MRM2,inhibitor,inhibits
DB12617,IMPDH1,inhibitor,inhibits
DB12622,TOP2A,inhibitor,inhibits
DB12622,TOP2B,inhibitor,inhibits
DB12622,ELANE,inhibitor,inhibits
DB12623,PTGER2,agonist,activates
DB12625,DPP4,inhibitor,inhibits
DB12627,GPR119,modulator,other
DB12631,MAS1,agonist,activates
DB12635,SERPINE1,inhibitor,inhibits
DB12635,SERPINB2,inhibitor,inhibits
DB12635,SERPINA5,inhibitor,inhibits
DB12637,PGR,modulator,other
DB12637,NR3C1,nan,other
DB12637,ADGRD1,nan,other
DB12638,HSP90AB1,inhibitor,inhibits
DB12641,HTR2C,modulator,other
DB12643,AVPR1B,antagonist,inhibits
DB12643,AVPR2,inhibitor,inhibits
DB12643,OXTR,inhibitor,inhibits
DB12643,AVPR1A,inhibitor,inhibits
DB12644,GRM5,antagonist,inhibits
DB12645,HDAC1,inhibitor,inhibits
DB12645,JAK2,inhibitor,inhibits
DB12647,HMGCR,inhibitor,inhibits
DB12648,NOS2,modulator,other
DB12651,NOS2,inhibitor,inhibits
DB12651,CASP8,nan,other
DB12661,HTR1A,agonist,activates
DB12662,PPARG,modulator,other
DB12662,PPARA,modulator,other
DB12664,MAOB,inhibitor,inhibits
DB12664,MAOA,inhibitor,inhibits
DB12665,AKR1B1,inhibitor,inhibits
DB12665,ACE,inhibitor,inhibits
DB12666,TSPO,agonist,activates
DB12668,OPRD1,agonist,activates
DB12668,OPRM1,agonist,activates
DB12669,FLT3,modulator,other
DB12670,ADORA1,antagonist,inhibits
DB12671,METAP2,inhibitor,inhibits
DB12672,ESR1,modulator,other
DB12675,HTR4,agonist,activates
DB12679,STAT3,inhibitor,inhibits
DB12680,HTR6,antagonist,inhibits
DB12681,MTOR,modulator,other
DB12681,NRAS,antagonist,inhibits
DB12682,EGFR,inhibitor,inhibits
DB12682,ERBB2,inhibitor,inhibits
DB12686,CDK2,inhibitor,inhibits
DB12686,CDK4,inhibitor,inhibits
DB12686,CDK1,inhibitor,inhibits
DB12687,TLR7,modulator,other
DB12688,CD22,binder,other
DB12688,EEF2,inactivator,inhibits
DB12689,AGER,antagonist,inhibits
DB12691,ADORA2A,agonist,activates
DB12693,HTR2B,antagonist,inhibits
DB12693,HTR2C,antagonist,inhibits
DB12693,CACNA1B,blocker,inhibits
DB12693,HTR2A,inverse agonist,inhibits
DB12694,CCKAR,agonist,activates
DB12695,ACTA2,nan,other
DB12695,ACTB,nan,other
DB12695,ATP5F1B,nan,other
DB12695,ATP5ME,nan,other
DB12695,ATP5MG,nan,other
DB12695,CYB5B,nan,other
DB12695,DIABLO,nan,other
DB12695,FBXO41,nan,other
DB12695,HNRNPF,nan,other
DB12695,HNRNPK,nan,other
DB12695,HSPA4,nan,other
DB12695,HSPB1,nan,other
DB12695,HSPE1,nan,other
DB12695,HSPH1,nan,other
DB12695,MT-ND1,nan,other
DB12695,NUDC,nan,other
DB12695,PAPPA,nan,other
DB12695,PSMA3,nan,other
DB12695,PSMC3,nan,other
DB12695,RANBP1,nan,other
DB12695,S100A10,nan,other
DB12695,SF3A3,nan,other
DB12695,SMARCE1,nan,other
DB12695,SUCLG2,nan,other
DB12695,TPD52L2,nan,other
DB12695,TPM1,nan,other
DB12695,TPM3,nan,other
DB12695,TPM4,nan,other
DB12695,TUBA1A,nan,other
DB12695,TUBA4A,nan,other
DB12695,TUBB1,nan,other
DB12695,TUBB2A,nan,other
DB12695,TUBB3,nan,other
DB12695,TUBB4B,nan,other
DB12695,TXN,nan,other
DB12695,UCHL1,nan,other
DB12695,USP14,nan,other
DB12695,VCP,nan,other
DB12695,VIM,nan,other
DB12695,YWHAB,nan,other
DB12695,YWHAE,nan,other
DB12695,YWHAH,nan,other
DB12695,YWHAQ,nan,other
DB12695,YWHAZ,nan,other
DB12695,TUBA3C,nan,other
DB12698,CCR5,antagonist,inhibits
DB12698,CXCR4,antagonist,inhibits
DB12698,CD4,antagonist,inhibits
DB12702,HTR4,agonist,activates
DB12703,PIK3CG,modulator,other
DB12704,OPRK1,agonist,activates
DB12709,CASP3,activator,activates
DB12710,DRD2,modulator,other
DB12713,SLC5A2,inhibitor,inhibits
DB12713,SLC5A1,inhibitor,inhibits
DB12714,KCNH2,blocker,inhibits
DB12714,SCN11A,blocker,inhibits
DB12715,CXCR4,antagonist,inhibits
DB12719,NR1H4,modulator,other
DB12720,CASP1,modulator,other
DB12725,HTR4,modulator,other
DB12729,ALK,modulator,other
DB12730,TUBB2A,inhibitor,inhibits
DB12731,NAMPT,inhibitor,inhibits
DB12733,GRM5,modulator,other
DB12739,CCL2,inhibitor,inhibits
DB12741,CA9,inhibitor,inhibits
DB12742,PDGFRA,modulator,other
DB12742,KIT,modulator,other
DB12742,MET,nan,other
DB12742,RET,nan,other
DB12742,FLT3,nan,other
DB12742,RAD51,nan,other
DB12743,CACNA2D1,inhibitor,inhibits
DB12744,ERBB4,modulator,other
DB12745,AKT3,modulator,other
DB12746,FLT3,inhibitor,inhibits
DB12747,TERT,nan,other
DB12750,NOS3,inhibitor,inhibits
DB12752,ADRB2,modulator,other
DB12752,ADRB1,modulator,other
DB12754,CA2,inhibitor,inhibits
DB12754,CA1,inhibitor,inhibits
DB12755,GNRHR,modulator,other
DB12756,AURKB,inhibitor,inhibits
DB12756,BAX,activator,activates
DB12757,GART,inhibitor,inhibits
DB12758,ALOX5,inhibitor,inhibits
DB12760,ADORA1,modulator,other
DB12763,PLK1,inhibitor,inhibits
DB12764,SPHK2,inhibitor,inhibits
DB12765,TRPA1,activator,activates
DB12773,IFNA2,nan,other
DB12774,MTOR,inhibitor,inhibits
DB12778,SELE,inhibitor,inhibits
DB12778,SELL,inhibitor,inhibits
DB12778,SELP,inhibitor,inhibits
DB12781,PPARG,modulator,other
DB12783,DDC,inhibitor,inhibits
DB12784,JAK2,modulator,other
DB12789,PTGFR,agonist,activates
DB12789,TBXA2R,agonist,activates
DB12789,PTGER1,agonist,activates
DB12789,PTGER3,agonist,activates
DB12789,PTGER2,agonist,activates
DB12789,PTGER4,agonist,activates
DB12789,PTGDR,agonist,activates
DB12789,PTGDR2,agonist,activates
DB12795,AKT1,modulator,other
DB12795,MET,modulator,other
DB12798,HTR4,agonist,activates
DB12799,ABCB4,modulator,other
DB12802,IGF1R,inhibitor,inhibits
DB12803,ADRB2,inhibitor,inhibits
DB12803,ADRB1,inhibitor,inhibits
DB12804,TOP1,modulator,other
DB12804,TOP2A,modulator,other
DB12804,TOP2B,modulator,other
DB12805,NPR1,activator,activates
DB12806,HRH3,antagonist,inhibits
DB12806,HRH1,antagonist,inhibits
DB12808,RARG,agonist,activates
DB12808,RARB,agonist,activates
DB12808,RARA,agonist,activates
DB12812,MAPKAP1,inhibitor,inhibits
DB12816,ACHE,inhibitor,inhibits
DB12816,BCL2,regulator,other
DB12816,XIAP,downregulator,inhibits
DB12816,ALPI,downregulator,inhibits
DB12816,NFKB2,downregulator,inhibits
DB12818,VEGFA,inhibitor,inhibits
DB12818,VEGFB,inhibitor,inhibits
DB12818,VEGFC,inhibitor,inhibits
DB12818,VEGFD,inhibitor,inhibits
DB12819,APH1B,modulator,other
DB12819,NCSTN,modulator,other
DB12819,APH1A,modulator,other
DB12819,PSENEN,modulator,other
DB12819,PSEN1,modulator,other
DB12823,VKORC1,inhibitor,inhibits
DB12827,IDO1,inhibitor,inhibits
DB12830,OPRM1,modulator,other
DB12831,KLKB1,inhibitor,inhibits
DB12831,F2,inhibitor,inhibits
DB12831,PLG,inhibitor,inhibits
DB12836,PTGER4,antagonist,inhibits
DB12838,ADRA2C,agonist,activates
DB12839,PAH,modulator,other
DB12842,TOP1,inhibitor,inhibits
DB12843,ATP1A1,inhibitor,inhibits
DB12843,ATP1A2,inhibitor,inhibits
DB12843,ATP1A3,inhibitor,inhibits
DB12843,ATP1B1,inhibitor,inhibits
DB12843,ATP1B2,inhibitor,inhibits
DB12843,ATP1B3,inhibitor,inhibits
DB12843,MMP9,inhibitor,inhibits
DB12843,MMP2,inhibitor,inhibits
DB12843,BCL2,downregulator,inhibits
DB12843,NGF,inhibitor,inhibits
DB12843,CASP3,regulator,other
DB12843,CASP8,regulator,other
DB12843,EPHB2,activator,activates
DB12843,CXCL8,inhibitor,inhibits
DB12843,EGF,inhibitor,inhibits
DB12843,MTOR,downregulator,inhibits
DB12843,NFKB2,inhibitor,inhibits
DB12845,MSLN,nan,other
DB12847,HDAC1,inhibitor,inhibits
DB12848,MET,inhibitor,inhibits
DB12850,LTB4R,antagonist,inhibits
DB12852,PSENEN,modulator,other
DB12852,NCSTN,modulator,other
DB12852,APH1B,modulator,other
DB12852,PSEN1,modulator,other
DB12852,APH1A,inhibitor,inhibits
DB12853,HTR4,agonist,activates
DB12854,BRAF,inhibitor,inhibits
DB12857,SMO,inhibitor,inhibits
DB12858,ADRB3,agonist,activates
DB12863,ELANE,inhibitor,inhibits
DB12863,CELA1,inhibitor,inhibits
DB12865,CASR,agonist,activates
DB12866,DGAT1,modulator,other
DB12868,TOP1,modulator,other
DB12869,GRIN2B,inhibitor,inhibits
DB12869,GRIN1,inhibitor,inhibits
DB12872,F8,stabilization,other
DB12872,COL1A1,binder,other
DB12874,FLT3,inhibitor,inhibits
DB12875,TRPV1,antagonist,inhibits
DB12877,HRH1,antagonist,inhibits
DB12879,GAPDH,modulator,other
DB12881,NFKBIA,inhibitor,inhibits
DB12883,HTR1A,agonist,activates
DB12883,HTR2C,antagonist,inhibits
DB12883,HTR1B,agonist,activates
DB12884,HRH2,antagonist,inhibits
DB12885,ADORA3,agonist,activates
DB12886,OPRM1,agonist,activates
DB12887,EZH2,inhibitor,inhibits
DB12887,EZH1,inhibitor,inhibits
DB12888,UTRN,upregulator,activates
DB12889,NPY5R,antagonist,inhibits
DB12890,DRD1,inhibitor,inhibits
DB12893,TACSTD2,antibody,other
DB12893,TOP1,inhibitor,inhibits
DB12893,FUBP1,inhibitor,inhibits
DB12895,LGALS3,inhibitor,inhibits
DB12899,IL1B,inhibitor,inhibits
DB12900,HRH3,antagonist,inhibits
DB12903,FGFR1,inhibitor,inhibits
DB12903,FGFR2,inhibitor,inhibits
DB12903,FGFR3,inhibitor,inhibits
DB12904,PIK3CG,modulator,other
DB12906,RRM2,modulator,other
DB12910,CRHR1,antagonist,inhibits
DB12914,THRB,partial agonist,activates
DB12917,IL17A,antibody,other
DB12917,IL17F,antibody,other
DB12919,ADORA2A,antagonist,inhibits
DB12920,DOT1L,modulator,other
DB12923,ATP2A2,inhibitor,inhibits
DB12923,ACE,inhibitor,inhibits
DB12923,MME,inhibitor,inhibits
DB12929,HRH3,antagonist,inhibits
DB12931,GRM5,allosteric modulator,other
DB12934,MTTP,inhibitor,inhibits
DB12935,SLC5A2,inhibitor,inhibits
DB12935,SLC5A4,blocker,inhibits
DB12941,AR,antagonist,inhibits
DB12941,PGR,antagonist,inhibits
DB12946,ADORA3,inhibitor,inhibits
DB12946,ADORA1,inhibitor,inhibits
DB12946,ADORA2A,inhibitor,inhibits
DB12946,ADORA2B,inhibitor,inhibits
DB12946,NT5E,inhibitor,inhibits
DB12948,RRM1,inhibitor,inhibits
DB12948,RRM2,inhibitor,inhibits
DB12948,RRM2B,inhibitor,inhibits
DB12953,TGFB1,inhibitor,inhibits
DB12955,SERPINC1,antagonist,inhibits
DB12959,CFTR,inhibitor,inhibits
DB12960,CCR5,antagonist,inhibits
DB12961,LTB4R,agonist,activates
DB12961,LTB4R2,inhibitor,inhibits
DB12961,PPARA,activator,activates
DB12962,KDR,inhibitor,inhibits
DB12963,CCR1,antagonist,inhibits
DB12965,MTF1,binder,other
DB12965,CP,binder,other
DB12965,ALB,binder,other
DB12965,A2M,binder,other
DB12966,EGFR,antagonist,inhibits
DB12967,AMD1,inhibitor,inhibits
DB12971,CES1,inhibitor,inhibits
DB12973,TACR1,antagonist,inhibits
DB12978,CSF1R,inhibitor,inhibits
DB12978,KIT,inhibitor,inhibits
DB12978,FLT3,inhibitor,inhibits
DB12978,PDGFRB,inhibitor,inhibits
DB12980,NAMPT,inhibitor,inhibits
DB12986,MAPKAP1,inhibitor,inhibits
DB12986,MTOR,modulator,other
DB12986,PIK3CG,modulator,other
DB12988,PPARA,agonist,activates
DB12996,PRKCA,inhibitor,inhibits
DB12998,DRD2,modulator,other
DB13003,NR3C1,nan,other
DB13004,GRM5,modulator,other
DB13005,ABL1,modulator,other
DB13005,TEK,inhibitor,inhibits
DB13006,EPOR,agonist,activates
DB13007,NECTIN4,binder,other
DB13009,AHR,agonist,activates
DB13010,TP53,stimulator,activates
DB13012,INPP5D,agonist,activates
DB13014,GSTA1,nan,other
DB13014,GSTP1,inhibitor,inhibits
DB13016,GRM2,modulator,other
DB13016,CYSLTR1,modulator,other
DB13020,MMP1,inhibitor,inhibits
DB13020,MMP13,modulator,other
DB13020,ADAM17,modulator,other
DB13022,FGFR2,modulator,other
DB13023,HSP90AA1,inhibitor,inhibits
DB13025,SCN10A,inhibitor,inhibits
DB13025,DRD2,blocker,inhibits
DB13025,DRD3,blocker,inhibits
DB13025,HTR1A,antagonist,inhibits
DB13025,ADRA1A,antagonist,inhibits
DB13025,ADRA2A,antagonist,inhibits
DB13029,PDE4A,inhibitor,inhibits
DB13029,PDE4B,inhibitor,inhibits
DB13029,PDE4D,inhibitor,inhibits
DB13033,CRHR2,antagonist,inhibits
DB13035,CDK2,inhibitor,inhibits
DB13035,CDK4,inhibitor,inhibits
DB13035,CDK1,inhibitor,inhibits
DB13036,TBXA2R,antagonist,inhibits
DB13036,PTGDR2,antagonist,inhibits
DB13040,JAK2,modulator,other
DB13044,BCL2,regulator,other
DB13044,BCL2L1,nan,other
DB13048,CASP3,activator,activates
DB13051,PIK3CB,inhibitor,inhibits
DB13051,PIK3CD,inhibitor,inhibits
DB13051,PIK3CA,inhibitor,inhibits
DB13051,PIK3CG,modulator,other
DB13052,PLAU,inhibitor,inhibits
DB13053,LTB4R,antagonist,inhibits
DB13058,ACHE,inhibitor,inhibits
DB13059,AURKA,inhibitor,inhibits
DB13059,AURKB,inhibitor,inhibits
DB13060,PTK2,modulator,other
DB13061,AURKA,inhibitor,inhibits
DB13062,MAPKAP1,inhibitor,inhibits
DB13062,MTOR,inhibitor,inhibits
DB13063,REL,inhibitor,inhibits
DB13063,RELB,inhibitor,inhibits
DB13063,IKBKB,inhibitor,inhibits
DB13063,NFKB1,inhibitor,inhibits
DB13063,NFKB2,inhibitor,inhibits
DB13063,RELA,inhibitor,inhibits
DB13064,ADRA2A,inhibitor,inhibits
DB13064,ADRA2B,inhibitor,inhibits
DB13064,ADRA2C,inhibitor,inhibits
DB13066,CYP26A1,inhibitor,inhibits
DB13066,CYP19A1,inhibitor,inhibits
DB13070,CNR1,modulator,other
DB13072,MTOR,inhibitor,inhibits
DB13074,GHSR,agonist,activates
DB13080,TMEM97,antagonist,inhibits
DB13080,HTR2A,antagonist,inhibits
DB13083,TACR2,antagonist,inhibits
DB13083,CYP26A1,inhibitor,inhibits
DB13087,APCS,modulator,other
DB13089,PTPN1,inhibitor,inhibits
DB13093,KDR,modulator,other
DB13093,PDGFRB,modulator,other
DB13094,HTR2A,modulator,other
DB13097,REN,agonist,activates
DB13098,PCYT1B,modulator,other
DB13104,ALK,inhibitor,inhibits
DB13106,MGAM,inhibitor,inhibits
DB13107,ENPEP,inhibitor,inhibits
DB13107,DNPEP,inhibitor,inhibits
DB13111,AR,inhibitor,inhibits
DB13113,MET,inhibitor,inhibits
DB13118,S100A9,inhibitor,inhibits
DB13120,HBA1,modulator,other
DB13122,ADORA1,agonist,activates
DB13123,LGALS1,inhibitor,inhibits
DB13125,MPL,agonist,activates
DB13127,IL6,antagonist,inhibits
DB13133,F8,carrier,other
DB13133,COL1A1,binder,other
DB13133,ASGR1,ligand,other
DB13133,LRP1,nan,other
DB13138,ADORA1,agonist,activates
DB13139,ADRB2,agonist,activates
DB13144,CSF3R,agonist,activates
DB13146,SLC1A5,binder,other
DB13146,SLC7A7,binder,other
DB13146,SLC7A3,binder,other
DB13146,GRIN1,inhibitor,inhibits
DB13146,GRIA1,inhibitor,inhibits
DB13146,GRIA2,inhibitor,inhibits
DB13146,GRIA3,inhibitor,inhibits
DB13146,GRIA4,inhibitor,inhibits
DB13149,F5,antagonist,inhibits
DB13149,F10,antagonist,inhibits
DB13149,PROC,cofactor,other
DB13150,F3,activator,activates
DB13150,F10,activator,activates
DB13150,F9,activator,activates
DB13151,F10,agonist,activates
DB13151,F2,agonist,activates
DB13151,FGA,cleavage,other
DB13151,FGB,cleavage,other
DB13151,F13A1,agonist,activates
DB13151,F5,agonist,activates
DB13151,F8,agonist,activates
DB13151,F7,agonist,activates
DB13152,F10,activator,activates
DB13152,F11,ligand,other
DB13152,F7,ligand,other
DB13152,F8,cofactor,other
DB13152,F2,nan,other
DB13152,LRP1,nan,other
DB13152,GGCX,nan,other
DB13154,SCN4A,nan,other
DB13155,AR,agonist,activates
DB13158,NR3C1,agonist,activates
DB13161,SMN2,antisense oligonucleotide,other
DB13164,EGFR,inhibitor,inhibits
DB13165,ROCK1,inhibitor,inhibits
DB13165,ROCK2,inhibitor,inhibits
DB13166,ACE,inhibitor,inhibits
DB13167,PTGS2,antagonist,inhibits
DB13169,AR,agonist,activates
DB13170,GUCY2C,modulator,other
DB13170,GUCY1A2,agonist,activates
DB13171,GPR119,agonist,activates
DB13173,IGF2R,ligand,other
DB13174,HSP90AA1,inhibitor,inhibits
DB13174,NR1H3,inhibitor,inhibits
DB13174,NR1H2,inhibitor,inhibits
DB13174,ALOX5,inhibitor,inhibits
DB13179,NR1I2,activator,activates
DB13182,ESRRA,agonist,activates
DB13182,TRPC5,activator,activates
DB13182,ESR1,inhibitor,inhibits
DB13182,ESR2,inhibitor,inhibits
DB13182,AKR1B1,inhibitor,inhibits
DB13191,GAMT,product of,other
DB13191,SLC6A8,nan,other
DB13191,CKM,ligand,other
DB13191,CKMT1A,ligand,other
DB13191,CKMT2,ligand,other
DB13191,CKB,ligand,other
DB13192,F9,activator,activates
DB13192,F10,activator,activates
DB13200,CSF3R,agonist,activates
DB13242,SERPINE1,inhibitor,inhibits
DB13243,IMPDH1,inhibitor,inhibits
DB13245,JAK2,inhibitor,inhibits
DB13247,CHRM5,modulator,other
DB13251,F10,inhibitor,inhibits
DB13254,CHRM5,modulator,other
DB13257,HBA1,binder,other
DB13257,TFRC,substrate,other
DB13262,CHRM5,inhibitor,inhibits
DB13262,CHRM4,inhibitor,inhibits
DB13262,CHRM3,inhibitor,inhibits
DB13262,CHRM1,inhibitor,inhibits
DB13262,CHRM2,inhibitor,inhibits
DB13269,SCN1A,antagonist,inhibits
DB13308,PTGS2,inhibitor,inhibits
DB13308,PTGS1,inhibitor,inhibits
DB13310,ESR1,modulator,other
DB13310,ESR2,modulator,other
DB13312,ACE,modulator,other
DB13318,MAP1B,modulator,other
DB13318,MAP1A,modulator,other
DB13335,GABRA1,positive allosteric modulator,activates
DB13335,GABRA1,ligand,other
DB13343,CA2,inhibitor,inhibits
DB13345,HTR1A,antagonist,inhibits
DB13345,ADRA2C,modulator,other
DB13345,ADRB1,antagonist,inhibits
DB13345,ADRA1A,antagonist,inhibits
DB13345,DRD1,antagonist,inhibits
DB13346,PTGS1,inhibitor,inhibits
DB13346,PTGS2,inhibitor,inhibits
DB13346,HDAC6,inhibitor,inhibits
DB13346,HDAC10,inhibitor,inhibits
DB13421,TK1,inhibitor,inhibits
DB13431,CCKAR,antagonist,inhibits
DB13437,GABRA1,positive allosteric modulator,activates
DB13437,GABRA1,ligand,other
DB13472,ESR1,modulator,other
DB13478,BCHE,inhibitor,inhibits
DB13481,ALOX5,modulator,other
DB13495,CA1,inhibitor,inhibits
DB13495,CNR1,inhibitor,inhibits
DB13495,ACHE,inhibitor,inhibits
DB13495,CA2,inhibitor,inhibits
DB13501,PTGS1,nan,other
DB13501,PTGS2,nan,other
DB13502,MAOB,modulator,other
DB13503,ACHE,inhibitor,inhibits
DB13505,CHRM5,modulator,other
DB13511,DRD2,inhibitor,inhibits
DB13511,ACHE,inhibitor,inhibits
DB13520,HTR2C,antagonist,inhibits
DB13520,HTR1B,antagonist,inhibits
DB13520,HTR1E,antagonist,inhibits
DB13520,HTR1F,antagonist,inhibits
DB13520,HTR5A,antagonist,inhibits
DB13520,HTR1D,antagonist,inhibits
DB13520,HTR2B,antagonist,inhibits
DB13520,HTR2A,antagonist,inhibits
DB13520,SCN2A,inhibitor,inhibits
DB13530,ADRB3,modulator,other
DB13550,MAOA,modulator,other
DB13552,CMA1,modulator,other
DB13559,ADRB3,modulator,other
DB13581,CHRM1,antagonist,inhibits
DB13581,CHRM2,antagonist,inhibits
DB13581,CHRM3,antagonist,inhibits
DB13581,CHRM4,antagonist,inhibits
DB13581,CHRM5,antagonist,inhibits
DB13615,TLR4,ligand,other
DB13615,NOD2,ligand,other
DB13616,F2,inhibitor,inhibits
DB13616,PLG,inhibitor,inhibits
DB13616,PRSS1,inhibitor,inhibits
DB13616,F10,inhibitor,inhibits
DB13624,ADRB2,regulator,other
DB13643,GABRA1,positive allosteric modulator,activates
DB13643,GABRA1,ligand,other
DB13648,CHRNA7,inhibitor,inhibits
DB13665,ADRA1A,inhibitor,inhibits
DB13665,ADRA1B,inhibitor,inhibits
DB13665,HTR2A,inhibitor,inhibits
DB13665,DRD2,inhibitor,inhibits
DB13665,ADRA1D,inhibitor,inhibits
DB13688,DMD,other/unknown,other
DB13715,SLC29A1,inhibitor,inhibits
DB13716,TRPA1,activator,activates
DB13720,CHRM3,antagonist,inhibits
DB13720,CHRM1,modulator,other
DB13729,PRSS1,inhibitor,inhibits
DB13729,TMPRSS2,inhibitor,inhibits
DB13729,ST14,inhibitor,inhibits
DB13729,CCK,inhibitor,inhibits
DB13746,SCN1A,modulator,other
DB13746,CACNG1,agonist,activates
DB13746,CACNA1G,blocker,inhibits
DB13746,CACNA1A,blocker,inhibits
DB13746,CACNA1C,blocker,inhibits
DB13750,ACHE,inhibitor,inhibits
DB13751,HSD11B1,antagonist,inhibits
DB13751,TNF,antagonist,inhibits
DB13751,CASP3,antagonist,inhibits
DB13751,NFKB2,translocation inhibitor,inhibits
DB13751,LPL,inducer,activates
DB13757,ADRB3,modulator,other
DB13760,HRH2,antagonist,inhibits
DB13766,SCN3A,inhibitor,inhibits
DB13766,SLC29A1,inhibitor,inhibits
DB13767,CYP19A1,inhibitor,inhibits
DB13775,HTR1A,inhibitor,inhibits
DB13777,ADRB3,agonist,activates
DB13781,ADRB3,agonist,activates
DB13781,ADRB1,partial agonist,activates
DB13783,PTGS1,antagonist,inhibits
DB13783,PTGS2,antagonist,inhibits
DB13791,CACNA1G,blocker,inhibits
DB13793,CHRM3,allosteric modulator,other
DB13800,CASQ1,agonist,activates
DB13800,CALB2,agonist,activates
DB13800,CALM1,agonist,activates
DB13806,KCNQ3,modulator,other
DB13810,SIGMAR1,agonist,activates
DB13811,BCL2,inhibitor,inhibits
DB13837,GABRA1,positive allosteric modulator,activates
DB13837,GABRA1,ligand,other
DB13853,TGM2,inhibitor,inhibits
DB13857,PGR,agonist,activates
DB13867,NR3C1,agonist,activates
DB13867,PGR,agonist,activates
DB13867,PLA2G4A,inhibitor,inhibits
DB13867,NR3C2,antagonist,inhibits
DB13869,ESR2,nan,other
DB13869,ESR1,nan,other
DB13872,GABRA1,positive allosteric modulator,activates
DB13872,GABRA1,ligand,other
DB13873,PPARA,agonist,activates
DB13873,FABP1,inhibitor,inhibits
DB13873,MMP25,unknown,other
DB13873,PPARG,nan,other
DB13873,PPARD,unknown,other
DB13873,NR1I2,partial agonist,activates
DB13874,IDH1,inhibitor,inhibits
DB13874,IDH3A,inhibitor,inhibits
DB13874,IDH3B,inhibitor,inhibits
DB13874,IDH3G,inhibitor,inhibits
DB13874,IDH2,inhibitor,inhibits
DB13875,HNMT,inhibitor,inhibits
DB13876,MAOA,inhibitor,inhibits
DB13877,PARP1,nan,other
DB13881,CD19,antibody,other
DB13884,F10,activator,activates
DB13893,PLA2G10,antagonist,inhibits
DB13894,PLA2G10,antagonist,inhibits
DB13896,CSF2,gene replacement,other
DB13908,SCN2A,antagonist,inhibits
DB13914,SLC10A2,inhibitor,inhibits
DB13915,CD19,antibody,other
DB13919,AGTR1,antagonist,inhibits
DB13923,F9,cofactor,other
DB13923,F10,activator,activates
DB13925,SSTR2,binder,other
DB13926,NTRK1,stimulator,activates
DB13926,NGFR,stimulator,activates
DB13928,GLP1R,agonist,activates
DB13929,OXTR,antagonist,inhibits
DB13929,AVPR1A,antagonist,inhibits
DB13930,EPHB2,inhibitor,inhibits
DB13930,MAPK3,inhibitor,inhibits
DB13930,MAPK1,inhibitor,inhibits
DB13931,ROCK1,inhibitor,inhibits
DB13931,ROCK2,inhibitor,inhibits
DB13931,SLC6A2,inhibitor,inhibits
DB13932,RPE65,gene replacement,other
DB13933,F7,cofactor,other
DB13933,F8,cofactor,other
DB13933,F10,agonist,activates
DB13934,AR,antagonist,inhibits
DB13939,AR,modulator,other
DB13940,HTR2A,agonist,activates
DB13940,HTR2C,agonist,activates
DB13943,AR,agonist,activates
DB13943,ESR1,nan,other
DB13943,NR3C2,nan,other
DB13944,AR,agonist,activates
DB13944,ESR1,nan,other
DB13944,NR3C2,nan,other
DB13946,AR,agonist,activates
DB13948,HTR2A,agonist,activates
DB13949,TFRC,agonist,activates
DB13950,CNR1,inhibitor,inhibits
DB13950,CNR2,inhibitor,inhibits
DB13951,AR,nan,other
DB13951,HSD17B1,nan,other
DB13951,ESR1,nan,other
DB13951,NR3C2,nan,other
DB13952,ESR1,agonist,activates
DB13952,ESR2,agonist,activates
DB13952,NR1I2,nan,other
DB13952,CHRNA4,nan,other
DB13952,NCOA2,nan,other
DB13952,GPER1,nan,other
DB13952,MT-ATP6,nan,other
DB13952,BECN1,nan,other
DB13952,HSD17B2,nan,other
DB13952,ESRRG,ligand,other
DB13953,ESR1,agonist,activates
DB13953,ESR2,agonist,activates
DB13953,NR1I2,nan,other
DB13953,CHRNA4,nan,other
DB13953,NCOA2,nan,other
DB13953,GPER1,nan,other
DB13953,MT-ATP6,nan,other
DB13953,BECN1,nan,other
DB13953,HSD17B2,nan,other
DB13953,ESRRG,ligand,other
DB13954,ESR1,agonist,activates
DB13954,ESR2,agonist,activates
DB13954,NR1I2,nan,other
DB13954,CHRNA4,nan,other
DB13954,NCOA2,nan,other
DB13954,GPER1,nan,other
DB13954,MT-ATP6,nan,other
DB13954,BECN1,nan,other
DB13954,HSD17B2,nan,other
DB13954,ESRRG,ligand,other
DB13955,ESR1,agonist,activates
DB13955,ESR2,agonist,activates
DB13955,NR1I2,nan,other
DB13955,CHRNA4,nan,other
DB13955,NCOA2,nan,other
DB13955,GPER1,nan,other
DB13955,MT-ATP6,nan,other
DB13955,BECN1,nan,other
DB13955,HSD17B2,nan,other
DB13955,ESRRG,ligand,other
DB13956,ESR1,agonist,activates
DB13956,ESR2,agonist,activates
DB13956,NR1I2,nan,other
DB13956,CHRNA4,nan,other
DB13956,NCOA2,nan,other
DB13956,GPER1,nan,other
DB13956,MT-ATP6,nan,other
DB13956,BECN1,nan,other
DB13956,HSD17B2,nan,other
DB13956,ESRRG,ligand,other
DB13961,DGAT2,agonist,activates
DB13961,PTGS2,inhibitor,inhibits
DB13961,FFAR4,agonist,activates
DB13961,CACNA1C,inhibitor,inhibits
DB13961,SCN1A,inhibitor,inhibits
DB13961,NFKB2,regulator,other
DB13961,SREBF1,regulator,other
DB13961,PPARA,regulator,other
DB13961,PPARG,nan,other
DB13961,PPARD,regulator,other
DB13967,ALB,binder,other
DB13978,SIRT1,inhibitor,inhibits
DB13979,nan,nan,other
DB13981,ESR1,modulator,other
DB13983,GABRA1,ligand,other
DB13985,SSTR2,agonist,activates
DB13985,SSTR1,agonist,activates
DB13985,SSTR3,agonist,activates
DB13985,SSTR4,agonist,activates
DB13985,SSTR5,agonist,activates
DB13988,HTR7,antagonist,inhibits
DB13993,GABRA2,modulator,other
DB13993,GABRA3,modulator,other
DB13994,GABRA3,positive allosteric modulator,activates
DB13994,GABRA2,positive allosteric modulator,activates
DB13995,FTL,binder,other
DB13995,FTH1,binder,other
DB13995,HBA1,binder,other
DB13995,HBB,binder,other
DB13996,ATP1A1,nan,other
DB13998,F10,activator,activates
DB13998,F9,cofactor,other
DB13998,VWF,binder,other
DB13998,PHYH,antagonist,inhibits
DB13998,ASGR2,binder,other
DB13998,HSPA5,chaperone,other
DB13998,CALR,chaperone,other
DB13998,CANX,chaperone,other
DB13998,LMAN1,chaperone,other
DB13998,LRP1,modulator,other
DB13998,MCFD2,modulator,other
DB13999,F10,activator,activates
DB13999,F9,cofactor,other
DB13999,VWF,binder,other
DB13999,PHYH,antagonist,inhibits
DB13999,ASGR2,binder,other
DB13999,HSPA5,chaperone,other
DB13999,CALR,chaperone,other
DB13999,CANX,chaperone,other
DB13999,LMAN1,chaperone,other
DB13999,LRP1,modulator,other
DB13999,MCFD2,modulator,other
DB14001,SEC14L3,nan,other
DB14001,SEC14L2,nan,other
DB14001,NR1I2,nan,other
DB14001,PRKCB,nan,other
DB14001,ALOX5,nan,other
DB14001,PRKCA,nan,other
DB14001,DGKA,nan,other
DB14002,SEC14L3,nan,other
DB14002,SEC14L2,nan,other
DB14002,NR1I2,nan,other
DB14002,PRKCB,nan,other
DB14002,ALOX5,nan,other
DB14002,PRKCA,nan,other
DB14004,IL12B,antagonist,inhibits
DB14006,PCYT1B,product of,other
DB14006,ACHE,product of,other
DB14006,PCYT1A,product of,other
DB14006,PLD2,product of,other
DB14006,BCHE,product of,other
DB14006,PLD1,product of,other
DB14006,CHRNA7,nan,other
DB14009,CNR1,negative modulator,inhibits
DB14009,CNR2,nan,other
DB14009,GPR12,inverse agonist,inhibits
DB14009,GLRA1,nan,other
DB14009,GLRA3,nan,other
DB14009,GPR18,nan,other
DB14009,GPR55,nan,other
DB14009,HTR1A,nan,other
DB14009,HTR2A,nan,other
DB14009,CHRNA7,nan,other
DB14009,OPRD1,nan,other
DB14009,OPRM1,nan,other
DB14009,PPARG,nan,other
DB14009,TRPV1,nan,other
DB14009,CACNA1G,nan,other
DB14009,CACNA1H,nan,other
DB14009,CACNA1I,nan,other
DB14009,TRPA1,nan,other
DB14009,TRPM8,nan,other
DB14009,TRPV2,nan,other
DB14009,TRPV3,nan,other
DB14009,TRPV4,nan,other
DB14009,VDAC1,nan,other
DB14009,NAPEPLD,inhibitor,inhibits
DB14009,NAAA,inhibitor,inhibits
DB14009,AANAT,inhibitor,inhibits
DB14009,PLA2G1B,inhibitor,inhibits
DB14009,SOD1,inhibitor,inhibits
DB14009,FAAH,inhibitor,inhibits
DB14009,CAT,inhibitor,inhibits
DB14009,CRYZ,inhibitor,inhibits
DB14009,SMPD1,inducer,activates
DB14009,GPX1,inducer,activates
DB14009,GSR,inducer,activates
DB14009,HMGCR,inducer,activates
DB14009,IDO1,inhibitor,inhibits
DB14009,PTGS1,inhibitor,inhibits
DB14009,PTGS2,inhibitor,inhibits
DB14009,CYP17A1,inhibitor,inhibits
DB14009,ACAT1,inhibitor,inhibits
DB14010,HTR6,inhibitor,inhibits
DB14010,HTR2B,inhibitor,inhibits
DB14010,HTR2C,inhibitor,inhibits
DB14010,HTR1A,agonist,activates
DB14010,HTR2A,agonist,activates
DB14011,CNR1,nan,other
DB14011,CNR2,nan,other
DB14011,GPR12,inverse agonist,inhibits
DB14011,GLRA1,nan,other
DB14011,GLRA3,nan,other
DB14011,GPR18,nan,other
DB14011,GPR55,nan,other
DB14011,HTR1A,nan,other
DB14011,HTR2A,nan,other
DB14011,CHRNA7,nan,other
DB14011,OPRD1,nan,other
DB14011,OPRM1,nan,other
DB14011,PPARG,nan,other
DB14011,TRPV1,nan,other
DB14011,CACNA1G,nan,other
DB14011,CACNA1H,nan,other
DB14011,CACNA1I,nan,other
DB14011,TRPA1,nan,other
DB14011,TRPM8,nan,other
DB14011,TRPV2,nan,other
DB14011,TRPV3,nan,other
DB14011,TRPV4,nan,other
DB14011,VDAC1,nan,other
DB14011,PTGS1,inhibitor,inhibits
DB14011,PTGS2,inhibitor,inhibits
DB14011,ACAT1,inhibitor,inhibits
DB14011,CYP17A1,inhibitor,inhibits
DB14011,HMGCR,stimulator,activates
DB14011,GSR,stimulator,activates
DB14011,GPX1,stimulator,activates
DB14011,IDO1,inhibitor,inhibits
DB14011,AANAT,inhibitor,inhibits
DB14011,CYP1B1,inhibitor,inhibits
DB14011,CYP3A5,inhibitor,inhibits
DB14011,CYP2D6,substrate,other
DB14011,CYP1A2,inhibitor,inhibits
DB14011,CYP1A1,inhibitor,inhibits
DB14011,CYP3A7,inhibitor,inhibits
DB14011,CRYZ,inhibitor,inhibits
DB14011,CAT,inhibitor,inhibits
DB14011,FAAH,inhibitor,inhibits
DB14011,SOD1,inhibitor,inhibits
DB14011,NAAA,inhibitor,inhibits
DB14012,FGF23,antagonist,inhibits
DB14013,NR1D1,agonist,activates
DB14013,NR1D2,agonist,activates
DB14014,NR1D2,agonist,activates
DB14014,NR1D1,agonist,activates
DB14017,SF3B1,inhibitor,inhibits
DB14018,ADORA1,antagonist,inhibits
DB14019,TACR1,antagonist,inhibits
DB14020,CES1,inhibitor,inhibits
DB14027,GLP1R,agonist,activates
DB14028,GABRA1,positive allosteric modulator,activates
DB14028,GABRA1,ligand,other
DB14034,PPARG,agonist,activates
DB14035,PPARG,agonist,activates
DB14039,CALCRL,antagonist,inhibits
DB14040,CALCA,binder,other
DB14040,CALCB,binder,other
DB14041,CALCA,binder,other
DB14041,CALCB,binder,other
DB14042,CALCA,antibody,other
DB14042,CALCB,antibody,other
DB14043,CNR2,agonist,activates
DB14043,GPR119,agonist,activates
DB14043,GPR55,agonist,activates
DB14049,CA2,inhibitor,inhibits
DB14049,CA1,inhibitor,inhibits
DB14050,TRPV1,agonist,activates
DB14050,TRPV2,agonist,activates
DB14050,TRPA1,agonist,activates
DB14050,DAGLA,inhibitor,inhibits
DB14054,PYGM,inhibitor,inhibits
DB14059,PTGS2,inhibitor,inhibits
DB14059,NFKB2,inhibitor,inhibits
DB14060,PTGS2,inhibitor,inhibits
DB14061,ABCB1,inhibitor,inhibits
DB14062,ABCB1,inhibitor,inhibits
DB14063,ABCB1,inhibitor,inhibits
DB14064,ABCB1,inhibitor,inhibits
DB14065,SCN5A,inhibitor,inhibits
DB14065,CACNA1B,inhibitor,inhibits
DB14065,ABCB1,inhibitor,inhibits
DB14066,ABCB1,inhibitor,inhibits
DB14067,ABCB5,inhibitor,inhibits
DB14067,ABCB1,inhibitor,inhibits
DB14068,ABCB4,modulator,other
DB14068,ABCB1,inhibitor,inhibits
DB14069,ABCB1,inhibitor,inhibits
DB14070,ABCB1,inhibitor,inhibits
DB14070,ABCB4,inhibitor,inhibits
DB14071,ABCB1,inhibitor,inhibits
DB14072,ABCB1,inhibitor,inhibits
DB14083,CATSPER1,activator,activates
DB14086,CA2,inhibitor,inhibits
DB14086,CA12,inhibitor,inhibits
DB14086,CA6,inhibitor,inhibits
DB14086,CA9,inhibitor,inhibits
DB14086,CA14,inhibitor,inhibits
DB14086,CA1,inhibitor,inhibits
DB14086,PTGS1,inhibitor,inhibits
DB14086,CA4,inhibitor,inhibits
DB14104,FABP4,inhibitor,inhibits
DB14109,GAA,substrate,other
DB14123,TRPM8,agonist,activates
DB14127,MME,inhibitor,inhibits
DB14128,HSD17B1,inhibitor,inhibits
DB14128,GAA,inhibitor,inhibits
DB14128,GANAB,inhibitor,inhibits
DB14128,GANC,inhibitor,inhibits
DB14128,BLVRA,inhibitor,inhibits
DB14128,ALDH2,inhibitor,inhibits
DB14128,MGAM,inhibitor,inhibits
DB14128,HMGCR,inhibitor,inhibits
DB14128,GSR,inhibitor,inhibits
DB14128,IMPDH2,inhibitor,inhibits
DB14132,ADORA2A,antagonist,inhibits
DB14144,CA14,inhibitor,inhibits
DB14146,OPRM1,agonist,activates
DB14146,OPRD1,agonist,activates
DB14146,OPRK1,agonist,activates
DB14174,ALDH3A2,inhibitor,inhibits
DB14183,TRPM8,activator,activates
DB14184,TRPV3,activator,activates
DB14184,TRPA1,activator,activates
DB14185,DRD2,partial agonist,activates
DB14185,HTR1A,partial agonist,activates
DB14185,HTR2A,antagonist,inhibits
DB14185,HTR1B,nan,other
DB14185,HTR1D,nan,other
DB14185,HTR1E,nan,other
DB14185,DRD1,nan,other
DB14185,DRD5,nan,other
DB14185,DRD3,nan,other
DB14185,DRD4,nan,other
DB14185,HTR2C,nan,other
DB14185,HTR3A,nan,other
DB14185,HTR6,nan,other
DB14185,HTR7,nan,other
DB14185,HRH1,antagonist,inhibits
DB14185,ADRA1A,antagonist,inhibits
DB14185,ADRA1B,antagonist,inhibits
DB14185,ADRA2A,nan,other
DB14185,ADRA2B,nan,other
DB14185,ADRA2C,nan,other
DB14185,CHRM1,nan,other
DB14185,CHRM2,nan,other
DB14185,CHRM3,nan,other
DB14185,CHRM4,nan,other
DB14185,CHRM5,nan,other
DB14187,TRPM8,activator,activates
DB14210,ACE,modulator,other
DB14212,TRPA1,activator,activates
DB14371,ALOX15,inhibitor,inhibits
DB14481,CASR,nan,other
DB14481,CALR,nan,other
DB14481,CIB1,nan,other
DB14481,PDCD6,nan,other
DB14481,SRI,nan,other
DB14481,CHP1,nan,other
DB14481,SPARC,nan,other
DB14481,CANX,nan,other
DB14481,FBN2,nan,other
DB14481,S100B,nan,other
DB14481,CASQ2,nan,other
DB14481,RGN,nan,other
DB14481,PEF1,nan,other
DB14481,S100A6,nan,other
DB14481,TPT1,nan,other
DB14481,CIB2,nan,other
DB14481,S100A13,nan,other
DB14481,CASQ1,nan,other
DB14481,NUCB1,nan,other
DB14481,NUCB2,nan,other
DB14481,FBN3,nan,other
DB14481,GCA,nan,other
DB14481,CADPS,nan,other
DB14481,CALM2,nan,other
DB14481,CALM3,nan,other
DB14481,S100A16,nan,other
DB14481,CALB2,nan,other
DB14481,CAPS,nan,other
DB14481,CADPS2,nan,other
DB14481,CALR3,nan,other
DB14481,NRXN1,nan,other
DB14481,NCS1,nan,other
DB14481,CALM1,nan,other
DB14487,BDKRB1,nan,other
DB14487,MGMT,nan,other
DB14487,ALDOA,nan,other
DB14487,EEF1A1,nan,other
DB14487,ENO1,nan,other
DB14487,GAPDHS,nan,other
DB14487,NME1,nan,other
DB14487,P4HB,nan,other
DB14487,PDIA3,nan,other
DB14487,PRDX1,nan,other
DB14487,PSPH,nan,other
DB14487,TPI1,nan,other
DB14487,TUFM,nan,other
DB14487,ESR1,nan,other
DB14487,IL3,nan,other
DB14487,MT2A,nan,other
DB14487,CCS,nan,other
DB14487,HDAC1,nan,other
DB14487,HDAC4,nan,other
DB14487,MPG,nan,other
DB14487,SEMG1,nan,other
DB14487,SOD1,nan,other
DB14487,HDAC8,nan,other
DB14487,SIVA1,nan,other
DB14487,GLRA1,nan,other
DB14487,MDM2,nan,other
DB14487,INS,nan,other
DB14487,UTRN,nan,other
DB14487,ASPA,nan,other
DB14487,S100A8,nan,other
DB14487,S100A9,nan,other
DB14487,MMP9,nan,other
DB14487,TP73,nan,other
DB14487,S100A2,nan,other
DB14487,TP53,nan,other
DB14487,MT3,nan,other
DB14487,PDCD6,nan,other
DB14487,DAND5,nan,other
DB14487,MT1A,nan,other
DB14487,A1BG,nan,other
DB14487,A2M,nan,other
DB14487,AGT,nan,other
DB14487,AHSG,nan,other
DB14487,APCS,nan,other
DB14487,APOA1,nan,other
DB14487,APOA2,nan,other
DB14487,APOA4,nan,other
DB14487,APOBR,nan,other
DB14487,APOE,nan,other
DB14487,APOL1,nan,other
DB14487,C1QB,nan,other
DB14487,C1QC,nan,other
DB14487,C1R,nan,other
DB14487,C1S,nan,other
DB14487,C3,nan,other
DB14487,C4B,nan,other
DB14487,C4BPA,nan,other
DB14487,C4BPB,nan,other
DB14487,C5,nan,other
DB14487,BRCC3,nan,other
DB14487,C8A,nan,other
DB14487,C8B,nan,other
DB14487,C8G,nan,other
DB14487,CFB,nan,other
DB14487,CFH,nan,other
DB14487,CFI,nan,other
DB14487,CLU,nan,other
DB14487,CP,nan,other
DB14487,CPN1,nan,other
DB14487,CPN2,nan,other
DB14487,DCD,nan,other
DB14487,DSP,nan,other
DB14487,F12,nan,other
DB14487,F13B,nan,other
DB14487,F2,nan,other
DB14487,FCN3,nan,other
DB14487,FGA,nan,other
DB14487,FN1,nan,other
DB14487,GSN,nan,other
DB14487,HBA1,nan,other
DB14487,HBB,nan,other
DB14487,HPR,nan,other
DB14487,HRNR,nan,other
DB14487,IGFALS,nan,other
DB14487,IGHA1,nan,other
DB14487,IGHM,nan,other
DB14487,IGKV1-17,nan,other
DB14487,IGKV3-20,nan,other
DB14487,IGLV3-21,nan,other
DB14487,ITIH1,nan,other
DB14487,ITIH2,nan,other
DB14487,ITIH3,nan,other
DB14487,ITIH4,nan,other
DB14487,JCHAIN,nan,other
DB14487,JUP,nan,other
DB14487,KLKB1,nan,other
DB14487,KNG1,nan,other
DB14487,KRT1,nan,other
DB14487,KRT10,nan,other
DB14487,KRT14,nan,other
DB14487,KRT16,nan,other
DB14487,KRT2,nan,other
DB14487,KRT5,nan,other
DB14487,KRT6A,nan,other
DB14487,KRT9,nan,other
DB14487,ORM2,nan,other
DB14487,PGLYRP2,nan,other
DB14487,PON1,nan,other
DB14487,PZP,nan,other
DB14487,S100A7,nan,other
DB14487,SELENOP,nan,other
DB14487,SERPINA1,nan,other
DB14487,SERPINA3,nan,other
DB14487,SERPINA4,nan,other
DB14487,SERPINA6,nan,other
DB14487,SERPIND1,nan,other
DB14487,SHBG,nan,other
DB14487,TF,nan,other
DB14487,TTR,nan,other
DB14487,VTN,nan,other
DB14487,APLP1,nan,other
DB14487,APLP2,nan,other
DB14487,APP,nan,other
DB14487,PARP1,nan,other
DB14488,TFRC,nan,other
DB14488,EGLN1,nan,other
DB14488,HDAC8,nan,other
DB14488,AHSP,nan,other
DB14488,HBA1,nan,other
DB14488,FXN,nan,other
DB14488,FTH1,nan,other
DB14488,FEN1,nan,other
DB14488,NEIL1,nan,other
DB14488,NEIL2,nan,other
DB14488,POLB,nan,other
DB14488,CP,nan,other
DB14488,TF,nan,other
DB14489,TFRC,nan,other
DB14489,EGLN1,nan,other
DB14489,HDAC8,nan,other
DB14489,AHSP,nan,other
DB14489,HBA1,nan,other
DB14489,FXN,nan,other
DB14489,FTH1,nan,other
DB14489,FEN1,nan,other
DB14489,NEIL1,nan,other
DB14489,NEIL2,nan,other
DB14489,POLB,nan,other
DB14489,CP,nan,other
DB14489,TF,nan,other
DB14490,TFRC,nan,other
DB14490,EGLN1,nan,other
DB14490,HDAC8,nan,other
DB14490,AHSP,nan,other
DB14490,HBA1,nan,other
DB14490,FXN,nan,other
DB14490,FTH1,nan,other
DB14490,FEN1,nan,other
DB14490,NEIL1,nan,other
DB14490,NEIL2,nan,other
DB14490,POLB,nan,other
DB14490,CP,nan,other
DB14490,TF,nan,other
DB14491,TFRC,nan,other
DB14491,EGLN1,nan,other
DB14491,HDAC8,nan,other
DB14491,AHSP,nan,other
DB14491,HBA1,nan,other
DB14491,FXN,nan,other
DB14491,FTH1,nan,other
DB14491,FEN1,nan,other
DB14491,NEIL1,nan,other
DB14491,NEIL2,nan,other
DB14491,POLB,nan,other
DB14491,CP,nan,other
DB14491,TF,nan,other
DB14498,ATP1A1,nan,other
DB14499,ATP1A1,nan,other
DB14500,ATP1A1,regulator,other
DB14501,TFRC,nan,other
DB14501,EGLN1,nan,other
DB14501,HDAC8,nan,other
DB14501,AHSP,nan,other
DB14501,HBA1,nan,other
DB14501,FXN,nan,other
DB14501,FTH1,nan,other
DB14501,FEN1,nan,other
DB14501,NEIL1,nan,other
DB14501,NEIL2,nan,other
DB14501,POLB,nan,other
DB14501,CP,nan,other
DB14501,TF,nan,other
DB14502,CA4,inhibitor,inhibits
DB14507,IMPA2,nan,other
DB14507,IMPA1,nan,other
DB14507,GSK3B,nan,other
DB14507,GRIA3,nan,other
DB14508,IMPA2,nan,other
DB14508,IMPA1,nan,other
DB14508,GSK3B,nan,other
DB14508,GRIA3,nan,other
DB14509,IMPA2,nan,other
DB14509,IMPA1,nan,other
DB14509,GSK3B,nan,other
DB14509,GRIA3,nan,other
DB14511,MMP12,inhibitor,inhibits
DB14511,CALM1,inhibitor,inhibits
DB14511,SOD1,inhibitor,inhibits
DB14511,ABAT,inhibitor,inhibits
DB14511,ACE,inhibitor,inhibits
DB14511,PTPN1,inhibitor,inhibits
DB14511,NOS1,inhibitor,inhibits
DB14511,CELA1,inhibitor,inhibits
DB14511,ESR2,inhibitor,inhibits
DB14511,HPD,inhibitor,inhibits
DB14511,NOS3,inhibitor,inhibits
DB14511,TXN,inhibitor,inhibits
DB14511,CA2,inhibitor,inhibits
DB14511,LTA4H,inhibitor,inhibits
DB14511,CALM2,inhibitor,inhibits
DB14511,CALM3,inhibitor,inhibits
DB14511,AKR1C3,inhibitor,inhibits
DB14511,PLA2G1B,inhibitor,inhibits
DB14512,NR3C1,agonist,activates
DB14512,PGR,nan,other
DB14514,ATP1A1,nan,other
DB14515,ATP1A1,nan,other
DB14517,TF,nan,other
DB14517,ATP1A1,nan,other
DB14517,KLK1,nan,other
DB14517,APP,nan,other
DB14518,TF,nan,other
DB14518,ATP1A1,nan,other
DB14518,KLK1,nan,other
DB14518,APP,nan,other
DB14520,TFRC,ligand,other
DB14526,CYB5A,nan,other
DB14527,CYB5A,nan,other
DB14528,CYB5A,nan,other
DB14529,CYB5A,nan,other
DB14530,CYB5A,nan,other
DB14533,BDKRB1,agonist,activates
DB14533,MGMT,stabilization,other
DB14533,ALDOA,ligand,other
DB14533,EEF1A1,binder,other
DB14533,ENO1,binder,other
DB14533,GAPDHS,binder,other
DB14533,NME1,inhibitor,inhibits
DB14533,P4HB,binder,other
DB14533,PDIA3,binder,other
DB14533,PRDX1,binder,other
DB14533,PSPH,binder,other
DB14533,TPI1,binder,other
DB14533,TUFM,cofactor,other
DB14533,ESR1,binder,other
DB14533,IL3,binder,other
DB14533,MT2A,cofactor,other
DB14533,CCS,cofactor,other
DB14533,HDAC1,cofactor,other
DB14533,HDAC4,cofactor,other
DB14533,MPG,cofactor,other
DB14533,SEMG1,cofactor,other
DB14533,SOD1,cofactor,other
DB14533,HDAC8,cofactor,other
DB14533,SIVA1,binder,other
DB14533,GLRA1,inhibitor,inhibits
DB14533,MDM2,binder,other
DB14533,INS,stabilization,other
DB14533,UTRN,cofactor,other
DB14533,ASPA,cofactor,other
DB14533,S100A8,regulator,other
DB14533,S100A9,regulator,other
DB14533,MMP9,binder,other
DB14533,TP73,chaperone,other
DB14533,S100A2,inactivator,inhibits
DB14533,TP53,chaperone,other
DB14533,MT3,cofactor,other
DB14533,MT1A,binder,other
DB14533,A2M,ligand,other
DB14533,AHSG,chelator,other
DB14533,APOA1,inducer,activates
DB14533,APOBR,inducer,activates
DB14533,APOE,antagonist,inhibits
DB14533,APOL1,inhibitor,inhibits
DB14533,C1QB,modulator,other
DB14533,C1QC,modulator,other
DB14533,C1R,modulator,other
DB14533,C1S,modulator,other
DB14533,C3,inhibitor,inhibits
DB14533,C4B,modulator,other
DB14533,C4BPA,modulator,other
DB14533,C4BPB,modulator,other
DB14533,C5,ligand,other
DB14533,BRCC3,cofactor,other
DB14533,CFH,ligand,other
DB14533,CLU,inducer,activates
DB14533,CP,ligand,other
DB14533,CPN1,cofactor,other
DB14533,CPN2,cofactor,other
DB14533,DCD,stabilization,other
DB14533,FGA,binder,other
DB14533,FN1,modulator,other
DB14533,HBA1,inducer,activates
DB14533,HBB,inducer,activates
DB14533,HP,binder,other
DB14533,IGFALS,inducer,activates
DB14533,ITIH1,binder,other
DB14533,ITIH2,binder,other
DB14533,ITIH3,binder,other
DB14533,ITIH4,binder,other
DB14533,JCHAIN,component of,other
DB14533,KLKB1,inhibitor,inhibits
DB14533,KNG1,cofactor,other
DB14533,KRT9,ligand,other
DB14533,ORM2,binder,other
DB14533,PGLYRP2,binder,other
DB14533,PON1,inducer,activates
DB14533,PZP,binder,other
DB14533,S100A7,binder,other
DB14533,SELENOP,binder,other
DB14533,SERPINA1,ligand,other
DB14533,SERPINA3,binder,other
DB14533,SERPINA6,modulator,other
DB14533,SERPIND1,agonist,activates
DB14533,SHBG,modulator,other
DB14533,TF,ligand,other
DB14533,TTR,inducer,activates
DB14533,VTN,inducer,activates
DB14533,APLP1,ligand,other
DB14533,APLP2,ligand,other
DB14533,APP,ligand,other
DB14533,PARP1,component of,other
DB14533,APOB,ligand,other
DB14533,HPX,ligand,other
DB14533,HRG,cofactor,other
DB14533,F11,activator,activates
DB14533,APOBEC1,cofactor,other
DB14533,SEMG2,cofactor,other
DB14538,ANXA1,nan,other
DB14538,NR3C1,nan,other
DB14538,HSD11B2,nan,other
DB14538,HSD3B1,nan,other
DB14539,ANXA1,agonist,activates
DB14539,NR3C1,agonist,activates
DB14539,HSD11B2,nan,other
DB14539,HSD3B1,nan,other
DB14540,ANXA1,agonist,activates
DB14540,NR3C1,agonist,activates
DB14540,HSD11B2,nan,other
DB14540,HSD3B1,nan,other
DB14541,ANXA1,nan,other
DB14541,NR3C1,nan,other
DB14541,HSD11B2,nan,other
DB14541,HSD3B1,nan,other
DB14542,ANXA1,nan,other
DB14542,NR3C1,nan,other
DB14542,HSD11B2,nan,other
DB14542,HSD3B1,nan,other
DB14543,ANXA1,agonist,activates
DB14543,NR3C1,agonist,activates
DB14543,HSD11B2,nan,other
DB14543,HSD3B1,nan,other
DB14544,ANXA1,agonist,activates
DB14544,NR3C1,agonist,activates
DB14544,HSD11B2,nan,other
DB14544,HSD3B1,nan,other
DB14546,CA1,inhibitor,inhibits
DB14548,BDKRB1,agonist,activates
DB14548,MGMT,stabilization,other
DB14548,ALDOA,ligand,other
DB14548,EEF1A1,binder,other
DB14548,ENO1,binder,other
DB14548,GAPDHS,binder,other
DB14548,NME1,inhibitor,inhibits
DB14548,P4HB,binder,other
DB14548,PDIA3,binder,other
DB14548,PRDX1,binder,other
DB14548,PSPH,binder,other
DB14548,TPI1,binder,other
DB14548,TUFM,cofactor,other
DB14548,ESR1,binder,other
DB14548,IL3,binder,other
DB14548,MT2A,cofactor,other
DB14548,CCS,cofactor,other
DB14548,HDAC1,cofactor,other
DB14548,HDAC4,cofactor,other
DB14548,MPG,cofactor,other
DB14548,SEMG1,cofactor,other
DB14548,SOD1,cofactor,other
DB14548,HDAC8,cofactor,other
DB14548,SIVA1,binder,other
DB14548,GLRA1,inhibitor,inhibits
DB14548,MDM2,binder,other
DB14548,INS,stabilization,other
DB14548,UTRN,cofactor,other
DB14548,ASPA,cofactor,other
DB14548,S100A8,regulator,other
DB14548,S100A9,regulator,other
DB14548,MMP9,binder,other
DB14548,TP73,chaperone,other
DB14548,S100A2,inactivator,inhibits
DB14548,TP53,chaperone,other
DB14548,MT3,cofactor,other
DB14548,MT1A,binder,other
DB14548,A2M,ligand,other
DB14548,AHSG,chelator,other
DB14548,APOA1,inducer,activates
DB14548,APOBR,inducer,activates
DB14548,APOE,antagonist,inhibits
DB14548,APOL1,inhibitor,inhibits
DB14548,C1QB,modulator,other
DB14548,C1QC,modulator,other
DB14548,C1R,modulator,other
DB14548,C1S,modulator,other
DB14548,C3,inhibitor,inhibits
DB14548,C4B,modulator,other
DB14548,C4BPA,modulator,other
DB14548,C4BPB,modulator,other
DB14548,C5,ligand,other
DB14548,BRCC3,cofactor,other
DB14548,CFH,ligand,other
DB14548,CLU,inducer,activates
DB14548,CP,ligand,other
DB14548,CPN1,cofactor,other
DB14548,CPN2,cofactor,other
DB14548,DCD,stabilization,other
DB14548,FGA,binder,other
DB14548,FN1,modulator,other
DB14548,HBA1,inducer,activates
DB14548,HBB,inducer,activates
DB14548,HP,binder,other
DB14548,IGFALS,inducer,activates
DB14548,ITIH1,binder,other
DB14548,ITIH2,binder,other
DB14548,ITIH3,binder,other
DB14548,ITIH4,binder,other
DB14548,JCHAIN,component of,other
DB14548,KLKB1,inhibitor,inhibits
DB14548,KNG1,cofactor,other
DB14548,KRT9,ligand,other
DB14548,ORM2,binder,other
DB14548,PGLYRP2,binder,other
DB14548,PON1,inducer,activates
DB14548,PZP,binder,other
DB14548,S100A7,binder,other
DB14548,SELENOP,binder,other
DB14548,SERPINA1,ligand,other
DB14548,SERPINA3,binder,other
DB14548,SERPINA6,modulator,other
DB14548,SERPIND1,agonist,activates
DB14548,SHBG,modulator,other
DB14548,TF,ligand,other
DB14548,TTR,inducer,activates
DB14548,VTN,inducer,activates
DB14548,APLP1,ligand,other
DB14548,APLP2,ligand,other
DB14548,APP,ligand,other
DB14548,PARP1,component of,other
DB14548,APOB,ligand,other
DB14548,HPX,ligand,other
DB14548,HRG,cofactor,other
DB14548,F11,activator,activates
DB14548,APOBEC1,cofactor,other
DB14548,SEMG2,cofactor,other
DB14562,TFPI,inhibitor,inhibits
DB14568,IDH1,inhibitor,inhibits
DB14575,SCN11A,inhibitor,inhibits
DB14575,P2RX4,nan,other
DB14580,APP,binder,other
DB14581,EZH2,inhibitor,inhibits
DB14583,PGR,agonist,activates
DB14583,AR,agonist,activates
DB14583,NR3C1,agonist,activates
DB14597,KLKB1,inhibitor,inhibits
DB14631,NR3C1,agonist,activates
DB14631,ANXA1,ligand,other
DB14635,PPARG,nan,other
DB14635,VDR,nan,other
DB14635,ABCC5,nan,other
DB14635,CBR1,nan,other
DB14635,GSTP1,nan,other
DB14636,AKT3,modulator,other
DB14639,AR,nan,other
DB14641,ESR1,nan,other
DB14641,ESR2,nan,other
DB14641,SHBG,nan,other
DB14642,AVPR1A,nan,other
DB14642,AVPR2,nan,other
DB14642,AVPR1B,nan,other
DB14649,NR3C1,agonist,activates
DB14649,ANXA1,agonist,activates
DB14649,NOS2,negative modulator,inhibits
DB14649,NR0B1,stimulator,activates
DB14649,NR1I2,agonist,activates
DB14669,NR3C1,agonist,activates
DB14669,ANXA1,agonist,activates
DB14672,GABRA1,positive allosteric modulator,activates
DB14672,GABRA1,ligand,other
DB14700,F8,binder,other
DB14707,PDCD1,inhibitor,inhibits
DB14713,TTR,antisense oligonucleotide,other
DB14715,GABRA1,positive allosteric modulator,activates
DB14715,GABRA1,ligand,other
DB14719,GABRA1,positive allosteric modulator,activates
DB14719,GABRG3,modulator,other
DB14719,GABRA1,ligand,other
DB14722,STING1,activator,activates
DB14723,NTRK1,inhibitor,inhibits
DB14723,NTRK2,inhibitor,inhibits
DB14723,NTRK3,inhibitor,inhibits
DB14724,IFNG,neutralizer,inhibits
DB14726,F2,inhibitor,inhibits
DB14731,IL3RA,ligand,other
DB14737,CNR1,agonist,activates
DB14738,F9,activator,activates
DB14738,F10,activator,activates
DB14738,F2,binder,other
DB14738,VWF,binder,other
DB14740,TGFB1,inhibitor,inhibits
DB14751,IGF1R,agonist,activates
DB14751,INSR,nan,other
DB14751,IGF2R,nan,other
DB14754,SLC6A3,nan,other
DB14754,SLC6A2,nan,other
DB14762,IL12B,inhibitor,inhibits
DB14763,PDF,inhibitor,inhibits
DB14766,S1PR1,modulator,other
DB14766,S1PR4,modulator,other
DB14766,S1PR5,modulator,other
DB14770,SYK,inhibitor,inhibits
DB14773,BRAF,inhibitor,inhibits
DB14774,PDE10A,inhibitor,inhibits
DB14776,PDCD1,inhibitor,inhibits
DB14776,CD274,inhibitor,inhibits
DB14779,GCGR,antagonist,inhibits
DB14783,CHRNA10,agonist,activates
DB14785,BTK,inhibitor,inhibits
DB14787,MCHR1,antagonist,inhibits
DB14790,PDE4D,inhibitor,inhibits
DB14791,CHEK1,modulator,other
DB14799,EZH2,inhibitor,inhibits
DB14801,PPARA,agonist,activates
DB14801,PPARD,agonist,activates
DB14801,PPARG,agonist,activates
DB14802,TSPO,antagonist,inhibits
DB14803,C3,inhibitor,inhibits
DB14805,FOLH1,binder,other
DB14806,GLP1R,antagonist,inhibits
DB14810,GCK,activator,activates
DB14811,CD38,binder,other
DB14813,CCR5,antagonist,inhibits
DB14822,HCRTR1,antagonist,inhibits
DB14823,AVPR1A,antagonist,inhibits
DB14829,SELE,inhibitor,inhibits
DB14835,HRH3,antagonist,inhibits
DB14840,KIT,inhibitor,inhibits
DB14840,PDGFRB,inhibitor,inhibits
DB14840,TEK,inhibitor,inhibits
DB14840,KDR,inhibitor,inhibits
DB14840,BRAF,inhibitor,inhibits
DB14840,PDGFRA,inhibitor,inhibits
DB14844,DRD3,antagonist,inhibits
DB14844,DRD2,antagonist,inhibits
DB14845,JAK1,inhibitor,inhibits
DB14846,MTOR,inhibitor,inhibits
DB14846,PIK3CG,inhibitor,inhibits
DB14846,PIK3CB,inhibitor,inhibits
DB14849,COMT,inhibitor,inhibits
DB14851,LAG3,antibody,other
DB14854,CHRNA7,modulator,other
DB14856,SCN9A,blocker,inhibits
DB14856,SLC22A12,inhibitor,inhibits
DB14857,CRBN,modulator,other
DB14859,TYMS,inhibitor,inhibits
DB14860,ALK,inhibitor,inhibits
DB14864,VEGFA,inhibitor,inhibits
DB14866,PDGFRA,inhibitor,inhibits
DB14867,PIK3CD,inhibitor,inhibits
DB14868,TLR7,agonist,activates
DB14870,GHSR,modulator,other
DB14875,HSD11B1,inhibitor,inhibits
DB14876,HSP90AB1,inhibitor,inhibits
DB14881,OPRM1,agonist,activates
DB14886,MARCKS,inhibitor,inhibits
DB14887,DGAT1,inhibitor,inhibits
DB14889,FGFR1,inhibitor,inhibits
DB14890,CETP,inhibitor,inhibits
DB14892,PDCD1,inhibitor,inhibits
DB14894,CFTR,modulator,other
DB14895,ADRB3,agonist,activates
DB14896,NTRK1,inhibitor,inhibits
DB14898,DPP4,inhibitor,inhibits
DB14900,TMEM97,ligand,other
DB14901,PCSK9,antisense oligonucleotide,other
DB14904,MAP2K1,inhibitor,inhibits
DB14909,TERT,inhibitor,inhibits
DB14910,IL23A,binder,other
DB14911,VEGFA,modulator,other
DB14911,VEGFB,modulator,other
DB14911,VEGFC,modulator,other
DB14911,VEGFD,modulator,other
DB14914,MAPT,binder,other
DB14914,MAOA,binder,other
DB14914,MAOB,binder,other
DB14916,MAP3K5,inhibitor,inhibits
DB14917,ATR,inhibitor,inhibits
DB14918,SMN1,modulator,other
DB14919,FCGRT,antibody,other
DB14921,MYH7,inhibitory allosteric modulator,inhibits
DB14922,PDCD1,inhibitor,inhibits
DB14923,AVPR2,antagonist,inhibits
DB14924,JAK3,inhibitor,inhibits
DB14924,TEC,inhibitor,inhibits
DB14924,ITK,inhibitor,inhibits
DB14924,TXK,inhibitor,inhibits
DB14924,BTK,inhibitor,inhibits
DB14924,BMX,inhibitor,inhibits
DB14935,PIK3CA,inhibitor,inhibits
DB14939,CXCR4,inhibitor,inhibits
DB14941,CCR1,modulator,other
DB14942,PAWR,antagonist,inhibits
DB14943,PIM2,modulator,other
DB14944,ERBB2,inhibitor,inhibits
DB14944,EGFR,inhibitor,inhibits
DB14946,PTH1R,agonist,activates
DB14948,LPAR1,antagonist,inhibits
DB14960,GHR,binder,other
DB14962,FCGR1A,antibody,other
DB14962,TOP1,inhibitor,inhibits
DB14966,UGCG,inhibitor,inhibits
DB14967,ERBB2,antagonist,inhibits
DB14969,ESR1,modulator,other
DB14973,JAK1,inhibitor,inhibits
DB14973,JAK2,inhibitor,inhibits
DB14973,JAK3,inhibitor,inhibits
DB14973,TYK2,inhibitor,inhibits
DB14975,HBA1,binder,other
DB14976,NR3C1,antagonist,inhibits
DB14977,SV2A,inhibitor,inhibits
DB14979,HDAC7,inhibitor,inhibits
DB14979,HDAC9,inhibitor,inhibits
DB14979,HDAC8,inhibitor,inhibits
DB14979,HDAC4,inhibitor,inhibits
DB14979,HDAC5,inhibitor,inhibits
DB14979,HDAC6,inhibitor,inhibits
DB14979,HDAC2,inhibitor,inhibits
DB14979,HDAC3,inhibitor,inhibits
DB14979,HDAC1,inhibitor,inhibits
DB14980,PIK3CB,modulator,other
DB14982,AKT3,modulator,other
DB14982,AKT1,inhibitor,inhibits
DB14989,CSNK1E,inhibitor,inhibits
DB14989,PIK3CD,inhibitor,inhibits
DB14989,ABL1,inhibitor,inhibits
DB14992,GLA,modulator,other
DB14993,EGFR,inhibitor,inhibits
DB14995,FSCN1,inhibitor,inhibits
DB14996,C1S,inhibitor,inhibits
DB14998,CNR2,agonist,activates
DB14999,IFNAR1,binder,other
DB15001,CSF3R,ligand,other
DB15003,TYK2,inhibitor,inhibits
DB15003,JAK1,inhibitor,inhibits
DB15009,GCK,modulator,other
DB15010,NFKB1,inhibitor,inhibits
DB15010,RELB,inhibitor,inhibits
DB15010,NFKB2,inhibitor,inhibits
DB15010,RELA,inhibitor,inhibits
DB15010,REL,inhibitor,inhibits
DB15011,C5AR1,antagonist,inhibits
DB15012,GRIA1,binder,other
DB15021,PPARG,agonist,activates
DB15027,HRH4,antagonist,inhibits
DB15029,PIK3CG,inhibitor,inhibits
DB15029,PIK3CB,inhibitor,inhibits
DB15031,HCRTR1,antagonist,inhibits
DB15031,HCRTR2,antagonist,inhibits
DB15033,MAPT,modulator,other
DB15034,CREBBP,modulator,other
DB15035,BTK,inhibitor,inhibits
DB15035,EGFR,inhibitor,inhibits
DB15035,ERBB2,inhibitor,inhibits
DB15035,ERBB4,inhibitor,inhibits
DB15035,ITK,inhibitor,inhibits
DB15035,BMX,inhibitor,inhibits
DB15035,JAK2,inhibitor,inhibits
DB15035,TEC,inhibitor,inhibits
DB15035,BLK,inhibitor,inhibits
DB15035,JAK3,inhibitor,inhibits
DB15035,PTK6,inhibitor,inhibits
DB15035,FGR,inhibitor,inhibits
DB15035,FRK,inhibitor,inhibits
DB15035,LCK,inhibitor,inhibits
DB15035,TXK,inhibitor,inhibits
DB15036,MET,inhibitor,inhibits
DB15036,FLT4,inhibitor,inhibits
DB15036,KDR,inhibitor,inhibits
DB15036,RET,inhibitor,inhibits
DB15038,SLC6A4,modulator,other
DB15043,PDCD1,inhibitor,inhibits
DB15044,CD19,binder,other
DB15046,FFAR1,modulator,other
DB15047,KCNA5,inhibitor,inhibits
DB15048,SLC5A1,inhibitor,inhibits
DB15048,SLC5A2,inhibitor,inhibits
DB15055,CACNA1H,modulator,other
DB15059,EDNRA,antagonist,inhibits
DB15059,EDNRB,antagonist,inhibits
DB15063,NOD2,modulator,other
DB15065,GCGR,antagonist,inhibits
DB15066,ALAS1,inhibitor,inhibits
DB15067,APOC3,inhibitor,inhibits
DB15068,RET,inhibitor,inhibits
DB15068,BRAF,inhibitor,inhibits
DB15071,PTGER2,agonist,activates
DB15071,PTGER1,agonist,activates
DB15085,CMA1,inhibitor,inhibits
DB15090,TSLP,binder,other
DB15091,JAK1,inhibitor,inhibits
DB15092,HRH1,modulator,other
DB15093,GHR,agonist,activates
DB15096,CHRNA2,antagonist,inhibits
DB15096,CHRNA3,antagonist,inhibits
DB15097,P2RX3,antagonist,inhibits
DB15097,P2RX2,antagonist,inhibits
DB15100,CD70,antibody,other
DB15102,FGFR1,inhibitor,inhibits
DB15102,FGFR2,inhibitor,inhibits
DB15102,FGFR3,inhibitor,inhibits
DB15102,FGFR4,inhibitor,inhibits
DB15106,FGFR1,inhibitor,inhibits
DB15106,KDR,inhibitor,inhibits
DB15106,FLT4,inhibitor,inhibits
DB15106,CSF1R,inhibitor,inhibits
DB15106,FLT1,inhibitor,inhibits
DB15110,PLK1,inhibitor,inhibits
DB15114,NR3C1,agonist,activates
DB15114,NR3C2,antagonist,inhibits
DB15118,CLDN18,inhibitor,inhibits
DB15119,IFNAR1,binder,other
DB15120,HRH3,inverse agonist,inhibits
DB15123,GCK,activator,activates
DB15124,SCN9A,inhibitor,inhibits
DB15126,KDM1A,inhibitor,inhibits
DB15130,IL4,inhibitor,inhibits
DB15130,IL13,inhibitor,inhibits
DB15132,F2,inhibitor,inhibits
DB15133,MET,inhibitor,inhibits
DB15133,NISCH,inhibitor,inhibits
DB15133,MTNR1B,inhibitor,inhibits
DB15137,THRB,modulator,other
DB15138,ESR1,antagonist,inhibits
DB15149,FGFR1,inhibitor,inhibits
DB15149,FGFR2,inhibitor,inhibits
DB15149,FGFR3,inhibitor,inhibits
DB15149,FGFR4,inhibitor,inhibits
DB15157,CDK4,inhibitor,inhibits
DB15163,P2RY12,antagonist,inhibits
DB15164,VWF,cleavage,other
DB15165,C5,inhibitor,inhibits
DB15168,NR1H4,agonist,activates
DB15169,FGFR4,inhibitor,inhibits
DB15170,BTK,inhibitor,inhibits
DB15171,GLP1R,agonist,activates
DB15171,GIPR,agonist,activates
DB15173,FAAH,inhibitor,inhibits
DB15186,PIK3CG,inhibitor,inhibits
DB15187,AXL,inhibitor,inhibits
DB15189,BRD2,modulator,other
DB15189,BRD4,modulator,other
DB15190,MAPKAPK5,inhibitor,inhibits
DB15192,HRH3,modulator,other
DB15194,GCG,agonist,activates
DB15205,GHSR,agonist,activates
DB15212,PPARA,agonist,activates
DB15214,S1PR1,modulator,other
DB15218,C5,antibody,other
DB15219,MKNK1,inhibitor,inhibits
DB15219,MKNK2,inhibitor,inhibits
DB15221,AR,modulator,other
DB15226,GCGR,agonist,activates
DB15227,BTK,inhibitor,inhibits
DB15229,CACNA1B,blocker,inhibits
DB15232,GLS,modulator,other
DB15232,GLS2,modulator,other
DB15233,PDGFRA,inhibitor,inhibits
DB15233,KIT,inhibitor,inhibits
DB15248,SLC10A1,inhibitor,inhibits
DB15250,CCR9,modulator,other
DB15252,IL31RA,antagonist,inhibits
DB15254,ARAF,modulator,other
DB15254,BRAF,modulator,other
DB15254,RAF1,modulator,other
DB15256,TNNC2,modulator,other
DB15257,F8,other/unknown,other
DB15265,CXCR4,antagonist,inhibits
DB15266,RAF1,inhibitor,inhibits
DB15266,ARAF,inhibitor,inhibits
DB15266,BRAF,inhibitor,inhibits
DB15270,FCGRT,binder,other
DB15271,SELP,inhibitor,inhibits
DB15273,PTK2,inhibitor,inhibits
DB15275,PIK3CG,inhibitor,inhibits
DB15275,PIK3CA,degradation,inhibits
DB15281,MAPK3,modulator,other
DB15281,MAPK1,modulator,other
DB15283,PMEL,binder,other
DB15288,DBH,inhibitor,inhibits
DB15291,BTK,inhibitor,inhibits
DB15293,AKR1B1,inhibitor,inhibits
DB15294,JAK2,inhibitor,inhibits
DB15295,PIK3CD,inhibitor,inhibits
DB15297,CTSS,antagonist,inhibits
DB15299,MDM2,modulator,other
DB15303,VEGFA,antagonist,inhibits
DB15303,ANGPT2,antagonist,inhibits
DB15310,TGFBR1,modulator,other
DB15323,DPP4,inhibitor,inhibits
DB15327,EGFR,inhibitor,inhibits
DB15327,BTK,inhibitor,inhibits
DB15328,CALCRL,antagonist,inhibits
DB15334,ESRRA,agonist,activates
DB15334,CYP19A1,inhibitor,inhibits
DB15334,FASN,inhibitor,inhibits
DB15335,SLC5A2,inhibitor,inhibits
DB15347,BTK,inhibitor,inhibits
DB15348,SLC6A2,modulator,other
DB15348,SLC6A4,modulator,other
DB15354,ANGPTL3,inhibitor,inhibits
DB15355,NPR1,agonist,activates
DB15356,MME,modulator,other
DB15357,CHRM1,agonist,activates
DB15357,CHRM4,agonist,activates
DB15357,CHRM2,agonist,activates
DB15357,CHRM3,agonist,activates
DB15357,CHRM5,agonist,activates
DB15358,P2RX7,antagonist,inhibits
DB15366,TRPV6,inhibitor,inhibits
DB15367,NR3C2,antagonist,inhibits
DB15382,MET,inhibitor,inhibits
DB15385,LTA4H,inhibitor,inhibits
DB15391,BACE1,inhibitor,inhibits
DB15393,KDR,inhibitor,inhibits
DB15395,TNFRSF17,antibody,other
DB15395,CD3D,antibody,other
DB15399,AKT1,inhibitor,inhibits
DB15399,IGF1R,inhibitor,inhibits
DB15399,INSR,inhibitor,inhibits
DB15401,CFD,inhibitor,inhibits
DB15406,FFAR2,antagonist,inhibits
DB15407,PIK3CD,inhibitor,inhibits
DB15408,CSNK2A1,inhibitor,inhibits
DB15413,FOLR1,ligand,other
DB15416,NR1H4,agonist,activates
DB15425,CDK9,inhibitor,inhibits
DB15425,CDK2,inhibitor,inhibits
DB15431,AKT1,inhibitor,inhibits
DB15431,AKT3,inhibitor,inhibits
DB15431,RPS6KB1,inhibitor,inhibits
DB15434,MS4A1,binder,other
DB15434,CD3E,binder,other
DB15442,CDK4,inhibitor,inhibits
DB15442,CDK6,inhibitor,inhibits
DB15442,CDK9,inhibitor,inhibits
DB15442,CDK2,inhibitor,inhibits
DB15442,CDK5,inhibitor,inhibits
DB15442,CDK7,inhibitor,inhibits
DB15444,CFTR,positive allosteric modulator,activates
DB15446,DHODH,modulator,other
DB15447,GPR84,antagonist,inhibits
DB15447,FFAR1,agonist,activates
DB15449,HDAC6,inhibitor,inhibits
DB15450,TRPM8,modulator,other
DB15456,GUCY2D,modulator,other
DB15456,GUCY1B1,stimulator,activates
DB15458,HNF1A,inhibitor,inhibits
DB15460,ADAMTS5,inhibitor,inhibits
DB15462,NFKBIA,inhibitor,inhibits
DB15463,EPAS1,inhibitor,inhibits
DB15465,OPRM1,antagonist,inhibits
DB15466,CXCR2,antagonist,inhibits
DB15471,ERBB2,inhibitor,inhibits
DB15488,GHSR,agonist,activates
DB15488,AR,agonist,activates
DB15489,GABRA1,ligand,other
DB15489,GABRA1,positive allosteric modulator,activates
DB15490,GABRG3,modulator,other
DB15490,GABRA1,positive allosteric modulator,activates
DB15492,DRD2,inhibitor,inhibits
DB15493,SIRT1,inhibitor,inhibits
DB15493,SIRT2,inhibitor,inhibits
DB15493,SIRT5,inhibitor,inhibits
DB15494,SSTR2,ligand,other
DB15494,SSTR5,ligand,other
DB15494,SSTR3,ligand,other
DB15494,SSTR1,ligand,other
DB15495,PHB1,inhibitor,inhibits
DB15495,RELB,inhibitor,inhibits
DB15495,NFKB2,inhibitor,inhibits
DB15495,RELA,inhibitor,inhibits
DB15495,REL,inhibitor,inhibits
DB15495,NFKB1,inhibitor,inhibits
DB15495,PHB2,inhibitor,inhibits
DB15496,PHB1,inhibitor,inhibits
DB15496,PHB2,inhibitor,inhibits
DB15498,TTK,inhibitor,inhibits
DB15499,JAK3,inhibitor,inhibits
DB15499,JAK2,modulator,other
DB15499,SYK,modulator,other
DB15499,JAK1,inhibitor,inhibits
DB15534,TUBB,binder,other
DB15534,TUBA1A,binder,other
DB15565,ACE,nan,other
DB15566,NR3C1,agonist,activates
DB15568,KRAS,inhibitor,inhibits
DB15569,KRAS,inhibitor,inhibits
DB15570,CCR4,antagonist,inhibits
DB15581,AKR1B1,inhibitor,inhibits
DB15581,CYP1B1,inhibitor,inhibits
DB15581,CYP19A1,inhibitor,inhibits
DB15581,CDK6,inhibitor,inhibits
DB15584,STAT3,inhibitor,inhibits
DB15584,LPCAT2,inhibitor,inhibits
DB15584,LPCAT1,inhibitor,inhibits
DB15584,TOP1,inhibitor,inhibits
DB15585,PGR,modulator,other
DB15588,HSD11B1,inhibitor,inhibits
DB15588,PLA2G1B,inhibitor,inhibits
DB15588,PYGM,inhibitor,inhibits
DB15588,PTPN1,inhibitor,inhibits
DB15588,HRAS,regulator,other
DB15588,ELANE,inhibitor,inhibits
DB15593,DMD,inducer,activates
DB15598,ITGB3,substrate,other
DB15598,SLC11A2,substrate,other
DB15599,CTSK,inhibitor,inhibits
DB15617,HBA1,binder,other
DB15617,TFRC,binder,other
DB15624,MAPK10,inhibitor,inhibits
DB15626,IL1RL2,antagonist,inhibits
DB15627,PDCD1,binder,other
DB15628,IL2RA,antibody,other
DB15635,CD276,binder,other
DB15636,C5,inhibitor,inhibits
DB15637,PARP1,inhibitor,inhibits
DB15639,MET,modulator,other
DB15640,PDE4B,inhibitor,inhibits
DB15640,PDE4D,inhibitor,inhibits
DB15640,PDE4A,inhibitor,inhibits
DB15641,ESR1,modulator,other
DB15643,ACE2,inhibitor,inhibits
DB15646,BDKRB2,antagonist,inhibits
DB15647,AR,antagonist,inhibits
DB15650,GLP1R,agonist,activates
DB15665,HTR1A,agonist,activates
DB15665,TAAR1,agonist,activates
DB15669,TACR3,antagonist,inhibits
DB15670,SYK,inhibitor,inhibits
DB15685,RET,inhibitor,inhibits
DB15685,FLT1,inhibitor,inhibits
DB15685,FLT4,inhibitor,inhibits
DB15685,FGFR1,inhibitor,inhibits
DB15685,FGFR2,inhibitor,inhibits
DB15685,FGFR3,inhibitor,inhibits
DB15688,CALCRL,antagonist,inhibits
DB15690,ESR1,binder,other
DB15690,ESR2,binder,other
DB15694,CDA,inhibitor,inhibits
DB15699,CD19,binder,other
DB15719,TNFRSF17,binder,other
DB15762,IL6R,binder,other
DB15765,PDCD1,inhibitor,inhibits
DB15766,PDCD1,antibody,other
DB15767,PDCD1,inhibitor,inhibits
DB15768,PDCD1,inhibitor,inhibits
DB15769,CD274,inhibitor,inhibits
DB15770,CD274,inhibitor,inhibits
DB15771,CD274,inhibitor,inhibits
DB15772,CD274,inhibitor,inhibits
DB15773,CD274,inhibitor,inhibits
DB15784,ADRB2,agonist,activates
DB15791,ITGB1,inhibitor,inhibits
DB15791,ITGA4,inhibitor,inhibits
DB15791,ITGA4,nan,other
DB15822,RET,inhibitor,inhibits
DB15822,DDR1,inhibitor,inhibits
DB15822,NTRK3,inhibitor,inhibits
DB15822,FLT3,inhibitor,inhibits
DB15822,JAK1,inhibitor,inhibits
DB15822,JAK2,inhibitor,inhibits
DB15822,NTRK1,inhibitor,inhibits
DB15822,KDR,inhibitor,inhibits
DB15822,PDGFRB,inhibitor,inhibits
DB15822,FGFR1,inhibitor,inhibits
DB15822,FGFR2,inhibitor,inhibits
DB15873,SSTR2,binder,other
DB15919,P2RY2,agonist,activates
DB15935,HAO1,antisense oligonucleotide,other
DB15949,ADRB1,modulator,other
DB15954,GLRA1,antagonist,inhibits
DB15954,GLRA2,antagonist,inhibits
DB15954,GLRA3,antagonist,inhibits
DB15954,GLRB,antagonist,inhibits
DB15971,HTR2C,inhibitor,inhibits
DB15971,HRH1,inhibitor,inhibits
DB15971,ADRA1B,inhibitor,inhibits
DB15971,ADRA1D,inhibitor,inhibits
DB15971,DRD2,inhibitor,inhibits
DB15971,ADRA1A,inhibitor,inhibits
DB15971,HTR6,inhibitor,inhibits
DB15982,KLKB1,inhibitor,inhibits
DB16007,VWF,binder,other
DB16007,F8,regulator,other
DB16013,OPRL1,agonist,activates
DB16019,KLK3,binder,other
DB16019,FOLH1,binder,other
DB16028,INSR,modulator,other
DB16036,MGLL,inhibitor,inhibits
DB16038,BRAF,inhibitor,inhibits
DB16039,PDE4D,inhibitor,inhibits
DB16039,PDE4B,inhibitor,inhibits
DB16039,PDE4A,inhibitor,inhibits
DB16040,HTR1A,antagonist,inhibits
DB16043,GLP1R,agonist,activates
DB16045,NR1H4,agonist,activates
DB16047,GSK3B,inhibitor,inhibits
DB16048,OPRL1,modulator,other
DB16050,FLT3,inhibitor,inhibits
DB16051,STAT3,inhibitor,inhibits
DB16053,PTGDR2,modulator,other
DB16055,EPAS1,inhibitor,inhibits
DB16055,HIF1A,inhibitor,inhibits
DB16056,NTRK3,inhibitor,inhibits
DB16056,NTRK1,inhibitor,inhibits
DB16056,NTRK2,inhibitor,inhibits
DB16061,CDK7,inhibitor,inhibits
DB16063,PARP1,inhibitor,inhibits
DB16063,TNKS,inhibitor,inhibits
DB16063,TNKS2,inhibitor,inhibits
DB16063,PARP2,inhibitor,inhibits
DB16064,TGFBR1,inhibitor,inhibits
DB16066,CCR2,antagonist,inhibits
DB16067,DAO,inhibitor,inhibits
DB16068,OPRK1,antagonist,inhibits
DB16071,POLB,inhibitor,inhibits
DB16072,OPRM1,inhibitor,inhibits
DB16072,OPRK1,inhibitor,inhibits
DB16073,GRM1,agonist,activates
DB16076,TLR7,modulator,other
DB16079,METAP2,inhibitor,inhibits
DB16080,ESR1,modulator,other
DB16084,SLC22A8,inhibitor,inhibits
DB16095,XIAP,inhibitor,inhibits
DB16095,BIRC2,inhibitor,inhibits
DB16095,BIRC3,inhibitor,inhibits
DB16095,NAIP,inhibitor,inhibits
DB16095,BIRC7,inhibitor,inhibits
DB16095,BIRC5,inhibitor,inhibits
DB16098,CALCRL,antagonist,inhibits
DB16099,IGF2R,ligand,other
DB16101,GLO1,inhibitor,inhibits
DB16101,TNF,inhibitor,inhibits
DB16101,XDH,inhibitor,inhibits
DB16101,SELL,inhibitor,inhibits
DB16101,PREP,inhibitor,inhibits
DB16101,SELP,inhibitor,inhibits
DB16101,ALOX5,inhibitor,inhibits
DB16106,PTK2,inhibitor,inhibits
DB16107,PLK1,inhibitor,inhibits
DB16109,PPARG,agonist,activates
DB16112,ADRB3,antagonist,inhibits
DB16118,ADORA1,agonist,activates
DB16123,S1PR1,agonist,activates
DB16125,ADORA2A,antagonist,inhibits
DB16126,GUCY1B1,activator,activates
DB16128,C5,inhibitor,inhibits
DB16130,NLRP3,inhibitor,inhibits
DB16133,JAK1,inhibitor,inhibits
DB16133,JAK2,inhibitor,inhibits
DB16133,JAK3,inhibitor,inhibits
DB16133,TYK2,inhibitor,inhibits
DB16134,DPP4,inhibitor,inhibits
DB16137,PIK3CD,inhibitor,inhibits
DB16138,TOP1,inhibitor,inhibits
DB16145,SLC22A12,inhibitor,inhibits
DB16146,OPRK1,inhibitor,inhibits
DB16146,OPRM1,inhibitor,inhibits
DB16146,OPRD1,inhibitor,inhibits
DB16148,PTGER1,agonist,activates
DB16153,XPO1,inhibitor,inhibits
DB16157,PDE3A,inhibitor,inhibits
DB16157,PDE4A,inhibitor,inhibits
DB16159,APH1B,inhibitor,inhibits
DB16159,NCSTN,inhibitor,inhibits
DB16159,APH1A,inhibitor,inhibits
DB16159,PSENEN,inhibitor,inhibits
DB16159,PSEN1,inhibitor,inhibits
DB16159,PSEN2,inhibitor,inhibits
DB16159,PTGS2,inhibitor,inhibits
DB16159,PTGS1,inhibitor,inhibits
DB16160,XIAP,inhibitor,inhibits
DB16162,NR3C1,antagonist,inhibits
DB16165,NR3C2,antagonist,inhibits
DB16167,FGFR4,inhibitor,inhibits
DB16168,DNMT1,inhibitor,inhibits
DB16186,TOP1,inhibitor,inhibits
DB16191,JAK3,inhibitor,inhibits
DB16191,JAK1,inhibitor,inhibits
DB16192,ADORA2A,antagonist,inhibits
DB16193,PDE9A,inhibitor,inhibits
DB16200,CFB,inhibitor,inhibits
DB16205,CHRNA4,modulator,other
DB16205,CHRNB2,modulator,other
DB16210,KISS1R,agonist,activates
DB16213,MAOB,inhibitor,inhibits
DB16213,MAOA,inhibitor,inhibits
DB16213,ACHE,inhibitor,inhibits
DB16214,HTR6,antagonist,inhibits
DB16214,HTR2A,antagonist,inhibits
DB16216,EGFR,inhibitor,inhibits
DB16217,PIK3CD,inhibitor,inhibits
DB16218,CDK4,inhibitor,inhibits
DB16218,CDK6,inhibitor,inhibits
DB16220,GHR,ligand,other
DB16220,PRLR,ligand,other
DB16221,PGR,inhibitor,inhibits
DB16221,NR3C1,inhibitor,inhibits
DB16221,AR,inhibitor,inhibits
DB16222,CD19,binder,other
DB16226,SLC10A2,inhibitor,inhibits
DB16226,SLC10A1,inhibitor,inhibits
DB16227,CYSLTR1,modulator,other
DB16232,CDK2,inhibitor,inhibits
DB16233,F11,inhibitor,inhibits
DB16236,PKLR,activator,activates
DB16236,CYP19A1,inhibitor,inhibits
DB16239,BRD4,modulator,other
DB16240,CCR2,modulator,other
DB16240,CCR5,modulator,other
DB16244,AR,modulator,other
DB16250,EGFR,inhibitor,inhibits
DB16252,PRKDC,inhibitor,inhibits
DB16254,SOAT1,modulator,other
DB16254,SOAT2,modulator,other
DB16255,NR1H4,agonist,activates
DB16261,SLC10A2,inhibitor,inhibits
DB16265,KDR,antibody,other
DB16266,AGTR2,antagonist,inhibits
DB16267,IDH1,inhibitor,inhibits
DB16272,BTK,inhibitor,inhibits
DB16274,PDE9A,inhibitor,inhibits
DB16275,CD37,antibody,other
DB16277,SSTR2,agonist,activates
DB16279,AVPR1A,antagonist,inhibits
DB16279,AVPR2,antagonist,inhibits
DB16288,ADORA1,modulator,other
DB16294,TEK,modulator,other
DB16296,PIK3CG,inhibitor,inhibits
DB16299,BTK,inhibitor,inhibits
DB16300,GUCY1A1,agonist,activates
DB16300,GUCY1B1,agonist,activates
DB16305,XIAP,modulator,other
DB16305,BIRC2,modulator,other
DB16305,BIRC3,modulator,other
DB16305,NAIP,modulator,other
DB16305,BIRC7,modulator,other
DB16305,BIRC5,modulator,other
DB16309,TTR,regulator,other
DB16315,PTGER4,agonist,activates
DB16315,PTGER1,agonist,activates
DB16318,IL13,inhibitor,inhibits
DB16318,IL4,inhibitor,inhibits
DB16319,RORC,agonist,activates
DB16321,CNR2,agonist,activates
DB16324,TLR8,agonist,activates
DB16325,ADORA1,agonist,activates
DB16330,CDC7,inhibitor,inhibits
DB16331,MDM2,inhibitor,inhibits
DB16331,TP53,inhibitor,inhibits
DB16332,PPARD,agonist,activates
DB16332,PPARG,agonist,activates
DB16332,PPARA,agonist,activates
DB16341,TLR9,agonist,activates
DB16343,NR1H4,agonist,activates
DB16346,ALOX5AP,inhibitor,inhibits
DB16349,P2RY12,antagonist,inhibits
DB16351,KCNH2,inhibitor,inhibits
DB16351,HTR2C,inhibitor,inhibits
DB16351,HTR2A,antagonist,inhibits
DB16353,PTPRB,inhibitor,inhibits
DB16353,TEK,activator,activates
DB16370,CD38,inhibitor,inhibits
DB16371,MS4A1,binder,other
DB16371,CD3D,binder,other
DB16379,INHBA,binder,other
DB16388,CSF1R,inhibitor,inhibits
DB16390,EGFR,inhibitor,inhibits
DB16404,TRPV3,activator,activates
DB16407,ABCG2,regulator,other
DB16407,ABCC2,regulator,other
DB16407,ABCB1,activator,activates
DB16411,IL2RA,antibody,other
DB16416,C5,inhibitor,inhibits
DB16417,PDCD1,regulator,other
DB16418,MASP2,antagonist,inhibits
DB16446,KDM1A,inhibitor,inhibits
DB16446,MAOB,inhibitor,inhibits
DB16447,TP53,inhibitor,inhibits
DB16447,BCL2,inhibitor,inhibits
DB16447,BAX,inhibitor,inhibits
DB16453,NRP2,modulator,other
DB16454,TNF,inhibitor,inhibits
DB16456,CXCL8,antibody,other
DB16473,IL33,antibody,other
DB16474,TLR6,agonist,activates
DB16474,TLR2,agonist,activates
DB16479,IL2RB,agonist,activates
DB16479,IL2RG,agonist,activates
DB16485,TLR9,agonist,activates
DB16492,RIPK1,inhibitor,inhibits
DB16495,PPARA,agonist,activates
DB16495,GPR55,agonist,activates
DB16495,GPR119,agonist,activates
DB16495,CNR1,inhibitor,inhibits
DB16502,MAPKAPK2,inhibitor,inhibits
DB16511,CX3CR1,nan,other
DB16515,ITGAV,nan,other
DB16515,ITGB1,nan,other
DB16515,ITGB6,nan,other
DB16516,SERPINE1,nan,other
DB16554,SLC6A1,modulator,other
DB16555,TPSAB1,inhibitor,inhibits
DB16580,TLR7,antagonist,inhibits
DB16580,TLR8,antagonist,inhibits
DB16582,CD19,binder,other
DB16602,DRD2,agonist,activates
DB16607,GSK3A,inhibitor,inhibits
DB16623,ADRA2C,agonist,activates
DB16628,MOCS1,substrate,other
DB16628,XDH,cofactor,other
DB16629,SLC6A3,inhibitor,inhibits
DB16629,SLC6A2,inhibitor,inhibits
DB16629,HTR1A,agonist,activates
DB16630,STAT3,inhibitor,inhibits
DB16637,INSR,inhibitor,inhibits
DB16637,IGF1R,inhibitor,inhibits
DB16640,EGFR,inhibitor,inhibits
DB16650,TYK2,inhibitor,inhibits
DB16652,CDK1,inhibitor,inhibits
DB16655,CD3D,antibody,other
DB16655,TNFRSF17,antibody,other
DB16656,CDK2,modulator,other
DB16656,CDK9,inhibitor,inhibits
DB16656,FYN,inhibitor,inhibits
DB16656,LCK,inhibitor,inhibits
DB16657,BTK,inhibitor,inhibits
DB16662,F9,binder,other
DB16662,F10,binder,other
DB16662,LRP2,binder,other
DB16662,HSPG2,binder,other
DB16665,TNFRSF17,binder,other
DB16668,PDCD1,regulator,other
DB16672,MS4A1,binder,other
DB16672,CD3E,binder,other
DB16678,CD3D,antibody,other
DB16678,GPRC5D,antibody,other
DB16684,MS4A1,binder,other
DB16684,CD3D,binder,other
DB16690,ATP1A1,inhibitor,inhibits
DB16693,INSR,agonist,activates
DB16693,IGF1R,agonist,activates
DB16694,C3,binder,other
DB16695,EGFR,antibody,other
DB16695,MET,antagonist,inhibits
DB16695,FCGR3A,inducer,activates
DB16697,GLP1R,agonist,activates
DB16698,SELPLG,agonist,activates
DB16700,GUCY1A1,activator,activates
DB16700,GUCY1B1,activator,activates
DB16703,ROCK2,inhibitor,inhibits
DB16703,ROCK1,inhibitor,inhibits
DB16707,AKR1B1,inhibitor,inhibits
DB16708,IGF2R,ligand,other
DB16732,F3,antibody,other
DB16733,KCNN1,positive allosteric modulator,activates
DB16733,KCNN2,positive allosteric modulator,activates
DB16733,KCNN3,positive allosteric modulator,activates
DB16737,TMPRSS2,inhibitor,inhibits
DB16738,TNFRSF17,binder,other
DB16739,ALOX5,modulator,other
DB16739,ALOX5AP,inhibitor,inhibits
DB16740,PDCD1,antibody,other
DB16742,TACR1,antagonist,inhibits
DB16744,TACR1,inhibitor,inhibits
DB16754,GABRR1,antagonist,inhibits
DB16754,GABRR2,antagonist,inhibits
DB16754,GABRR3,antagonist,inhibits
DB16756,JAK1,inhibitor,inhibits
DB16767,CYP1B1,inhibitor,inhibits
DB16768,EGFR,inhibitor,inhibits
DB16768,LCK,inhibitor,inhibits
DB16770,ESR2,inhibitor,inhibits
DB16770,SLC22A12,inhibitor,inhibits
DB16770,FASN,inhibitor,inhibits
DB16770,MCL1,inhibitor,inhibits
DB16771,SLC5A1,inhibitor,inhibits
DB16778,KLK3,binder,other
DB16791,F9,gene replacement,other
DB16820,SNAP25,cleavage,other
DB16822,CXCR2,inhibitor,inhibits
DB16823,MET,inhibitor,inhibits
DB16825,APH1B,modulator,other
DB16825,NCSTN,modulator,other
DB16825,APH1A,modulator,other
DB16825,PSENEN,modulator,other
DB16825,PSEN1,modulator,other
DB16826,ROS1,inhibitor,inhibits
DB16826,NTRK1,inhibitor,inhibits
DB16826,NTRK2,inhibitor,inhibits
DB16826,NTRK3,inhibitor,inhibits
DB16828,UBE2T,inhibitor,inhibits
DB16828,AKT3,modulator,other
DB16832,CYP19A1,inhibitor,inhibits
DB16832,CYP11B1,inhibitor,inhibits
DB16833,P2RY6,agonist,activates
DB16833,TRPM4,inhibitor,inhibits
DB16833,P2RY12,agonist,activates
DB16834,PRKDC,inhibitor,inhibits
DB16838,CSF3R,inhibitor,inhibits
DB16838,CSF1R,antagonist,inhibits
DB16844,SMO,inhibitor,inhibits
DB16845,FGFR4,antagonist,inhibits
DB16849,FLT3,inhibitor,inhibits
DB16849,SYK,inhibitor,inhibits
DB16854,CNR2,agonist,activates
DB16857,GPR84,agonist,activates
DB16862,AHR,binder,other
DB16863,CA2,inhibitor,inhibits
DB16865,TYR,inhibitor,inhibits
DB16865,MCL1,inhibitor,inhibits
DB16869,NOX4,modulator,other
DB16874,VCP,inhibitor,inhibits
DB16875,RIPK1,inhibitor,inhibits
DB16877,PTGS1,modulator,other
DB16877,PTGS2,modulator,other
DB16879,PIK3CD,inhibitor,inhibits
DB16884,HCAR2,inhibitor,inhibits
DB16890,PYGM,inhibitor,inhibits
DB16891,AURKA,inhibitor,inhibits
DB16893,HRH3,antagonist,inhibits
DB16895,KDM1A,inhibitor,inhibits
DB16900,nan,binder,other
DB16909,MTNR1A,agonist,activates
DB16911,CHRM1,agonist,activates
DB16911,SIGMAR1,agonist,activates
DB16927,DRD1,inhibitor,inhibits
DB16927,DRD2,inhibitor,inhibits
DB16936,HTR1A,modulator,other
DB16938,DCPS,inhibitor,inhibits
DB16943,GRM5,antagonist,inhibits
DB16955,HDAC1,modulator,other
DB16967,OPRK1,agonist,activates
DB16968,AVPR1A,antagonist,inhibits
DB16987,CYP46A1,inhibitor,inhibits
DB16995,MAPK8,inhibitor,inhibits
DB16995,MAPK9,inhibitor,inhibits
DB16995,MAPK10,inhibitor,inhibits
DB17018,BRD4,inhibitor,inhibits
DB17021,BRD4,inhibitor,inhibits
DB17021,BRDT,inhibitor,inhibits
DB17022,PLA2G4A,inhibitor,inhibits
DB17023,BCL2,inhibitor,inhibits
DB17024,P2RX7,allosteric modulator,other
DB17026,TOP2A,inhibitor,inhibits
DB17026,TOP2B,inhibitor,inhibits
DB17029,RELB,inhibitor,inhibits
DB17029,NFKB1,inhibitor,inhibits
DB17029,NFKB2,inhibitor,inhibits
DB17029,RELA,inhibitor,inhibits
DB17029,REL,inhibitor,inhibits
DB17029,PRKCZ,inhibitor,inhibits
DB17032,SLC6A3,inhibitor,inhibits
DB17033,OPRL1,antagonist,inhibits
DB17034,HDAC1,inhibitor,inhibits
DB17039,TP53,inhibitor,inhibits
DB17040,ALOX5,inhibitor,inhibits
DB17041,PDGFRA,inhibitor,inhibits
DB17041,SRC,inhibitor,inhibits
DB17041,LCK,inhibitor,inhibits
DB17041,PDGFRB,inhibitor,inhibits
DB17041,FGFR1,inhibitor,inhibits
DB17042,MAP2K1,inhibitor,inhibits
DB17042,MAP2K2,inhibitor,inhibits
DB17043,CDC7,modulator,other
DB17045,TRPV4,activator,activates
DB17045,KCNT1,activator,activates
DB17045,KCNT2,inhibitor,inhibits
DB17045,KCNJ5,inhibitor,inhibits
DB17046,PIK3CG,inhibitor,inhibits
DB17047,PRKDC,inhibitor,inhibits
DB17047,PIK3CG,inhibitor,inhibits
DB17047,PIK3CB,inhibitor,inhibits
DB17051,CHEK1,inhibitor,inhibits
DB17052,HTR1B,antagonist,inhibits
DB17053,HDAC1,inhibitor,inhibits
DB17055,HSP90AA1,inhibitor,inhibits
DB17056,ADRA1A,inhibitor,inhibits
DB17056,HTR2A,inhibitor,inhibits
DB17056,HTR1A,inhibitor,inhibits
DB17056,HTR6,inhibitor,inhibits
DB17056,DRD3,antagonist,inhibits
DB17056,DRD4,antagonist,inhibits
DB17056,DRD2,antagonist,inhibits
DB17056,HTR7,inhibitor,inhibits
DB17059,BCL2,inhibitor,inhibits
DB17059,MCL1,inhibitor,inhibits
DB17060,MAP3K2,inhibitor,inhibits
DB17060,MAP3K1,inhibitor,inhibits
DB17061,KDR,inhibitor,inhibits
DB17063,GABRA1,inhibitor,inhibits
DB17063,GABRB2,inhibitor,inhibits
DB17063,GABRG2,inhibitor,inhibits
DB17064,JAK1,inhibitor,inhibits
DB17064,JAK3,inhibitor,inhibits
DB17074,S1PR2,modulator,other
DB17080,ADORA2A,antagonist,inhibits
DB17083,GNRHR,antagonist,inhibits
DB17087,HRH3,antagonist,inhibits
DB17097,IDH3A,inhibitor,inhibits
DB17097,IDH3B,inhibitor,inhibits
DB17097,IDH3G,inhibitor,inhibits
DB17097,IDH1,inhibitor,inhibits
DB17097,IDH2,inhibitor,inhibits
DB17101,LTB4R,binder,other
DB17101,LTB4R2,inhibitor,inhibits
DB17112,XIAP,inhibitor,inhibits
DB17117,KDM1A,inhibitor,inhibits
DB17129,BRD4,modulator,other
DB17131,PTPN11,inhibitor,inhibits
DB17140,NTRK3,inhibitor,inhibits
DB17140,KIT,inhibitor,inhibits
DB17140,LCK,inhibitor,inhibits
DB17140,FLT3,inhibitor,inhibits
DB17143,KLF4,inhibitor,inhibits
DB17149,TOP2A,modulator,other
DB17149,TOP2B,modulator,other
DB17152,TOP1,inhibitor,inhibits
DB17159,MERTK,inhibitor,inhibits
DB17159,FLT3,inhibitor,inhibits
DB17166,MCL1,inhibitor,inhibits
DB17180,SRC,inhibitor,inhibits
DB17191,NTRK1,inhibitor,inhibits
DB17191,NTRK3,inhibitor,inhibits
DB17191,KDR,antagonist,inhibits
DB17191,TEK,inhibitor,inhibits
DB17191,MET,inhibitor,inhibits
DB17197,AURKC,modulator,other
DB17197,AURKB,modulator,other
DB17197,AURKA,modulator,other
DB17256,DLL3,binder,other
DB17256,CD3D,binder,other
DB17277,MARK3,inhibitor,inhibits
DB17277,MAPKAPK2,inhibitor,inhibits
DB17283,XDH,inhibitor,inhibits
DB17283,CYP1B1,inhibitor,inhibits
DB17298,SULF2,inhibitor,inhibits
DB17299,CA2,inhibitor,inhibits
DB17299,CA12,inhibitor,inhibits
DB17299,CA6,inhibitor,inhibits
DB17299,CA9,inhibitor,inhibits
DB17309,HSPA1B,inhibitor,inhibits
DB17309,HSPA1A,inhibitor,inhibits
DB17383,CDK2,inhibitor,inhibits
DB17383,FLT3,inhibitor,inhibits
DB17383,CDK4,inhibitor,inhibits
DB17383,CDK6,inhibitor,inhibits
DB17385,TOP1,inhibitor,inhibits
DB17449,SERPINA3,binder,other
DB17449,A2M,binder,other
DB17472,BTK,inhibitor,inhibits
DB17490,IRS2,inhibitor,inhibits
DB17490,IRS1,inhibitor,inhibits
DB17490,STAT3,inhibitor,inhibits
DB17493,TNFRSF10B,binder,other
DB17506,ADORA2A,antagonist,inhibits
DB17506,ADORA2B,antagonist,inhibits
DB17507,TP53,modulator,other
DB17520,CSF1R,inhibitor,inhibits
DB17525,MET,inhibitor,inhibits
DB17549,MDM2,inhibitor,inhibits
DB17549,TP53,inhibitor,inhibits
DB17568,RAF1,inhibitor,inhibits
DB17578,STAT3,inhibitor,inhibits
DB17587,FGFR2,inhibitor,inhibits
DB17587,FGFR3,inhibitor,inhibits
DB17589,TLR7,agonist,activates
DB17602,SCN5A,blocker,inhibits
DB17635,LDHA,antisense oligonucleotide,other
DB17670,THRB,agonist,activates
DB17706,HBA1,inducer,activates
DB17725,TFPI,inhibitor,inhibits
DB17749,ACKR1,modulator,other
DB17758,CYP51A1,inhibitor,inhibits
DB17832,RBP4,antagonist,inhibits
DB17837,ALPL,inhibitor,inhibits
DB17851,FOLH1,binder,other
DB17856,ATP4A,modulator,other
DB17856,ATP4B,modulator,other
DB17873,ELANE,inhibitor,inhibits
DB17882,TERT,modulator,other
DB17892,IFNG,modulator,other
DB17919,ABAT,inhibitor,inhibits
DB17929,SNAP25,cleavage,other
DB17977,MCL1,inhibitor,inhibits
DB17984,EDNRB,antagonist,inhibits
DB17999,TTR,modulator,other
DB18007,MC1R,agonist,activates
DB18011,LPAR1,antagonist,inhibits
DB18012,CFD,inhibitor,inhibits
DB18019,AURKA,inhibitor,inhibits
DB18038,AGTR2,agonist,activates
DB18041,KIT,inhibitor,inhibits
DB18046,DRD2,modulator,other
DB18054,BCL2,inhibitor,inhibits
DB18080,BMI1,inhibitor,inhibits
DB18091,GPER1,agonist,activates
DB18096,CASR,modulator,other
DB18104,CDK9,inhibitor,inhibits
DB18107,CDK19,inhibitor,inhibits
DB18107,CDK8,inhibitor,inhibits
DB18122,HBB,modulator,other
DB18124,LPAR1,modulator,other
DB18124,LPAR3,modulator,other
DB18125,FNTA,modulator,other
DB18125,FNTB,modulator,other
DB18145,CAPN2,inhibitor,inhibits
DB18145,CTSG,inhibitor,inhibits
DB18203,ENPP2,inhibitor,inhibits
DB18213,SGMS1,modulator,other
DB18213,SGMS2,modulator,other
DB18214,GHSR,modulator,other
DB18236,TNK2,inhibitor,inhibits
DB18252,GHSR,agonist,activates
DB18252,PGD,inhibitor,inhibits
DB18267,HMOX1,inhibitor,inhibits
DB18267,PTGS1,inhibitor,inhibits
DB18267,PTGS2,inhibitor,inhibits
DB18267,CBS,inhibitor,inhibits
DB18267,ALOX5,inhibitor,inhibits
DB18267,NOS3,inhibitor,inhibits
DB18267,HBA1,inhibitor,inhibits
DB18267,NOS1,inhibitor,inhibits
DB18267,CYP3A4,inhibitor,inhibits
DB18267,NOS2,inhibitor,inhibits
DB18268,CASR,antagonist,inhibits
DB18296,S1PR2,inhibitor,inhibits
DB18298,APP,inhibitor,inhibits
DB18307,ALOX12B,inhibitor,inhibits
DB18313,HCAR2,agonist,activates
DB18315,GUCY1A1,stimulator,activates
DB18315,GUCY1B1,stimulator,activates
DB18368,PRTN3,modulator,other
DB18368,ELANE,modulator,other
DB18393,F10,modulator,other
DB18393,F2,modulator,other
DB18405,PTGES,inhibitor,inhibits
DB18464,PTGIR,agonist,activates
DB18479,TPH1,other/unknown,other
DB18488,ELANE,inhibitor,inhibits
DB18490,MYBPC3,inhibitor,inhibits
DB18515,MEN1,inhibitor,inhibits
DB18518,CRHR1,antagonist,inhibits
DB18632,BTK,inhibitor,inhibits
DB18634,VIPR1,antagonist,inhibits
DB18665,MAOB,inhibitor,inhibits
DB18665,MAOA,inhibitor,inhibits
DB18676,PTH1R,ligand,other
DB18704,CSF3R,stimulator,activates
DB18707,CHRNA7,modulator,other
DB18715,BTK,inhibitor,inhibits
DB18718,TNFSF15,inhibitor,inhibits
DB18719,TNFSF15,inhibitor,inhibits
DB18725,SYK,inhibitor,inhibits
DB18736,IL1B,suppressor,inhibits
DB18736,TNF,suppressor,inhibits
DB18740,IL2RB,agonist,activates
DB18740,IL2RG,agonist,activates
DB18752,TOP1,inhibitor,inhibits
DB18759,ADRB2,agonist,activates
DB18761,MTOR,modulator,other
DB18767,IRAK4,inhibitor,inhibits
DB18773,NDUFA13,inhibitor,inhibits
DB18782,NR1H4,agonist,activates
DB18785,QPCT,inhibitor,inhibits
DB18786,APEX1,inhibitor,inhibits
DB18788,CACNA1H,modulator,other
DB18793,HTR2A,modulator,other
DB18794,DRD3,inhibitor,inhibits
DB18794,DRD2,inhibitor,inhibits
DB18795,GRIN2B,antagonist,inhibits
DB18804,NFKB1,inhibitor,inhibits
DB18804,RELB,inhibitor,inhibits
DB18804,NFKB2,inhibitor,inhibits
DB18804,RELA,inhibitor,inhibits
DB18804,REL,inhibitor,inhibits
DB18806,MAPK1,inhibitor,inhibits
DB18809,TNFRSF4,antibody,other
DB18810,CHRM3,antagonist,inhibits
DB18811,ADORA2A,antagonist,inhibits
DB18817,FLNA,inhibitor,inhibits
DB18823,CDK9,inhibitor,inhibits
DB18840,EGFR,modulator,other
DB18847,JAK2,inhibitor,inhibits
DB18847,JAK1,inhibitor,inhibits
DB18847,TYK2,inhibitor,inhibits
DB18865,RAF1,inhibitor,inhibits
DB18866,BTK,inhibitor,inhibits
DB18950,NQO2,inhibitor,inhibits
DB18954,CHRM1,modulator,other
DB18963,MPO,inhibitor,inhibits
DB18964,GLP1R,agonist,activates
DB18968,TACR3,antagonist,inhibits
DB18968,TACR1,antagonist,inhibits
DB19010,DDX5,modulator,other
DB19023,PPARG,modulator,other
DB19023,PPARA,modulator,other
DB19028,TIPARP,inhibitor,inhibits
DB19033,HTR1A,agonist,activates
DB19041,ATR,inhibitor,inhibits
DB19043,ESR1,degradation,inhibits
DB19054,SLC6A4,modulator,other
DB19054,SIGMAR1,modulator,other
DB19058,SLC6A9,inhibitor,inhibits
DB19083,HTR2A,inhibitor,inhibits
DB19085,MTOR,inhibitor,inhibits
DB19088,F11,inhibitor,inhibits
DB19090,CYP11B2,inhibitor,inhibits
DB19094,OPRM1,inhibitor,inhibits
DB19094,OPRD1,inhibitor,inhibits
DB19094,OPRK1,inhibitor,inhibits
DB19123,AR,inhibitor,inhibits
DB19125,ESR1,degradation,inhibits
DB19129,ADORA2A,antagonist,inhibits
DB19130,IL3RA,car t-cell therapy,other
DB19160,NT5E,inhibitor,inhibits
DB19168,ESRRA,agonist,activates
DB19169,MAPK14,inhibitor,inhibits
DB19170,PRMT5,inhibitor,inhibits
DB19177,AOC3,inhibitor,inhibits
DB19191,APP,inhibitor,inhibits
DB19193,CYP17A1,inhibitor,inhibits
DB19198,TACR1,inhibitor,inhibits
DB19199,BRD3,inhibitor,inhibits
DB19199,BRD2,inhibitor,inhibits
DB19199,BRD4,inhibitor,inhibits
DB19201,MERTK,inhibitor,inhibits
DB19201,AXL,inhibitor,inhibits
DB19202,TRPM8,activator,activates
DB19205,EED,inhibitor,inhibits
DB19206,CTSK,inhibitor,inhibits
DB19209,SLC22A12,inhibitor,inhibits
DB19210,CXCR2,inhibitor,inhibits
DB19210,CXCR1,inhibitor,inhibits
DB19218,ESR1,degradation,inhibits
DB19243,PAK4,inhibitor,inhibits
DB19255,TRPA1,activator,activates
DB19257,KCNH2,activator,activates
DB19277,LANCL2,agonist,activates
DB19281,PTPN1,inhibitor,inhibits
DB19283,ALOX5,inhibitor,inhibits
DB19283,PTGS1,inhibitor,inhibits
DB19283,PTGS2,inhibitor,inhibits
DB19306,TOP2B,modulator,other
DB19311,PPARG,modulator,other
DB19312,PPARG,modulator,other
DB19312,PPARA,modulator,other
DB19314,DRD2,agonist,activates
DB19325,CHRM3,inhibitor,inhibits
DB19325,CHRM1,inhibitor,inhibits
DB19329,APLNR,agonist,activates
DB19353,ACHE,inhibitor,inhibits
DB19353,BCHE,inhibitor,inhibits
DB19353,CHRNA7,allosteric modulator,other
DB19353,nan,allosteric modulator,other
DB19372,KCNN2,activator,activates
DB19378,PGR,binder,other
DB19381,HRH1,inhibitor,inhibits
DB19397,TSLP,antibody,other
