pathway_id,ko_id,kegg_gene,uniprot_id,drugbank_id,drug_name
map05110,K10929,vch:VC_1456,P01556,DB02213,Cholera enterotoxin subunit B
map05110,K10929,vch:VC_1456,P01556,DB02379,Cholera enterotoxin subunit B
map05110,K10929,vch:VC_1456,P01556,DB02474,Cholera enterotoxin subunit B
map05110,K10929,vch:VC_1456,P01556,DB02572,Cholera enterotoxin subunit B
map05110,K10929,vch:VC_1456,P01556,DB02574,Cholera enterotoxin subunit B
map05110,K10929,vch:VC_1456,P01556,DB02802,Cholera enterotoxin subunit B
map05110,K10929,vch:VC_1456,P01556,DB02903,Cholera enterotoxin subunit B
map05110,K10929,vch:VC_1456,P01556,DB03077,Cholera enterotoxin subunit B
map05110,K10929,vch:VC_1456,P01556,DB03235,Cholera enterotoxin subunit B
map05110,K10929,vch:VC_1456,P01556,DB03524,Cholera enterotoxin subunit B
map05110,K10929,vch:VC_1456,P01556,DB03721,Cholera enterotoxin subunit B
map05110,K10929,vch:VC_1456,P01556,DB04073,Cholera enterotoxin subunit B
map05110,K10929,vch:VC_1456,P01556,DB04210,Cholera enterotoxin subunit B
map05111,K02454,vch:VC_2732,P37093,DB04395,Type II secretion system ATPase E
map05111,K10915,vch:VC_A0523,Q9KM65,DB08364,CAI-1 autoinducer synthase
map05111,K10929,vch:VC_1456,P01556,DB02213,Cholera enterotoxin subunit B
map05111,K10929,vch:VC_1456,P01556,DB02379,Cholera enterotoxin subunit B
map05111,K10929,vch:VC_1456,P01556,DB02474,Cholera enterotoxin subunit B
map05111,K10929,vch:VC_1456,P01556,DB02572,Cholera enterotoxin subunit B
map05111,K10929,vch:VC_1456,P01556,DB02574,Cholera enterotoxin subunit B
map05111,K10929,vch:VC_1456,P01556,DB02802,Cholera enterotoxin subunit B
map05111,K10929,vch:VC_1456,P01556,DB02903,Cholera enterotoxin subunit B
map05111,K10929,vch:VC_1456,P01556,DB03077,Cholera enterotoxin subunit B
map05111,K10929,vch:VC_1456,P01556,DB03235,Cholera enterotoxin subunit B
map05111,K10929,vch:VC_1456,P01556,DB03524,Cholera enterotoxin subunit B
map05111,K10929,vch:VC_1456,P01556,DB03721,Cholera enterotoxin subunit B
map05111,K10929,vch:VC_1456,P01556,DB04073,Cholera enterotoxin subunit B
map05111,K10929,vch:VC_1456,P01556,DB04210,Cholera enterotoxin subunit B
map01100,K01057,vch:VC_A0897,Q9KL51,DB03556,6-phosphogluconolactonase
map01100,K01207,vch:VC_0692,Q9KU37,DB07432,Beta-hexosaminidase
map01100,K01207,vch:VC_0692,Q9KU37,DB08704,Beta-hexosaminidase
map01100,K01243,vch:VC_2379,Q9KPI8,DB07463,5'-methylthioadenosine/S-adenosylhomocysteine nucleosidase
map01110,K01057,vch:VC_A0897,Q9KL51,DB03556,6-phosphogluconolactonase
map00270,K01243,vch:VC_2379,Q9KPI8,DB07463,5'-methylthioadenosine/S-adenosylhomocysteine nucleosidase
map01120,K01057,vch:VC_A0897,Q9KL51,DB03556,6-phosphogluconolactonase
map01230,K01243,vch:VC_2379,Q9KPI8,DB07463,5'-methylthioadenosine/S-adenosylhomocysteine nucleosidase
map03070,K02454,vch:VC_2732,P37093,DB04395,Type II secretion system ATPase E
map01200,K01057,vch:VC_A0897,Q9KL51,DB03556,6-phosphogluconolactonase
map00520,K01207,vch:VC_0692,Q9KU37,DB07432,Beta-hexosaminidase
map00520,K01207,vch:VC_0692,Q9KU37,DB08704,Beta-hexosaminidase
map00030,K01057,vch:VC_A0897,Q9KL51,DB03556,6-phosphogluconolactonase
map01501,K01207,vch:VC_0692,Q9KU37,DB07432,Beta-hexosaminidase
map01501,K01207,vch:VC_0692,Q9KU37,DB08704,Beta-hexosaminidase
map02024,K10915,vch:VC_A0523,Q9KM65,DB08364,CAI-1 autoinducer synthase
map04122,K01011,eco:b2521,P31142,DB02761,3-mercaptopyruvate sulfurtransferase
map04122,K03635,eco:b0785,P30749,DB01942,Molybdopterin synthase catalytic subunit
map00030,K00615,eco:b2935,P27302,DB01987,Transketolase 1
map00030,K00851,eco:b3437,P46859,DB02076,Thermoresistant gluconokinase
map00030,K00851,eco:b3437,P46859,DB03909,Thermoresistant gluconokinase
map00030,K00852,eco:b3752,P0A9J6,DB01936,Ribokinase
map00030,K00852,eco:b3752,P0A9J6,DB03909,Ribokinase
map00030,K00852,eco:b3752,P0A9J6,DB04444,Ribokinase
map00030,K01619,eco:b4381,P0A6L0,DB04087,Deoxyribose-phosphate aldolase
map00030,K01624,eco:b2925,P0AB71,DB03026,Fructose-bisphosphate aldolase class 2
map00480,K00031,eco:b1136,P08200,DB01727,Isocitrate dehydrogenase [NADP]
map00480,K00031,eco:b1136,P08200,DB02190,Isocitrate dehydrogenase [NADP]
map00480,K00031,eco:b1136,P08200,DB03461,Isocitrate dehydrogenase [NADP]
map00480,K00031,eco:b1136,P08200,DB04279,Isocitrate dehydrogenase [NADP]
map00480,K00383,eco:b3500,P06715,DB00336,Glutathione reductase
map00480,K00383,eco:b3500,P06715,DB03147,Glutathione reductase
map00480,K00799,eco:b1635,P0A9D2,DB03003,Glutathione S-transferase GstA
map00480,K01256,eco:b0932,P04825,DB08506,Aminopeptidase N
map00480,K01919,eco:b2688,P0A6W9,DB04464,Glutamate--cysteine ligase
map01100,K00013,eco:b2020,P06988,DB03366,Histidinol dehydrogenase
map01100,K00013,eco:b2020,P06988,DB03811,Histidinol dehydrogenase
map01100,K00013,eco:b2020,P06988,DB04447,Histidinol dehydrogenase
map01100,K00014,eco:b3281,P15770,DB03461,Shikimate dehydrogenase (NADP(+))
map01100,K00014,eco:b3281,P15770,DB04447,Shikimate dehydrogenase (NADP(+))
map01100,K00031,eco:b1136,P08200,DB01727,Isocitrate dehydrogenase [NADP]
map01100,K00031,eco:b1136,P08200,DB02190,Isocitrate dehydrogenase [NADP]
map01100,K00031,eco:b1136,P08200,DB03461,Isocitrate dehydrogenase [NADP]
map01100,K00031,eco:b1136,P08200,DB04279,Isocitrate dehydrogenase [NADP]
map01100,K00048,eco:b2799,P0A9S1,DB02059,Lactaldehyde reductase
map01100,K00059,eco:b1093,P0AEK2,DB03461,3-oxoacyl-[acyl-carrier-protein] reductase FabG
map01100,K00075,eco:b3972,P08373,DB03147,UDP-N-acetylenolpyruvoylglucosamine reductase
map01100,K00075,eco:b3972,P08373,DB07296,UDP-N-acetylenolpyruvoylglucosamine reductase
map01100,K00097,eco:b0052,P19624,DB02609,4-hydroxythreonine-4-phosphate dehydrogenase
map01100,K00099,eco:b0173,P45568,DB02496,1-deoxy-D-xylulose 5-phosphate reductoisomerase
map01100,K00099,eco:b0173,P45568,DB02948,1-deoxy-D-xylulose 5-phosphate reductoisomerase
map01100,K00099,eco:b0173,P45568,DB03649,1-deoxy-D-xylulose 5-phosphate reductoisomerase
map01100,K00134,eco:b1779,P0A9B2,DB02263,Glyceraldehyde-3-phosphate dehydrogenase A
map01100,K00134,eco:b1779,P0A9B2,DB03814,Glyceraldehyde-3-phosphate dehydrogenase A
map01100,K00137,eco:b1444,P77674,DB04401,Gamma-aminobutyraldehyde dehydrogenase
map01100,K00163,eco:b0114,P0AFG8,DB00152,Pyruvate dehydrogenase E1 component
map01100,K00163,eco:b0114,P0AFG8,DB01987,Pyruvate dehydrogenase E1 component
map01100,K00208,eco:b1288,P0AEK4,DB01691,Enoyl-[acyl-carrier-protein] reductase [NADH] FabI
map01100,K00208,eco:b1288,P0AEK4,DB01865,Enoyl-[acyl-carrier-protein] reductase [NADH] FabI
map01100,K00208,eco:b1288,P0AEK4,DB02379,Enoyl-[acyl-carrier-protein] reductase [NADH] FabI
map01100,K00208,eco:b1288,P0AEK4,DB03030,Enoyl-[acyl-carrier-protein] reductase [NADH] FabI
map01100,K00208,eco:b1288,P0AEK4,DB03534,Enoyl-[acyl-carrier-protein] reductase [NADH] FabI
map01100,K00208,eco:b1288,P0AEK4,DB04030,Enoyl-[acyl-carrier-protein] reductase [NADH] FabI
map01100,K00208,eco:b1288,P0AEK4,DB08265,Enoyl-[acyl-carrier-protein] reductase [NADH] FabI
map01100,K00208,eco:b1288,P0AEK4,DB08604,Enoyl-[acyl-carrier-protein] reductase [NADH] FabI
map01100,K00208,eco:b1288,P0AEK4,DB08605,Enoyl-[acyl-carrier-protein] reductase [NADH] FabI
map01100,K00215,eco:b0031,P04036,DB03363,4-hydroxy-tetrahydrodipicolinate reductase
map01100,K00215,eco:b0031,P04036,DB04267,4-hydroxy-tetrahydrodipicolinate reductase
map01100,K00239,eco:b0723,P0AC41,DB04631,Succinate dehydrogenase flavoprotein subunit
map01100,K00239,eco:b0723,P0AC41,DB07671,Succinate dehydrogenase flavoprotein subunit
map01100,K00239,eco:b0723,P0AC41,DB08690,Succinate dehydrogenase flavoprotein subunit
map01100,K00240,eco:b0724,P07014,DB04631,Succinate dehydrogenase iron-sulfur subunit
map01100,K00240,eco:b0724,P07014,DB07671,Succinate dehydrogenase iron-sulfur subunit
map01100,K00240,eco:b0724,P07014,DB08690,Succinate dehydrogenase iron-sulfur subunit
map01100,K00241,eco:b0721,P69054,DB04631,Succinate dehydrogenase cytochrome b556 subunit
map01100,K00241,eco:b0721,P69054,DB07671,Succinate dehydrogenase cytochrome b556 subunit
map01100,K00241,eco:b0721,P69054,DB08690,Succinate dehydrogenase cytochrome b556 subunit
map01100,K00242,eco:b0722,P0AC44,DB04631,Succinate dehydrogenase hydrophobic membrane anchor subunit
map01100,K00242,eco:b0722,P0AC44,DB07671,Succinate dehydrogenase hydrophobic membrane anchor subunit
map01100,K00242,eco:b0722,P0AC44,DB08690,Succinate dehydrogenase hydrophobic membrane anchor subunit
map01100,K00244,eco:b4154,P00363,DB00730,Fumarate reductase flavoprotein subunit
map01100,K00244,eco:b4154,P00363,DB07490,Fumarate reductase flavoprotein subunit
map01100,K00244,eco:b4154,P00363,DB07918,Fumarate reductase flavoprotein subunit
map01100,K00245,eco:b4153,P0AC47,DB07490,Fumarate reductase iron-sulfur subunit
map01100,K00245,eco:b4153,P0AC47,DB07918,Fumarate reductase iron-sulfur subunit
map01100,K00246,eco:b4152,P0A8Q0,DB07490,Fumarate reductase subunit C
map01100,K00246,eco:b4152,P0A8Q0,DB07918,Fumarate reductase subunit C
map01100,K00247,eco:b4151,P0A8Q3,DB07490,Fumarate reductase subunit D
map01100,K00247,eco:b4151,P0A8Q3,DB07918,Fumarate reductase subunit D
map01100,K00254,eco:b0945,P0A7E1,DB01942,Dihydroorotate dehydrogenase (quinone)
map01100,K00254,eco:b0945,P0A7E1,DB02262,Dihydroorotate dehydrogenase (quinone)
map01100,K00254,eco:b0945,P0A7E1,DB03247,Dihydroorotate dehydrogenase (quinone)
map01100,K00275,eco:b1638,P0AFI7,DB03247,Pyridoxine/pyridoxamine 5'-phosphate oxidase
map01100,K00275,eco:b1638,P0AFI7,DB03345,Pyridoxine/pyridoxamine 5'-phosphate oxidase
map01100,K00276,eco:b1386,P46883,DB01634,Primary amine oxidase
map01100,K00276,eco:b1386,P46883,DB01657,Primary amine oxidase
map01100,K00276,eco:b1386,P46883,DB02178,Primary amine oxidase
map01100,K00276,eco:b1386,P46883,DB02928,Primary amine oxidase
map01100,K00276,eco:b1386,P46883,DB03631,Primary amine oxidase
map01100,K00276,eco:b1386,P46883,DB04325,Primary amine oxidase
map01100,K00276,eco:b1386,P46883,DB04334,Primary amine oxidase
map01100,K00278,eco:b2574,P10902,DB03147,L-aspartate oxidase
map01100,K00287,eco:b0048,P0ABQ4,DB00440,Dihydrofolate reductase
map01100,K00287,eco:b0048,P0ABQ4,DB02015,Dihydrofolate reductase
map01100,K00287,eco:b0048,P0ABQ4,DB02363,Dihydrofolate reductase
map01100,K00287,eco:b0048,P0ABQ4,DB03461,Dihydrofolate reductase
map01100,K00287,eco:b0048,P0ABQ4,DB06358,Dihydrofolate reductase
map01100,K00287,eco:b0048,P0ABQ4,DB07262,Dihydrofolate reductase
map01100,K00287,eco:b0048,P0ABQ4,DB12769,Dihydrofolate reductase
map01100,K00287,eco:b0048,P0ABQ4,DB20422,Dihydrofolate reductase
map01100,K00297,eco:b3941,P0AEZ1,DB03147,"5,10-methylenetetrahydrofolate reductase"
map01100,K00370,eco:b1224,P09152,DB04464,Respiratory nitrate reductase 1 alpha chain
map01100,K00370,eco:b1224,P09152,DB07349,Respiratory nitrate reductase 1 alpha chain
map01100,K00371,eco:b1225,P11349,DB04464,Respiratory nitrate reductase 1 beta chain
map01100,K00371,eco:b1225,P11349,DB07349,Respiratory nitrate reductase 1 beta chain
map01100,K00374,eco:b1227,P11350,DB04464,Respiratory nitrate reductase 1 gamma chain
map01100,K00374,eco:b1227,P11350,DB07349,Respiratory nitrate reductase 1 gamma chain
map01100,K00380,eco:b2764,P38038,DB03147,Sulfite reductase [NADPH] flavoprotein alpha-component
map01100,K00380,eco:b2764,P38038,DB03461,Sulfite reductase [NADPH] flavoprotein alpha-component
map01100,K00381,eco:b2763,P17846,DB02832,Sulfite reductase [NADPH] hemoprotein beta-component
map01100,K00383,eco:b3500,P06715,DB00336,Glutathione reductase
map01100,K00383,eco:b3500,P06715,DB03147,Glutathione reductase
map01100,K00526,eco:b2235,P69924,DB09462,Ribonucleoside-diphosphate reductase 1 subunit beta
map01100,K00560,eco:b2827,P0A884,DB02031,Thymidylate synthase
map01100,K00560,eco:b2827,P0A884,DB02223,Thymidylate synthase
map01100,K00560,eco:b2827,P0A884,DB02256,Thymidylate synthase
map01100,K00560,eco:b2827,P0A884,DB02301,Thymidylate synthase
map01100,K00560,eco:b2827,P0A884,DB02467,Thymidylate synthase
map01100,K00560,eco:b2827,P0A884,DB02752,Thymidylate synthase
map01100,K00560,eco:b2827,P0A884,DB02899,Thymidylate synthase
map01100,K00560,eco:b2827,P0A884,DB03038,Thymidylate synthase
map01100,K00560,eco:b2827,P0A884,DB03157,Thymidylate synthase
map01100,K00560,eco:b2827,P0A884,DB03274,Thymidylate synthase
map01100,K00560,eco:b2827,P0A884,DB03541,Thymidylate synthase
map01100,K00560,eco:b2827,P0A884,DB03558,Thymidylate synthase
map01100,K00560,eco:b2827,P0A884,DB03761,Thymidylate synthase
map01100,K00560,eco:b2827,P0A884,DB03800,Thymidylate synthase
map01100,K00560,eco:b2827,P0A884,DB03818,Thymidylate synthase
map01100,K00560,eco:b2827,P0A884,DB04447,Thymidylate synthase
map01100,K00560,eco:b2827,P0A884,DB04457,Thymidylate synthase
map01100,K00560,eco:b2827,P0A884,DB04503,Thymidylate synthase
map01100,K00560,eco:b2827,P0A884,DB04530,Thymidylate synthase
map01100,K00560,eco:b2827,P0A884,DB04586,Thymidylate synthase
map01100,K00560,eco:b2827,P0A884,DB04696,Thymidylate synthase
map01100,K00560,eco:b2827,P0A884,DB08131,Thymidylate synthase
map01100,K00604,eco:b3288,P23882,DB04464,Methionyl-tRNA formyltransferase
map01100,K00606,eco:b0134,P31057,DB03795,3-methyl-2-oxobutanoate hydroxymethyltransferase
map01100,K00609,eco:b4245,P0A786,DB05540,Aspartate carbamoyltransferase catalytic subunit
map01100,K00611,eco:b4254,P04391,DB02965,Ornithine carbamoyltransferase subunit I
map01100,K00615,eco:b2935,P27302,DB01987,Transketolase 1
map01100,K00639,eco:b3617,P0AB77,DB03915,2-amino-3-ketobutyrate coenzyme A ligase
map01100,K00647,eco:b2323,P0A953,DB01034,3-oxoacyl-[acyl-carrier-protein] synthase 1
map01100,K00647,eco:b2323,P0A953,DB03017,3-oxoacyl-[acyl-carrier-protein] synthase 1
map01100,K00647,eco:b2323,P0A953,DB03600,3-oxoacyl-[acyl-carrier-protein] synthase 1
map01100,K00647,eco:b2323,P0A953,DB04302,3-oxoacyl-[acyl-carrier-protein] synthase 1
map01100,K00647,eco:b2323,P0A953,DB04519,3-oxoacyl-[acyl-carrier-protein] synthase 1
map01100,K00647,eco:b2323,P0A953,DB08359,3-oxoacyl-[acyl-carrier-protein] synthase 1
map01100,K00647,eco:b2323,P0A953,DB08627,3-oxoacyl-[acyl-carrier-protein] synthase 1
map01100,K00647,eco:b2323,P0A953,DB08628,3-oxoacyl-[acyl-carrier-protein] synthase 1
map01100,K00648,eco:b1091,P0A6R0,DB01034,Beta-ketoacyl-[acyl-carrier-protein] synthase III
map01100,K00648,eco:b1091,P0A6R0,DB01992,Beta-ketoacyl-[acyl-carrier-protein] synthase III
map01100,K00648,eco:b1091,P0A6R0,DB02039,Beta-ketoacyl-[acyl-carrier-protein] synthase III
map01100,K00648,eco:b1091,P0A6R0,DB02316,Beta-ketoacyl-[acyl-carrier-protein] synthase III
map01100,K00648,eco:b1091,P0A6R0,DB03661,Beta-ketoacyl-[acyl-carrier-protein] synthase III
map01100,K00648,eco:b1091,P0A6R0,DB04524,Beta-ketoacyl-[acyl-carrier-protein] synthase III
map01100,K00652,eco:b0776,P12998,DB03160,8-amino-7-oxononanoate synthase
map01100,K00656,eco:b0903,P09373,DB01992,Formate acetyltransferase 1
map01100,K00656,eco:b0903,P09373,DB03278,Formate acetyltransferase 1
map01100,K00656,eco:b0903,P09373,DB03940,Formate acetyltransferase 1
map01100,K00688,eco:b3417,P00490,DB02379,Maltodextrin phosphorylase
map01100,K00688,eco:b3417,P00490,DB02843,Maltodextrin phosphorylase
map01100,K00688,eco:b3417,P00490,DB03323,Maltodextrin phosphorylase
map01100,K00697,eco:b1896,P31677,DB01861,Trehalose-6-phosphate synthase
map01100,K00697,eco:b1896,P31677,DB02007,Trehalose-6-phosphate synthase
map01100,K00697,eco:b1896,P31677,DB03366,Trehalose-6-phosphate synthase
map01100,K00697,eco:b1896,P31677,DB03435,Trehalose-6-phosphate synthase
map01100,K00697,eco:b1896,P31677,DB03488,Trehalose-6-phosphate synthase
map01100,K00757,eco:b3831,P12758,DB01629,Uridine phosphorylase
map01100,K00757,eco:b3831,P12758,DB02256,Uridine phosphorylase
map01100,K00757,eco:b3831,P12758,DB02681,Uridine phosphorylase
map01100,K00757,eco:b3831,P12758,DB03101,Uridine phosphorylase
map01100,K00757,eco:b3831,P12758,DB06872,Uridine phosphorylase
map01100,K00757,eco:b3831,P12758,DB06873,Uridine phosphorylase
map01100,K00757,eco:b3831,P12758,DB07437,Uridine phosphorylase
map01100,K00757,eco:b3831,P12758,DB07439,Uridine phosphorylase
map01100,K00758,eco:b4382,P07650,DB03462,Thymidine phosphorylase
map01100,K00760,eco:b0125,P0A9M2,DB04566,Hypoxanthine phosphoribosyltransferase
map01100,K00764,eco:b2312,P0AG16,DB01972,Amidophosphoribosyltransferase
map01100,K00764,eco:b2312,P0AG16,DB03942,Amidophosphoribosyltransferase
map01100,K00764,eco:b2312,P0AG16,DB04296,Amidophosphoribosyltransferase
map01100,K00765,eco:b2019,P60757,DB01661,ATP phosphoribosyltransferase
map01100,K00769,eco:b0238,P0A9M5,DB01972,Xanthine-guanine phosphoribosyltransferase
map01100,K00769,eco:b0238,P0A9M5,DB02134,Xanthine-guanine phosphoribosyltransferase
map01100,K00769,eco:b0238,P0A9M5,DB02377,Xanthine-guanine phosphoribosyltransferase
map01100,K00769,eco:b0238,P0A9M5,DB03942,Xanthine-guanine phosphoribosyltransferase
map01100,K00790,eco:b3189,P0A749,DB00828,UDP-N-acetylglucosamine 1-carboxyvinyltransferase
map01100,K00790,eco:b3189,P0A749,DB02435,UDP-N-acetylglucosamine 1-carboxyvinyltransferase
map01100,K00790,eco:b3189,P0A749,DB02995,UDP-N-acetylglucosamine 1-carboxyvinyltransferase
map01100,K00790,eco:b3189,P0A749,DB03397,UDP-N-acetylglucosamine 1-carboxyvinyltransferase
map01100,K00791,eco:b4171,P16384,DB02270,tRNA dimethylallyltransferase
map01100,K00793,eco:b1662,P0AFU8,DB00140,Riboflavin synthase
map01100,K00795,eco:b0421,P22939,DB02270,Farnesyl diphosphate synthase
map01100,K00795,eco:b0421,P22939,DB02508,Farnesyl diphosphate synthase
map01100,K00795,eco:b0421,P22939,DB04160,Farnesyl diphosphate synthase
map01100,K00796,eco:b3177,P0AC13,DB00027,Dihydropteroate synthase
map01100,K00796,eco:b3177,P0AC13,DB00080,Dihydropteroate synthase
map01100,K00796,eco:b3177,P0AC13,DB00259,Dihydropteroate synthase
map01100,K00796,eco:b3177,P0AC13,DB00263,Dihydropteroate synthase
map01100,K00796,eco:b3177,P0AC13,DB00359,Dihydropteroate synthase
map01100,K00796,eco:b3177,P0AC13,DB00576,Dihydropteroate synthase
map01100,K00796,eco:b3177,P0AC13,DB00634,Dihydropteroate synthase
map01100,K00796,eco:b3177,P0AC13,DB00664,Dihydropteroate synthase
map01100,K00796,eco:b3177,P0AC13,DB00781,Dihydropteroate synthase
map01100,K00796,eco:b3177,P0AC13,DB00803,Dihydropteroate synthase
map01100,K00796,eco:b3177,P0AC13,DB00891,Dihydropteroate synthase
map01100,K00796,eco:b3177,P0AC13,DB01015,Dihydropteroate synthase
map01100,K00796,eco:b3177,P0AC13,DB01111,Dihydropteroate synthase
map01100,K00796,eco:b3177,P0AC13,DB01298,Dihydropteroate synthase
map01100,K00796,eco:b3177,P0AC13,DB01299,Dihydropteroate synthase
map01100,K00796,eco:b3177,P0AC13,DB01581,Dihydropteroate synthase
map01100,K00796,eco:b3177,P0AC13,DB01582,Dihydropteroate synthase
map01100,K00796,eco:b3177,P0AC13,DB03592,Dihydropteroate synthase
map01100,K00796,eco:b3177,P0AC13,DB03705,Dihydropteroate synthase
map01100,K00796,eco:b3177,P0AC13,DB04047,Dihydropteroate synthase
map01100,K00796,eco:b3177,P0AC13,DB04196,Dihydropteroate synthase
map01100,K00796,eco:b3177,P0AC13,DB04911,Dihydropteroate synthase
map01100,K00796,eco:b3177,P0AC13,DB05245,Dihydropteroate synthase
map01100,K00796,eco:b3177,P0AC13,DB06211,Dihydropteroate synthase
map01100,K00796,eco:b3177,P0AC13,DB06729,Dihydropteroate synthase
map01100,K00796,eco:b3177,P0AC13,DB06821,Dihydropteroate synthase
map01100,K00796,eco:b3177,P0AC13,DB12190,Dihydropteroate synthase
map01100,K00796,eco:b3177,P0AC13,DB13667,Dihydropteroate synthase
map01100,K00796,eco:b3177,P0AC13,DB13726,Dihydropteroate synthase
map01100,K00796,eco:b3177,P0AC13,DB14033,Dihydropteroate synthase
map01100,K00796,eco:b3177,P0AC13,DB14189,Dihydropteroate synthase
map01100,K00799,eco:b1635,P0A9D2,DB03003,Glutathione S-transferase GstA
map01100,K00800,eco:b0908,P0A6D3,DB01942,3-phosphoshikimate 1-carboxyvinyltransferase
map01100,K00800,eco:b0908,P0A6D3,DB03116,3-phosphoshikimate 1-carboxyvinyltransferase
map01100,K00800,eco:b0908,P0A6D3,DB04328,3-phosphoshikimate 1-carboxyvinyltransferase
map01100,K00800,eco:b0908,P0A6D3,DB04539,3-phosphoshikimate 1-carboxyvinyltransferase
map01100,K00813,eco:b0928,P00509,DB01639,Aspartate aminotransferase
map01100,K00813,eco:b0928,P00509,DB02024,Aspartate aminotransferase
map01100,K00813,eco:b0928,P00509,DB02758,Aspartate aminotransferase
map01100,K00813,eco:b0928,P00509,DB02981,Aspartate aminotransferase
map01100,K00813,eco:b0928,P00509,DB03553,Aspartate aminotransferase
map01100,K00813,eco:b0928,P00509,DB03629,Aspartate aminotransferase
map01100,K00813,eco:b0928,P00509,DB03662,Aspartate aminotransferase
map01100,K00813,eco:b0928,P00509,DB03750,Aspartate aminotransferase
map01100,K00813,eco:b0928,P00509,DB04083,Aspartate aminotransferase
map01100,K00813,eco:b0928,P00509,DB04299,Aspartate aminotransferase
map01100,K00813,eco:b0928,P00509,DB04467,Aspartate aminotransferase
map01100,K00813,eco:b0928,P00509,DB04762,Aspartate aminotransferase
map01100,K00813,eco:b0928,P00509,DB04765,Aspartate aminotransferase
map01100,K00813,eco:b0928,P00509,DB08845,Aspartate aminotransferase
map01100,K00817,eco:b2021,P06986,DB01813,Histidinol-phosphate aminotransferase
map01100,K00817,eco:b2021,P06986,DB02142,Histidinol-phosphate aminotransferase
map01100,K00817,eco:b2021,P06986,DB03997,Histidinol-phosphate aminotransferase
map01100,K00820,eco:b3729,P17169,DB02007,Glutamine--fructose-6-phosphate aminotransferase [isomerizing]
map01100,K00820,eco:b3729,P17169,DB02445,Glutamine--fructose-6-phosphate aminotransferase [isomerizing]
map01100,K00820,eco:b3729,P17169,DB02446,Glutamine--fructose-6-phosphate aminotransferase [isomerizing]
map01100,K00820,eco:b3729,P17169,DB02657,Glutamine--fructose-6-phosphate aminotransferase [isomerizing]
map01100,K00820,eco:b3729,P17169,DB03581,Glutamine--fructose-6-phosphate aminotransferase [isomerizing]
map01100,K00820,eco:b3729,P17169,DB03814,Glutamine--fructose-6-phosphate aminotransferase [isomerizing]
map01100,K00820,eco:b3729,P17169,DB14511,Glutamine--fructose-6-phosphate aminotransferase [isomerizing]
map01100,K00826,eco:b3770,P0AB80,DB01813,Branched-chain-amino-acid aminotransferase
map01100,K00826,eco:b3770,P0AB80,DB03553,Branched-chain-amino-acid aminotransferase
map01100,K00826,eco:b3770,P0AB80,DB03993,Branched-chain-amino-acid aminotransferase
map01100,K00826,eco:b3770,P0AB80,DB04063,Branched-chain-amino-acid aminotransferase
map01100,K00833,eco:b0774,P12995,DB02274,Adenosylmethionine-8-amino-7-oxononanoate aminotransferase
map01100,K00833,eco:b0774,P12995,DB02725,Adenosylmethionine-8-amino-7-oxononanoate aminotransferase
map01100,K00833,eco:b0774,P12995,DB04083,Adenosylmethionine-8-amino-7-oxononanoate aminotransferase
map01100,K00845,eco:b2388,P0A6V8,DB02379,Glucokinase
map01100,K00851,eco:b3437,P46859,DB02076,Thermoresistant gluconokinase
map01100,K00851,eco:b3437,P46859,DB03909,Thermoresistant gluconokinase
map01100,K00852,eco:b3752,P0A9J6,DB01936,Ribokinase
map01100,K00852,eco:b3752,P0A9J6,DB03909,Ribokinase
map01100,K00852,eco:b3752,P0A9J6,DB04444,Ribokinase
map01100,K00857,eco:b1238,P23331,DB03280,Thymidine kinase
map01100,K00859,eco:b0103,P0A6I9,DB01690,Dephospho-CoA kinase
map01100,K00864,eco:b3926,P0A6F3,DB02937,Glycerol kinase
map01100,K00864,eco:b3926,P0A6F3,DB04551,Glycerol kinase
map01100,K00867,eco:b3974,P0A6I3,DB01783,Pantothenate kinase
map01100,K00867,eco:b3974,P0A6I3,DB01992,Pantothenate kinase
map01100,K00867,eco:b3974,P0A6I3,DB04395,Pantothenate kinase
map01100,K00868,eco:b1636,P77150,DB02153,Pyridoxal kinase PdxY
map01100,K00930,eco:b3959,P0A6C8,DB04075,Acetylglutamate kinase
map01100,K00930,eco:b3959,P0A6C8,DB04395,Acetylglutamate kinase
map01100,K00930,eco:b3959,P0A6C8,DB04444,Acetylglutamate kinase
map01100,K00939,eco:b0474,P69441,DB01717,Adenylate kinase
map01100,K00945,eco:b0910,P0A6I0,DB02456,Cytidylate kinase
map01100,K00945,eco:b0910,P0A6I0,DB02883,Cytidylate kinase
map01100,K00945,eco:b0910,P0A6I0,DB03403,Cytidylate kinase
map01100,K00945,eco:b0910,P0A6I0,DB04555,Cytidylate kinase
map01100,K00950,eco:b0142,P26281,DB02119,2-amino-4-hydroxy-6-hydroxymethyldihydropteridine pyrophosphokinase
map01100,K00950,eco:b0142,P26281,DB02596,2-amino-4-hydroxy-6-hydroxymethyldihydropteridine pyrophosphokinase
map01100,K00950,eco:b0142,P26281,DB03197,2-amino-4-hydroxy-6-hydroxymethyldihydropteridine pyrophosphokinase
map01100,K00950,eco:b0142,P26281,DB04047,2-amino-4-hydroxy-6-hydroxymethyldihydropteridine pyrophosphokinase
map01100,K00950,eco:b0142,P26281,DB04158,2-amino-4-hydroxy-6-hydroxymethyldihydropteridine pyrophosphokinase
map01100,K00950,eco:b0142,P26281,DB04610,2-amino-4-hydroxy-6-hydroxymethyldihydropteridine pyrophosphokinase
map01100,K00965,eco:b0758,P09148,DB01861,Galactose-1-phosphate uridylyltransferase
map01100,K00965,eco:b0758,P09148,DB03435,Galactose-1-phosphate uridylyltransferase
map01100,K00965,eco:b0758,P09148,DB03685,Galactose-1-phosphate uridylyltransferase
map01100,K00991,eco:b2747,Q46893,DB02431,2-C-methyl-D-erythritol 4-phosphate cytidylyltransferase
map01100,K00991,eco:b2747,Q46893,DB03687,2-C-methyl-D-erythritol 4-phosphate cytidylyltransferase
map01100,K00991,eco:b2747,Q46893,DB03854,2-C-methyl-D-erythritol 4-phosphate cytidylyltransferase
map01100,K01011,eco:b2521,P31142,DB02761,3-mercaptopyruvate sulfurtransferase
map01100,K01012,eco:b0775,P12996,DB03775,Biotin synthase
map01100,K01058,eco:b3821,P0A921,DB03692,Phospholipase A1
map01100,K01077,eco:b0383,P00634,DB02823,Alkaline phosphatase
map01100,K01077,eco:b0383,P00634,DB03498,Alkaline phosphatase
map01100,K01077,eco:b0383,P00634,DB04031,Alkaline phosphatase
map01100,K01077,eco:b0383,P00634,DB04522,Alkaline phosphatase
map01100,K01190,eco:b0344,P00722,DB01862,Beta-galactosidase
map01100,K01190,eco:b0344,P00722,DB01885,Beta-galactosidase
map01100,K01190,eco:b0344,P00722,DB01920,Beta-galactosidase
map01100,K01190,eco:b0344,P00722,DB02228,Beta-galactosidase
map01100,K01190,eco:b0344,P00722,DB02294,Beta-galactosidase
map01100,K01190,eco:b0344,P00722,DB02632,Beta-galactosidase
map01100,K01190,eco:b0344,P00722,DB04116,Beta-galactosidase
map01100,K01190,eco:b0344,P00722,DB04155,Beta-galactosidase
map01100,K01190,eco:b0344,P00722,DB04382,Beta-galactosidase
map01100,K01190,eco:b0344,P00722,DB04465,Beta-galactosidase
map01100,K01190,eco:b0344,P00722,DB04530,Beta-galactosidase
map01100,K01190,eco:b0344,P00722,DB13503,Beta-galactosidase
map01100,K01241,eco:b1982,P0AE12,DB03464,AMP nucleosidase
map01100,K01243,eco:b0159,P0AF12,DB00173,5'-methylthioadenosine/S-adenosylhomocysteine nucleosidase
map01100,K01243,eco:b0159,P0AF12,DB02158,5'-methylthioadenosine/S-adenosylhomocysteine nucleosidase
map01100,K01243,eco:b0159,P0AF12,DB02281,5'-methylthioadenosine/S-adenosylhomocysteine nucleosidase
map01100,K01243,eco:b0159,P0AF12,DB02933,5'-methylthioadenosine/S-adenosylhomocysteine nucleosidase
map01100,K01243,eco:b0159,P0AF12,DB08606,5'-methylthioadenosine/S-adenosylhomocysteine nucleosidase
map01100,K01256,eco:b0932,P04825,DB08506,Aminopeptidase N
map01100,K01424,eco:b2957,P00805,DB01817,L-asparaginase 2
map01100,K01425,eco:b0485,P77454,DB01942,Glutaminase 1
map01100,K01465,eco:b1062,P05020,DB02129,Dihydroorotase
map01100,K01465,eco:b1062,P05020,DB02262,Dihydroorotase
map01100,K01465,eco:b1062,P05020,DB03801,Dihydroorotase
map01100,K01465,eco:b1062,P05020,DB04252,Dihydroorotase
map01100,K01484,eco:b1745,P76216,DB02501,N-succinylarginine dihydrolase
map01100,K01484,eco:b1745,P76216,DB03582,N-succinylarginine dihydrolase
map01100,K01485,eco:b0337,P25524,DB03939,Cytosine deaminase
map01100,K01485,eco:b0337,P25524,DB04135,Cytosine deaminase
map01100,K01489,eco:b2143,P0ABF6,DB03068,Cytidine deaminase
map01100,K01489,eco:b2143,P0ABF6,DB04385,Cytidine deaminase
map01100,K01494,eco:b2065,P28248,DB02333,dCTP deaminase
map01100,K01494,eco:b2065,P28248,DB03258,dCTP deaminase
map01100,K01520,eco:b3640,P06968,DB01965,Deoxyuridine 5'-triphosphate nucleotidohydrolase
map01100,K01520,eco:b3640,P06968,DB02333,Deoxyuridine 5'-triphosphate nucleotidohydrolase
map01100,K01520,eco:b3640,P06968,DB03413,Deoxyuridine 5'-triphosphate nucleotidohydrolase
map01100,K01520,eco:b3640,P06968,DB03800,Deoxyuridine 5'-triphosphate nucleotidohydrolase
map01100,K01580,eco:b3517,P69908,DB03553,Glutamate decarboxylase alpha
map01100,K01586,eco:b2838,P00861,DB03252,Diaminopimelate decarboxylase
map01100,K01586,eco:b2838,P00861,DB03814,Diaminopimelate decarboxylase
map01100,K01591,eco:b1281,P08244,DB02890,Orotidine 5'-phosphate decarboxylase
map01100,K01591,eco:b1281,P08244,DB03668,Orotidine 5'-phosphate decarboxylase
map01100,K01595,eco:b3956,P00864,DB04317,Phosphoenolpyruvate carboxylase
map01100,K01619,eco:b4381,P0A6L0,DB04087,Deoxyribose-phosphate aldolase
map01100,K01624,eco:b2925,P0AB71,DB03026,Fructose-bisphosphate aldolase class 2
map01100,K01626,eco:b0754,P0AB91,DB01819,"Phospho-2-dehydro-3-deoxyheptonate aldolase, Phe-sensitive"
map01100,K01626,eco:b0754,P0AB91,DB02726,"Phospho-2-dehydro-3-deoxyheptonate aldolase, Phe-sensitive"
map01100,K01628,eco:b2800,P0AB87,DB03026,L-fuculose phosphate aldolase
map01100,K01628,eco:b2800,P0AB87,DB04326,L-fuculose phosphate aldolase
map01100,K01629,eco:b3902,P32169,DB03026,Rhamnulose-1-phosphate aldolase
map01100,K01638,eco:b2976,P37330,DB04343,Malate synthase G
map01100,K01679,eco:b1611,P05042,DB02749,Fumarate hydratase class II
map01100,K01679,eco:b1611,P05042,DB03452,Fumarate hydratase class II
map01100,K01679,eco:b1611,P05042,DB03499,Fumarate hydratase class II
map01100,K01679,eco:b1611,P05042,DB04272,Fumarate hydratase class II
map01100,K01682,eco:b0118,P36683,DB04351,Aconitate hydratase B
map01100,K01698,eco:b0369,P0ACB2,DB02260,Delta-aminolevulinic acid dehydratase
map01100,K01698,eco:b0369,P0ACB2,DB04530,Delta-aminolevulinic acid dehydratase
map01100,K01698,eco:b0369,P0ACB2,DB04560,Delta-aminolevulinic acid dehydratase
map01100,K01706,eco:b2787,P0AES2,DB03212,Glucarate dehydratase
map01100,K01706,eco:b2787,P0AES2,DB03237,Glucarate dehydratase
map01100,K01706,eco:b2787,P0AES2,DB03603,Glucarate dehydratase
map01100,K01706,eco:b2787,P0AES2,DB03734,Glucarate dehydratase
map01100,K01716,eco:b0954,P0A6Q3,DB03813,3-hydroxydecanoyl-[acyl-carrier-protein] dehydratase
map01100,K01739,eco:b3939,P00935,DB04083,Cystathionine gamma-synthase
map01100,K01744,eco:b4139,P0AC38,DB02379,Aspartate ammonia-lyase
map01100,K01749,eco:b3805,P06983,DB04517,Porphobilinogen deaminase
map01100,K01770,eco:b2746,P62617,DB02552,"2-C-methyl-D-erythritol 2,4-cyclodiphosphate synthase"
map01100,K01784,eco:b0759,P09147,DB01861,UDP-glucose 4-epimerase
map01100,K01784,eco:b0759,P09147,DB02421,UDP-glucose 4-epimerase
map01100,K01784,eco:b0759,P09147,DB02790,UDP-glucose 4-epimerase
map01100,K01784,eco:b0759,P09147,DB03397,UDP-glucose 4-epimerase
map01100,K01784,eco:b0759,P09147,DB03435,UDP-glucose 4-epimerase
map01100,K01784,eco:b0759,P09147,DB04097,UDP-glucose 4-epimerase
map01100,K01791,eco:b3786,P27828,DB02196,UDP-N-acetylglucosamine 2-epimerase
map01100,K01791,eco:b3786,P27828,DB03435,UDP-N-acetylglucosamine 2-epimerase
map01100,K01813,eco:b3903,P32170,DB02399,L-rhamnose isomerase
map01100,K01813,eco:b3903,P32170,DB02961,L-rhamnose isomerase
map01100,K01821,eco:b1461,P31992,DB02384,Tautomerase PptA
map01100,K01823,eco:b2889,Q46822,DB01799,Isopentenyl-diphosphate Delta-isomerase
map01100,K01823,eco:b2889,Q46822,DB02480,Isopentenyl-diphosphate Delta-isomerase
map01100,K01823,eco:b2889,Q46822,DB03165,Isopentenyl-diphosphate Delta-isomerase
map01100,K01823,eco:b2889,Q46822,DB03366,Isopentenyl-diphosphate Delta-isomerase
map01100,K01823,eco:b2889,Q46822,DB04170,Isopentenyl-diphosphate Delta-isomerase
map01100,K01854,eco:b2036,P37747,DB03147,UDP-galactopyranose mutase
map01100,K01874,eco:b2114,P00959,DB02151,Methionine--tRNA ligase
map01100,K01874,eco:b2114,P00959,DB02229,Methionine--tRNA ligase
map01100,K01874,eco:b2114,P00959,DB03799,Methionine--tRNA ligase
map01100,K01874,eco:b2114,P00959,DB03816,Methionine--tRNA ligase
map01100,K01874,eco:b2114,P00959,DB04015,Methionine--tRNA ligase
map01100,K01916,eco:b1740,P18843,DB02937,NH(3)-dependent NAD(+) synthetase
map01100,K01916,eco:b1740,P18843,DB04099,NH(3)-dependent NAD(+) synthetase
map01100,K01919,eco:b2688,P0A6W9,DB04464,Glutamate--cysteine ligase
map01100,K01921,eco:b0381,P0A6J8,DB00260,D-alanine--D-alanine ligase A
map01100,K01925,eco:b0088,P14900,DB01673,UDP-N-acetylmuramoylalanine--D-glutamate ligase
map01100,K01925,eco:b0088,P14900,DB02314,UDP-N-acetylmuramoylalanine--D-glutamate ligase
map01100,K01925,eco:b0088,P14900,DB03801,UDP-N-acetylmuramoylalanine--D-glutamate ligase
map01100,K01925,eco:b0088,P14900,DB08105,UDP-N-acetylmuramoylalanine--D-glutamate ligase
map01100,K01925,eco:b0088,P14900,DB08106,UDP-N-acetylmuramoylalanine--D-glutamate ligase
map01100,K01925,eco:b0088,P14900,DB08107,UDP-N-acetylmuramoylalanine--D-glutamate ligase
map01100,K01925,eco:b0088,P14900,DB08108,UDP-N-acetylmuramoylalanine--D-glutamate ligase
map01100,K01925,eco:b0088,P14900,DB08112,UDP-N-acetylmuramoylalanine--D-glutamate ligase
map01100,K01928,eco:b0085,P22188,DB02314,"UDP-N-acetylmuramoyl-L-alanyl-D-glutamate--2,6-diaminopimelate ligase"
map01100,K01928,eco:b0085,P22188,DB03590,"UDP-N-acetylmuramoyl-L-alanyl-D-glutamate--2,6-diaminopimelate ligase"
map01100,K01928,eco:b0085,P22188,DB03801,"UDP-N-acetylmuramoyl-L-alanyl-D-glutamate--2,6-diaminopimelate ligase"
map01100,K01935,eco:b0778,P13000,DB01715,ATP-dependent dethiobiotin synthetase BioD 1
map01100,K01935,eco:b0778,P13000,DB02927,ATP-dependent dethiobiotin synthetase BioD 1
map01100,K01935,eco:b0778,P13000,DB02941,ATP-dependent dethiobiotin synthetase BioD 1
map01100,K01935,eco:b0778,P13000,DB03624,ATP-dependent dethiobiotin synthetase BioD 1
map01100,K01935,eco:b0778,P13000,DB03775,ATP-dependent dethiobiotin synthetase BioD 1
map01100,K01939,eco:b4177,P0A7D4,DB02109,Adenylosuccinate synthetase
map01100,K01939,eco:b4177,P0A7D4,DB02493,Adenylosuccinate synthetase
map01100,K01939,eco:b4177,P0A7D4,DB02666,Adenylosuccinate synthetase
map01100,K01939,eco:b4177,P0A7D4,DB02836,Adenylosuccinate synthetase
map01100,K01939,eco:b4177,P0A7D4,DB02954,Adenylosuccinate synthetase
map01100,K01939,eco:b4177,P0A7D4,DB03146,Adenylosuccinate synthetase
map01100,K01939,eco:b4177,P0A7D4,DB04315,Adenylosuccinate synthetase
map01100,K01939,eco:b4177,P0A7D4,DB04460,Adenylosuccinate synthetase
map01100,K01939,eco:b4177,P0A7D4,DB04566,Adenylosuccinate synthetase
map01100,K01951,eco:b2507,P04079,DB04272,GMP synthase [glutamine-hydrolyzing]
map01100,K01961,eco:b3256,P24182,DB08074,Biotin carboxylase
map01100,K01961,eco:b3256,P24182,DB08075,Biotin carboxylase
map01100,K01961,eco:b3256,P24182,DB08076,Biotin carboxylase
map01100,K01961,eco:b3256,P24182,DB08144,Biotin carboxylase
map01100,K01961,eco:b3256,P24182,DB08145,Biotin carboxylase
map01100,K01961,eco:b3256,P24182,DB08146,Biotin carboxylase
map01100,K01961,eco:b3256,P24182,DB08314,Biotin carboxylase
map01100,K01961,eco:b3256,P24182,DB08315,Biotin carboxylase
map01100,K01961,eco:b3256,P24182,DB08316,Biotin carboxylase
map01100,K01961,eco:b3256,P24182,DB08317,Biotin carboxylase
map01100,K01961,eco:b3256,P24182,DB08318,Biotin carboxylase
map01100,K02078,eco:b1094,P0A6A8,DB04450,Acyl carrier protein
map01100,K02078,eco:b1094,P0A6A8,DB08404,Acyl carrier protein
map01100,K02078,eco:b1094,P0A6A8,DB08405,Acyl carrier protein
map01100,K02083,eco:b0516,P77425,DB04380,Allantoate amidohydrolase
map01100,K02109,eco:b3736,P0ABA0,DB03091,ATP synthase subunit b
map01100,K02170,eco:b3412,P13001,DB03688,Pimeloyl-[acyl-carrier protein] methyl ester esterase
map01100,K02377,eco:b2052,P32055,DB02897,GDP-L-fucose synthase
map01100,K02377,eco:b2052,P32055,DB03461,GDP-L-fucose synthase
map01100,K02549,eco:b2261,P29208,DB02251,o-succinylbenzoate synthase
map01100,K02549,eco:b2261,P29208,DB06864,o-succinylbenzoate synthase
map01100,K02563,eco:b0090,P17443,DB02196,UDP-N-acetylglucosamine--N-acetylmuramyl-(pentapeptide) pyrophosphoryl-undecaprenol N-acetylglucosamine transferase
map01100,K02564,eco:b0678,P0A759,DB02445,Glucosamine-6-phosphate deaminase
map01100,K02564,eco:b0678,P0A759,DB03951,Glucosamine-6-phosphate deaminase
map01100,K03078,eco:b4196,P39304,DB01655,3-keto-L-gulonate-6-phosphate decarboxylase UlaD
map01100,K03078,eco:b4196,P39304,DB01923,3-keto-L-gulonate-6-phosphate decarboxylase UlaD
map01100,K03078,eco:b4196,P39304,DB02630,3-keto-L-gulonate-6-phosphate decarboxylase UlaD
map01100,K03078,eco:b4196,P39304,DB03855,3-keto-L-gulonate-6-phosphate decarboxylase UlaD
map01100,K03078,eco:b4196,P39304,DB04034,3-keto-L-gulonate-6-phosphate decarboxylase UlaD
map01100,K03181,eco:b4039,P26602,DB02130,Chorismate pyruvate-lyase
map01100,K03181,eco:b4039,P26602,DB04242,Chorismate pyruvate-lyase
map01100,K03274,eco:b3619,P67910,DB01774,ADP-L-glycero-D-manno-heptose-6-epimerase
map01100,K03274,eco:b3619,P67910,DB03461,ADP-L-glycero-D-manno-heptose-6-epimerase
map01100,K03385,eco:b4070,P0ABK9,DB03317,Cytochrome c-552
map01100,K03417,eco:b0331,P77541,DB01727,2-methylisocitrate lyase
map01100,K03474,eco:b2564,P0A794,DB02209,Pyridoxine 5'-phosphate synthase
map01100,K03474,eco:b2564,P0A794,DB02496,Pyridoxine 5'-phosphate synthase
map01100,K03474,eco:b2564,P0A794,DB02515,Pyridoxine 5'-phosphate synthase
map01100,K03476,eco:b4192,P39300,DB04464,Probable L-ascorbate-6-phosphate lactonase UlaG
map01100,K03524,eco:b3973,P06709,DB04651,Bifunctional ligase/repressor BirA
map01100,K03527,eco:b0029,P62623,DB01785,4-hydroxy-3-methylbut-2-enyl diphosphate reductase
map01100,K03527,eco:b0029,P62623,DB04714,4-hydroxy-3-methylbut-2-enyl diphosphate reductase
map01100,K03587,eco:b0084,P0AD68,DB00229,"Peptidoglycan D,D-transpeptidase FtsI"
map01100,K03587,eco:b0084,P0AD68,DB00267,"Peptidoglycan D,D-transpeptidase FtsI"
map01100,K03587,eco:b0084,P0AD68,DB00274,"Peptidoglycan D,D-transpeptidase FtsI"
map01100,K03587,eco:b0084,P0AD68,DB00303,"Peptidoglycan D,D-transpeptidase FtsI"
map01100,K03587,eco:b0084,P0AD68,DB00355,"Peptidoglycan D,D-transpeptidase FtsI"
map01100,K03587,eco:b0084,P0AD68,DB00430,"Peptidoglycan D,D-transpeptidase FtsI"
map01100,K03587,eco:b0084,P0AD68,DB00438,"Peptidoglycan D,D-transpeptidase FtsI"
map01100,K03587,eco:b0084,P0AD68,DB00948,"Peptidoglycan D,D-transpeptidase FtsI"
map01100,K03587,eco:b0084,P0AD68,DB01053,"Peptidoglycan D,D-transpeptidase FtsI"
map01100,K03587,eco:b0084,P0AD68,DB01327,"Peptidoglycan D,D-transpeptidase FtsI"
map01100,K03587,eco:b0084,P0AD68,DB01328,"Peptidoglycan D,D-transpeptidase FtsI"
map01100,K03587,eco:b0084,P0AD68,DB01329,"Peptidoglycan D,D-transpeptidase FtsI"
map01100,K03587,eco:b0084,P0AD68,DB01331,"Peptidoglycan D,D-transpeptidase FtsI"
map01100,K03587,eco:b0084,P0AD68,DB01413,"Peptidoglycan D,D-transpeptidase FtsI"
map01100,K03587,eco:b0084,P0AD68,DB01415,"Peptidoglycan D,D-transpeptidase FtsI"
map01100,K03587,eco:b0084,P0AD68,DB01416,"Peptidoglycan D,D-transpeptidase FtsI"
map01100,K03587,eco:b0084,P0AD68,DB03313,"Peptidoglycan D,D-transpeptidase FtsI"
map01100,K03587,eco:b0084,P0AD68,DB04570,"Peptidoglycan D,D-transpeptidase FtsI"
map01100,K03587,eco:b0084,P0AD68,DB04918,"Peptidoglycan D,D-transpeptidase FtsI"
map01100,K03587,eco:b0084,P0AD68,DB08375,"Peptidoglycan D,D-transpeptidase FtsI"
map01100,K03587,eco:b0084,P0AD68,DB16335,"Peptidoglycan D,D-transpeptidase FtsI"
map01100,K03587,eco:b0084,P0AD68,DB19710,"Peptidoglycan D,D-transpeptidase FtsI"
map01100,K03587,eco:b0084,P0AD68,DB00578,"Peptidoglycan D,D-transpeptidase FtsI"
map01100,K03587,eco:b0084,P0AD68,DB00671,"Peptidoglycan D,D-transpeptidase FtsI"
map01100,K03587,eco:b0084,P0AD68,DB01000,"Peptidoglycan D,D-transpeptidase FtsI"
map01100,K03587,eco:b0084,P0AD68,DB01602,"Peptidoglycan D,D-transpeptidase FtsI"
map01100,K03587,eco:b0084,P0AD68,DB06590,"Peptidoglycan D,D-transpeptidase FtsI"
map01100,K03587,eco:b0084,P0AD68,DB09050,"Peptidoglycan D,D-transpeptidase FtsI"
map01100,K03587,eco:b0084,P0AD68,DB09319,"Peptidoglycan D,D-transpeptidase FtsI"
map01100,K03587,eco:b0084,P0AD68,DB09320,"Peptidoglycan D,D-transpeptidase FtsI"
map01100,K03587,eco:b0084,P0AD68,DB13028,"Peptidoglycan D,D-transpeptidase FtsI"
map01100,K03587,eco:b0084,P0AD68,DB13470,"Peptidoglycan D,D-transpeptidase FtsI"
map01100,K03587,eco:b0084,P0AD68,DB13682,"Peptidoglycan D,D-transpeptidase FtsI"
map01100,K03635,eco:b0785,P30749,DB01942,Molybdopterin synthase catalytic subunit
map01100,K03737,eco:b1378,P52647,DB00698,Probable pyruvate-flavodoxin oxidoreductase
map01100,K03752,eco:b3857,P32173,DB04137,Molybdenum cofactor guanylyltransferase
map01100,K03777,eco:b2133,P06149,DB00756,Quinone-dependent D-lactate dehydrogenase
map01100,K03777,eco:b2133,P06149,DB03147,Quinone-dependent D-lactate dehydrogenase
map01100,K03783,eco:b2407,P45563,DB02134,Purine nucleoside phosphorylase 2
map01100,K03783,eco:b2407,P45563,DB02377,Purine nucleoside phosphorylase 2
map01100,K03784,eco:b4384,P0ABP8,DB02066,Purine nucleoside phosphorylase DeoD-type
map01100,K03784,eco:b4384,P0ABP8,DB02113,Purine nucleoside phosphorylase DeoD-type
map01100,K03784,eco:b4384,P0ABP8,DB02896,Purine nucleoside phosphorylase DeoD-type
map01100,K03784,eco:b4384,P0ABP8,DB02934,Purine nucleoside phosphorylase DeoD-type
map01100,K03784,eco:b4384,P0ABP8,DB02947,Purine nucleoside phosphorylase DeoD-type
map01100,K03784,eco:b4384,P0ABP8,DB03172,Purine nucleoside phosphorylase DeoD-type
map01100,K03784,eco:b4384,P0ABP8,DB03528,Purine nucleoside phosphorylase DeoD-type
map01100,K03784,eco:b4384,P0ABP8,DB03735,Purine nucleoside phosphorylase DeoD-type
map01100,K03784,eco:b4384,P0ABP8,DB03952,Purine nucleoside phosphorylase DeoD-type
map01100,K03784,eco:b4384,P0ABP8,DB03986,Purine nucleoside phosphorylase DeoD-type
map01100,K03784,eco:b4384,P0ABP8,DB04198,Purine nucleoside phosphorylase DeoD-type
map01100,K03784,eco:b4384,P0ABP8,DB04335,Purine nucleoside phosphorylase DeoD-type
map01100,K03784,eco:b4384,P0ABP8,DB04441,Purine nucleoside phosphorylase DeoD-type
map01100,K04042,eco:b3730,P0ACC7,DB01992,Bifunctional protein GlmU
map01100,K04042,eco:b3730,P0ACC7,DB03397,Bifunctional protein GlmU
map01100,K04042,eco:b3730,P0ACC7,DB03814,Bifunctional protein GlmU
map01100,K05365,eco:b0149,P02919,DB00274,Penicillin-binding protein 1B
map01100,K05365,eco:b0149,P02919,DB00303,Penicillin-binding protein 1B
map01100,K05365,eco:b0149,P02919,DB00430,Penicillin-binding protein 1B
map01100,K05365,eco:b0149,P02919,DB00438,Penicillin-binding protein 1B
map01100,K05365,eco:b0149,P02919,DB00689,Penicillin-binding protein 1B
map01100,K05365,eco:b0149,P02919,DB01053,Penicillin-binding protein 1B
map01100,K05365,eco:b0149,P02919,DB01327,Penicillin-binding protein 1B
map01100,K05365,eco:b0149,P02919,DB01328,Penicillin-binding protein 1B
map01100,K05365,eco:b0149,P02919,DB01329,Penicillin-binding protein 1B
map01100,K05365,eco:b0149,P02919,DB01331,Penicillin-binding protein 1B
map01100,K05365,eco:b0149,P02919,DB01332,Penicillin-binding protein 1B
map01100,K05365,eco:b0149,P02919,DB01413,Penicillin-binding protein 1B
map01100,K05365,eco:b0149,P02919,DB01414,Penicillin-binding protein 1B
map01100,K05365,eco:b0149,P02919,DB01415,Penicillin-binding protein 1B
map01100,K05365,eco:b0149,P02919,DB01598,Penicillin-binding protein 1B
map01100,K05365,eco:b0149,P02919,DB04570,Penicillin-binding protein 1B
map01100,K05365,eco:b0149,P02919,DB06211,Penicillin-binding protein 1B
map01100,K05365,eco:b0149,P02919,DB09062,Penicillin-binding protein 1B
map01100,K05365,eco:b0149,P02919,DB11367,Penicillin-binding protein 1B
map01100,K05365,eco:b0149,P02919,DB16335,Penicillin-binding protein 1B
map01100,K05365,eco:b0149,P02919,DB00578,Penicillin-binding protein 1B
map01100,K05365,eco:b0149,P02919,DB00671,Penicillin-binding protein 1B
map01100,K05365,eco:b0149,P02919,DB01000,Penicillin-binding protein 1B
map01100,K05365,eco:b0149,P02919,DB01602,Penicillin-binding protein 1B
map01100,K05365,eco:b0149,P02919,DB06590,Penicillin-binding protein 1B
map01100,K05365,eco:b0149,P02919,DB09050,Penicillin-binding protein 1B
map01100,K05365,eco:b0149,P02919,DB09319,Penicillin-binding protein 1B
map01100,K05365,eco:b0149,P02919,DB09320,Penicillin-binding protein 1B
map01100,K05365,eco:b0149,P02919,DB13028,Penicillin-binding protein 1B
map01100,K05365,eco:b0149,P02919,DB13470,Penicillin-binding protein 1B
map01100,K05365,eco:b0149,P02919,DB13682,Penicillin-binding protein 1B
map01100,K05366,eco:b3396,P02918,DB00274,Penicillin-binding protein 1A
map01100,K05366,eco:b3396,P02918,DB00303,Penicillin-binding protein 1A
map01100,K05366,eco:b3396,P02918,DB00430,Penicillin-binding protein 1A
map01100,K05366,eco:b3396,P02918,DB00438,Penicillin-binding protein 1A
map01100,K05366,eco:b3396,P02918,DB01053,Penicillin-binding protein 1A
map01100,K05366,eco:b3396,P02918,DB01327,Penicillin-binding protein 1A
map01100,K05366,eco:b3396,P02918,DB01328,Penicillin-binding protein 1A
map01100,K05366,eco:b3396,P02918,DB01329,Penicillin-binding protein 1A
map01100,K05366,eco:b3396,P02918,DB01331,Penicillin-binding protein 1A
map01100,K05366,eco:b3396,P02918,DB01332,Penicillin-binding protein 1A
map01100,K05366,eco:b3396,P02918,DB01333,Penicillin-binding protein 1A
map01100,K05366,eco:b3396,P02918,DB01413,Penicillin-binding protein 1A
map01100,K05366,eco:b3396,P02918,DB01414,Penicillin-binding protein 1A
map01100,K05366,eco:b3396,P02918,DB01415,Penicillin-binding protein 1A
map01100,K05366,eco:b3396,P02918,DB01598,Penicillin-binding protein 1A
map01100,K05366,eco:b3396,P02918,DB04570,Penicillin-binding protein 1A
map01100,K05366,eco:b3396,P02918,DB06211,Penicillin-binding protein 1A
map01100,K05366,eco:b3396,P02918,DB09062,Penicillin-binding protein 1A
map01100,K05366,eco:b3396,P02918,DB16335,Penicillin-binding protein 1A
map01100,K05366,eco:b3396,P02918,DB00578,Penicillin-binding protein 1A
map01100,K05366,eco:b3396,P02918,DB00671,Penicillin-binding protein 1A
map01100,K05366,eco:b3396,P02918,DB01000,Penicillin-binding protein 1A
map01100,K05366,eco:b3396,P02918,DB01602,Penicillin-binding protein 1A
map01100,K05366,eco:b3396,P02918,DB06590,Penicillin-binding protein 1A
map01100,K05366,eco:b3396,P02918,DB09050,Penicillin-binding protein 1A
map01100,K05366,eco:b3396,P02918,DB09319,Penicillin-binding protein 1A
map01100,K05366,eco:b3396,P02918,DB09320,Penicillin-binding protein 1A
map01100,K05366,eco:b3396,P02918,DB13028,Penicillin-binding protein 1A
map01100,K05366,eco:b3396,P02918,DB13470,Penicillin-binding protein 1A
map01100,K05366,eco:b3396,P02918,DB13682,Penicillin-binding protein 1A
map01100,K05367,eco:b2519,P76577,DB01053,Penicillin-binding protein 1C
map01100,K05367,eco:b2519,P76577,DB01327,Penicillin-binding protein 1C
map01100,K05367,eco:b2519,P76577,DB09050,Penicillin-binding protein 1C
map01100,K05515,eco:b0635,P0AD65,DB00303,"Peptidoglycan D,D-transpeptidase MrdA"
map01100,K05515,eco:b0635,P0AD65,DB00438,"Peptidoglycan D,D-transpeptidase MrdA"
map01100,K05515,eco:b0635,P0AD65,DB00671,"Peptidoglycan D,D-transpeptidase MrdA"
map01100,K05515,eco:b0635,P0AD65,DB00948,"Peptidoglycan D,D-transpeptidase MrdA"
map01100,K05515,eco:b0635,P0AD65,DB01163,"Peptidoglycan D,D-transpeptidase MrdA"
map01100,K05515,eco:b0635,P0AD65,DB01327,"Peptidoglycan D,D-transpeptidase MrdA"
map01100,K05515,eco:b0635,P0AD65,DB01328,"Peptidoglycan D,D-transpeptidase MrdA"
map01100,K05515,eco:b0635,P0AD65,DB01329,"Peptidoglycan D,D-transpeptidase MrdA"
map01100,K05515,eco:b0635,P0AD65,DB01413,"Peptidoglycan D,D-transpeptidase MrdA"
map01100,K05515,eco:b0635,P0AD65,DB01415,"Peptidoglycan D,D-transpeptidase MrdA"
map01100,K05515,eco:b0635,P0AD65,DB01598,"Peptidoglycan D,D-transpeptidase MrdA"
map01100,K05515,eco:b0635,P0AD65,DB06211,"Peptidoglycan D,D-transpeptidase MrdA"
map01100,K05515,eco:b0635,P0AD65,DB09050,"Peptidoglycan D,D-transpeptidase MrdA"
map01100,K05515,eco:b0635,P0AD65,DB16335,"Peptidoglycan D,D-transpeptidase MrdA"
map01100,K05515,eco:b0635,P0AD65,DB00578,"Peptidoglycan D,D-transpeptidase MrdA"
map01100,K05515,eco:b0635,P0AD65,DB01000,"Peptidoglycan D,D-transpeptidase MrdA"
map01100,K05515,eco:b0635,P0AD65,DB01602,"Peptidoglycan D,D-transpeptidase MrdA"
map01100,K05515,eco:b0635,P0AD65,DB06590,"Peptidoglycan D,D-transpeptidase MrdA"
map01100,K05515,eco:b0635,P0AD65,DB09319,"Peptidoglycan D,D-transpeptidase MrdA"
map01100,K05515,eco:b0635,P0AD65,DB09320,"Peptidoglycan D,D-transpeptidase MrdA"
map01100,K05515,eco:b0635,P0AD65,DB13028,"Peptidoglycan D,D-transpeptidase MrdA"
map01100,K05515,eco:b0635,P0AD65,DB13470,"Peptidoglycan D,D-transpeptidase MrdA"
map01100,K05515,eco:b0635,P0AD65,DB13682,"Peptidoglycan D,D-transpeptidase MrdA"
map01100,K05810,eco:b2593,P33644,DB04272,Purine nucleoside phosphorylase YfiH
map01100,K07248,eco:b1415,P25553,DB03619,Lactaldehyde dehydrogenase
map01100,K07250,eco:b2662,P22256,DB02142,4-aminobutyrate aminotransferase GabT
map01100,K07250,eco:b2662,P22256,DB02783,4-aminobutyrate aminotransferase GabT
map01100,K07258,eco:b0632,P0AEB2,DB00274,D-alanyl-D-alanine carboxypeptidase DacA
map01100,K07258,eco:b0632,P0AEB2,DB01147,D-alanyl-D-alanine carboxypeptidase DacA
map01100,K07258,eco:b0632,P0AEB2,DB01329,D-alanyl-D-alanine carboxypeptidase DacA
map01100,K07258,eco:b0632,P0AEB2,DB01331,D-alanyl-D-alanine carboxypeptidase DacA
map01100,K07258,eco:b0632,P0AEB2,DB04647,D-alanyl-D-alanine carboxypeptidase DacA
map01100,K07258,eco:b0632,P0AEB2,DB16335,D-alanyl-D-alanine carboxypeptidase DacA
map01100,K07258,eco:b0632,P0AEB2,DB00578,D-alanyl-D-alanine carboxypeptidase DacA
map01100,K07258,eco:b0632,P0AEB2,DB00671,D-alanyl-D-alanine carboxypeptidase DacA
map01100,K07258,eco:b0632,P0AEB2,DB01000,D-alanyl-D-alanine carboxypeptidase DacA
map01100,K07258,eco:b0632,P0AEB2,DB01602,D-alanyl-D-alanine carboxypeptidase DacA
map01100,K07258,eco:b0632,P0AEB2,DB06590,D-alanyl-D-alanine carboxypeptidase DacA
map01100,K07258,eco:b0632,P0AEB2,DB09050,D-alanyl-D-alanine carboxypeptidase DacA
map01100,K07258,eco:b0632,P0AEB2,DB09319,D-alanyl-D-alanine carboxypeptidase DacA
map01100,K07258,eco:b0632,P0AEB2,DB09320,D-alanyl-D-alanine carboxypeptidase DacA
map01100,K07258,eco:b0632,P0AEB2,DB13028,D-alanyl-D-alanine carboxypeptidase DacA
map01100,K07258,eco:b0632,P0AEB2,DB13470,D-alanyl-D-alanine carboxypeptidase DacA
map01100,K07258,eco:b0632,P0AEB2,DB13682,D-alanyl-D-alanine carboxypeptidase DacA
map01100,K07258,eco:b0839,P08506,DB00274,D-alanyl-D-alanine carboxypeptidase DacC
map01100,K07258,eco:b0839,P08506,DB00303,D-alanyl-D-alanine carboxypeptidase DacC
map01100,K07258,eco:b0839,P08506,DB00430,D-alanyl-D-alanine carboxypeptidase DacC
map01100,K07258,eco:b0839,P08506,DB01329,D-alanyl-D-alanine carboxypeptidase DacC
map01100,K07258,eco:b0839,P08506,DB01331,D-alanyl-D-alanine carboxypeptidase DacC
map01100,K07258,eco:b0839,P08506,DB01332,D-alanyl-D-alanine carboxypeptidase DacC
map01100,K07258,eco:b0839,P08506,DB16335,D-alanyl-D-alanine carboxypeptidase DacC
map01100,K07258,eco:b0839,P08506,DB00578,D-alanyl-D-alanine carboxypeptidase DacC
map01100,K07258,eco:b0839,P08506,DB00671,D-alanyl-D-alanine carboxypeptidase DacC
map01100,K07258,eco:b0839,P08506,DB01000,D-alanyl-D-alanine carboxypeptidase DacC
map01100,K07258,eco:b0839,P08506,DB01602,D-alanyl-D-alanine carboxypeptidase DacC
map01100,K07258,eco:b0839,P08506,DB06590,D-alanyl-D-alanine carboxypeptidase DacC
map01100,K07258,eco:b0839,P08506,DB09050,D-alanyl-D-alanine carboxypeptidase DacC
map01100,K07258,eco:b0839,P08506,DB09319,D-alanyl-D-alanine carboxypeptidase DacC
map01100,K07258,eco:b0839,P08506,DB09320,D-alanyl-D-alanine carboxypeptidase DacC
map01100,K07258,eco:b0839,P08506,DB13028,D-alanyl-D-alanine carboxypeptidase DacC
map01100,K07258,eco:b0839,P08506,DB13470,D-alanyl-D-alanine carboxypeptidase DacC
map01100,K07258,eco:b0839,P08506,DB13682,D-alanyl-D-alanine carboxypeptidase DacC
map01100,K07259,eco:b3182,P24228,DB00303,D-alanyl-D-alanine carboxypeptidase DacB
map01100,K07259,eco:b3182,P24228,DB00417,D-alanyl-D-alanine carboxypeptidase DacB
map01100,K07259,eco:b3182,P24228,DB00760,D-alanyl-D-alanine carboxypeptidase DacB
map01100,K07259,eco:b3182,P24228,DB01328,D-alanyl-D-alanine carboxypeptidase DacB
map01100,K07259,eco:b3182,P24228,DB01329,D-alanyl-D-alanine carboxypeptidase DacB
map01100,K07259,eco:b3182,P24228,DB01331,D-alanyl-D-alanine carboxypeptidase DacB
map01100,K07259,eco:b3182,P24228,DB04570,D-alanyl-D-alanine carboxypeptidase DacB
map01100,K07259,eco:b3182,P24228,DB14879,D-alanyl-D-alanine carboxypeptidase DacB
map01100,K07259,eco:b3182,P24228,DB16335,D-alanyl-D-alanine carboxypeptidase DacB
map01100,K07259,eco:b3182,P24228,DB00578,D-alanyl-D-alanine carboxypeptidase DacB
map01100,K07259,eco:b3182,P24228,DB00671,D-alanyl-D-alanine carboxypeptidase DacB
map01100,K07259,eco:b3182,P24228,DB01000,D-alanyl-D-alanine carboxypeptidase DacB
map01100,K07259,eco:b3182,P24228,DB01602,D-alanyl-D-alanine carboxypeptidase DacB
map01100,K07259,eco:b3182,P24228,DB06590,D-alanyl-D-alanine carboxypeptidase DacB
map01100,K07259,eco:b3182,P24228,DB09050,D-alanyl-D-alanine carboxypeptidase DacB
map01100,K07259,eco:b3182,P24228,DB09319,D-alanyl-D-alanine carboxypeptidase DacB
map01100,K07259,eco:b3182,P24228,DB09320,D-alanyl-D-alanine carboxypeptidase DacB
map01100,K07259,eco:b3182,P24228,DB13028,D-alanyl-D-alanine carboxypeptidase DacB
map01100,K07259,eco:b3182,P24228,DB13470,D-alanyl-D-alanine carboxypeptidase DacB
map01100,K07259,eco:b3182,P24228,DB13682,D-alanyl-D-alanine carboxypeptidase DacB
map01100,K08092,eco:b3575,P37672,DB01694,"2,3-diketo-L-gulonate reductase"
map01100,K08289,eco:b1849,P33221,DB02236,Formate-dependent phosphoribosylglycinamide formyltransferase
map01100,K08289,eco:b1849,P33221,DB02930,Formate-dependent phosphoribosylglycinamide formyltransferase
map01100,K08289,eco:b1849,P33221,DB03434,Formate-dependent phosphoribosylglycinamide formyltransferase
map01100,K08289,eco:b1849,P33221,DB03909,Formate-dependent phosphoribosylglycinamide formyltransferase
map01100,K08289,eco:b1849,P33221,DB04395,Formate-dependent phosphoribosylglycinamide formyltransferase
map01100,K08302,eco:b3137,P0AB74,DB03026,"D-tagatose-1,6-bisphosphate aldolase subunit KbaY"
map01100,K08312,eco:b3397,P45799,DB02059,ADP compounds hydrolase NudE
map01100,K08325,eco:b3011,Q46856,DB02319,NADPH-dependent aldehyde reductase YqhD
map01100,K08968,eco:b1832,P76270,DB03814,Free methionine-R-sulfoxide reductase
map01100,K09458,eco:b1095,P0AAI5,DB01034,3-oxoacyl-[acyl-carrier-protein] synthase 2
map01100,K09458,eco:b1095,P0AAI5,DB03017,3-oxoacyl-[acyl-carrier-protein] synthase 2
map01100,K09458,eco:b1095,P0AAI5,DB08366,3-oxoacyl-[acyl-carrier-protein] synthase 2
map01100,K09458,eco:b1095,P0AAI5,DB08407,3-oxoacyl-[acyl-carrier-protein] synthase 2
map01100,K10011,eco:b2255,P77398,DB03256,Bifunctional polymyxin resistance protein ArnA
map01100,K10011,eco:b2255,P77398,DB03685,Bifunctional polymyxin resistance protein ArnA
map01100,K11175,eco:b2500,P08179,DB02236,Phosphoribosylglycinamide formyltransferase
map01100,K11175,eco:b2500,P08179,DB02540,Phosphoribosylglycinamide formyltransferase
map01100,K11175,eco:b2500,P08179,DB02794,Phosphoribosylglycinamide formyltransferase
map01100,K11175,eco:b2500,P08179,DB04264,Phosphoribosylglycinamide formyltransferase
map01100,K11264,eco:b2919,P52045,DB03117,Methylmalonyl-CoA decarboxylase
map01100,K11717,eco:b1680,P77444,DB02345,Cysteine desulfurase
map01100,K11717,eco:b1680,P77444,DB02761,Cysteine desulfurase
map01100,K11717,eco:b1680,P77444,DB03049,Cysteine desulfurase
map01100,K11717,eco:b1680,P77444,DB04217,Cysteine desulfurase
map01100,K11751,eco:b0480,P07024,DB03148,Protein UshA
map01100,K11754,eco:b2315,P08192,DB02437,Dihydrofolate synthase/folylpolyglutamate synthase
map01100,K11754,eco:b2315,P08192,DB03830,Dihydrofolate synthase/folylpolyglutamate synthase
map01100,K12111,eco:b3076,P06864,DB00581,Evolved beta-galactosidase subunit alpha
map01100,K13038,eco:b3639,P0ABQ0,DB02431,Coenzyme A biosynthesis bifunctional protein CoaBC
map01100,K13038,eco:b3639,P0ABQ0,DB03403,Coenzyme A biosynthesis bifunctional protein CoaBC
map01100,K13498,eco:b1262,P00909,DB03543,Tryptophan biosynthesis protein TrpCF
map01100,K13821,eco:b1014,P09546,DB03051,Bifunctional protein PutA
map01100,K13821,eco:b1014,P09546,DB03147,Bifunctional protein PutA
map01100,K13821,eco:b1014,P09546,DB04398,Bifunctional protein PutA
map01100,K14170,eco:b2599,P0A9J8,DB08648,Bifunctional chorismate mutase/prephenate dehydratase
map01100,K22015,eco:b4079,P07658,DB02345,Formate dehydrogenase H
map01110,K00013,eco:b2020,P06988,DB03366,Histidinol dehydrogenase
map01110,K00013,eco:b2020,P06988,DB03811,Histidinol dehydrogenase
map01110,K00013,eco:b2020,P06988,DB04447,Histidinol dehydrogenase
map01110,K00014,eco:b3281,P15770,DB03461,Shikimate dehydrogenase (NADP(+))
map01110,K00014,eco:b3281,P15770,DB04447,Shikimate dehydrogenase (NADP(+))
map01110,K00031,eco:b1136,P08200,DB01727,Isocitrate dehydrogenase [NADP]
map01110,K00031,eco:b1136,P08200,DB02190,Isocitrate dehydrogenase [NADP]
map01110,K00031,eco:b1136,P08200,DB03461,Isocitrate dehydrogenase [NADP]
map01110,K00031,eco:b1136,P08200,DB04279,Isocitrate dehydrogenase [NADP]
map01110,K00059,eco:b1093,P0AEK2,DB03461,3-oxoacyl-[acyl-carrier-protein] reductase FabG
map01110,K00099,eco:b0173,P45568,DB02496,1-deoxy-D-xylulose 5-phosphate reductoisomerase
map01110,K00099,eco:b0173,P45568,DB02948,1-deoxy-D-xylulose 5-phosphate reductoisomerase
map01110,K00099,eco:b0173,P45568,DB03649,1-deoxy-D-xylulose 5-phosphate reductoisomerase
map01110,K00134,eco:b1779,P0A9B2,DB02263,Glyceraldehyde-3-phosphate dehydrogenase A
map01110,K00134,eco:b1779,P0A9B2,DB03814,Glyceraldehyde-3-phosphate dehydrogenase A
map01110,K00163,eco:b0114,P0AFG8,DB00152,Pyruvate dehydrogenase E1 component
map01110,K00163,eco:b0114,P0AFG8,DB01987,Pyruvate dehydrogenase E1 component
map01110,K00208,eco:b1288,P0AEK4,DB01691,Enoyl-[acyl-carrier-protein] reductase [NADH] FabI
map01110,K00208,eco:b1288,P0AEK4,DB01865,Enoyl-[acyl-carrier-protein] reductase [NADH] FabI
map01110,K00208,eco:b1288,P0AEK4,DB02379,Enoyl-[acyl-carrier-protein] reductase [NADH] FabI
map01110,K00208,eco:b1288,P0AEK4,DB03030,Enoyl-[acyl-carrier-protein] reductase [NADH] FabI
map01110,K00208,eco:b1288,P0AEK4,DB03534,Enoyl-[acyl-carrier-protein] reductase [NADH] FabI
map01110,K00208,eco:b1288,P0AEK4,DB04030,Enoyl-[acyl-carrier-protein] reductase [NADH] FabI
map01110,K00208,eco:b1288,P0AEK4,DB08265,Enoyl-[acyl-carrier-protein] reductase [NADH] FabI
map01110,K00208,eco:b1288,P0AEK4,DB08604,Enoyl-[acyl-carrier-protein] reductase [NADH] FabI
map01110,K00208,eco:b1288,P0AEK4,DB08605,Enoyl-[acyl-carrier-protein] reductase [NADH] FabI
map01110,K00215,eco:b0031,P04036,DB03363,4-hydroxy-tetrahydrodipicolinate reductase
map01110,K00215,eco:b0031,P04036,DB04267,4-hydroxy-tetrahydrodipicolinate reductase
map01110,K00239,eco:b0723,P0AC41,DB04631,Succinate dehydrogenase flavoprotein subunit
map01110,K00239,eco:b0723,P0AC41,DB07671,Succinate dehydrogenase flavoprotein subunit
map01110,K00239,eco:b0723,P0AC41,DB08690,Succinate dehydrogenase flavoprotein subunit
map01110,K00240,eco:b0724,P07014,DB04631,Succinate dehydrogenase iron-sulfur subunit
map01110,K00240,eco:b0724,P07014,DB07671,Succinate dehydrogenase iron-sulfur subunit
map01110,K00240,eco:b0724,P07014,DB08690,Succinate dehydrogenase iron-sulfur subunit
map01110,K00241,eco:b0721,P69054,DB04631,Succinate dehydrogenase cytochrome b556 subunit
map01110,K00241,eco:b0721,P69054,DB07671,Succinate dehydrogenase cytochrome b556 subunit
map01110,K00241,eco:b0721,P69054,DB08690,Succinate dehydrogenase cytochrome b556 subunit
map01110,K00242,eco:b0722,P0AC44,DB04631,Succinate dehydrogenase hydrophobic membrane anchor subunit
map01110,K00242,eco:b0722,P0AC44,DB07671,Succinate dehydrogenase hydrophobic membrane anchor subunit
map01110,K00242,eco:b0722,P0AC44,DB08690,Succinate dehydrogenase hydrophobic membrane anchor subunit
map01110,K00244,eco:b4154,P00363,DB00730,Fumarate reductase flavoprotein subunit
map01110,K00244,eco:b4154,P00363,DB07490,Fumarate reductase flavoprotein subunit
map01110,K00244,eco:b4154,P00363,DB07918,Fumarate reductase flavoprotein subunit
map01110,K00245,eco:b4153,P0AC47,DB07490,Fumarate reductase iron-sulfur subunit
map01110,K00245,eco:b4153,P0AC47,DB07918,Fumarate reductase iron-sulfur subunit
map01110,K00246,eco:b4152,P0A8Q0,DB07490,Fumarate reductase subunit C
map01110,K00246,eco:b4152,P0A8Q0,DB07918,Fumarate reductase subunit C
map01110,K00247,eco:b4151,P0A8Q3,DB07490,Fumarate reductase subunit D
map01110,K00247,eco:b4151,P0A8Q3,DB07918,Fumarate reductase subunit D
map01110,K00276,eco:b1386,P46883,DB01634,Primary amine oxidase
map01110,K00276,eco:b1386,P46883,DB01657,Primary amine oxidase
map01110,K00276,eco:b1386,P46883,DB02178,Primary amine oxidase
map01110,K00276,eco:b1386,P46883,DB02928,Primary amine oxidase
map01110,K00276,eco:b1386,P46883,DB03631,Primary amine oxidase
map01110,K00276,eco:b1386,P46883,DB04325,Primary amine oxidase
map01110,K00276,eco:b1386,P46883,DB04334,Primary amine oxidase
map01110,K00606,eco:b0134,P31057,DB03795,3-methyl-2-oxobutanoate hydroxymethyltransferase
map01110,K00611,eco:b4254,P04391,DB02965,Ornithine carbamoyltransferase subunit I
map01110,K00615,eco:b2935,P27302,DB01987,Transketolase 1
map01110,K00688,eco:b3417,P00490,DB02379,Maltodextrin phosphorylase
map01110,K00688,eco:b3417,P00490,DB02843,Maltodextrin phosphorylase
map01110,K00688,eco:b3417,P00490,DB03323,Maltodextrin phosphorylase
map01110,K00697,eco:b1896,P31677,DB01861,Trehalose-6-phosphate synthase
map01110,K00697,eco:b1896,P31677,DB02007,Trehalose-6-phosphate synthase
map01110,K00697,eco:b1896,P31677,DB03366,Trehalose-6-phosphate synthase
map01110,K00697,eco:b1896,P31677,DB03435,Trehalose-6-phosphate synthase
map01110,K00697,eco:b1896,P31677,DB03488,Trehalose-6-phosphate synthase
map01110,K00760,eco:b0125,P0A9M2,DB04566,Hypoxanthine phosphoribosyltransferase
map01110,K00764,eco:b2312,P0AG16,DB01972,Amidophosphoribosyltransferase
map01110,K00764,eco:b2312,P0AG16,DB03942,Amidophosphoribosyltransferase
map01110,K00764,eco:b2312,P0AG16,DB04296,Amidophosphoribosyltransferase
map01110,K00765,eco:b2019,P60757,DB01661,ATP phosphoribosyltransferase
map01110,K00769,eco:b0238,P0A9M5,DB01972,Xanthine-guanine phosphoribosyltransferase
map01110,K00769,eco:b0238,P0A9M5,DB02134,Xanthine-guanine phosphoribosyltransferase
map01110,K00769,eco:b0238,P0A9M5,DB02377,Xanthine-guanine phosphoribosyltransferase
map01110,K00769,eco:b0238,P0A9M5,DB03942,Xanthine-guanine phosphoribosyltransferase
map01110,K00791,eco:b4171,P16384,DB02270,tRNA dimethylallyltransferase
map01110,K00793,eco:b1662,P0AFU8,DB00140,Riboflavin synthase
map01110,K00795,eco:b0421,P22939,DB02270,Farnesyl diphosphate synthase
map01110,K00795,eco:b0421,P22939,DB02508,Farnesyl diphosphate synthase
map01110,K00795,eco:b0421,P22939,DB04160,Farnesyl diphosphate synthase
map01110,K00800,eco:b0908,P0A6D3,DB01942,3-phosphoshikimate 1-carboxyvinyltransferase
map01110,K00800,eco:b0908,P0A6D3,DB03116,3-phosphoshikimate 1-carboxyvinyltransferase
map01110,K00800,eco:b0908,P0A6D3,DB04328,3-phosphoshikimate 1-carboxyvinyltransferase
map01110,K00800,eco:b0908,P0A6D3,DB04539,3-phosphoshikimate 1-carboxyvinyltransferase
map01110,K00806,eco:b0174,P60472,DB04695,"Ditrans,polycis-undecaprenyl-diphosphate synthase ((2E,6E)-farnesyl-diphosphate specific)"
map01110,K00806,eco:b0174,P60472,DB04714,"Ditrans,polycis-undecaprenyl-diphosphate synthase ((2E,6E)-farnesyl-diphosphate specific)"
map01110,K00806,eco:b0174,P60472,DB07404,"Ditrans,polycis-undecaprenyl-diphosphate synthase ((2E,6E)-farnesyl-diphosphate specific)"
map01110,K00806,eco:b0174,P60472,DB07409,"Ditrans,polycis-undecaprenyl-diphosphate synthase ((2E,6E)-farnesyl-diphosphate specific)"
map01110,K00806,eco:b0174,P60472,DB07410,"Ditrans,polycis-undecaprenyl-diphosphate synthase ((2E,6E)-farnesyl-diphosphate specific)"
map01110,K00806,eco:b0174,P60472,DB07426,"Ditrans,polycis-undecaprenyl-diphosphate synthase ((2E,6E)-farnesyl-diphosphate specific)"
map01110,K00806,eco:b0174,P60472,DB07780,"Ditrans,polycis-undecaprenyl-diphosphate synthase ((2E,6E)-farnesyl-diphosphate specific)"
map01110,K00813,eco:b0928,P00509,DB01639,Aspartate aminotransferase
map01110,K00813,eco:b0928,P00509,DB02024,Aspartate aminotransferase
map01110,K00813,eco:b0928,P00509,DB02758,Aspartate aminotransferase
map01110,K00813,eco:b0928,P00509,DB02981,Aspartate aminotransferase
map01110,K00813,eco:b0928,P00509,DB03553,Aspartate aminotransferase
map01110,K00813,eco:b0928,P00509,DB03629,Aspartate aminotransferase
map01110,K00813,eco:b0928,P00509,DB03662,Aspartate aminotransferase
map01110,K00813,eco:b0928,P00509,DB03750,Aspartate aminotransferase
map01110,K00813,eco:b0928,P00509,DB04083,Aspartate aminotransferase
map01110,K00813,eco:b0928,P00509,DB04299,Aspartate aminotransferase
map01110,K00813,eco:b0928,P00509,DB04467,Aspartate aminotransferase
map01110,K00813,eco:b0928,P00509,DB04762,Aspartate aminotransferase
map01110,K00813,eco:b0928,P00509,DB04765,Aspartate aminotransferase
map01110,K00813,eco:b0928,P00509,DB08845,Aspartate aminotransferase
map01110,K00817,eco:b2021,P06986,DB01813,Histidinol-phosphate aminotransferase
map01110,K00817,eco:b2021,P06986,DB02142,Histidinol-phosphate aminotransferase
map01110,K00817,eco:b2021,P06986,DB03997,Histidinol-phosphate aminotransferase
map01110,K00826,eco:b3770,P0AB80,DB01813,Branched-chain-amino-acid aminotransferase
map01110,K00826,eco:b3770,P0AB80,DB03553,Branched-chain-amino-acid aminotransferase
map01110,K00826,eco:b3770,P0AB80,DB03993,Branched-chain-amino-acid aminotransferase
map01110,K00826,eco:b3770,P0AB80,DB04063,Branched-chain-amino-acid aminotransferase
map01110,K00845,eco:b2388,P0A6V8,DB02379,Glucokinase
map01110,K00851,eco:b3437,P46859,DB02076,Thermoresistant gluconokinase
map01110,K00851,eco:b3437,P46859,DB03909,Thermoresistant gluconokinase
map01110,K00864,eco:b3926,P0A6F3,DB02937,Glycerol kinase
map01110,K00864,eco:b3926,P0A6F3,DB04551,Glycerol kinase
map01110,K00930,eco:b3959,P0A6C8,DB04075,Acetylglutamate kinase
map01110,K00930,eco:b3959,P0A6C8,DB04395,Acetylglutamate kinase
map01110,K00930,eco:b3959,P0A6C8,DB04444,Acetylglutamate kinase
map01110,K00939,eco:b0474,P69441,DB01717,Adenylate kinase
map01110,K00991,eco:b2747,Q46893,DB02431,2-C-methyl-D-erythritol 4-phosphate cytidylyltransferase
map01110,K00991,eco:b2747,Q46893,DB03687,2-C-methyl-D-erythritol 4-phosphate cytidylyltransferase
map01110,K00991,eco:b2747,Q46893,DB03854,2-C-methyl-D-erythritol 4-phosphate cytidylyltransferase
map01110,K01058,eco:b3821,P0A921,DB03692,Phospholipase A1
map01110,K01424,eco:b2957,P00805,DB01817,L-asparaginase 2
map01110,K01425,eco:b0485,P77454,DB01942,Glutaminase 1
map01110,K01580,eco:b3517,P69908,DB03553,Glutamate decarboxylase alpha
map01110,K01586,eco:b2838,P00861,DB03252,Diaminopimelate decarboxylase
map01110,K01586,eco:b2838,P00861,DB03814,Diaminopimelate decarboxylase
map01110,K01624,eco:b2925,P0AB71,DB03026,Fructose-bisphosphate aldolase class 2
map01110,K01626,eco:b0754,P0AB91,DB01819,"Phospho-2-dehydro-3-deoxyheptonate aldolase, Phe-sensitive"
map01110,K01626,eco:b0754,P0AB91,DB02726,"Phospho-2-dehydro-3-deoxyheptonate aldolase, Phe-sensitive"
map01110,K01638,eco:b2976,P37330,DB04343,Malate synthase G
map01110,K01679,eco:b1611,P05042,DB02749,Fumarate hydratase class II
map01110,K01679,eco:b1611,P05042,DB03452,Fumarate hydratase class II
map01110,K01679,eco:b1611,P05042,DB03499,Fumarate hydratase class II
map01110,K01679,eco:b1611,P05042,DB04272,Fumarate hydratase class II
map01110,K01682,eco:b0118,P36683,DB04351,Aconitate hydratase B
map01110,K01698,eco:b0369,P0ACB2,DB02260,Delta-aminolevulinic acid dehydratase
map01110,K01698,eco:b0369,P0ACB2,DB04530,Delta-aminolevulinic acid dehydratase
map01110,K01698,eco:b0369,P0ACB2,DB04560,Delta-aminolevulinic acid dehydratase
map01110,K01739,eco:b3939,P00935,DB04083,Cystathionine gamma-synthase
map01110,K01749,eco:b3805,P06983,DB04517,Porphobilinogen deaminase
map01110,K01770,eco:b2746,P62617,DB02552,"2-C-methyl-D-erythritol 2,4-cyclodiphosphate synthase"
map01110,K01823,eco:b2889,Q46822,DB01799,Isopentenyl-diphosphate Delta-isomerase
map01110,K01823,eco:b2889,Q46822,DB02480,Isopentenyl-diphosphate Delta-isomerase
map01110,K01823,eco:b2889,Q46822,DB03165,Isopentenyl-diphosphate Delta-isomerase
map01110,K01823,eco:b2889,Q46822,DB03366,Isopentenyl-diphosphate Delta-isomerase
map01110,K01823,eco:b2889,Q46822,DB04170,Isopentenyl-diphosphate Delta-isomerase
map01110,K01961,eco:b3256,P24182,DB08074,Biotin carboxylase
map01110,K01961,eco:b3256,P24182,DB08075,Biotin carboxylase
map01110,K01961,eco:b3256,P24182,DB08076,Biotin carboxylase
map01110,K01961,eco:b3256,P24182,DB08144,Biotin carboxylase
map01110,K01961,eco:b3256,P24182,DB08145,Biotin carboxylase
map01110,K01961,eco:b3256,P24182,DB08146,Biotin carboxylase
map01110,K01961,eco:b3256,P24182,DB08314,Biotin carboxylase
map01110,K01961,eco:b3256,P24182,DB08315,Biotin carboxylase
map01110,K01961,eco:b3256,P24182,DB08316,Biotin carboxylase
map01110,K01961,eco:b3256,P24182,DB08317,Biotin carboxylase
map01110,K01961,eco:b3256,P24182,DB08318,Biotin carboxylase
map01110,K02078,eco:b1094,P0A6A8,DB04450,Acyl carrier protein
map01110,K02078,eco:b1094,P0A6A8,DB08404,Acyl carrier protein
map01110,K02078,eco:b1094,P0A6A8,DB08405,Acyl carrier protein
map01110,K02549,eco:b2261,P29208,DB02251,o-succinylbenzoate synthase
map01110,K02549,eco:b2261,P29208,DB06864,o-succinylbenzoate synthase
map01110,K03181,eco:b4039,P26602,DB02130,Chorismate pyruvate-lyase
map01110,K03181,eco:b4039,P26602,DB04242,Chorismate pyruvate-lyase
map01110,K03527,eco:b0029,P62623,DB01785,4-hydroxy-3-methylbut-2-enyl diphosphate reductase
map01110,K03527,eco:b0029,P62623,DB04714,4-hydroxy-3-methylbut-2-enyl diphosphate reductase
map01110,K03737,eco:b1378,P52647,DB00698,Probable pyruvate-flavodoxin oxidoreductase
map01110,K03783,eco:b2407,P45563,DB02134,Purine nucleoside phosphorylase 2
map01110,K03783,eco:b2407,P45563,DB02377,Purine nucleoside phosphorylase 2
map01110,K03784,eco:b4384,P0ABP8,DB02066,Purine nucleoside phosphorylase DeoD-type
map01110,K03784,eco:b4384,P0ABP8,DB02113,Purine nucleoside phosphorylase DeoD-type
map01110,K03784,eco:b4384,P0ABP8,DB02896,Purine nucleoside phosphorylase DeoD-type
map01110,K03784,eco:b4384,P0ABP8,DB02934,Purine nucleoside phosphorylase DeoD-type
map01110,K03784,eco:b4384,P0ABP8,DB02947,Purine nucleoside phosphorylase DeoD-type
map01110,K03784,eco:b4384,P0ABP8,DB03172,Purine nucleoside phosphorylase DeoD-type
map01110,K03784,eco:b4384,P0ABP8,DB03528,Purine nucleoside phosphorylase DeoD-type
map01110,K03784,eco:b4384,P0ABP8,DB03735,Purine nucleoside phosphorylase DeoD-type
map01110,K03784,eco:b4384,P0ABP8,DB03952,Purine nucleoside phosphorylase DeoD-type
map01110,K03784,eco:b4384,P0ABP8,DB03986,Purine nucleoside phosphorylase DeoD-type
map01110,K03784,eco:b4384,P0ABP8,DB04198,Purine nucleoside phosphorylase DeoD-type
map01110,K03784,eco:b4384,P0ABP8,DB04335,Purine nucleoside phosphorylase DeoD-type
map01110,K03784,eco:b4384,P0ABP8,DB04441,Purine nucleoside phosphorylase DeoD-type
map01110,K08289,eco:b1849,P33221,DB02236,Formate-dependent phosphoribosylglycinamide formyltransferase
map01110,K08289,eco:b1849,P33221,DB02930,Formate-dependent phosphoribosylglycinamide formyltransferase
map01110,K08289,eco:b1849,P33221,DB03434,Formate-dependent phosphoribosylglycinamide formyltransferase
map01110,K08289,eco:b1849,P33221,DB03909,Formate-dependent phosphoribosylglycinamide formyltransferase
map01110,K08289,eco:b1849,P33221,DB04395,Formate-dependent phosphoribosylglycinamide formyltransferase
map01110,K11175,eco:b2500,P08179,DB02236,Phosphoribosylglycinamide formyltransferase
map01110,K11175,eco:b2500,P08179,DB02540,Phosphoribosylglycinamide formyltransferase
map01110,K11175,eco:b2500,P08179,DB02794,Phosphoribosylglycinamide formyltransferase
map01110,K11175,eco:b2500,P08179,DB04264,Phosphoribosylglycinamide formyltransferase
map01110,K11751,eco:b0480,P07024,DB03148,Protein UshA
map01110,K13498,eco:b1262,P00909,DB03543,Tryptophan biosynthesis protein TrpCF
map01110,K13821,eco:b1014,P09546,DB03051,Bifunctional protein PutA
map01110,K13821,eco:b1014,P09546,DB03147,Bifunctional protein PutA
map01110,K13821,eco:b1014,P09546,DB04398,Bifunctional protein PutA
map01110,K14170,eco:b2599,P0A9J8,DB08648,Bifunctional chorismate mutase/prephenate dehydratase
map01120,K00031,eco:b1136,P08200,DB01727,Isocitrate dehydrogenase [NADP]
map01120,K00031,eco:b1136,P08200,DB02190,Isocitrate dehydrogenase [NADP]
map01120,K00031,eco:b1136,P08200,DB03461,Isocitrate dehydrogenase [NADP]
map01120,K00031,eco:b1136,P08200,DB04279,Isocitrate dehydrogenase [NADP]
map01120,K00048,eco:b2799,P0A9S1,DB02059,Lactaldehyde reductase
map01120,K00134,eco:b1779,P0A9B2,DB02263,Glyceraldehyde-3-phosphate dehydrogenase A
map01120,K00134,eco:b1779,P0A9B2,DB03814,Glyceraldehyde-3-phosphate dehydrogenase A
map01120,K00137,eco:b1444,P77674,DB04401,Gamma-aminobutyraldehyde dehydrogenase
map01120,K00163,eco:b0114,P0AFG8,DB00152,Pyruvate dehydrogenase E1 component
map01120,K00163,eco:b0114,P0AFG8,DB01987,Pyruvate dehydrogenase E1 component
map01120,K00215,eco:b0031,P04036,DB03363,4-hydroxy-tetrahydrodipicolinate reductase
map01120,K00215,eco:b0031,P04036,DB04267,4-hydroxy-tetrahydrodipicolinate reductase
map01120,K00239,eco:b0723,P0AC41,DB04631,Succinate dehydrogenase flavoprotein subunit
map01120,K00239,eco:b0723,P0AC41,DB07671,Succinate dehydrogenase flavoprotein subunit
map01120,K00239,eco:b0723,P0AC41,DB08690,Succinate dehydrogenase flavoprotein subunit
map01120,K00240,eco:b0724,P07014,DB04631,Succinate dehydrogenase iron-sulfur subunit
map01120,K00240,eco:b0724,P07014,DB07671,Succinate dehydrogenase iron-sulfur subunit
map01120,K00240,eco:b0724,P07014,DB08690,Succinate dehydrogenase iron-sulfur subunit
map01120,K00241,eco:b0721,P69054,DB04631,Succinate dehydrogenase cytochrome b556 subunit
map01120,K00241,eco:b0721,P69054,DB07671,Succinate dehydrogenase cytochrome b556 subunit
map01120,K00241,eco:b0721,P69054,DB08690,Succinate dehydrogenase cytochrome b556 subunit
map01120,K00242,eco:b0722,P0AC44,DB04631,Succinate dehydrogenase hydrophobic membrane anchor subunit
map01120,K00242,eco:b0722,P0AC44,DB07671,Succinate dehydrogenase hydrophobic membrane anchor subunit
map01120,K00242,eco:b0722,P0AC44,DB08690,Succinate dehydrogenase hydrophobic membrane anchor subunit
map01120,K00244,eco:b4154,P00363,DB00730,Fumarate reductase flavoprotein subunit
map01120,K00244,eco:b4154,P00363,DB07490,Fumarate reductase flavoprotein subunit
map01120,K00244,eco:b4154,P00363,DB07918,Fumarate reductase flavoprotein subunit
map01120,K00245,eco:b4153,P0AC47,DB07490,Fumarate reductase iron-sulfur subunit
map01120,K00245,eco:b4153,P0AC47,DB07918,Fumarate reductase iron-sulfur subunit
map01120,K00246,eco:b4152,P0A8Q0,DB07490,Fumarate reductase subunit C
map01120,K00246,eco:b4152,P0A8Q0,DB07918,Fumarate reductase subunit C
map01120,K00247,eco:b4151,P0A8Q3,DB07490,Fumarate reductase subunit D
map01120,K00247,eco:b4151,P0A8Q3,DB07918,Fumarate reductase subunit D
map01120,K00275,eco:b1638,P0AFI7,DB03247,Pyridoxine/pyridoxamine 5'-phosphate oxidase
map01120,K00275,eco:b1638,P0AFI7,DB03345,Pyridoxine/pyridoxamine 5'-phosphate oxidase
map01120,K00297,eco:b3941,P0AEZ1,DB03147,"5,10-methylenetetrahydrofolate reductase"
map01120,K00370,eco:b1224,P09152,DB04464,Respiratory nitrate reductase 1 alpha chain
map01120,K00370,eco:b1224,P09152,DB07349,Respiratory nitrate reductase 1 alpha chain
map01120,K00371,eco:b1225,P11349,DB04464,Respiratory nitrate reductase 1 beta chain
map01120,K00371,eco:b1225,P11349,DB07349,Respiratory nitrate reductase 1 beta chain
map01120,K00374,eco:b1227,P11350,DB04464,Respiratory nitrate reductase 1 gamma chain
map01120,K00374,eco:b1227,P11350,DB07349,Respiratory nitrate reductase 1 gamma chain
map01120,K00380,eco:b2764,P38038,DB03147,Sulfite reductase [NADPH] flavoprotein alpha-component
map01120,K00380,eco:b2764,P38038,DB03461,Sulfite reductase [NADPH] flavoprotein alpha-component
map01120,K00381,eco:b2763,P17846,DB02832,Sulfite reductase [NADPH] hemoprotein beta-component
map01120,K00615,eco:b2935,P27302,DB01987,Transketolase 1
map01120,K00656,eco:b0903,P09373,DB01992,Formate acetyltransferase 1
map01120,K00656,eco:b0903,P09373,DB03278,Formate acetyltransferase 1
map01120,K00656,eco:b0903,P09373,DB03940,Formate acetyltransferase 1
map01120,K00845,eco:b2388,P0A6V8,DB02379,Glucokinase
map01120,K00851,eco:b3437,P46859,DB02076,Thermoresistant gluconokinase
map01120,K00851,eco:b3437,P46859,DB03909,Thermoresistant gluconokinase
map01120,K01011,eco:b2521,P31142,DB02761,3-mercaptopyruvate sulfurtransferase
map01120,K01085,eco:b1002,P19926,DB02843,Glucose-1-phosphatase
map01120,K01580,eco:b3517,P69908,DB03553,Glutamate decarboxylase alpha
map01120,K01586,eco:b2838,P00861,DB03252,Diaminopimelate decarboxylase
map01120,K01586,eco:b2838,P00861,DB03814,Diaminopimelate decarboxylase
map01120,K01595,eco:b3956,P00864,DB04317,Phosphoenolpyruvate carboxylase
map01120,K01624,eco:b2925,P0AB71,DB03026,Fructose-bisphosphate aldolase class 2
map01120,K01628,eco:b2800,P0AB87,DB03026,L-fuculose phosphate aldolase
map01120,K01628,eco:b2800,P0AB87,DB04326,L-fuculose phosphate aldolase
map01120,K01629,eco:b3902,P32169,DB03026,Rhamnulose-1-phosphate aldolase
map01120,K01638,eco:b2976,P37330,DB04343,Malate synthase G
map01120,K01679,eco:b1611,P05042,DB02749,Fumarate hydratase class II
map01120,K01679,eco:b1611,P05042,DB03452,Fumarate hydratase class II
map01120,K01679,eco:b1611,P05042,DB03499,Fumarate hydratase class II
map01120,K01679,eco:b1611,P05042,DB04272,Fumarate hydratase class II
map01120,K01682,eco:b0118,P36683,DB04351,Aconitate hydratase B
map01120,K01698,eco:b0369,P0ACB2,DB02260,Delta-aminolevulinic acid dehydratase
map01120,K01698,eco:b0369,P0ACB2,DB04530,Delta-aminolevulinic acid dehydratase
map01120,K01698,eco:b0369,P0ACB2,DB04560,Delta-aminolevulinic acid dehydratase
map01120,K01739,eco:b3939,P00935,DB04083,Cystathionine gamma-synthase
map01120,K01749,eco:b3805,P06983,DB04517,Porphobilinogen deaminase
map01120,K01813,eco:b3903,P32170,DB02399,L-rhamnose isomerase
map01120,K01813,eco:b3903,P32170,DB02961,L-rhamnose isomerase
map01120,K01821,eco:b1461,P31992,DB02384,Tautomerase PptA
map01120,K01961,eco:b3256,P24182,DB08074,Biotin carboxylase
map01120,K01961,eco:b3256,P24182,DB08075,Biotin carboxylase
map01120,K01961,eco:b3256,P24182,DB08076,Biotin carboxylase
map01120,K01961,eco:b3256,P24182,DB08144,Biotin carboxylase
map01120,K01961,eco:b3256,P24182,DB08145,Biotin carboxylase
map01120,K01961,eco:b3256,P24182,DB08146,Biotin carboxylase
map01120,K01961,eco:b3256,P24182,DB08314,Biotin carboxylase
map01120,K01961,eco:b3256,P24182,DB08315,Biotin carboxylase
map01120,K01961,eco:b3256,P24182,DB08316,Biotin carboxylase
map01120,K01961,eco:b3256,P24182,DB08317,Biotin carboxylase
map01120,K01961,eco:b3256,P24182,DB08318,Biotin carboxylase
map01120,K02083,eco:b0516,P77425,DB04380,Allantoate amidohydrolase
map01120,K03078,eco:b4196,P39304,DB01655,3-keto-L-gulonate-6-phosphate decarboxylase UlaD
map01120,K03078,eco:b4196,P39304,DB01923,3-keto-L-gulonate-6-phosphate decarboxylase UlaD
map01120,K03078,eco:b4196,P39304,DB02630,3-keto-L-gulonate-6-phosphate decarboxylase UlaD
map01120,K03078,eco:b4196,P39304,DB03855,3-keto-L-gulonate-6-phosphate decarboxylase UlaD
map01120,K03078,eco:b4196,P39304,DB04034,3-keto-L-gulonate-6-phosphate decarboxylase UlaD
map01120,K03385,eco:b4070,P0ABK9,DB03317,Cytochrome c-552
map01120,K03417,eco:b0331,P77541,DB01727,2-methylisocitrate lyase
map01120,K03476,eco:b4192,P39300,DB04464,Probable L-ascorbate-6-phosphate lactonase UlaG
map01120,K03737,eco:b1378,P52647,DB00698,Probable pyruvate-flavodoxin oxidoreductase
map01120,K03777,eco:b2133,P06149,DB00756,Quinone-dependent D-lactate dehydrogenase
map01120,K03777,eco:b2133,P06149,DB03147,Quinone-dependent D-lactate dehydrogenase
map01120,K07248,eco:b1415,P25553,DB03619,Lactaldehyde dehydrogenase
map01120,K07250,eco:b2662,P22256,DB02142,4-aminobutyrate aminotransferase GabT
map01120,K07250,eco:b2662,P22256,DB02783,4-aminobutyrate aminotransferase GabT
map01120,K10678,eco:b0851,P17117,DB00698,Oxygen-insensitive NADPH nitroreductase
map01120,K10678,eco:b0851,P17117,DB03247,Oxygen-insensitive NADPH nitroreductase
map01120,K10679,eco:b0578,P38489,DB03228,Oxygen-insensitive NAD(P)H nitroreductase
map01120,K10679,eco:b0578,P38489,DB03247,Oxygen-insensitive NAD(P)H nitroreductase
map01120,K10679,eco:b0578,P38489,DB04138,Oxygen-insensitive NAD(P)H nitroreductase
map01120,K10679,eco:b0578,P38489,DB04253,Oxygen-insensitive NAD(P)H nitroreductase
map01120,K10679,eco:b0578,P38489,DB04392,Oxygen-insensitive NAD(P)H nitroreductase
map01120,K22015,eco:b4079,P07658,DB02345,Formate dehydrogenase H
map01200,K00031,eco:b1136,P08200,DB01727,Isocitrate dehydrogenase [NADP]
map01200,K00031,eco:b1136,P08200,DB02190,Isocitrate dehydrogenase [NADP]
map01200,K00031,eco:b1136,P08200,DB03461,Isocitrate dehydrogenase [NADP]
map01200,K00031,eco:b1136,P08200,DB04279,Isocitrate dehydrogenase [NADP]
map01200,K00134,eco:b1779,P0A9B2,DB02263,Glyceraldehyde-3-phosphate dehydrogenase A
map01200,K00134,eco:b1779,P0A9B2,DB03814,Glyceraldehyde-3-phosphate dehydrogenase A
map01200,K00163,eco:b0114,P0AFG8,DB00152,Pyruvate dehydrogenase E1 component
map01200,K00163,eco:b0114,P0AFG8,DB01987,Pyruvate dehydrogenase E1 component
map01200,K00239,eco:b0723,P0AC41,DB04631,Succinate dehydrogenase flavoprotein subunit
map01200,K00239,eco:b0723,P0AC41,DB07671,Succinate dehydrogenase flavoprotein subunit
map01200,K00239,eco:b0723,P0AC41,DB08690,Succinate dehydrogenase flavoprotein subunit
map01200,K00240,eco:b0724,P07014,DB04631,Succinate dehydrogenase iron-sulfur subunit
map01200,K00240,eco:b0724,P07014,DB07671,Succinate dehydrogenase iron-sulfur subunit
map01200,K00240,eco:b0724,P07014,DB08690,Succinate dehydrogenase iron-sulfur subunit
map01200,K00241,eco:b0721,P69054,DB04631,Succinate dehydrogenase cytochrome b556 subunit
map01200,K00241,eco:b0721,P69054,DB07671,Succinate dehydrogenase cytochrome b556 subunit
map01200,K00241,eco:b0721,P69054,DB08690,Succinate dehydrogenase cytochrome b556 subunit
map01200,K00242,eco:b0722,P0AC44,DB04631,Succinate dehydrogenase hydrophobic membrane anchor subunit
map01200,K00242,eco:b0722,P0AC44,DB07671,Succinate dehydrogenase hydrophobic membrane anchor subunit
map01200,K00242,eco:b0722,P0AC44,DB08690,Succinate dehydrogenase hydrophobic membrane anchor subunit
map01200,K00244,eco:b4154,P00363,DB00730,Fumarate reductase flavoprotein subunit
map01200,K00244,eco:b4154,P00363,DB07490,Fumarate reductase flavoprotein subunit
map01200,K00244,eco:b4154,P00363,DB07918,Fumarate reductase flavoprotein subunit
map01200,K00245,eco:b4153,P0AC47,DB07490,Fumarate reductase iron-sulfur subunit
map01200,K00245,eco:b4153,P0AC47,DB07918,Fumarate reductase iron-sulfur subunit
map01200,K00246,eco:b4152,P0A8Q0,DB07490,Fumarate reductase subunit C
map01200,K00246,eco:b4152,P0A8Q0,DB07918,Fumarate reductase subunit C
map01200,K00247,eco:b4151,P0A8Q3,DB07490,Fumarate reductase subunit D
map01200,K00247,eco:b4151,P0A8Q3,DB07918,Fumarate reductase subunit D
map01200,K00297,eco:b3941,P0AEZ1,DB03147,"5,10-methylenetetrahydrofolate reductase"
map01200,K00615,eco:b2935,P27302,DB01987,Transketolase 1
map01200,K00845,eco:b2388,P0A6V8,DB02379,Glucokinase
map01200,K00851,eco:b3437,P46859,DB02076,Thermoresistant gluconokinase
map01200,K00851,eco:b3437,P46859,DB03909,Thermoresistant gluconokinase
map01200,K01595,eco:b3956,P00864,DB04317,Phosphoenolpyruvate carboxylase
map01200,K01624,eco:b2925,P0AB71,DB03026,Fructose-bisphosphate aldolase class 2
map01200,K01638,eco:b2976,P37330,DB04343,Malate synthase G
map01200,K01679,eco:b1611,P05042,DB02749,Fumarate hydratase class II
map01200,K01679,eco:b1611,P05042,DB03452,Fumarate hydratase class II
map01200,K01679,eco:b1611,P05042,DB03499,Fumarate hydratase class II
map01200,K01679,eco:b1611,P05042,DB04272,Fumarate hydratase class II
map01200,K01682,eco:b0118,P36683,DB04351,Aconitate hydratase B
map01200,K01961,eco:b3256,P24182,DB08074,Biotin carboxylase
map01200,K01961,eco:b3256,P24182,DB08075,Biotin carboxylase
map01200,K01961,eco:b3256,P24182,DB08076,Biotin carboxylase
map01200,K01961,eco:b3256,P24182,DB08144,Biotin carboxylase
map01200,K01961,eco:b3256,P24182,DB08145,Biotin carboxylase
map01200,K01961,eco:b3256,P24182,DB08146,Biotin carboxylase
map01200,K01961,eco:b3256,P24182,DB08314,Biotin carboxylase
map01200,K01961,eco:b3256,P24182,DB08315,Biotin carboxylase
map01200,K01961,eco:b3256,P24182,DB08316,Biotin carboxylase
map01200,K01961,eco:b3256,P24182,DB08317,Biotin carboxylase
map01200,K01961,eco:b3256,P24182,DB08318,Biotin carboxylase
map01200,K03417,eco:b0331,P77541,DB01727,2-methylisocitrate lyase
map01200,K03737,eco:b1378,P52647,DB00698,Probable pyruvate-flavodoxin oxidoreductase
map01200,K22015,eco:b4079,P07658,DB02345,Formate dehydrogenase H
map00020,K00031,eco:b1136,P08200,DB01727,Isocitrate dehydrogenase [NADP]
map00020,K00031,eco:b1136,P08200,DB02190,Isocitrate dehydrogenase [NADP]
map00020,K00031,eco:b1136,P08200,DB03461,Isocitrate dehydrogenase [NADP]
map00020,K00031,eco:b1136,P08200,DB04279,Isocitrate dehydrogenase [NADP]
map00020,K00163,eco:b0114,P0AFG8,DB00152,Pyruvate dehydrogenase E1 component
map00020,K00163,eco:b0114,P0AFG8,DB01987,Pyruvate dehydrogenase E1 component
map00020,K00239,eco:b0723,P0AC41,DB04631,Succinate dehydrogenase flavoprotein subunit
map00020,K00239,eco:b0723,P0AC41,DB07671,Succinate dehydrogenase flavoprotein subunit
map00020,K00239,eco:b0723,P0AC41,DB08690,Succinate dehydrogenase flavoprotein subunit
map00020,K00240,eco:b0724,P07014,DB04631,Succinate dehydrogenase iron-sulfur subunit
map00020,K00240,eco:b0724,P07014,DB07671,Succinate dehydrogenase iron-sulfur subunit
map00020,K00240,eco:b0724,P07014,DB08690,Succinate dehydrogenase iron-sulfur subunit
map00020,K00241,eco:b0721,P69054,DB04631,Succinate dehydrogenase cytochrome b556 subunit
map00020,K00241,eco:b0721,P69054,DB07671,Succinate dehydrogenase cytochrome b556 subunit
map00020,K00241,eco:b0721,P69054,DB08690,Succinate dehydrogenase cytochrome b556 subunit
map00020,K00242,eco:b0722,P0AC44,DB04631,Succinate dehydrogenase hydrophobic membrane anchor subunit
map00020,K00242,eco:b0722,P0AC44,DB07671,Succinate dehydrogenase hydrophobic membrane anchor subunit
map00020,K00242,eco:b0722,P0AC44,DB08690,Succinate dehydrogenase hydrophobic membrane anchor subunit
map00020,K00244,eco:b4154,P00363,DB00730,Fumarate reductase flavoprotein subunit
map00020,K00244,eco:b4154,P00363,DB07490,Fumarate reductase flavoprotein subunit
map00020,K00244,eco:b4154,P00363,DB07918,Fumarate reductase flavoprotein subunit
map00020,K00245,eco:b4153,P0AC47,DB07490,Fumarate reductase iron-sulfur subunit
map00020,K00245,eco:b4153,P0AC47,DB07918,Fumarate reductase iron-sulfur subunit
map00020,K00246,eco:b4152,P0A8Q0,DB07490,Fumarate reductase subunit C
map00020,K00246,eco:b4152,P0A8Q0,DB07918,Fumarate reductase subunit C
map00020,K00247,eco:b4151,P0A8Q3,DB07490,Fumarate reductase subunit D
map00020,K00247,eco:b4151,P0A8Q3,DB07918,Fumarate reductase subunit D
map00020,K01679,eco:b1611,P05042,DB02749,Fumarate hydratase class II
map00020,K01679,eco:b1611,P05042,DB03452,Fumarate hydratase class II
map00020,K01679,eco:b1611,P05042,DB03499,Fumarate hydratase class II
map00020,K01679,eco:b1611,P05042,DB04272,Fumarate hydratase class II
map00020,K01682,eco:b0118,P36683,DB04351,Aconitate hydratase B
map00020,K03737,eco:b1378,P52647,DB00698,Probable pyruvate-flavodoxin oxidoreductase
map00190,K00239,eco:b0723,P0AC41,DB04631,Succinate dehydrogenase flavoprotein subunit
map00190,K00239,eco:b0723,P0AC41,DB07671,Succinate dehydrogenase flavoprotein subunit
map00190,K00239,eco:b0723,P0AC41,DB08690,Succinate dehydrogenase flavoprotein subunit
map00190,K00240,eco:b0724,P07014,DB04631,Succinate dehydrogenase iron-sulfur subunit
map00190,K00240,eco:b0724,P07014,DB07671,Succinate dehydrogenase iron-sulfur subunit
map00190,K00240,eco:b0724,P07014,DB08690,Succinate dehydrogenase iron-sulfur subunit
map00190,K00241,eco:b0721,P69054,DB04631,Succinate dehydrogenase cytochrome b556 subunit
map00190,K00241,eco:b0721,P69054,DB07671,Succinate dehydrogenase cytochrome b556 subunit
map00190,K00241,eco:b0721,P69054,DB08690,Succinate dehydrogenase cytochrome b556 subunit
map00190,K00242,eco:b0722,P0AC44,DB04631,Succinate dehydrogenase hydrophobic membrane anchor subunit
map00190,K00242,eco:b0722,P0AC44,DB07671,Succinate dehydrogenase hydrophobic membrane anchor subunit
map00190,K00242,eco:b0722,P0AC44,DB08690,Succinate dehydrogenase hydrophobic membrane anchor subunit
map00190,K00244,eco:b4154,P00363,DB00730,Fumarate reductase flavoprotein subunit
map00190,K00244,eco:b4154,P00363,DB07490,Fumarate reductase flavoprotein subunit
map00190,K00244,eco:b4154,P00363,DB07918,Fumarate reductase flavoprotein subunit
map00190,K00245,eco:b4153,P0AC47,DB07490,Fumarate reductase iron-sulfur subunit
map00190,K00245,eco:b4153,P0AC47,DB07918,Fumarate reductase iron-sulfur subunit
map00190,K00246,eco:b4152,P0A8Q0,DB07490,Fumarate reductase subunit C
map00190,K00246,eco:b4152,P0A8Q0,DB07918,Fumarate reductase subunit C
map00190,K00247,eco:b4151,P0A8Q3,DB07490,Fumarate reductase subunit D
map00190,K00247,eco:b4151,P0A8Q3,DB07918,Fumarate reductase subunit D
map00190,K02109,eco:b3736,P0ABA0,DB03091,ATP synthase subunit b
map00620,K00163,eco:b0114,P0AFG8,DB00152,Pyruvate dehydrogenase E1 component
map00620,K00163,eco:b0114,P0AFG8,DB01987,Pyruvate dehydrogenase E1 component
map00620,K00244,eco:b4154,P00363,DB00730,Fumarate reductase flavoprotein subunit
map00620,K00244,eco:b4154,P00363,DB07490,Fumarate reductase flavoprotein subunit
map00620,K00244,eco:b4154,P00363,DB07918,Fumarate reductase flavoprotein subunit
map00620,K00245,eco:b4153,P0AC47,DB07490,Fumarate reductase iron-sulfur subunit
map00620,K00245,eco:b4153,P0AC47,DB07918,Fumarate reductase iron-sulfur subunit
map00620,K00246,eco:b4152,P0A8Q0,DB07490,Fumarate reductase subunit C
map00620,K00246,eco:b4152,P0A8Q0,DB07918,Fumarate reductase subunit C
map00620,K00247,eco:b4151,P0A8Q3,DB07490,Fumarate reductase subunit D
map00620,K00247,eco:b4151,P0A8Q3,DB07918,Fumarate reductase subunit D
map00620,K00656,eco:b0903,P09373,DB01992,Formate acetyltransferase 1
map00620,K00656,eco:b0903,P09373,DB03278,Formate acetyltransferase 1
map00620,K00656,eco:b0903,P09373,DB03940,Formate acetyltransferase 1
map00620,K01595,eco:b3956,P00864,DB04317,Phosphoenolpyruvate carboxylase
map00620,K01638,eco:b2976,P37330,DB04343,Malate synthase G
map00620,K01679,eco:b1611,P05042,DB02749,Fumarate hydratase class II
map00620,K01679,eco:b1611,P05042,DB03452,Fumarate hydratase class II
map00620,K01679,eco:b1611,P05042,DB03499,Fumarate hydratase class II
map00620,K01679,eco:b1611,P05042,DB04272,Fumarate hydratase class II
map00620,K01961,eco:b3256,P24182,DB08074,Biotin carboxylase
map00620,K01961,eco:b3256,P24182,DB08075,Biotin carboxylase
map00620,K01961,eco:b3256,P24182,DB08076,Biotin carboxylase
map00620,K01961,eco:b3256,P24182,DB08144,Biotin carboxylase
map00620,K01961,eco:b3256,P24182,DB08145,Biotin carboxylase
map00620,K01961,eco:b3256,P24182,DB08146,Biotin carboxylase
map00620,K01961,eco:b3256,P24182,DB08314,Biotin carboxylase
map00620,K01961,eco:b3256,P24182,DB08315,Biotin carboxylase
map00620,K01961,eco:b3256,P24182,DB08316,Biotin carboxylase
map00620,K01961,eco:b3256,P24182,DB08317,Biotin carboxylase
map00620,K01961,eco:b3256,P24182,DB08318,Biotin carboxylase
map00620,K03737,eco:b1378,P52647,DB00698,Probable pyruvate-flavodoxin oxidoreductase
map00620,K03777,eco:b2133,P06149,DB00756,Quinone-dependent D-lactate dehydrogenase
map00620,K03777,eco:b2133,P06149,DB03147,Quinone-dependent D-lactate dehydrogenase
map00620,K07248,eco:b1415,P25553,DB03619,Lactaldehyde dehydrogenase
map00650,K00239,eco:b0723,P0AC41,DB04631,Succinate dehydrogenase flavoprotein subunit
map00650,K00239,eco:b0723,P0AC41,DB07671,Succinate dehydrogenase flavoprotein subunit
map00650,K00239,eco:b0723,P0AC41,DB08690,Succinate dehydrogenase flavoprotein subunit
map00650,K00240,eco:b0724,P07014,DB04631,Succinate dehydrogenase iron-sulfur subunit
map00650,K00240,eco:b0724,P07014,DB07671,Succinate dehydrogenase iron-sulfur subunit
map00650,K00240,eco:b0724,P07014,DB08690,Succinate dehydrogenase iron-sulfur subunit
map00650,K00241,eco:b0721,P69054,DB04631,Succinate dehydrogenase cytochrome b556 subunit
map00650,K00241,eco:b0721,P69054,DB07671,Succinate dehydrogenase cytochrome b556 subunit
map00650,K00241,eco:b0721,P69054,DB08690,Succinate dehydrogenase cytochrome b556 subunit
map00650,K00242,eco:b0722,P0AC44,DB04631,Succinate dehydrogenase hydrophobic membrane anchor subunit
map00650,K00242,eco:b0722,P0AC44,DB07671,Succinate dehydrogenase hydrophobic membrane anchor subunit
map00650,K00242,eco:b0722,P0AC44,DB08690,Succinate dehydrogenase hydrophobic membrane anchor subunit
map00650,K00244,eco:b4154,P00363,DB00730,Fumarate reductase flavoprotein subunit
map00650,K00244,eco:b4154,P00363,DB07490,Fumarate reductase flavoprotein subunit
map00650,K00244,eco:b4154,P00363,DB07918,Fumarate reductase flavoprotein subunit
map00650,K00245,eco:b4153,P0AC47,DB07490,Fumarate reductase iron-sulfur subunit
map00650,K00245,eco:b4153,P0AC47,DB07918,Fumarate reductase iron-sulfur subunit
map00650,K00246,eco:b4152,P0A8Q0,DB07490,Fumarate reductase subunit C
map00650,K00246,eco:b4152,P0A8Q0,DB07918,Fumarate reductase subunit C
map00650,K00247,eco:b4151,P0A8Q3,DB07490,Fumarate reductase subunit D
map00650,K00247,eco:b4151,P0A8Q3,DB07918,Fumarate reductase subunit D
map00650,K00656,eco:b0903,P09373,DB01992,Formate acetyltransferase 1
map00650,K00656,eco:b0903,P09373,DB03278,Formate acetyltransferase 1
map00650,K00656,eco:b0903,P09373,DB03940,Formate acetyltransferase 1
map00650,K01580,eco:b3517,P69908,DB03553,Glutamate decarboxylase alpha
map00650,K03737,eco:b1378,P52647,DB00698,Probable pyruvate-flavodoxin oxidoreductase
map00650,K07250,eco:b2662,P22256,DB02142,4-aminobutyrate aminotransferase GabT
map00650,K07250,eco:b2662,P22256,DB02783,4-aminobutyrate aminotransferase GabT
map00720,K00031,eco:b1136,P08200,DB01727,Isocitrate dehydrogenase [NADP]
map00720,K00031,eco:b1136,P08200,DB02190,Isocitrate dehydrogenase [NADP]
map00720,K00031,eco:b1136,P08200,DB03461,Isocitrate dehydrogenase [NADP]
map00720,K00031,eco:b1136,P08200,DB04279,Isocitrate dehydrogenase [NADP]
map00720,K00239,eco:b0723,P0AC41,DB04631,Succinate dehydrogenase flavoprotein subunit
map00720,K00239,eco:b0723,P0AC41,DB07671,Succinate dehydrogenase flavoprotein subunit
map00720,K00239,eco:b0723,P0AC41,DB08690,Succinate dehydrogenase flavoprotein subunit
map00720,K00240,eco:b0724,P07014,DB04631,Succinate dehydrogenase iron-sulfur subunit
map00720,K00240,eco:b0724,P07014,DB07671,Succinate dehydrogenase iron-sulfur subunit
map00720,K00240,eco:b0724,P07014,DB08690,Succinate dehydrogenase iron-sulfur subunit
map00720,K00241,eco:b0721,P69054,DB04631,Succinate dehydrogenase cytochrome b556 subunit
map00720,K00241,eco:b0721,P69054,DB07671,Succinate dehydrogenase cytochrome b556 subunit
map00720,K00241,eco:b0721,P69054,DB08690,Succinate dehydrogenase cytochrome b556 subunit
map00720,K00242,eco:b0722,P0AC44,DB04631,Succinate dehydrogenase hydrophobic membrane anchor subunit
map00720,K00242,eco:b0722,P0AC44,DB07671,Succinate dehydrogenase hydrophobic membrane anchor subunit
map00720,K00242,eco:b0722,P0AC44,DB08690,Succinate dehydrogenase hydrophobic membrane anchor subunit
map00720,K00244,eco:b4154,P00363,DB00730,Fumarate reductase flavoprotein subunit
map00720,K00244,eco:b4154,P00363,DB07490,Fumarate reductase flavoprotein subunit
map00720,K00244,eco:b4154,P00363,DB07918,Fumarate reductase flavoprotein subunit
map00720,K00245,eco:b4153,P0AC47,DB07490,Fumarate reductase iron-sulfur subunit
map00720,K00245,eco:b4153,P0AC47,DB07918,Fumarate reductase iron-sulfur subunit
map00720,K00246,eco:b4152,P0A8Q0,DB07490,Fumarate reductase subunit C
map00720,K00246,eco:b4152,P0A8Q0,DB07918,Fumarate reductase subunit C
map00720,K00247,eco:b4151,P0A8Q3,DB07490,Fumarate reductase subunit D
map00720,K00247,eco:b4151,P0A8Q3,DB07918,Fumarate reductase subunit D
map00720,K00297,eco:b3941,P0AEZ1,DB03147,"5,10-methylenetetrahydrofolate reductase"
map00720,K01595,eco:b3956,P00864,DB04317,Phosphoenolpyruvate carboxylase
map00720,K01679,eco:b1611,P05042,DB02749,Fumarate hydratase class II
map00720,K01679,eco:b1611,P05042,DB03452,Fumarate hydratase class II
map00720,K01679,eco:b1611,P05042,DB03499,Fumarate hydratase class II
map00720,K01679,eco:b1611,P05042,DB04272,Fumarate hydratase class II
map00720,K01682,eco:b0118,P36683,DB04351,Aconitate hydratase B
map00720,K01961,eco:b3256,P24182,DB08074,Biotin carboxylase
map00720,K01961,eco:b3256,P24182,DB08075,Biotin carboxylase
map00720,K01961,eco:b3256,P24182,DB08076,Biotin carboxylase
map00720,K01961,eco:b3256,P24182,DB08144,Biotin carboxylase
map00720,K01961,eco:b3256,P24182,DB08145,Biotin carboxylase
map00720,K01961,eco:b3256,P24182,DB08146,Biotin carboxylase
map00720,K01961,eco:b3256,P24182,DB08314,Biotin carboxylase
map00720,K01961,eco:b3256,P24182,DB08315,Biotin carboxylase
map00720,K01961,eco:b3256,P24182,DB08316,Biotin carboxylase
map00720,K01961,eco:b3256,P24182,DB08317,Biotin carboxylase
map00720,K01961,eco:b3256,P24182,DB08318,Biotin carboxylase
map00720,K03737,eco:b1378,P52647,DB00698,Probable pyruvate-flavodoxin oxidoreductase
map00720,K22015,eco:b4079,P07658,DB02345,Formate dehydrogenase H
map02020,K00244,eco:b4154,P00363,DB00730,Fumarate reductase flavoprotein subunit
map02020,K00244,eco:b4154,P00363,DB07490,Fumarate reductase flavoprotein subunit
map02020,K00244,eco:b4154,P00363,DB07918,Fumarate reductase flavoprotein subunit
map02020,K00245,eco:b4153,P0AC47,DB07490,Fumarate reductase iron-sulfur subunit
map02020,K00245,eco:b4153,P0AC47,DB07918,Fumarate reductase iron-sulfur subunit
map02020,K00246,eco:b4152,P0A8Q0,DB07490,Fumarate reductase subunit C
map02020,K00246,eco:b4152,P0A8Q0,DB07918,Fumarate reductase subunit C
map02020,K00247,eco:b4151,P0A8Q3,DB07490,Fumarate reductase subunit D
map02020,K00247,eco:b4151,P0A8Q3,DB07918,Fumarate reductase subunit D
map02020,K00370,eco:b1224,P09152,DB04464,Respiratory nitrate reductase 1 alpha chain
map02020,K00370,eco:b1224,P09152,DB07349,Respiratory nitrate reductase 1 alpha chain
map02020,K00371,eco:b1225,P11349,DB04464,Respiratory nitrate reductase 1 beta chain
map02020,K00371,eco:b1225,P11349,DB07349,Respiratory nitrate reductase 1 beta chain
map02020,K00374,eco:b1227,P11350,DB04464,Respiratory nitrate reductase 1 gamma chain
map02020,K00374,eco:b1227,P11350,DB07349,Respiratory nitrate reductase 1 gamma chain
map02020,K01077,eco:b0383,P00634,DB02823,Alkaline phosphatase
map02020,K01077,eco:b0383,P00634,DB03498,Alkaline phosphatase
map02020,K01077,eco:b0383,P00634,DB04031,Alkaline phosphatase
map02020,K01077,eco:b0383,P00634,DB04522,Alkaline phosphatase
map02020,K01425,eco:b0485,P77454,DB01942,Glutaminase 1
map02020,K01467,eco:b4150,P00811,DB00456,Beta-lactamase
map02020,K01467,eco:b4150,P00811,DB01896,Beta-lactamase
map02020,K01467,eco:b4150,P00811,DB02094,Beta-lactamase
map02020,K01467,eco:b4150,P00811,DB02247,Beta-lactamase
map02020,K01467,eco:b4150,P00811,DB02503,Beta-lactamase
map02020,K01467,eco:b4150,P00811,DB02588,Beta-lactamase
map02020,K01467,eco:b4150,P00811,DB02627,Beta-lactamase
map02020,K01467,eco:b4150,P00811,DB02772,Beta-lactamase
map02020,K01467,eco:b4150,P00811,DB02797,Beta-lactamase
map02020,K01467,eco:b4150,P00811,DB02858,Beta-lactamase
map02020,K01467,eco:b4150,P00811,DB03140,Beta-lactamase
map02020,K01467,eco:b4150,P00811,DB03437,Beta-lactamase
map02020,K01467,eco:b4150,P00811,DB03530,Beta-lactamase
map02020,K01467,eco:b4150,P00811,DB03658,Beta-lactamase
map02020,K01467,eco:b4150,P00811,DB04035,Beta-lactamase
map02020,K01467,eco:b4150,P00811,DB04293,Beta-lactamase
map02020,K01467,eco:b4150,P00811,DB04360,Beta-lactamase
map02020,K01467,eco:b4150,P00811,DB06922,Beta-lactamase
map02020,K01467,eco:b4150,P00811,DB07057,Beta-lactamase
map02020,K01467,eco:b4150,P00811,DB07114,Beta-lactamase
map02020,K01467,eco:b4150,P00811,DB07541,Beta-lactamase
map02020,K01467,eco:b4150,P00811,DB07663,Beta-lactamase
map02020,K01467,eco:b4150,P00811,DB07803,Beta-lactamase
map02020,K01467,eco:b4150,P00811,DB07823,Beta-lactamase
map02020,K01467,eco:b4150,P00811,DB07824,Beta-lactamase
map02020,K01467,eco:b4150,P00811,DB07825,Beta-lactamase
map02020,K01467,eco:b4150,P00811,DB07850,Beta-lactamase
map02020,K01467,eco:b4150,P00811,DB07927,Beta-lactamase
map02020,K01467,eco:b4150,P00811,DB08306,Beta-lactamase
map02020,K01467,eco:b4150,P00811,DB08336,Beta-lactamase
map02020,K01467,eco:b4150,P00811,DB08337,Beta-lactamase
map02020,K01467,eco:b4150,P00811,DB08375,Beta-lactamase
map02020,K01467,eco:b4150,P00811,DB08551,Beta-lactamase
map02020,K01467,eco:b4150,P00811,DB08552,Beta-lactamase
map02020,K01467,eco:b4150,P00811,DB08573,Beta-lactamase
map02020,K01467,eco:b4150,P00811,DB08623,Beta-lactamase
map02020,K01467,eco:b4150,P00811,DB08731,Beta-lactamase
map02020,K01547,eco:b0697,P03960,DB04395,Potassium-transporting ATPase ATP-binding subunit
map02020,K01791,eco:b3786,P27828,DB02196,UDP-N-acetylglucosamine 2-epimerase
map02020,K01791,eco:b3786,P27828,DB03435,UDP-N-acetylglucosamine 2-epimerase
map02020,K02040,eco:b3728,P0AG82,DB02799,Phosphate-binding protein PstS
map02020,K02040,eco:b3728,P0AG82,DB02831,Phosphate-binding protein PstS
map02020,K03413,eco:b1882,P0AE67,DB02461,Chemotaxis protein CheY
map02020,K03413,eco:b1882,P0AE67,DB03487,Chemotaxis protein CheY
map02020,K03413,eco:b1882,P0AE67,DB04156,Chemotaxis protein CheY
map02020,K07637,eco:b1129,P23837,DB04395,Sensor protein PhoQ
map02020,K07638,eco:b3404,P0AEJ4,DB04395,Sensor histidine kinase EnvZ
map02020,K07782,eco:b1916,P07026,DB07928,Regulatory protein SdiA
map02020,K08348,eco:b1474,P24183,DB07918,"Formate dehydrogenase, nitrate-inducible, major subunit"
map02020,K08349,eco:b1475,P0AAJ3,DB07918,"Formate dehydrogenase, nitrate-inducible, iron-sulfur subunit"
map02020,K08350,eco:b1476,P0AEK7,DB07918,"Formate dehydrogenase, nitrate-inducible, cytochrome b556(Fdn) subunit"
map02020,K09476,eco:b0929,P02931,DB04233,Outer membrane porin F
map02020,K09476,eco:b0929,P02931,DB07084,Outer membrane porin F
map02020,K10914,eco:b3357,P0ACJ8,DB02527,DNA-binding transcriptional dual regulator CRP
map02020,K12340,eco:b3035,P02930,DB03350,Outer membrane protein TolC
map00220,K00611,eco:b4254,P04391,DB02965,Ornithine carbamoyltransferase subunit I
map00220,K00813,eco:b0928,P00509,DB01639,Aspartate aminotransferase
map00220,K00813,eco:b0928,P00509,DB02024,Aspartate aminotransferase
map00220,K00813,eco:b0928,P00509,DB02758,Aspartate aminotransferase
map00220,K00813,eco:b0928,P00509,DB02981,Aspartate aminotransferase
map00220,K00813,eco:b0928,P00509,DB03553,Aspartate aminotransferase
map00220,K00813,eco:b0928,P00509,DB03629,Aspartate aminotransferase
map00220,K00813,eco:b0928,P00509,DB03662,Aspartate aminotransferase
map00220,K00813,eco:b0928,P00509,DB03750,Aspartate aminotransferase
map00220,K00813,eco:b0928,P00509,DB04083,Aspartate aminotransferase
map00220,K00813,eco:b0928,P00509,DB04299,Aspartate aminotransferase
map00220,K00813,eco:b0928,P00509,DB04467,Aspartate aminotransferase
map00220,K00813,eco:b0928,P00509,DB04762,Aspartate aminotransferase
map00220,K00813,eco:b0928,P00509,DB04765,Aspartate aminotransferase
map00220,K00813,eco:b0928,P00509,DB08845,Aspartate aminotransferase
map00220,K00930,eco:b3959,P0A6C8,DB04075,Acetylglutamate kinase
map00220,K00930,eco:b3959,P0A6C8,DB04395,Acetylglutamate kinase
map00220,K00930,eco:b3959,P0A6C8,DB04444,Acetylglutamate kinase
map00220,K01425,eco:b0485,P77454,DB01942,Glutaminase 1
map00250,K00278,eco:b2574,P10902,DB03147,L-aspartate oxidase
map00250,K00609,eco:b4245,P0A786,DB05540,Aspartate carbamoyltransferase catalytic subunit
map00250,K00764,eco:b2312,P0AG16,DB01972,Amidophosphoribosyltransferase
map00250,K00764,eco:b2312,P0AG16,DB03942,Amidophosphoribosyltransferase
map00250,K00764,eco:b2312,P0AG16,DB04296,Amidophosphoribosyltransferase
map00250,K00813,eco:b0928,P00509,DB01639,Aspartate aminotransferase
map00250,K00813,eco:b0928,P00509,DB02024,Aspartate aminotransferase
map00250,K00813,eco:b0928,P00509,DB02758,Aspartate aminotransferase
map00250,K00813,eco:b0928,P00509,DB02981,Aspartate aminotransferase
map00250,K00813,eco:b0928,P00509,DB03553,Aspartate aminotransferase
map00250,K00813,eco:b0928,P00509,DB03629,Aspartate aminotransferase
map00250,K00813,eco:b0928,P00509,DB03662,Aspartate aminotransferase
map00250,K00813,eco:b0928,P00509,DB03750,Aspartate aminotransferase
map00250,K00813,eco:b0928,P00509,DB04083,Aspartate aminotransferase
map00250,K00813,eco:b0928,P00509,DB04299,Aspartate aminotransferase
map00250,K00813,eco:b0928,P00509,DB04467,Aspartate aminotransferase
map00250,K00813,eco:b0928,P00509,DB04762,Aspartate aminotransferase
map00250,K00813,eco:b0928,P00509,DB04765,Aspartate aminotransferase
map00250,K00813,eco:b0928,P00509,DB08845,Aspartate aminotransferase
map00250,K00820,eco:b3729,P17169,DB02007,Glutamine--fructose-6-phosphate aminotransferase [isomerizing]
map00250,K00820,eco:b3729,P17169,DB02445,Glutamine--fructose-6-phosphate aminotransferase [isomerizing]
map00250,K00820,eco:b3729,P17169,DB02446,Glutamine--fructose-6-phosphate aminotransferase [isomerizing]
map00250,K00820,eco:b3729,P17169,DB02657,Glutamine--fructose-6-phosphate aminotransferase [isomerizing]
map00250,K00820,eco:b3729,P17169,DB03581,Glutamine--fructose-6-phosphate aminotransferase [isomerizing]
map00250,K00820,eco:b3729,P17169,DB03814,Glutamine--fructose-6-phosphate aminotransferase [isomerizing]
map00250,K00820,eco:b3729,P17169,DB14511,Glutamine--fructose-6-phosphate aminotransferase [isomerizing]
map00250,K01424,eco:b2957,P00805,DB01817,L-asparaginase 2
map00250,K01425,eco:b0485,P77454,DB01942,Glutaminase 1
map00250,K01580,eco:b3517,P69908,DB03553,Glutamate decarboxylase alpha
map00250,K01744,eco:b4139,P0AC38,DB02379,Aspartate ammonia-lyase
map00250,K01939,eco:b4177,P0A7D4,DB02109,Adenylosuccinate synthetase
map00250,K01939,eco:b4177,P0A7D4,DB02493,Adenylosuccinate synthetase
map00250,K01939,eco:b4177,P0A7D4,DB02666,Adenylosuccinate synthetase
map00250,K01939,eco:b4177,P0A7D4,DB02836,Adenylosuccinate synthetase
map00250,K01939,eco:b4177,P0A7D4,DB02954,Adenylosuccinate synthetase
map00250,K01939,eco:b4177,P0A7D4,DB03146,Adenylosuccinate synthetase
map00250,K01939,eco:b4177,P0A7D4,DB04315,Adenylosuccinate synthetase
map00250,K01939,eco:b4177,P0A7D4,DB04460,Adenylosuccinate synthetase
map00250,K01939,eco:b4177,P0A7D4,DB04566,Adenylosuccinate synthetase
map00250,K07250,eco:b2662,P22256,DB02142,4-aminobutyrate aminotransferase GabT
map00250,K07250,eco:b2662,P22256,DB02783,4-aminobutyrate aminotransferase GabT
map00250,K13821,eco:b1014,P09546,DB03051,Bifunctional protein PutA
map00250,K13821,eco:b1014,P09546,DB03147,Bifunctional protein PutA
map00250,K13821,eco:b1014,P09546,DB04398,Bifunctional protein PutA
map00910,K00370,eco:b1224,P09152,DB04464,Respiratory nitrate reductase 1 alpha chain
map00910,K00370,eco:b1224,P09152,DB07349,Respiratory nitrate reductase 1 alpha chain
map00910,K00371,eco:b1225,P11349,DB04464,Respiratory nitrate reductase 1 beta chain
map00910,K00371,eco:b1225,P11349,DB07349,Respiratory nitrate reductase 1 beta chain
map00910,K00374,eco:b1227,P11350,DB04464,Respiratory nitrate reductase 1 gamma chain
map00910,K00374,eco:b1227,P11350,DB07349,Respiratory nitrate reductase 1 gamma chain
map00910,K03385,eco:b4070,P0ABK9,DB03317,Cytochrome c-552
map04146,K00031,eco:b1136,P08200,DB01727,Isocitrate dehydrogenase [NADP]
map04146,K00031,eco:b1136,P08200,DB02190,Isocitrate dehydrogenase [NADP]
map04146,K00031,eco:b1136,P08200,DB03461,Isocitrate dehydrogenase [NADP]
map04146,K00031,eco:b1136,P08200,DB04279,Isocitrate dehydrogenase [NADP]
map00230,K00526,eco:b2235,P69924,DB09462,Ribonucleoside-diphosphate reductase 1 subunit beta
map00230,K00760,eco:b0125,P0A9M2,DB04566,Hypoxanthine phosphoribosyltransferase
map00230,K00764,eco:b2312,P0AG16,DB01972,Amidophosphoribosyltransferase
map00230,K00764,eco:b2312,P0AG16,DB03942,Amidophosphoribosyltransferase
map00230,K00764,eco:b2312,P0AG16,DB04296,Amidophosphoribosyltransferase
map00230,K00769,eco:b0238,P0A9M5,DB01972,Xanthine-guanine phosphoribosyltransferase
map00230,K00769,eco:b0238,P0A9M5,DB02134,Xanthine-guanine phosphoribosyltransferase
map00230,K00769,eco:b0238,P0A9M5,DB02377,Xanthine-guanine phosphoribosyltransferase
map00230,K00769,eco:b0238,P0A9M5,DB03942,Xanthine-guanine phosphoribosyltransferase
map00230,K00939,eco:b0474,P69441,DB01717,Adenylate kinase
map00230,K01241,eco:b1982,P0AE12,DB03464,AMP nucleosidase
map00230,K01939,eco:b4177,P0A7D4,DB02109,Adenylosuccinate synthetase
map00230,K01939,eco:b4177,P0A7D4,DB02493,Adenylosuccinate synthetase
map00230,K01939,eco:b4177,P0A7D4,DB02666,Adenylosuccinate synthetase
map00230,K01939,eco:b4177,P0A7D4,DB02836,Adenylosuccinate synthetase
map00230,K01939,eco:b4177,P0A7D4,DB02954,Adenylosuccinate synthetase
map00230,K01939,eco:b4177,P0A7D4,DB03146,Adenylosuccinate synthetase
map00230,K01939,eco:b4177,P0A7D4,DB04315,Adenylosuccinate synthetase
map00230,K01939,eco:b4177,P0A7D4,DB04460,Adenylosuccinate synthetase
map00230,K01939,eco:b4177,P0A7D4,DB04566,Adenylosuccinate synthetase
map00230,K01951,eco:b2507,P04079,DB04272,GMP synthase [glutamine-hydrolyzing]
map00230,K02083,eco:b0516,P77425,DB04380,Allantoate amidohydrolase
map00230,K03783,eco:b2407,P45563,DB02134,Purine nucleoside phosphorylase 2
map00230,K03783,eco:b2407,P45563,DB02377,Purine nucleoside phosphorylase 2
map00230,K03784,eco:b4384,P0ABP8,DB02066,Purine nucleoside phosphorylase DeoD-type
map00230,K03784,eco:b4384,P0ABP8,DB02113,Purine nucleoside phosphorylase DeoD-type
map00230,K03784,eco:b4384,P0ABP8,DB02896,Purine nucleoside phosphorylase DeoD-type
map00230,K03784,eco:b4384,P0ABP8,DB02934,Purine nucleoside phosphorylase DeoD-type
map00230,K03784,eco:b4384,P0ABP8,DB02947,Purine nucleoside phosphorylase DeoD-type
map00230,K03784,eco:b4384,P0ABP8,DB03172,Purine nucleoside phosphorylase DeoD-type
map00230,K03784,eco:b4384,P0ABP8,DB03528,Purine nucleoside phosphorylase DeoD-type
map00230,K03784,eco:b4384,P0ABP8,DB03735,Purine nucleoside phosphorylase DeoD-type
map00230,K03784,eco:b4384,P0ABP8,DB03952,Purine nucleoside phosphorylase DeoD-type
map00230,K03784,eco:b4384,P0ABP8,DB03986,Purine nucleoside phosphorylase DeoD-type
map00230,K03784,eco:b4384,P0ABP8,DB04198,Purine nucleoside phosphorylase DeoD-type
map00230,K03784,eco:b4384,P0ABP8,DB04335,Purine nucleoside phosphorylase DeoD-type
map00230,K03784,eco:b4384,P0ABP8,DB04441,Purine nucleoside phosphorylase DeoD-type
map00230,K05810,eco:b2593,P33644,DB04272,Purine nucleoside phosphorylase YfiH
map00230,K08289,eco:b1849,P33221,DB02236,Formate-dependent phosphoribosylglycinamide formyltransferase
map00230,K08289,eco:b1849,P33221,DB02930,Formate-dependent phosphoribosylglycinamide formyltransferase
map00230,K08289,eco:b1849,P33221,DB03434,Formate-dependent phosphoribosylglycinamide formyltransferase
map00230,K08289,eco:b1849,P33221,DB03909,Formate-dependent phosphoribosylglycinamide formyltransferase
map00230,K08289,eco:b1849,P33221,DB04395,Formate-dependent phosphoribosylglycinamide formyltransferase
map00230,K08312,eco:b3397,P45799,DB02059,ADP compounds hydrolase NudE
map00230,K11175,eco:b2500,P08179,DB02236,Phosphoribosylglycinamide formyltransferase
map00230,K11175,eco:b2500,P08179,DB02540,Phosphoribosylglycinamide formyltransferase
map00230,K11175,eco:b2500,P08179,DB02794,Phosphoribosylglycinamide formyltransferase
map00230,K11175,eco:b2500,P08179,DB04264,Phosphoribosylglycinamide formyltransferase
map00230,K11751,eco:b0480,P07024,DB03148,Protein UshA
map00240,K00254,eco:b0945,P0A7E1,DB01942,Dihydroorotate dehydrogenase (quinone)
map00240,K00254,eco:b0945,P0A7E1,DB02262,Dihydroorotate dehydrogenase (quinone)
map00240,K00254,eco:b0945,P0A7E1,DB03247,Dihydroorotate dehydrogenase (quinone)
map00240,K00526,eco:b2235,P69924,DB09462,Ribonucleoside-diphosphate reductase 1 subunit beta
map00240,K00560,eco:b2827,P0A884,DB02031,Thymidylate synthase
map00240,K00560,eco:b2827,P0A884,DB02223,Thymidylate synthase
map00240,K00560,eco:b2827,P0A884,DB02256,Thymidylate synthase
map00240,K00560,eco:b2827,P0A884,DB02301,Thymidylate synthase
map00240,K00560,eco:b2827,P0A884,DB02467,Thymidylate synthase
map00240,K00560,eco:b2827,P0A884,DB02752,Thymidylate synthase
map00240,K00560,eco:b2827,P0A884,DB02899,Thymidylate synthase
map00240,K00560,eco:b2827,P0A884,DB03038,Thymidylate synthase
map00240,K00560,eco:b2827,P0A884,DB03157,Thymidylate synthase
map00240,K00560,eco:b2827,P0A884,DB03274,Thymidylate synthase
map00240,K00560,eco:b2827,P0A884,DB03541,Thymidylate synthase
map00240,K00560,eco:b2827,P0A884,DB03558,Thymidylate synthase
map00240,K00560,eco:b2827,P0A884,DB03761,Thymidylate synthase
map00240,K00560,eco:b2827,P0A884,DB03800,Thymidylate synthase
map00240,K00560,eco:b2827,P0A884,DB03818,Thymidylate synthase
map00240,K00560,eco:b2827,P0A884,DB04447,Thymidylate synthase
map00240,K00560,eco:b2827,P0A884,DB04457,Thymidylate synthase
map00240,K00560,eco:b2827,P0A884,DB04503,Thymidylate synthase
map00240,K00560,eco:b2827,P0A884,DB04530,Thymidylate synthase
map00240,K00560,eco:b2827,P0A884,DB04586,Thymidylate synthase
map00240,K00560,eco:b2827,P0A884,DB04696,Thymidylate synthase
map00240,K00560,eco:b2827,P0A884,DB08131,Thymidylate synthase
map00240,K00609,eco:b4245,P0A786,DB05540,Aspartate carbamoyltransferase catalytic subunit
map00240,K00757,eco:b3831,P12758,DB01629,Uridine phosphorylase
map00240,K00757,eco:b3831,P12758,DB02256,Uridine phosphorylase
map00240,K00757,eco:b3831,P12758,DB02681,Uridine phosphorylase
map00240,K00757,eco:b3831,P12758,DB03101,Uridine phosphorylase
map00240,K00757,eco:b3831,P12758,DB06872,Uridine phosphorylase
map00240,K00757,eco:b3831,P12758,DB06873,Uridine phosphorylase
map00240,K00757,eco:b3831,P12758,DB07437,Uridine phosphorylase
map00240,K00757,eco:b3831,P12758,DB07439,Uridine phosphorylase
map00240,K00758,eco:b4382,P07650,DB03462,Thymidine phosphorylase
map00240,K00857,eco:b1238,P23331,DB03280,Thymidine kinase
map00240,K00945,eco:b0910,P0A6I0,DB02456,Cytidylate kinase
map00240,K00945,eco:b0910,P0A6I0,DB02883,Cytidylate kinase
map00240,K00945,eco:b0910,P0A6I0,DB03403,Cytidylate kinase
map00240,K00945,eco:b0910,P0A6I0,DB04555,Cytidylate kinase
map00240,K01465,eco:b1062,P05020,DB02129,Dihydroorotase
map00240,K01465,eco:b1062,P05020,DB02262,Dihydroorotase
map00240,K01465,eco:b1062,P05020,DB03801,Dihydroorotase
map00240,K01465,eco:b1062,P05020,DB04252,Dihydroorotase
map00240,K01485,eco:b0337,P25524,DB03939,Cytosine deaminase
map00240,K01485,eco:b0337,P25524,DB04135,Cytosine deaminase
map00240,K01489,eco:b2143,P0ABF6,DB03068,Cytidine deaminase
map00240,K01489,eco:b2143,P0ABF6,DB04385,Cytidine deaminase
map00240,K01494,eco:b2065,P28248,DB02333,dCTP deaminase
map00240,K01494,eco:b2065,P28248,DB03258,dCTP deaminase
map00240,K01520,eco:b3640,P06968,DB01965,Deoxyuridine 5'-triphosphate nucleotidohydrolase
map00240,K01520,eco:b3640,P06968,DB02333,Deoxyuridine 5'-triphosphate nucleotidohydrolase
map00240,K01520,eco:b3640,P06968,DB03413,Deoxyuridine 5'-triphosphate nucleotidohydrolase
map00240,K01520,eco:b3640,P06968,DB03800,Deoxyuridine 5'-triphosphate nucleotidohydrolase
map00240,K01591,eco:b1281,P08244,DB02890,Orotidine 5'-phosphate decarboxylase
map00240,K01591,eco:b1281,P08244,DB03668,Orotidine 5'-phosphate decarboxylase
map00240,K11751,eco:b0480,P07024,DB03148,Protein UshA
map01232,K00526,eco:b2235,P69924,DB09462,Ribonucleoside-diphosphate reductase 1 subunit beta
map01232,K00560,eco:b2827,P0A884,DB02031,Thymidylate synthase
map01232,K00560,eco:b2827,P0A884,DB02223,Thymidylate synthase
map01232,K00560,eco:b2827,P0A884,DB02256,Thymidylate synthase
map01232,K00560,eco:b2827,P0A884,DB02301,Thymidylate synthase
map01232,K00560,eco:b2827,P0A884,DB02467,Thymidylate synthase
map01232,K00560,eco:b2827,P0A884,DB02752,Thymidylate synthase
map01232,K00560,eco:b2827,P0A884,DB02899,Thymidylate synthase
map01232,K00560,eco:b2827,P0A884,DB03038,Thymidylate synthase
map01232,K00560,eco:b2827,P0A884,DB03157,Thymidylate synthase
map01232,K00560,eco:b2827,P0A884,DB03274,Thymidylate synthase
map01232,K00560,eco:b2827,P0A884,DB03541,Thymidylate synthase
map01232,K00560,eco:b2827,P0A884,DB03558,Thymidylate synthase
map01232,K00560,eco:b2827,P0A884,DB03761,Thymidylate synthase
map01232,K00560,eco:b2827,P0A884,DB03800,Thymidylate synthase
map01232,K00560,eco:b2827,P0A884,DB03818,Thymidylate synthase
map01232,K00560,eco:b2827,P0A884,DB04447,Thymidylate synthase
map01232,K00560,eco:b2827,P0A884,DB04457,Thymidylate synthase
map01232,K00560,eco:b2827,P0A884,DB04503,Thymidylate synthase
map01232,K00560,eco:b2827,P0A884,DB04530,Thymidylate synthase
map01232,K00560,eco:b2827,P0A884,DB04586,Thymidylate synthase
map01232,K00560,eco:b2827,P0A884,DB04696,Thymidylate synthase
map01232,K00560,eco:b2827,P0A884,DB08131,Thymidylate synthase
map01232,K00757,eco:b3831,P12758,DB01629,Uridine phosphorylase
map01232,K00757,eco:b3831,P12758,DB02256,Uridine phosphorylase
map01232,K00757,eco:b3831,P12758,DB02681,Uridine phosphorylase
map01232,K00757,eco:b3831,P12758,DB03101,Uridine phosphorylase
map01232,K00757,eco:b3831,P12758,DB06872,Uridine phosphorylase
map01232,K00757,eco:b3831,P12758,DB06873,Uridine phosphorylase
map01232,K00757,eco:b3831,P12758,DB07437,Uridine phosphorylase
map01232,K00757,eco:b3831,P12758,DB07439,Uridine phosphorylase
map01232,K00758,eco:b4382,P07650,DB03462,Thymidine phosphorylase
map01232,K00760,eco:b0125,P0A9M2,DB04566,Hypoxanthine phosphoribosyltransferase
map01232,K00769,eco:b0238,P0A9M5,DB01972,Xanthine-guanine phosphoribosyltransferase
map01232,K00769,eco:b0238,P0A9M5,DB02134,Xanthine-guanine phosphoribosyltransferase
map01232,K00769,eco:b0238,P0A9M5,DB02377,Xanthine-guanine phosphoribosyltransferase
map01232,K00769,eco:b0238,P0A9M5,DB03942,Xanthine-guanine phosphoribosyltransferase
map01232,K00857,eco:b1238,P23331,DB03280,Thymidine kinase
map01232,K00939,eco:b0474,P69441,DB01717,Adenylate kinase
map01232,K00945,eco:b0910,P0A6I0,DB02456,Cytidylate kinase
map01232,K00945,eco:b0910,P0A6I0,DB02883,Cytidylate kinase
map01232,K00945,eco:b0910,P0A6I0,DB03403,Cytidylate kinase
map01232,K00945,eco:b0910,P0A6I0,DB04555,Cytidylate kinase
map01232,K01241,eco:b1982,P0AE12,DB03464,AMP nucleosidase
map01232,K01485,eco:b0337,P25524,DB03939,Cytosine deaminase
map01232,K01485,eco:b0337,P25524,DB04135,Cytosine deaminase
map01232,K01489,eco:b2143,P0ABF6,DB03068,Cytidine deaminase
map01232,K01489,eco:b2143,P0ABF6,DB04385,Cytidine deaminase
map01232,K01494,eco:b2065,P28248,DB02333,dCTP deaminase
map01232,K01494,eco:b2065,P28248,DB03258,dCTP deaminase
map01232,K01520,eco:b3640,P06968,DB01965,Deoxyuridine 5'-triphosphate nucleotidohydrolase
map01232,K01520,eco:b3640,P06968,DB02333,Deoxyuridine 5'-triphosphate nucleotidohydrolase
map01232,K01520,eco:b3640,P06968,DB03413,Deoxyuridine 5'-triphosphate nucleotidohydrolase
map01232,K01520,eco:b3640,P06968,DB03800,Deoxyuridine 5'-triphosphate nucleotidohydrolase
map01232,K01939,eco:b4177,P0A7D4,DB02109,Adenylosuccinate synthetase
map01232,K01939,eco:b4177,P0A7D4,DB02493,Adenylosuccinate synthetase
map01232,K01939,eco:b4177,P0A7D4,DB02666,Adenylosuccinate synthetase
map01232,K01939,eco:b4177,P0A7D4,DB02836,Adenylosuccinate synthetase
map01232,K01939,eco:b4177,P0A7D4,DB02954,Adenylosuccinate synthetase
map01232,K01939,eco:b4177,P0A7D4,DB03146,Adenylosuccinate synthetase
map01232,K01939,eco:b4177,P0A7D4,DB04315,Adenylosuccinate synthetase
map01232,K01939,eco:b4177,P0A7D4,DB04460,Adenylosuccinate synthetase
map01232,K01939,eco:b4177,P0A7D4,DB04566,Adenylosuccinate synthetase
map01232,K01951,eco:b2507,P04079,DB04272,GMP synthase [glutamine-hydrolyzing]
map01232,K03783,eco:b2407,P45563,DB02134,Purine nucleoside phosphorylase 2
map01232,K03783,eco:b2407,P45563,DB02377,Purine nucleoside phosphorylase 2
map01232,K03784,eco:b4384,P0ABP8,DB02066,Purine nucleoside phosphorylase DeoD-type
map01232,K03784,eco:b4384,P0ABP8,DB02113,Purine nucleoside phosphorylase DeoD-type
map01232,K03784,eco:b4384,P0ABP8,DB02896,Purine nucleoside phosphorylase DeoD-type
map01232,K03784,eco:b4384,P0ABP8,DB02934,Purine nucleoside phosphorylase DeoD-type
map01232,K03784,eco:b4384,P0ABP8,DB02947,Purine nucleoside phosphorylase DeoD-type
map01232,K03784,eco:b4384,P0ABP8,DB03172,Purine nucleoside phosphorylase DeoD-type
map01232,K03784,eco:b4384,P0ABP8,DB03528,Purine nucleoside phosphorylase DeoD-type
map01232,K03784,eco:b4384,P0ABP8,DB03735,Purine nucleoside phosphorylase DeoD-type
map01232,K03784,eco:b4384,P0ABP8,DB03952,Purine nucleoside phosphorylase DeoD-type
map01232,K03784,eco:b4384,P0ABP8,DB03986,Purine nucleoside phosphorylase DeoD-type
map01232,K03784,eco:b4384,P0ABP8,DB04198,Purine nucleoside phosphorylase DeoD-type
map01232,K03784,eco:b4384,P0ABP8,DB04335,Purine nucleoside phosphorylase DeoD-type
map01232,K03784,eco:b4384,P0ABP8,DB04441,Purine nucleoside phosphorylase DeoD-type
map01232,K05810,eco:b2593,P33644,DB04272,Purine nucleoside phosphorylase YfiH
map01232,K11751,eco:b0480,P07024,DB03148,Protein UshA
map00500,K00688,eco:b3417,P00490,DB02379,Maltodextrin phosphorylase
map00500,K00688,eco:b3417,P00490,DB02843,Maltodextrin phosphorylase
map00500,K00688,eco:b3417,P00490,DB03323,Maltodextrin phosphorylase
map00500,K00697,eco:b1896,P31677,DB01861,Trehalose-6-phosphate synthase
map00500,K00697,eco:b1896,P31677,DB02007,Trehalose-6-phosphate synthase
map00500,K00697,eco:b1896,P31677,DB03366,Trehalose-6-phosphate synthase
map00500,K00697,eco:b1896,P31677,DB03435,Trehalose-6-phosphate synthase
map00500,K00697,eco:b1896,P31677,DB03488,Trehalose-6-phosphate synthase
map00500,K00845,eco:b2388,P0A6V8,DB02379,Glucokinase
map00500,K02760,eco:b1738,P69795,DB03544,"PTS system N,N'-diacetylchitobiose-specific EIIB component"
map02026,K00688,eco:b3417,P00490,DB02379,Maltodextrin phosphorylase
map02026,K00688,eco:b3417,P00490,DB02843,Maltodextrin phosphorylase
map02026,K00688,eco:b3417,P00490,DB03323,Maltodextrin phosphorylase
map02026,K07638,eco:b3404,P0AEJ4,DB04395,Sensor histidine kinase EnvZ
map02026,K07782,eco:b1916,P07026,DB07928,Regulatory protein SdiA
map02026,K10914,eco:b3357,P0ACJ8,DB02527,DNA-binding transcriptional dual regulator CRP
map00270,K00813,eco:b0928,P00509,DB01639,Aspartate aminotransferase
map00270,K00813,eco:b0928,P00509,DB02024,Aspartate aminotransferase
map00270,K00813,eco:b0928,P00509,DB02758,Aspartate aminotransferase
map00270,K00813,eco:b0928,P00509,DB02981,Aspartate aminotransferase
map00270,K00813,eco:b0928,P00509,DB03553,Aspartate aminotransferase
map00270,K00813,eco:b0928,P00509,DB03629,Aspartate aminotransferase
map00270,K00813,eco:b0928,P00509,DB03662,Aspartate aminotransferase
map00270,K00813,eco:b0928,P00509,DB03750,Aspartate aminotransferase
map00270,K00813,eco:b0928,P00509,DB04083,Aspartate aminotransferase
map00270,K00813,eco:b0928,P00509,DB04299,Aspartate aminotransferase
map00270,K00813,eco:b0928,P00509,DB04467,Aspartate aminotransferase
map00270,K00813,eco:b0928,P00509,DB04762,Aspartate aminotransferase
map00270,K00813,eco:b0928,P00509,DB04765,Aspartate aminotransferase
map00270,K00813,eco:b0928,P00509,DB08845,Aspartate aminotransferase
map00270,K00826,eco:b3770,P0AB80,DB01813,Branched-chain-amino-acid aminotransferase
map00270,K00826,eco:b3770,P0AB80,DB03553,Branched-chain-amino-acid aminotransferase
map00270,K00826,eco:b3770,P0AB80,DB03993,Branched-chain-amino-acid aminotransferase
map00270,K00826,eco:b3770,P0AB80,DB04063,Branched-chain-amino-acid aminotransferase
map00270,K01011,eco:b2521,P31142,DB02761,3-mercaptopyruvate sulfurtransferase
map00270,K01243,eco:b0159,P0AF12,DB00173,5'-methylthioadenosine/S-adenosylhomocysteine nucleosidase
map00270,K01243,eco:b0159,P0AF12,DB02158,5'-methylthioadenosine/S-adenosylhomocysteine nucleosidase
map00270,K01243,eco:b0159,P0AF12,DB02281,5'-methylthioadenosine/S-adenosylhomocysteine nucleosidase
map00270,K01243,eco:b0159,P0AF12,DB02933,5'-methylthioadenosine/S-adenosylhomocysteine nucleosidase
map00270,K01243,eco:b0159,P0AF12,DB08606,5'-methylthioadenosine/S-adenosylhomocysteine nucleosidase
map00270,K01739,eco:b3939,P00935,DB04083,Cystathionine gamma-synthase
map00270,K01919,eco:b2688,P0A6W9,DB04464,Glutamate--cysteine ligase
map00270,K05810,eco:b2593,P33644,DB04272,Purine nucleoside phosphorylase YfiH
map00270,K08968,eco:b1832,P76270,DB03814,Free methionine-R-sulfoxide reductase
map00330,K00137,eco:b1444,P77674,DB04401,Gamma-aminobutyraldehyde dehydrogenase
map00330,K00813,eco:b0928,P00509,DB01639,Aspartate aminotransferase
map00330,K00813,eco:b0928,P00509,DB02024,Aspartate aminotransferase
map00330,K00813,eco:b0928,P00509,DB02758,Aspartate aminotransferase
map00330,K00813,eco:b0928,P00509,DB02981,Aspartate aminotransferase
map00330,K00813,eco:b0928,P00509,DB03553,Aspartate aminotransferase
map00330,K00813,eco:b0928,P00509,DB03629,Aspartate aminotransferase
map00330,K00813,eco:b0928,P00509,DB03662,Aspartate aminotransferase
map00330,K00813,eco:b0928,P00509,DB03750,Aspartate aminotransferase
map00330,K00813,eco:b0928,P00509,DB04083,Aspartate aminotransferase
map00330,K00813,eco:b0928,P00509,DB04299,Aspartate aminotransferase
map00330,K00813,eco:b0928,P00509,DB04467,Aspartate aminotransferase
map00330,K00813,eco:b0928,P00509,DB04762,Aspartate aminotransferase
map00330,K00813,eco:b0928,P00509,DB04765,Aspartate aminotransferase
map00330,K00813,eco:b0928,P00509,DB08845,Aspartate aminotransferase
map00330,K01484,eco:b1745,P76216,DB02501,N-succinylarginine dihydrolase
map00330,K01484,eco:b1745,P76216,DB03582,N-succinylarginine dihydrolase
map00330,K01485,eco:b0337,P25524,DB03939,Cytosine deaminase
map00330,K01485,eco:b0337,P25524,DB04135,Cytosine deaminase
map00330,K13821,eco:b1014,P09546,DB03051,Bifunctional protein PutA
map00330,K13821,eco:b1014,P09546,DB03147,Bifunctional protein PutA
map00330,K13821,eco:b1014,P09546,DB04398,Bifunctional protein PutA
map00350,K00276,eco:b1386,P46883,DB01634,Primary amine oxidase
map00350,K00276,eco:b1386,P46883,DB01657,Primary amine oxidase
map00350,K00276,eco:b1386,P46883,DB02178,Primary amine oxidase
map00350,K00276,eco:b1386,P46883,DB02928,Primary amine oxidase
map00350,K00276,eco:b1386,P46883,DB03631,Primary amine oxidase
map00350,K00276,eco:b1386,P46883,DB04325,Primary amine oxidase
map00350,K00276,eco:b1386,P46883,DB04334,Primary amine oxidase
map00350,K00813,eco:b0928,P00509,DB01639,Aspartate aminotransferase
map00350,K00813,eco:b0928,P00509,DB02024,Aspartate aminotransferase
map00350,K00813,eco:b0928,P00509,DB02758,Aspartate aminotransferase
map00350,K00813,eco:b0928,P00509,DB02981,Aspartate aminotransferase
map00350,K00813,eco:b0928,P00509,DB03553,Aspartate aminotransferase
map00350,K00813,eco:b0928,P00509,DB03629,Aspartate aminotransferase
map00350,K00813,eco:b0928,P00509,DB03662,Aspartate aminotransferase
map00350,K00813,eco:b0928,P00509,DB03750,Aspartate aminotransferase
map00350,K00813,eco:b0928,P00509,DB04083,Aspartate aminotransferase
map00350,K00813,eco:b0928,P00509,DB04299,Aspartate aminotransferase
map00350,K00813,eco:b0928,P00509,DB04467,Aspartate aminotransferase
map00350,K00813,eco:b0928,P00509,DB04762,Aspartate aminotransferase
map00350,K00813,eco:b0928,P00509,DB04765,Aspartate aminotransferase
map00350,K00813,eco:b0928,P00509,DB08845,Aspartate aminotransferase
map00350,K00817,eco:b2021,P06986,DB01813,Histidinol-phosphate aminotransferase
map00350,K00817,eco:b2021,P06986,DB02142,Histidinol-phosphate aminotransferase
map00350,K00817,eco:b2021,P06986,DB03997,Histidinol-phosphate aminotransferase
map00360,K00276,eco:b1386,P46883,DB01634,Primary amine oxidase
map00360,K00276,eco:b1386,P46883,DB01657,Primary amine oxidase
map00360,K00276,eco:b1386,P46883,DB02178,Primary amine oxidase
map00360,K00276,eco:b1386,P46883,DB02928,Primary amine oxidase
map00360,K00276,eco:b1386,P46883,DB03631,Primary amine oxidase
map00360,K00276,eco:b1386,P46883,DB04325,Primary amine oxidase
map00360,K00276,eco:b1386,P46883,DB04334,Primary amine oxidase
map00360,K00813,eco:b0928,P00509,DB01639,Aspartate aminotransferase
map00360,K00813,eco:b0928,P00509,DB02024,Aspartate aminotransferase
map00360,K00813,eco:b0928,P00509,DB02758,Aspartate aminotransferase
map00360,K00813,eco:b0928,P00509,DB02981,Aspartate aminotransferase
map00360,K00813,eco:b0928,P00509,DB03553,Aspartate aminotransferase
map00360,K00813,eco:b0928,P00509,DB03629,Aspartate aminotransferase
map00360,K00813,eco:b0928,P00509,DB03662,Aspartate aminotransferase
map00360,K00813,eco:b0928,P00509,DB03750,Aspartate aminotransferase
map00360,K00813,eco:b0928,P00509,DB04083,Aspartate aminotransferase
map00360,K00813,eco:b0928,P00509,DB04299,Aspartate aminotransferase
map00360,K00813,eco:b0928,P00509,DB04467,Aspartate aminotransferase
map00360,K00813,eco:b0928,P00509,DB04762,Aspartate aminotransferase
map00360,K00813,eco:b0928,P00509,DB04765,Aspartate aminotransferase
map00360,K00813,eco:b0928,P00509,DB08845,Aspartate aminotransferase
map00360,K00817,eco:b2021,P06986,DB01813,Histidinol-phosphate aminotransferase
map00360,K00817,eco:b2021,P06986,DB02142,Histidinol-phosphate aminotransferase
map00360,K00817,eco:b2021,P06986,DB03997,Histidinol-phosphate aminotransferase
map00400,K00014,eco:b3281,P15770,DB03461,Shikimate dehydrogenase (NADP(+))
map00400,K00014,eco:b3281,P15770,DB04447,Shikimate dehydrogenase (NADP(+))
map00400,K00800,eco:b0908,P0A6D3,DB01942,3-phosphoshikimate 1-carboxyvinyltransferase
map00400,K00800,eco:b0908,P0A6D3,DB03116,3-phosphoshikimate 1-carboxyvinyltransferase
map00400,K00800,eco:b0908,P0A6D3,DB04328,3-phosphoshikimate 1-carboxyvinyltransferase
map00400,K00800,eco:b0908,P0A6D3,DB04539,3-phosphoshikimate 1-carboxyvinyltransferase
map00400,K00813,eco:b0928,P00509,DB01639,Aspartate aminotransferase
map00400,K00813,eco:b0928,P00509,DB02024,Aspartate aminotransferase
map00400,K00813,eco:b0928,P00509,DB02758,Aspartate aminotransferase
map00400,K00813,eco:b0928,P00509,DB02981,Aspartate aminotransferase
map00400,K00813,eco:b0928,P00509,DB03553,Aspartate aminotransferase
map00400,K00813,eco:b0928,P00509,DB03629,Aspartate aminotransferase
map00400,K00813,eco:b0928,P00509,DB03662,Aspartate aminotransferase
map00400,K00813,eco:b0928,P00509,DB03750,Aspartate aminotransferase
map00400,K00813,eco:b0928,P00509,DB04083,Aspartate aminotransferase
map00400,K00813,eco:b0928,P00509,DB04299,Aspartate aminotransferase
map00400,K00813,eco:b0928,P00509,DB04467,Aspartate aminotransferase
map00400,K00813,eco:b0928,P00509,DB04762,Aspartate aminotransferase
map00400,K00813,eco:b0928,P00509,DB04765,Aspartate aminotransferase
map00400,K00813,eco:b0928,P00509,DB08845,Aspartate aminotransferase
map00400,K00817,eco:b2021,P06986,DB01813,Histidinol-phosphate aminotransferase
map00400,K00817,eco:b2021,P06986,DB02142,Histidinol-phosphate aminotransferase
map00400,K00817,eco:b2021,P06986,DB03997,Histidinol-phosphate aminotransferase
map00400,K01626,eco:b0754,P0AB91,DB01819,"Phospho-2-dehydro-3-deoxyheptonate aldolase, Phe-sensitive"
map00400,K01626,eco:b0754,P0AB91,DB02726,"Phospho-2-dehydro-3-deoxyheptonate aldolase, Phe-sensitive"
map00400,K13498,eco:b1262,P00909,DB03543,Tryptophan biosynthesis protein TrpCF
map00400,K14170,eco:b2599,P0A9J8,DB08648,Bifunctional chorismate mutase/prephenate dehydratase
map00401,K00813,eco:b0928,P00509,DB01639,Aspartate aminotransferase
map00401,K00813,eco:b0928,P00509,DB02024,Aspartate aminotransferase
map00401,K00813,eco:b0928,P00509,DB02758,Aspartate aminotransferase
map00401,K00813,eco:b0928,P00509,DB02981,Aspartate aminotransferase
map00401,K00813,eco:b0928,P00509,DB03553,Aspartate aminotransferase
map00401,K00813,eco:b0928,P00509,DB03629,Aspartate aminotransferase
map00401,K00813,eco:b0928,P00509,DB03662,Aspartate aminotransferase
map00401,K00813,eco:b0928,P00509,DB03750,Aspartate aminotransferase
map00401,K00813,eco:b0928,P00509,DB04083,Aspartate aminotransferase
map00401,K00813,eco:b0928,P00509,DB04299,Aspartate aminotransferase
map00401,K00813,eco:b0928,P00509,DB04467,Aspartate aminotransferase
map00401,K00813,eco:b0928,P00509,DB04762,Aspartate aminotransferase
map00401,K00813,eco:b0928,P00509,DB04765,Aspartate aminotransferase
map00401,K00813,eco:b0928,P00509,DB08845,Aspartate aminotransferase
map00401,K00817,eco:b2021,P06986,DB01813,Histidinol-phosphate aminotransferase
map00401,K00817,eco:b2021,P06986,DB02142,Histidinol-phosphate aminotransferase
map00401,K00817,eco:b2021,P06986,DB03997,Histidinol-phosphate aminotransferase
map01210,K00031,eco:b1136,P08200,DB01727,Isocitrate dehydrogenase [NADP]
map01210,K00031,eco:b1136,P08200,DB02190,Isocitrate dehydrogenase [NADP]
map01210,K00031,eco:b1136,P08200,DB03461,Isocitrate dehydrogenase [NADP]
map01210,K00031,eco:b1136,P08200,DB04279,Isocitrate dehydrogenase [NADP]
map01210,K00163,eco:b0114,P0AFG8,DB00152,Pyruvate dehydrogenase E1 component
map01210,K00163,eco:b0114,P0AFG8,DB01987,Pyruvate dehydrogenase E1 component
map01210,K00813,eco:b0928,P00509,DB01639,Aspartate aminotransferase
map01210,K00813,eco:b0928,P00509,DB02024,Aspartate aminotransferase
map01210,K00813,eco:b0928,P00509,DB02758,Aspartate aminotransferase
map01210,K00813,eco:b0928,P00509,DB02981,Aspartate aminotransferase
map01210,K00813,eco:b0928,P00509,DB03553,Aspartate aminotransferase
map01210,K00813,eco:b0928,P00509,DB03629,Aspartate aminotransferase
map01210,K00813,eco:b0928,P00509,DB03662,Aspartate aminotransferase
map01210,K00813,eco:b0928,P00509,DB03750,Aspartate aminotransferase
map01210,K00813,eco:b0928,P00509,DB04083,Aspartate aminotransferase
map01210,K00813,eco:b0928,P00509,DB04299,Aspartate aminotransferase
map01210,K00813,eco:b0928,P00509,DB04467,Aspartate aminotransferase
map01210,K00813,eco:b0928,P00509,DB04762,Aspartate aminotransferase
map01210,K00813,eco:b0928,P00509,DB04765,Aspartate aminotransferase
map01210,K00813,eco:b0928,P00509,DB08845,Aspartate aminotransferase
map01210,K00826,eco:b3770,P0AB80,DB01813,Branched-chain-amino-acid aminotransferase
map01210,K00826,eco:b3770,P0AB80,DB03553,Branched-chain-amino-acid aminotransferase
map01210,K00826,eco:b3770,P0AB80,DB03993,Branched-chain-amino-acid aminotransferase
map01210,K00826,eco:b3770,P0AB80,DB04063,Branched-chain-amino-acid aminotransferase
map01210,K00930,eco:b3959,P0A6C8,DB04075,Acetylglutamate kinase
map01210,K00930,eco:b3959,P0A6C8,DB04395,Acetylglutamate kinase
map01210,K00930,eco:b3959,P0A6C8,DB04444,Acetylglutamate kinase
map01210,K01682,eco:b0118,P36683,DB04351,Aconitate hydratase B
map01210,K03737,eco:b1378,P52647,DB00698,Probable pyruvate-flavodoxin oxidoreductase
map01230,K00013,eco:b2020,P06988,DB03366,Histidinol dehydrogenase
map01230,K00013,eco:b2020,P06988,DB03811,Histidinol dehydrogenase
map01230,K00013,eco:b2020,P06988,DB04447,Histidinol dehydrogenase
map01230,K00014,eco:b3281,P15770,DB03461,Shikimate dehydrogenase (NADP(+))
map01230,K00014,eco:b3281,P15770,DB04447,Shikimate dehydrogenase (NADP(+))
map01230,K00031,eco:b1136,P08200,DB01727,Isocitrate dehydrogenase [NADP]
map01230,K00031,eco:b1136,P08200,DB02190,Isocitrate dehydrogenase [NADP]
map01230,K00031,eco:b1136,P08200,DB03461,Isocitrate dehydrogenase [NADP]
map01230,K00031,eco:b1136,P08200,DB04279,Isocitrate dehydrogenase [NADP]
map01230,K00134,eco:b1779,P0A9B2,DB02263,Glyceraldehyde-3-phosphate dehydrogenase A
map01230,K00134,eco:b1779,P0A9B2,DB03814,Glyceraldehyde-3-phosphate dehydrogenase A
map01230,K00215,eco:b0031,P04036,DB03363,4-hydroxy-tetrahydrodipicolinate reductase
map01230,K00215,eco:b0031,P04036,DB04267,4-hydroxy-tetrahydrodipicolinate reductase
map01230,K00611,eco:b4254,P04391,DB02965,Ornithine carbamoyltransferase subunit I
map01230,K00615,eco:b2935,P27302,DB01987,Transketolase 1
map01230,K00765,eco:b2019,P60757,DB01661,ATP phosphoribosyltransferase
map01230,K00800,eco:b0908,P0A6D3,DB01942,3-phosphoshikimate 1-carboxyvinyltransferase
map01230,K00800,eco:b0908,P0A6D3,DB03116,3-phosphoshikimate 1-carboxyvinyltransferase
map01230,K00800,eco:b0908,P0A6D3,DB04328,3-phosphoshikimate 1-carboxyvinyltransferase
map01230,K00800,eco:b0908,P0A6D3,DB04539,3-phosphoshikimate 1-carboxyvinyltransferase
map01230,K00813,eco:b0928,P00509,DB01639,Aspartate aminotransferase
map01230,K00813,eco:b0928,P00509,DB02024,Aspartate aminotransferase
map01230,K00813,eco:b0928,P00509,DB02758,Aspartate aminotransferase
map01230,K00813,eco:b0928,P00509,DB02981,Aspartate aminotransferase
map01230,K00813,eco:b0928,P00509,DB03553,Aspartate aminotransferase
map01230,K00813,eco:b0928,P00509,DB03629,Aspartate aminotransferase
map01230,K00813,eco:b0928,P00509,DB03662,Aspartate aminotransferase
map01230,K00813,eco:b0928,P00509,DB03750,Aspartate aminotransferase
map01230,K00813,eco:b0928,P00509,DB04083,Aspartate aminotransferase
map01230,K00813,eco:b0928,P00509,DB04299,Aspartate aminotransferase
map01230,K00813,eco:b0928,P00509,DB04467,Aspartate aminotransferase
map01230,K00813,eco:b0928,P00509,DB04762,Aspartate aminotransferase
map01230,K00813,eco:b0928,P00509,DB04765,Aspartate aminotransferase
map01230,K00813,eco:b0928,P00509,DB08845,Aspartate aminotransferase
map01230,K00817,eco:b2021,P06986,DB01813,Histidinol-phosphate aminotransferase
map01230,K00817,eco:b2021,P06986,DB02142,Histidinol-phosphate aminotransferase
map01230,K00817,eco:b2021,P06986,DB03997,Histidinol-phosphate aminotransferase
map01230,K00826,eco:b3770,P0AB80,DB01813,Branched-chain-amino-acid aminotransferase
map01230,K00826,eco:b3770,P0AB80,DB03553,Branched-chain-amino-acid aminotransferase
map01230,K00826,eco:b3770,P0AB80,DB03993,Branched-chain-amino-acid aminotransferase
map01230,K00826,eco:b3770,P0AB80,DB04063,Branched-chain-amino-acid aminotransferase
map01230,K00930,eco:b3959,P0A6C8,DB04075,Acetylglutamate kinase
map01230,K00930,eco:b3959,P0A6C8,DB04395,Acetylglutamate kinase
map01230,K00930,eco:b3959,P0A6C8,DB04444,Acetylglutamate kinase
map01230,K01243,eco:b0159,P0AF12,DB00173,5'-methylthioadenosine/S-adenosylhomocysteine nucleosidase
map01230,K01243,eco:b0159,P0AF12,DB02158,5'-methylthioadenosine/S-adenosylhomocysteine nucleosidase
map01230,K01243,eco:b0159,P0AF12,DB02281,5'-methylthioadenosine/S-adenosylhomocysteine nucleosidase
map01230,K01243,eco:b0159,P0AF12,DB02933,5'-methylthioadenosine/S-adenosylhomocysteine nucleosidase
map01230,K01243,eco:b0159,P0AF12,DB08606,5'-methylthioadenosine/S-adenosylhomocysteine nucleosidase
map01230,K01586,eco:b2838,P00861,DB03252,Diaminopimelate decarboxylase
map01230,K01586,eco:b2838,P00861,DB03814,Diaminopimelate decarboxylase
map01230,K01624,eco:b2925,P0AB71,DB03026,Fructose-bisphosphate aldolase class 2
map01230,K01626,eco:b0754,P0AB91,DB01819,"Phospho-2-dehydro-3-deoxyheptonate aldolase, Phe-sensitive"
map01230,K01626,eco:b0754,P0AB91,DB02726,"Phospho-2-dehydro-3-deoxyheptonate aldolase, Phe-sensitive"
map01230,K01682,eco:b0118,P36683,DB04351,Aconitate hydratase B
map01230,K01739,eco:b3939,P00935,DB04083,Cystathionine gamma-synthase
map01230,K13498,eco:b1262,P00909,DB03543,Tryptophan biosynthesis protein TrpCF
map01230,K14170,eco:b2599,P0A9J8,DB08648,Bifunctional chorismate mutase/prephenate dehydratase
map00051,K01624,eco:b2925,P0AB71,DB03026,Fructose-bisphosphate aldolase class 2
map00051,K01628,eco:b2800,P0AB87,DB03026,L-fuculose phosphate aldolase
map00051,K01628,eco:b2800,P0AB87,DB04326,L-fuculose phosphate aldolase
map00051,K01629,eco:b3902,P32169,DB03026,Rhamnulose-1-phosphate aldolase
map00051,K01813,eco:b3903,P32170,DB02399,L-rhamnose isomerase
map00051,K01813,eco:b3903,P32170,DB02961,L-rhamnose isomerase
map00051,K02377,eco:b2052,P32055,DB02897,GDP-L-fucose synthase
map00051,K02377,eco:b2052,P32055,DB03461,GDP-L-fucose synthase
map02060,K02760,eco:b1738,P69795,DB03544,"PTS system N,N'-diacetylchitobiose-specific EIIB component"
map00260,K00276,eco:b1386,P46883,DB01634,Primary amine oxidase
map00260,K00276,eco:b1386,P46883,DB01657,Primary amine oxidase
map00260,K00276,eco:b1386,P46883,DB02178,Primary amine oxidase
map00260,K00276,eco:b1386,P46883,DB02928,Primary amine oxidase
map00260,K00276,eco:b1386,P46883,DB03631,Primary amine oxidase
map00260,K00276,eco:b1386,P46883,DB04325,Primary amine oxidase
map00260,K00276,eco:b1386,P46883,DB04334,Primary amine oxidase
map00260,K00639,eco:b3617,P0AB77,DB03915,2-amino-3-ketobutyrate coenzyme A ligase
map00261,K00215,eco:b0031,P04036,DB03363,4-hydroxy-tetrahydrodipicolinate reductase
map00261,K00215,eco:b0031,P04036,DB04267,4-hydroxy-tetrahydrodipicolinate reductase
map00300,K00215,eco:b0031,P04036,DB03363,4-hydroxy-tetrahydrodipicolinate reductase
map00300,K00215,eco:b0031,P04036,DB04267,4-hydroxy-tetrahydrodipicolinate reductase
map00300,K01586,eco:b2838,P00861,DB03252,Diaminopimelate decarboxylase
map00300,K01586,eco:b2838,P00861,DB03814,Diaminopimelate decarboxylase
map00300,K01928,eco:b0085,P22188,DB02314,"UDP-N-acetylmuramoyl-L-alanyl-D-glutamate--2,6-diaminopimelate ligase"
map00300,K01928,eco:b0085,P22188,DB03590,"UDP-N-acetylmuramoyl-L-alanyl-D-glutamate--2,6-diaminopimelate ligase"
map00300,K01928,eco:b0085,P22188,DB03801,"UDP-N-acetylmuramoyl-L-alanyl-D-glutamate--2,6-diaminopimelate ligase"
map03030,K02335,eco:b3863,P00582,DB00548,DNA polymerase I
map03030,K02335,eco:b3863,P00582,DB08432,DNA polymerase I
map03030,K02338,eco:b3701,P0A988,DB06998,Beta sliding clamp
map03030,K02342,eco:b0215,P03007,DB01643,DNA polymerase III subunit epsilon
map03030,K02343,eco:b0470,P06710,DB02930,DNA polymerase III subunit tau
map03030,K03111,eco:b4059,P0AGE0,DB04243,Single-stranded DNA-binding protein
map03410,K01246,eco:b3549,P05100,DB04104,DNA-3-methyladenine glycosylase 1
map03410,K02335,eco:b3863,P00582,DB00548,DNA polymerase I
map03410,K02335,eco:b3863,P00582,DB08432,DNA polymerase I
map03410,K03575,eco:b2961,P17802,DB00173,Adenine DNA glycosylase
map03410,K03575,eco:b2961,P17802,DB02379,Adenine DNA glycosylase
map03410,K03575,eco:b2961,P17802,DB03366,Adenine DNA glycosylase
map03410,K03575,eco:b2961,P17802,DB09462,Adenine DNA glycosylase
map03420,K02335,eco:b3863,P00582,DB00548,DNA polymerase I
map03420,K02335,eco:b3863,P00582,DB08432,DNA polymerase I
map03440,K02335,eco:b3863,P00582,DB00548,DNA polymerase I
map03440,K02335,eco:b3863,P00582,DB08432,DNA polymerase I
map03440,K02338,eco:b3701,P0A988,DB06998,Beta sliding clamp
map03440,K02342,eco:b0215,P03007,DB01643,DNA polymerase III subunit epsilon
map03440,K02343,eco:b0470,P06710,DB02930,DNA polymerase III subunit tau
map03440,K03111,eco:b4059,P0AGE0,DB04243,Single-stranded DNA-binding protein
map00730,K00939,eco:b0474,P69441,DB01717,Adenylate kinase
map00730,K01077,eco:b0383,P00634,DB02823,Alkaline phosphatase
map00730,K01077,eco:b0383,P00634,DB03498,Alkaline phosphatase
map00730,K01077,eco:b0383,P00634,DB04031,Alkaline phosphatase
map00730,K01077,eco:b0383,P00634,DB04522,Alkaline phosphatase
map00790,K00287,eco:b0048,P0ABQ4,DB00440,Dihydrofolate reductase
map00790,K00287,eco:b0048,P0ABQ4,DB02015,Dihydrofolate reductase
map00790,K00287,eco:b0048,P0ABQ4,DB02363,Dihydrofolate reductase
map00790,K00287,eco:b0048,P0ABQ4,DB03461,Dihydrofolate reductase
map00790,K00287,eco:b0048,P0ABQ4,DB06358,Dihydrofolate reductase
map00790,K00287,eco:b0048,P0ABQ4,DB07262,Dihydrofolate reductase
map00790,K00287,eco:b0048,P0ABQ4,DB12769,Dihydrofolate reductase
map00790,K00287,eco:b0048,P0ABQ4,DB20422,Dihydrofolate reductase
map00790,K00796,eco:b3177,P0AC13,DB00027,Dihydropteroate synthase
map00790,K00796,eco:b3177,P0AC13,DB00080,Dihydropteroate synthase
map00790,K00796,eco:b3177,P0AC13,DB00259,Dihydropteroate synthase
map00790,K00796,eco:b3177,P0AC13,DB00263,Dihydropteroate synthase
map00790,K00796,eco:b3177,P0AC13,DB00359,Dihydropteroate synthase
map00790,K00796,eco:b3177,P0AC13,DB00576,Dihydropteroate synthase
map00790,K00796,eco:b3177,P0AC13,DB00634,Dihydropteroate synthase
map00790,K00796,eco:b3177,P0AC13,DB00664,Dihydropteroate synthase
map00790,K00796,eco:b3177,P0AC13,DB00781,Dihydropteroate synthase
map00790,K00796,eco:b3177,P0AC13,DB00803,Dihydropteroate synthase
map00790,K00796,eco:b3177,P0AC13,DB00891,Dihydropteroate synthase
map00790,K00796,eco:b3177,P0AC13,DB01015,Dihydropteroate synthase
map00790,K00796,eco:b3177,P0AC13,DB01111,Dihydropteroate synthase
map00790,K00796,eco:b3177,P0AC13,DB01298,Dihydropteroate synthase
map00790,K00796,eco:b3177,P0AC13,DB01299,Dihydropteroate synthase
map00790,K00796,eco:b3177,P0AC13,DB01581,Dihydropteroate synthase
map00790,K00796,eco:b3177,P0AC13,DB01582,Dihydropteroate synthase
map00790,K00796,eco:b3177,P0AC13,DB03592,Dihydropteroate synthase
map00790,K00796,eco:b3177,P0AC13,DB03705,Dihydropteroate synthase
map00790,K00796,eco:b3177,P0AC13,DB04047,Dihydropteroate synthase
map00790,K00796,eco:b3177,P0AC13,DB04196,Dihydropteroate synthase
map00790,K00796,eco:b3177,P0AC13,DB04911,Dihydropteroate synthase
map00790,K00796,eco:b3177,P0AC13,DB05245,Dihydropteroate synthase
map00790,K00796,eco:b3177,P0AC13,DB06211,Dihydropteroate synthase
map00790,K00796,eco:b3177,P0AC13,DB06729,Dihydropteroate synthase
map00790,K00796,eco:b3177,P0AC13,DB06821,Dihydropteroate synthase
map00790,K00796,eco:b3177,P0AC13,DB12190,Dihydropteroate synthase
map00790,K00796,eco:b3177,P0AC13,DB13667,Dihydropteroate synthase
map00790,K00796,eco:b3177,P0AC13,DB13726,Dihydropteroate synthase
map00790,K00796,eco:b3177,P0AC13,DB14033,Dihydropteroate synthase
map00790,K00796,eco:b3177,P0AC13,DB14189,Dihydropteroate synthase
map00790,K00950,eco:b0142,P26281,DB02119,2-amino-4-hydroxy-6-hydroxymethyldihydropteridine pyrophosphokinase
map00790,K00950,eco:b0142,P26281,DB02596,2-amino-4-hydroxy-6-hydroxymethyldihydropteridine pyrophosphokinase
map00790,K00950,eco:b0142,P26281,DB03197,2-amino-4-hydroxy-6-hydroxymethyldihydropteridine pyrophosphokinase
map00790,K00950,eco:b0142,P26281,DB04047,2-amino-4-hydroxy-6-hydroxymethyldihydropteridine pyrophosphokinase
map00790,K00950,eco:b0142,P26281,DB04158,2-amino-4-hydroxy-6-hydroxymethyldihydropteridine pyrophosphokinase
map00790,K00950,eco:b0142,P26281,DB04610,2-amino-4-hydroxy-6-hydroxymethyldihydropteridine pyrophosphokinase
map00790,K01077,eco:b0383,P00634,DB02823,Alkaline phosphatase
map00790,K01077,eco:b0383,P00634,DB03498,Alkaline phosphatase
map00790,K01077,eco:b0383,P00634,DB04031,Alkaline phosphatase
map00790,K01077,eco:b0383,P00634,DB04522,Alkaline phosphatase
map00790,K01665,eco:b1812,P05041,DB01942,Aminodeoxychorismate synthase component 1
map00790,K02619,eco:b1096,P28305,DB02038,Aminodeoxychorismate lyase
map00790,K03635,eco:b0785,P30749,DB01942,Molybdopterin synthase catalytic subunit
map00790,K03752,eco:b3857,P32173,DB04137,Molybdenum cofactor guanylyltransferase
map00790,K11754,eco:b2315,P08192,DB02437,Dihydrofolate synthase/folylpolyglutamate synthase
map00790,K11754,eco:b2315,P08192,DB03830,Dihydrofolate synthase/folylpolyglutamate synthase
map01240,K00059,eco:b1093,P0AEK2,DB03461,3-oxoacyl-[acyl-carrier-protein] reductase FabG
map01240,K00097,eco:b0052,P19624,DB02609,4-hydroxythreonine-4-phosphate dehydrogenase
map01240,K00208,eco:b1288,P0AEK4,DB01691,Enoyl-[acyl-carrier-protein] reductase [NADH] FabI
map01240,K00208,eco:b1288,P0AEK4,DB01865,Enoyl-[acyl-carrier-protein] reductase [NADH] FabI
map01240,K00208,eco:b1288,P0AEK4,DB02379,Enoyl-[acyl-carrier-protein] reductase [NADH] FabI
map01240,K00208,eco:b1288,P0AEK4,DB03030,Enoyl-[acyl-carrier-protein] reductase [NADH] FabI
map01240,K00208,eco:b1288,P0AEK4,DB03534,Enoyl-[acyl-carrier-protein] reductase [NADH] FabI
map01240,K00208,eco:b1288,P0AEK4,DB04030,Enoyl-[acyl-carrier-protein] reductase [NADH] FabI
map01240,K00208,eco:b1288,P0AEK4,DB08265,Enoyl-[acyl-carrier-protein] reductase [NADH] FabI
map01240,K00208,eco:b1288,P0AEK4,DB08604,Enoyl-[acyl-carrier-protein] reductase [NADH] FabI
map01240,K00208,eco:b1288,P0AEK4,DB08605,Enoyl-[acyl-carrier-protein] reductase [NADH] FabI
map01240,K00254,eco:b0945,P0A7E1,DB01942,Dihydroorotate dehydrogenase (quinone)
map01240,K00254,eco:b0945,P0A7E1,DB02262,Dihydroorotate dehydrogenase (quinone)
map01240,K00254,eco:b0945,P0A7E1,DB03247,Dihydroorotate dehydrogenase (quinone)
map01240,K00275,eco:b1638,P0AFI7,DB03247,Pyridoxine/pyridoxamine 5'-phosphate oxidase
map01240,K00275,eco:b1638,P0AFI7,DB03345,Pyridoxine/pyridoxamine 5'-phosphate oxidase
map01240,K00278,eco:b2574,P10902,DB03147,L-aspartate oxidase
map01240,K00287,eco:b0048,P0ABQ4,DB00440,Dihydrofolate reductase
map01240,K00287,eco:b0048,P0ABQ4,DB02015,Dihydrofolate reductase
map01240,K00287,eco:b0048,P0ABQ4,DB02363,Dihydrofolate reductase
map01240,K00287,eco:b0048,P0ABQ4,DB03461,Dihydrofolate reductase
map01240,K00287,eco:b0048,P0ABQ4,DB06358,Dihydrofolate reductase
map01240,K00287,eco:b0048,P0ABQ4,DB07262,Dihydrofolate reductase
map01240,K00287,eco:b0048,P0ABQ4,DB12769,Dihydrofolate reductase
map01240,K00287,eco:b0048,P0ABQ4,DB20422,Dihydrofolate reductase
map01240,K00606,eco:b0134,P31057,DB03795,3-methyl-2-oxobutanoate hydroxymethyltransferase
map01240,K00609,eco:b4245,P0A786,DB05540,Aspartate carbamoyltransferase catalytic subunit
map01240,K00647,eco:b2323,P0A953,DB01034,3-oxoacyl-[acyl-carrier-protein] synthase 1
map01240,K00647,eco:b2323,P0A953,DB03017,3-oxoacyl-[acyl-carrier-protein] synthase 1
map01240,K00647,eco:b2323,P0A953,DB03600,3-oxoacyl-[acyl-carrier-protein] synthase 1
map01240,K00647,eco:b2323,P0A953,DB04302,3-oxoacyl-[acyl-carrier-protein] synthase 1
map01240,K00647,eco:b2323,P0A953,DB04519,3-oxoacyl-[acyl-carrier-protein] synthase 1
map01240,K00647,eco:b2323,P0A953,DB08359,3-oxoacyl-[acyl-carrier-protein] synthase 1
map01240,K00647,eco:b2323,P0A953,DB08627,3-oxoacyl-[acyl-carrier-protein] synthase 1
map01240,K00647,eco:b2323,P0A953,DB08628,3-oxoacyl-[acyl-carrier-protein] synthase 1
map01240,K00652,eco:b0776,P12998,DB03160,8-amino-7-oxononanoate synthase
map01240,K00793,eco:b1662,P0AFU8,DB00140,Riboflavin synthase
map01240,K00796,eco:b3177,P0AC13,DB00027,Dihydropteroate synthase
map01240,K00796,eco:b3177,P0AC13,DB00080,Dihydropteroate synthase
map01240,K00796,eco:b3177,P0AC13,DB00259,Dihydropteroate synthase
map01240,K00796,eco:b3177,P0AC13,DB00263,Dihydropteroate synthase
map01240,K00796,eco:b3177,P0AC13,DB00359,Dihydropteroate synthase
map01240,K00796,eco:b3177,P0AC13,DB00576,Dihydropteroate synthase
map01240,K00796,eco:b3177,P0AC13,DB00634,Dihydropteroate synthase
map01240,K00796,eco:b3177,P0AC13,DB00664,Dihydropteroate synthase
map01240,K00796,eco:b3177,P0AC13,DB00781,Dihydropteroate synthase
map01240,K00796,eco:b3177,P0AC13,DB00803,Dihydropteroate synthase
map01240,K00796,eco:b3177,P0AC13,DB00891,Dihydropteroate synthase
map01240,K00796,eco:b3177,P0AC13,DB01015,Dihydropteroate synthase
map01240,K00796,eco:b3177,P0AC13,DB01111,Dihydropteroate synthase
map01240,K00796,eco:b3177,P0AC13,DB01298,Dihydropteroate synthase
map01240,K00796,eco:b3177,P0AC13,DB01299,Dihydropteroate synthase
map01240,K00796,eco:b3177,P0AC13,DB01581,Dihydropteroate synthase
map01240,K00796,eco:b3177,P0AC13,DB01582,Dihydropteroate synthase
map01240,K00796,eco:b3177,P0AC13,DB03592,Dihydropteroate synthase
map01240,K00796,eco:b3177,P0AC13,DB03705,Dihydropteroate synthase
map01240,K00796,eco:b3177,P0AC13,DB04047,Dihydropteroate synthase
map01240,K00796,eco:b3177,P0AC13,DB04196,Dihydropteroate synthase
map01240,K00796,eco:b3177,P0AC13,DB04911,Dihydropteroate synthase
map01240,K00796,eco:b3177,P0AC13,DB05245,Dihydropteroate synthase
map01240,K00796,eco:b3177,P0AC13,DB06211,Dihydropteroate synthase
map01240,K00796,eco:b3177,P0AC13,DB06729,Dihydropteroate synthase
map01240,K00796,eco:b3177,P0AC13,DB06821,Dihydropteroate synthase
map01240,K00796,eco:b3177,P0AC13,DB12190,Dihydropteroate synthase
map01240,K00796,eco:b3177,P0AC13,DB13667,Dihydropteroate synthase
map01240,K00796,eco:b3177,P0AC13,DB13726,Dihydropteroate synthase
map01240,K00796,eco:b3177,P0AC13,DB14033,Dihydropteroate synthase
map01240,K00796,eco:b3177,P0AC13,DB14189,Dihydropteroate synthase
map01240,K00826,eco:b3770,P0AB80,DB01813,Branched-chain-amino-acid aminotransferase
map01240,K00826,eco:b3770,P0AB80,DB03553,Branched-chain-amino-acid aminotransferase
map01240,K00826,eco:b3770,P0AB80,DB03993,Branched-chain-amino-acid aminotransferase
map01240,K00826,eco:b3770,P0AB80,DB04063,Branched-chain-amino-acid aminotransferase
map01240,K00833,eco:b0774,P12995,DB02274,Adenosylmethionine-8-amino-7-oxononanoate aminotransferase
map01240,K00833,eco:b0774,P12995,DB02725,Adenosylmethionine-8-amino-7-oxononanoate aminotransferase
map01240,K00833,eco:b0774,P12995,DB04083,Adenosylmethionine-8-amino-7-oxononanoate aminotransferase
map01240,K00859,eco:b0103,P0A6I9,DB01690,Dephospho-CoA kinase
map01240,K00867,eco:b3974,P0A6I3,DB01783,Pantothenate kinase
map01240,K00867,eco:b3974,P0A6I3,DB01992,Pantothenate kinase
map01240,K00867,eco:b3974,P0A6I3,DB04395,Pantothenate kinase
map01240,K00868,eco:b1636,P77150,DB02153,Pyridoxal kinase PdxY
map01240,K00939,eco:b0474,P69441,DB01717,Adenylate kinase
map01240,K00950,eco:b0142,P26281,DB02119,2-amino-4-hydroxy-6-hydroxymethyldihydropteridine pyrophosphokinase
map01240,K00950,eco:b0142,P26281,DB02596,2-amino-4-hydroxy-6-hydroxymethyldihydropteridine pyrophosphokinase
map01240,K00950,eco:b0142,P26281,DB03197,2-amino-4-hydroxy-6-hydroxymethyldihydropteridine pyrophosphokinase
map01240,K00950,eco:b0142,P26281,DB04047,2-amino-4-hydroxy-6-hydroxymethyldihydropteridine pyrophosphokinase
map01240,K00950,eco:b0142,P26281,DB04158,2-amino-4-hydroxy-6-hydroxymethyldihydropteridine pyrophosphokinase
map01240,K00950,eco:b0142,P26281,DB04610,2-amino-4-hydroxy-6-hydroxymethyldihydropteridine pyrophosphokinase
map01240,K01012,eco:b0775,P12996,DB03775,Biotin synthase
map01240,K01077,eco:b0383,P00634,DB02823,Alkaline phosphatase
map01240,K01077,eco:b0383,P00634,DB03498,Alkaline phosphatase
map01240,K01077,eco:b0383,P00634,DB04031,Alkaline phosphatase
map01240,K01077,eco:b0383,P00634,DB04522,Alkaline phosphatase
map01240,K01465,eco:b1062,P05020,DB02129,Dihydroorotase
map01240,K01465,eco:b1062,P05020,DB02262,Dihydroorotase
map01240,K01465,eco:b1062,P05020,DB03801,Dihydroorotase
map01240,K01465,eco:b1062,P05020,DB04252,Dihydroorotase
map01240,K01591,eco:b1281,P08244,DB02890,Orotidine 5'-phosphate decarboxylase
map01240,K01591,eco:b1281,P08244,DB03668,Orotidine 5'-phosphate decarboxylase
map01240,K01665,eco:b1812,P05041,DB01942,Aminodeoxychorismate synthase component 1
map01240,K01698,eco:b0369,P0ACB2,DB02260,Delta-aminolevulinic acid dehydratase
map01240,K01698,eco:b0369,P0ACB2,DB04530,Delta-aminolevulinic acid dehydratase
map01240,K01698,eco:b0369,P0ACB2,DB04560,Delta-aminolevulinic acid dehydratase
map01240,K01749,eco:b3805,P06983,DB04517,Porphobilinogen deaminase
map01240,K01916,eco:b1740,P18843,DB02937,NH(3)-dependent NAD(+) synthetase
map01240,K01916,eco:b1740,P18843,DB04099,NH(3)-dependent NAD(+) synthetase
map01240,K01919,eco:b2688,P0A6W9,DB04464,Glutamate--cysteine ligase
map01240,K01935,eco:b0778,P13000,DB01715,ATP-dependent dethiobiotin synthetase BioD 1
map01240,K01935,eco:b0778,P13000,DB02927,ATP-dependent dethiobiotin synthetase BioD 1
map01240,K01935,eco:b0778,P13000,DB02941,ATP-dependent dethiobiotin synthetase BioD 1
map01240,K01935,eco:b0778,P13000,DB03624,ATP-dependent dethiobiotin synthetase BioD 1
map01240,K01935,eco:b0778,P13000,DB03775,ATP-dependent dethiobiotin synthetase BioD 1
map01240,K01939,eco:b4177,P0A7D4,DB02109,Adenylosuccinate synthetase
map01240,K01939,eco:b4177,P0A7D4,DB02493,Adenylosuccinate synthetase
map01240,K01939,eco:b4177,P0A7D4,DB02666,Adenylosuccinate synthetase
map01240,K01939,eco:b4177,P0A7D4,DB02836,Adenylosuccinate synthetase
map01240,K01939,eco:b4177,P0A7D4,DB02954,Adenylosuccinate synthetase
map01240,K01939,eco:b4177,P0A7D4,DB03146,Adenylosuccinate synthetase
map01240,K01939,eco:b4177,P0A7D4,DB04315,Adenylosuccinate synthetase
map01240,K01939,eco:b4177,P0A7D4,DB04460,Adenylosuccinate synthetase
map01240,K01939,eco:b4177,P0A7D4,DB04566,Adenylosuccinate synthetase
map01240,K02170,eco:b3412,P13001,DB03688,Pimeloyl-[acyl-carrier protein] methyl ester esterase
map01240,K02549,eco:b2261,P29208,DB02251,o-succinylbenzoate synthase
map01240,K02549,eco:b2261,P29208,DB06864,o-succinylbenzoate synthase
map01240,K02619,eco:b1096,P28305,DB02038,Aminodeoxychorismate lyase
map01240,K03181,eco:b4039,P26602,DB02130,Chorismate pyruvate-lyase
map01240,K03181,eco:b4039,P26602,DB04242,Chorismate pyruvate-lyase
map01240,K03474,eco:b2564,P0A794,DB02209,Pyridoxine 5'-phosphate synthase
map01240,K03474,eco:b2564,P0A794,DB02496,Pyridoxine 5'-phosphate synthase
map01240,K03474,eco:b2564,P0A794,DB02515,Pyridoxine 5'-phosphate synthase
map01240,K03635,eco:b0785,P30749,DB01942,Molybdopterin synthase catalytic subunit
map01240,K09458,eco:b1095,P0AAI5,DB01034,3-oxoacyl-[acyl-carrier-protein] synthase 2
map01240,K09458,eco:b1095,P0AAI5,DB03017,3-oxoacyl-[acyl-carrier-protein] synthase 2
map01240,K09458,eco:b1095,P0AAI5,DB08366,3-oxoacyl-[acyl-carrier-protein] synthase 2
map01240,K09458,eco:b1095,P0AAI5,DB08407,3-oxoacyl-[acyl-carrier-protein] synthase 2
map01240,K11754,eco:b2315,P08192,DB02437,Dihydrofolate synthase/folylpolyglutamate synthase
map01240,K11754,eco:b2315,P08192,DB03830,Dihydrofolate synthase/folylpolyglutamate synthase
map01240,K13038,eco:b3639,P0ABQ0,DB02431,Coenzyme A biosynthesis bifunctional protein CoaBC
map01240,K13038,eco:b3639,P0ABQ0,DB03403,Coenzyme A biosynthesis bifunctional protein CoaBC
map00052,K00845,eco:b2388,P0A6V8,DB02379,Glucokinase
map00052,K00965,eco:b0758,P09148,DB01861,Galactose-1-phosphate uridylyltransferase
map00052,K00965,eco:b0758,P09148,DB03435,Galactose-1-phosphate uridylyltransferase
map00052,K00965,eco:b0758,P09148,DB03685,Galactose-1-phosphate uridylyltransferase
map00052,K01190,eco:b0344,P00722,DB01862,Beta-galactosidase
map00052,K01190,eco:b0344,P00722,DB01885,Beta-galactosidase
map00052,K01190,eco:b0344,P00722,DB01920,Beta-galactosidase
map00052,K01190,eco:b0344,P00722,DB02228,Beta-galactosidase
map00052,K01190,eco:b0344,P00722,DB02294,Beta-galactosidase
map00052,K01190,eco:b0344,P00722,DB02632,Beta-galactosidase
map00052,K01190,eco:b0344,P00722,DB04116,Beta-galactosidase
map00052,K01190,eco:b0344,P00722,DB04155,Beta-galactosidase
map00052,K01190,eco:b0344,P00722,DB04382,Beta-galactosidase
map00052,K01190,eco:b0344,P00722,DB04465,Beta-galactosidase
map00052,K01190,eco:b0344,P00722,DB04530,Beta-galactosidase
map00052,K01190,eco:b0344,P00722,DB13503,Beta-galactosidase
map00052,K01784,eco:b0759,P09147,DB01861,UDP-glucose 4-epimerase
map00052,K01784,eco:b0759,P09147,DB02421,UDP-glucose 4-epimerase
map00052,K01784,eco:b0759,P09147,DB02790,UDP-glucose 4-epimerase
map00052,K01784,eco:b0759,P09147,DB03397,UDP-glucose 4-epimerase
map00052,K01784,eco:b0759,P09147,DB03435,UDP-glucose 4-epimerase
map00052,K01784,eco:b0759,P09147,DB04097,UDP-glucose 4-epimerase
map00052,K01854,eco:b2036,P37747,DB03147,UDP-galactopyranose mutase
map00052,K08302,eco:b3137,P0AB74,DB03026,"D-tagatose-1,6-bisphosphate aldolase subunit KbaY"
map00052,K12111,eco:b3076,P06864,DB00581,Evolved beta-galactosidase subunit alpha
map00511,K01190,eco:b0344,P00722,DB01862,Beta-galactosidase
map00511,K01190,eco:b0344,P00722,DB01885,Beta-galactosidase
map00511,K01190,eco:b0344,P00722,DB01920,Beta-galactosidase
map00511,K01190,eco:b0344,P00722,DB02228,Beta-galactosidase
map00511,K01190,eco:b0344,P00722,DB02294,Beta-galactosidase
map00511,K01190,eco:b0344,P00722,DB02632,Beta-galactosidase
map00511,K01190,eco:b0344,P00722,DB04116,Beta-galactosidase
map00511,K01190,eco:b0344,P00722,DB04155,Beta-galactosidase
map00511,K01190,eco:b0344,P00722,DB04382,Beta-galactosidase
map00511,K01190,eco:b0344,P00722,DB04465,Beta-galactosidase
map00511,K01190,eco:b0344,P00722,DB04530,Beta-galactosidase
map00511,K01190,eco:b0344,P00722,DB13503,Beta-galactosidase
map00511,K12111,eco:b3076,P06864,DB00581,Evolved beta-galactosidase subunit alpha
map00600,K01190,eco:b0344,P00722,DB01862,Beta-galactosidase
map00600,K01190,eco:b0344,P00722,DB01885,Beta-galactosidase
map00600,K01190,eco:b0344,P00722,DB01920,Beta-galactosidase
map00600,K01190,eco:b0344,P00722,DB02228,Beta-galactosidase
map00600,K01190,eco:b0344,P00722,DB02294,Beta-galactosidase
map00600,K01190,eco:b0344,P00722,DB02632,Beta-galactosidase
map00600,K01190,eco:b0344,P00722,DB04116,Beta-galactosidase
map00600,K01190,eco:b0344,P00722,DB04155,Beta-galactosidase
map00600,K01190,eco:b0344,P00722,DB04382,Beta-galactosidase
map00600,K01190,eco:b0344,P00722,DB04465,Beta-galactosidase
map00600,K01190,eco:b0344,P00722,DB04530,Beta-galactosidase
map00600,K01190,eco:b0344,P00722,DB13503,Beta-galactosidase
map03060,K03100,eco:b2568,P00803,DB01934,Signal peptidase I
map03060,K03100,eco:b2568,P00803,DB02080,Signal peptidase I
map03060,K03100,eco:b2568,P00803,DB06904,Signal peptidase I
map00460,K01424,eco:b2957,P00805,DB01817,L-asparaginase 2
map01501,K01467,eco:b4150,P00811,DB00456,Beta-lactamase
map01501,K01467,eco:b4150,P00811,DB01896,Beta-lactamase
map01501,K01467,eco:b4150,P00811,DB02094,Beta-lactamase
map01501,K01467,eco:b4150,P00811,DB02247,Beta-lactamase
map01501,K01467,eco:b4150,P00811,DB02503,Beta-lactamase
map01501,K01467,eco:b4150,P00811,DB02588,Beta-lactamase
map01501,K01467,eco:b4150,P00811,DB02627,Beta-lactamase
map01501,K01467,eco:b4150,P00811,DB02772,Beta-lactamase
map01501,K01467,eco:b4150,P00811,DB02797,Beta-lactamase
map01501,K01467,eco:b4150,P00811,DB02858,Beta-lactamase
map01501,K01467,eco:b4150,P00811,DB03140,Beta-lactamase
map01501,K01467,eco:b4150,P00811,DB03437,Beta-lactamase
map01501,K01467,eco:b4150,P00811,DB03530,Beta-lactamase
map01501,K01467,eco:b4150,P00811,DB03658,Beta-lactamase
map01501,K01467,eco:b4150,P00811,DB04035,Beta-lactamase
map01501,K01467,eco:b4150,P00811,DB04293,Beta-lactamase
map01501,K01467,eco:b4150,P00811,DB04360,Beta-lactamase
map01501,K01467,eco:b4150,P00811,DB06922,Beta-lactamase
map01501,K01467,eco:b4150,P00811,DB07057,Beta-lactamase
map01501,K01467,eco:b4150,P00811,DB07114,Beta-lactamase
map01501,K01467,eco:b4150,P00811,DB07541,Beta-lactamase
map01501,K01467,eco:b4150,P00811,DB07663,Beta-lactamase
map01501,K01467,eco:b4150,P00811,DB07803,Beta-lactamase
map01501,K01467,eco:b4150,P00811,DB07823,Beta-lactamase
map01501,K01467,eco:b4150,P00811,DB07824,Beta-lactamase
map01501,K01467,eco:b4150,P00811,DB07825,Beta-lactamase
map01501,K01467,eco:b4150,P00811,DB07850,Beta-lactamase
map01501,K01467,eco:b4150,P00811,DB07927,Beta-lactamase
map01501,K01467,eco:b4150,P00811,DB08306,Beta-lactamase
map01501,K01467,eco:b4150,P00811,DB08336,Beta-lactamase
map01501,K01467,eco:b4150,P00811,DB08337,Beta-lactamase
map01501,K01467,eco:b4150,P00811,DB08375,Beta-lactamase
map01501,K01467,eco:b4150,P00811,DB08551,Beta-lactamase
map01501,K01467,eco:b4150,P00811,DB08552,Beta-lactamase
map01501,K01467,eco:b4150,P00811,DB08573,Beta-lactamase
map01501,K01467,eco:b4150,P00811,DB08623,Beta-lactamase
map01501,K01467,eco:b4150,P00811,DB08731,Beta-lactamase
map01501,K03587,eco:b0084,P0AD68,DB00229,"Peptidoglycan D,D-transpeptidase FtsI"
map01501,K03587,eco:b0084,P0AD68,DB00267,"Peptidoglycan D,D-transpeptidase FtsI"
map01501,K03587,eco:b0084,P0AD68,DB00274,"Peptidoglycan D,D-transpeptidase FtsI"
map01501,K03587,eco:b0084,P0AD68,DB00303,"Peptidoglycan D,D-transpeptidase FtsI"
map01501,K03587,eco:b0084,P0AD68,DB00355,"Peptidoglycan D,D-transpeptidase FtsI"
map01501,K03587,eco:b0084,P0AD68,DB00430,"Peptidoglycan D,D-transpeptidase FtsI"
map01501,K03587,eco:b0084,P0AD68,DB00438,"Peptidoglycan D,D-transpeptidase FtsI"
map01501,K03587,eco:b0084,P0AD68,DB00948,"Peptidoglycan D,D-transpeptidase FtsI"
map01501,K03587,eco:b0084,P0AD68,DB01053,"Peptidoglycan D,D-transpeptidase FtsI"
map01501,K03587,eco:b0084,P0AD68,DB01327,"Peptidoglycan D,D-transpeptidase FtsI"
map01501,K03587,eco:b0084,P0AD68,DB01328,"Peptidoglycan D,D-transpeptidase FtsI"
map01501,K03587,eco:b0084,P0AD68,DB01329,"Peptidoglycan D,D-transpeptidase FtsI"
map01501,K03587,eco:b0084,P0AD68,DB01331,"Peptidoglycan D,D-transpeptidase FtsI"
map01501,K03587,eco:b0084,P0AD68,DB01413,"Peptidoglycan D,D-transpeptidase FtsI"
map01501,K03587,eco:b0084,P0AD68,DB01415,"Peptidoglycan D,D-transpeptidase FtsI"
map01501,K03587,eco:b0084,P0AD68,DB01416,"Peptidoglycan D,D-transpeptidase FtsI"
map01501,K03587,eco:b0084,P0AD68,DB03313,"Peptidoglycan D,D-transpeptidase FtsI"
map01501,K03587,eco:b0084,P0AD68,DB04570,"Peptidoglycan D,D-transpeptidase FtsI"
map01501,K03587,eco:b0084,P0AD68,DB04918,"Peptidoglycan D,D-transpeptidase FtsI"
map01501,K03587,eco:b0084,P0AD68,DB08375,"Peptidoglycan D,D-transpeptidase FtsI"
map01501,K03587,eco:b0084,P0AD68,DB16335,"Peptidoglycan D,D-transpeptidase FtsI"
map01501,K03587,eco:b0084,P0AD68,DB19710,"Peptidoglycan D,D-transpeptidase FtsI"
map01501,K03587,eco:b0084,P0AD68,DB00578,"Peptidoglycan D,D-transpeptidase FtsI"
map01501,K03587,eco:b0084,P0AD68,DB00671,"Peptidoglycan D,D-transpeptidase FtsI"
map01501,K03587,eco:b0084,P0AD68,DB01000,"Peptidoglycan D,D-transpeptidase FtsI"
map01501,K03587,eco:b0084,P0AD68,DB01602,"Peptidoglycan D,D-transpeptidase FtsI"
map01501,K03587,eco:b0084,P0AD68,DB06590,"Peptidoglycan D,D-transpeptidase FtsI"
map01501,K03587,eco:b0084,P0AD68,DB09050,"Peptidoglycan D,D-transpeptidase FtsI"
map01501,K03587,eco:b0084,P0AD68,DB09319,"Peptidoglycan D,D-transpeptidase FtsI"
map01501,K03587,eco:b0084,P0AD68,DB09320,"Peptidoglycan D,D-transpeptidase FtsI"
map01501,K03587,eco:b0084,P0AD68,DB13028,"Peptidoglycan D,D-transpeptidase FtsI"
map01501,K03587,eco:b0084,P0AD68,DB13470,"Peptidoglycan D,D-transpeptidase FtsI"
map01501,K03587,eco:b0084,P0AD68,DB13682,"Peptidoglycan D,D-transpeptidase FtsI"
map01501,K05366,eco:b3396,P02918,DB00274,Penicillin-binding protein 1A
map01501,K05366,eco:b3396,P02918,DB00303,Penicillin-binding protein 1A
map01501,K05366,eco:b3396,P02918,DB00430,Penicillin-binding protein 1A
map01501,K05366,eco:b3396,P02918,DB00438,Penicillin-binding protein 1A
map01501,K05366,eco:b3396,P02918,DB01053,Penicillin-binding protein 1A
map01501,K05366,eco:b3396,P02918,DB01327,Penicillin-binding protein 1A
map01501,K05366,eco:b3396,P02918,DB01328,Penicillin-binding protein 1A
map01501,K05366,eco:b3396,P02918,DB01329,Penicillin-binding protein 1A
map01501,K05366,eco:b3396,P02918,DB01331,Penicillin-binding protein 1A
map01501,K05366,eco:b3396,P02918,DB01332,Penicillin-binding protein 1A
map01501,K05366,eco:b3396,P02918,DB01333,Penicillin-binding protein 1A
map01501,K05366,eco:b3396,P02918,DB01413,Penicillin-binding protein 1A
map01501,K05366,eco:b3396,P02918,DB01414,Penicillin-binding protein 1A
map01501,K05366,eco:b3396,P02918,DB01415,Penicillin-binding protein 1A
map01501,K05366,eco:b3396,P02918,DB01598,Penicillin-binding protein 1A
map01501,K05366,eco:b3396,P02918,DB04570,Penicillin-binding protein 1A
map01501,K05366,eco:b3396,P02918,DB06211,Penicillin-binding protein 1A
map01501,K05366,eco:b3396,P02918,DB09062,Penicillin-binding protein 1A
map01501,K05366,eco:b3396,P02918,DB16335,Penicillin-binding protein 1A
map01501,K05366,eco:b3396,P02918,DB00578,Penicillin-binding protein 1A
map01501,K05366,eco:b3396,P02918,DB00671,Penicillin-binding protein 1A
map01501,K05366,eco:b3396,P02918,DB01000,Penicillin-binding protein 1A
map01501,K05366,eco:b3396,P02918,DB01602,Penicillin-binding protein 1A
map01501,K05366,eco:b3396,P02918,DB06590,Penicillin-binding protein 1A
map01501,K05366,eco:b3396,P02918,DB09050,Penicillin-binding protein 1A
map01501,K05366,eco:b3396,P02918,DB09319,Penicillin-binding protein 1A
map01501,K05366,eco:b3396,P02918,DB09320,Penicillin-binding protein 1A
map01501,K05366,eco:b3396,P02918,DB13028,Penicillin-binding protein 1A
map01501,K05366,eco:b3396,P02918,DB13470,Penicillin-binding protein 1A
map01501,K05366,eco:b3396,P02918,DB13682,Penicillin-binding protein 1A
map01501,K05515,eco:b0635,P0AD65,DB00303,"Peptidoglycan D,D-transpeptidase MrdA"
map01501,K05515,eco:b0635,P0AD65,DB00438,"Peptidoglycan D,D-transpeptidase MrdA"
map01501,K05515,eco:b0635,P0AD65,DB00671,"Peptidoglycan D,D-transpeptidase MrdA"
map01501,K05515,eco:b0635,P0AD65,DB00948,"Peptidoglycan D,D-transpeptidase MrdA"
map01501,K05515,eco:b0635,P0AD65,DB01163,"Peptidoglycan D,D-transpeptidase MrdA"
map01501,K05515,eco:b0635,P0AD65,DB01327,"Peptidoglycan D,D-transpeptidase MrdA"
map01501,K05515,eco:b0635,P0AD65,DB01328,"Peptidoglycan D,D-transpeptidase MrdA"
map01501,K05515,eco:b0635,P0AD65,DB01329,"Peptidoglycan D,D-transpeptidase MrdA"
map01501,K05515,eco:b0635,P0AD65,DB01413,"Peptidoglycan D,D-transpeptidase MrdA"
map01501,K05515,eco:b0635,P0AD65,DB01415,"Peptidoglycan D,D-transpeptidase MrdA"
map01501,K05515,eco:b0635,P0AD65,DB01598,"Peptidoglycan D,D-transpeptidase MrdA"
map01501,K05515,eco:b0635,P0AD65,DB06211,"Peptidoglycan D,D-transpeptidase MrdA"
map01501,K05515,eco:b0635,P0AD65,DB09050,"Peptidoglycan D,D-transpeptidase MrdA"
map01501,K05515,eco:b0635,P0AD65,DB16335,"Peptidoglycan D,D-transpeptidase MrdA"
map01501,K05515,eco:b0635,P0AD65,DB00578,"Peptidoglycan D,D-transpeptidase MrdA"
map01501,K05515,eco:b0635,P0AD65,DB01000,"Peptidoglycan D,D-transpeptidase MrdA"
map01501,K05515,eco:b0635,P0AD65,DB01602,"Peptidoglycan D,D-transpeptidase MrdA"
map01501,K05515,eco:b0635,P0AD65,DB06590,"Peptidoglycan D,D-transpeptidase MrdA"
map01501,K05515,eco:b0635,P0AD65,DB09319,"Peptidoglycan D,D-transpeptidase MrdA"
map01501,K05515,eco:b0635,P0AD65,DB09320,"Peptidoglycan D,D-transpeptidase MrdA"
map01501,K05515,eco:b0635,P0AD65,DB13028,"Peptidoglycan D,D-transpeptidase MrdA"
map01501,K05515,eco:b0635,P0AD65,DB13470,"Peptidoglycan D,D-transpeptidase MrdA"
map01501,K05515,eco:b0635,P0AD65,DB13682,"Peptidoglycan D,D-transpeptidase MrdA"
map01501,K09476,eco:b0929,P02931,DB04233,Outer membrane porin F
map01501,K09476,eco:b0929,P02931,DB07084,Outer membrane porin F
map01501,K12340,eco:b3035,P02930,DB03350,Outer membrane protein TolC
map01501,K18138,eco:b0462,P31224,DB03619,Multidrug efflux pump subunit AcrB
map01501,K18138,eco:b0462,P31224,DB03825,Multidrug efflux pump subunit AcrB
map00470,K01425,eco:b0485,P77454,DB01942,Glutaminase 1
map00470,K01586,eco:b2838,P00861,DB03252,Diaminopimelate decarboxylase
map00470,K01586,eco:b2838,P00861,DB03814,Diaminopimelate decarboxylase
map00470,K01921,eco:b0381,P0A6J8,DB00260,D-alanine--D-alanine ligase A
map00470,K01925,eco:b0088,P14900,DB01673,UDP-N-acetylmuramoylalanine--D-glutamate ligase
map00470,K01925,eco:b0088,P14900,DB02314,UDP-N-acetylmuramoylalanine--D-glutamate ligase
map00470,K01925,eco:b0088,P14900,DB03801,UDP-N-acetylmuramoylalanine--D-glutamate ligase
map00470,K01925,eco:b0088,P14900,DB08105,UDP-N-acetylmuramoylalanine--D-glutamate ligase
map00470,K01925,eco:b0088,P14900,DB08106,UDP-N-acetylmuramoylalanine--D-glutamate ligase
map00470,K01925,eco:b0088,P14900,DB08107,UDP-N-acetylmuramoylalanine--D-glutamate ligase
map00470,K01925,eco:b0088,P14900,DB08108,UDP-N-acetylmuramoylalanine--D-glutamate ligase
map00470,K01925,eco:b0088,P14900,DB08112,UDP-N-acetylmuramoylalanine--D-glutamate ligase
map00680,K01595,eco:b3956,P00864,DB04317,Phosphoenolpyruvate carboxylase
map00680,K01624,eco:b2925,P0AB71,DB03026,Fructose-bisphosphate aldolase class 2
map00680,K22015,eco:b4079,P07658,DB02345,Formate dehydrogenase H
map00710,K00134,eco:b1779,P0A9B2,DB02263,Glyceraldehyde-3-phosphate dehydrogenase A
map00710,K00134,eco:b1779,P0A9B2,DB03814,Glyceraldehyde-3-phosphate dehydrogenase A
map00710,K00615,eco:b2935,P27302,DB01987,Transketolase 1
map00710,K01595,eco:b3956,P00864,DB04317,Phosphoenolpyruvate carboxylase
map00710,K01624,eco:b2925,P0AB71,DB03026,Fructose-bisphosphate aldolase class 2
map00290,K00826,eco:b3770,P0AB80,DB01813,Branched-chain-amino-acid aminotransferase
map00290,K00826,eco:b3770,P0AB80,DB03553,Branched-chain-amino-acid aminotransferase
map00290,K00826,eco:b3770,P0AB80,DB03993,Branched-chain-amino-acid aminotransferase
map00290,K00826,eco:b3770,P0AB80,DB04063,Branched-chain-amino-acid aminotransferase
map00770,K00606,eco:b0134,P31057,DB03795,3-methyl-2-oxobutanoate hydroxymethyltransferase
map00770,K00826,eco:b3770,P0AB80,DB01813,Branched-chain-amino-acid aminotransferase
map00770,K00826,eco:b3770,P0AB80,DB03553,Branched-chain-amino-acid aminotransferase
map00770,K00826,eco:b3770,P0AB80,DB03993,Branched-chain-amino-acid aminotransferase
map00770,K00826,eco:b3770,P0AB80,DB04063,Branched-chain-amino-acid aminotransferase
map00770,K00859,eco:b0103,P0A6I9,DB01690,Dephospho-CoA kinase
map00770,K00867,eco:b3974,P0A6I3,DB01783,Pantothenate kinase
map00770,K00867,eco:b3974,P0A6I3,DB01992,Pantothenate kinase
map00770,K00867,eco:b3974,P0A6I3,DB04395,Pantothenate kinase
map00770,K13038,eco:b3639,P0ABQ0,DB02431,Coenzyme A biosynthesis bifunctional protein CoaBC
map00770,K13038,eco:b3639,P0ABQ0,DB03403,Coenzyme A biosynthesis bifunctional protein CoaBC
map00450,K00384,eco:b0888,P0A9P4,DB03147,Thioredoxin reductase
map00450,K01739,eco:b3939,P00935,DB04083,Cystathionine gamma-synthase
map00450,K01874,eco:b2114,P00959,DB02151,Methionine--tRNA ligase
map00450,K01874,eco:b2114,P00959,DB02229,Methionine--tRNA ligase
map00450,K01874,eco:b2114,P00959,DB03799,Methionine--tRNA ligase
map00450,K01874,eco:b2114,P00959,DB03816,Methionine--tRNA ligase
map00450,K01874,eco:b2114,P00959,DB04015,Methionine--tRNA ligase
map00450,K11717,eco:b1680,P77444,DB02345,Cysteine desulfurase
map00450,K11717,eco:b1680,P77444,DB02761,Cysteine desulfurase
map00450,K11717,eco:b1680,P77444,DB03049,Cysteine desulfurase
map00450,K11717,eco:b1680,P77444,DB04217,Cysteine desulfurase
map00920,K00380,eco:b2764,P38038,DB03147,Sulfite reductase [NADPH] flavoprotein alpha-component
map00920,K00380,eco:b2764,P38038,DB03461,Sulfite reductase [NADPH] flavoprotein alpha-component
map00920,K00381,eco:b2763,P17846,DB02832,Sulfite reductase [NADPH] hemoprotein beta-component
map00920,K01011,eco:b2521,P31142,DB02761,3-mercaptopyruvate sulfurtransferase
map00920,K01739,eco:b3939,P00935,DB04083,Cystathionine gamma-synthase
map00920,K03119,eco:b0368,P37610,DB01956,Alpha-ketoglutarate-dependent taurine dioxygenase
map00520,K00075,eco:b3972,P08373,DB03147,UDP-N-acetylenolpyruvoylglucosamine reductase
map00520,K00075,eco:b3972,P08373,DB07296,UDP-N-acetylenolpyruvoylglucosamine reductase
map00520,K00790,eco:b3189,P0A749,DB00828,UDP-N-acetylglucosamine 1-carboxyvinyltransferase
map00520,K00790,eco:b3189,P0A749,DB02435,UDP-N-acetylglucosamine 1-carboxyvinyltransferase
map00520,K00790,eco:b3189,P0A749,DB02995,UDP-N-acetylglucosamine 1-carboxyvinyltransferase
map00520,K00790,eco:b3189,P0A749,DB03397,UDP-N-acetylglucosamine 1-carboxyvinyltransferase
map00520,K00820,eco:b3729,P17169,DB02007,Glutamine--fructose-6-phosphate aminotransferase [isomerizing]
map00520,K00820,eco:b3729,P17169,DB02445,Glutamine--fructose-6-phosphate aminotransferase [isomerizing]
map00520,K00820,eco:b3729,P17169,DB02446,Glutamine--fructose-6-phosphate aminotransferase [isomerizing]
map00520,K00820,eco:b3729,P17169,DB02657,Glutamine--fructose-6-phosphate aminotransferase [isomerizing]
map00520,K00820,eco:b3729,P17169,DB03581,Glutamine--fructose-6-phosphate aminotransferase [isomerizing]
map00520,K00820,eco:b3729,P17169,DB03814,Glutamine--fructose-6-phosphate aminotransferase [isomerizing]
map00520,K00820,eco:b3729,P17169,DB14511,Glutamine--fructose-6-phosphate aminotransferase [isomerizing]
map00520,K00845,eco:b2388,P0A6V8,DB02379,Glucokinase
map00520,K00965,eco:b0758,P09148,DB01861,Galactose-1-phosphate uridylyltransferase
map00520,K00965,eco:b0758,P09148,DB03435,Galactose-1-phosphate uridylyltransferase
map00520,K00965,eco:b0758,P09148,DB03685,Galactose-1-phosphate uridylyltransferase
map00520,K01784,eco:b0759,P09147,DB01861,UDP-glucose 4-epimerase
map00520,K01784,eco:b0759,P09147,DB02421,UDP-glucose 4-epimerase
map00520,K01784,eco:b0759,P09147,DB02790,UDP-glucose 4-epimerase
map00520,K01784,eco:b0759,P09147,DB03397,UDP-glucose 4-epimerase
map00520,K01784,eco:b0759,P09147,DB03435,UDP-glucose 4-epimerase
map00520,K01784,eco:b0759,P09147,DB04097,UDP-glucose 4-epimerase
map00520,K01791,eco:b3786,P27828,DB02196,UDP-N-acetylglucosamine 2-epimerase
map00520,K01791,eco:b3786,P27828,DB03435,UDP-N-acetylglucosamine 2-epimerase
map00520,K01854,eco:b2036,P37747,DB03147,UDP-galactopyranose mutase
map00520,K02564,eco:b0678,P0A759,DB02445,Glucosamine-6-phosphate deaminase
map00520,K02564,eco:b0678,P0A759,DB03951,Glucosamine-6-phosphate deaminase
map00520,K04042,eco:b3730,P0ACC7,DB01992,Bifunctional protein GlmU
map00520,K04042,eco:b3730,P0ACC7,DB03397,Bifunctional protein GlmU
map00520,K04042,eco:b3730,P0ACC7,DB03814,Bifunctional protein GlmU
map01250,K00075,eco:b3972,P08373,DB03147,UDP-N-acetylenolpyruvoylglucosamine reductase
map01250,K00075,eco:b3972,P08373,DB07296,UDP-N-acetylenolpyruvoylglucosamine reductase
map01250,K00790,eco:b3189,P0A749,DB00828,UDP-N-acetylglucosamine 1-carboxyvinyltransferase
map01250,K00790,eco:b3189,P0A749,DB02435,UDP-N-acetylglucosamine 1-carboxyvinyltransferase
map01250,K00790,eco:b3189,P0A749,DB02995,UDP-N-acetylglucosamine 1-carboxyvinyltransferase
map01250,K00790,eco:b3189,P0A749,DB03397,UDP-N-acetylglucosamine 1-carboxyvinyltransferase
map01250,K00820,eco:b3729,P17169,DB02007,Glutamine--fructose-6-phosphate aminotransferase [isomerizing]
map01250,K00820,eco:b3729,P17169,DB02445,Glutamine--fructose-6-phosphate aminotransferase [isomerizing]
map01250,K00820,eco:b3729,P17169,DB02446,Glutamine--fructose-6-phosphate aminotransferase [isomerizing]
map01250,K00820,eco:b3729,P17169,DB02657,Glutamine--fructose-6-phosphate aminotransferase [isomerizing]
map01250,K00820,eco:b3729,P17169,DB03581,Glutamine--fructose-6-phosphate aminotransferase [isomerizing]
map01250,K00820,eco:b3729,P17169,DB03814,Glutamine--fructose-6-phosphate aminotransferase [isomerizing]
map01250,K00820,eco:b3729,P17169,DB14511,Glutamine--fructose-6-phosphate aminotransferase [isomerizing]
map01250,K00845,eco:b2388,P0A6V8,DB02379,Glucokinase
map01250,K00965,eco:b0758,P09148,DB01861,Galactose-1-phosphate uridylyltransferase
map01250,K00965,eco:b0758,P09148,DB03435,Galactose-1-phosphate uridylyltransferase
map01250,K00965,eco:b0758,P09148,DB03685,Galactose-1-phosphate uridylyltransferase
map01250,K01784,eco:b0759,P09147,DB01861,UDP-glucose 4-epimerase
map01250,K01784,eco:b0759,P09147,DB02421,UDP-glucose 4-epimerase
map01250,K01784,eco:b0759,P09147,DB02790,UDP-glucose 4-epimerase
map01250,K01784,eco:b0759,P09147,DB03397,UDP-glucose 4-epimerase
map01250,K01784,eco:b0759,P09147,DB03435,UDP-glucose 4-epimerase
map01250,K01784,eco:b0759,P09147,DB04097,UDP-glucose 4-epimerase
map01250,K01791,eco:b3786,P27828,DB02196,UDP-N-acetylglucosamine 2-epimerase
map01250,K01791,eco:b3786,P27828,DB03435,UDP-N-acetylglucosamine 2-epimerase
map01250,K01854,eco:b2036,P37747,DB03147,UDP-galactopyranose mutase
map01250,K02377,eco:b2052,P32055,DB02897,GDP-L-fucose synthase
map01250,K02377,eco:b2052,P32055,DB03461,GDP-L-fucose synthase
map01250,K03274,eco:b3619,P67910,DB01774,ADP-L-glycero-D-manno-heptose-6-epimerase
map01250,K03274,eco:b3619,P67910,DB03461,ADP-L-glycero-D-manno-heptose-6-epimerase
map01250,K04042,eco:b3730,P0ACC7,DB01992,Bifunctional protein GlmU
map01250,K04042,eco:b3730,P0ACC7,DB03397,Bifunctional protein GlmU
map01250,K04042,eco:b3730,P0ACC7,DB03814,Bifunctional protein GlmU
map01250,K10011,eco:b2255,P77398,DB03256,Bifunctional polymyxin resistance protein ArnA
map01250,K10011,eco:b2255,P77398,DB03685,Bifunctional polymyxin resistance protein ArnA
map00970,K00604,eco:b3288,P23882,DB04464,Methionyl-tRNA formyltransferase
map00970,K01866,eco:b1637,P0AGJ9,DB01758,Tyrosine--tRNA ligase
map00970,K01866,eco:b1637,P0AGJ9,DB03325,Tyrosine--tRNA ligase
map00970,K01874,eco:b2114,P00959,DB02151,Methionine--tRNA ligase
map00970,K01874,eco:b2114,P00959,DB02229,Methionine--tRNA ligase
map00970,K01874,eco:b2114,P00959,DB03799,Methionine--tRNA ligase
map00970,K01874,eco:b2114,P00959,DB03816,Methionine--tRNA ligase
map00970,K01874,eco:b2114,P00959,DB04015,Methionine--tRNA ligase
map00970,K01892,eco:b2514,P60906,DB03811,Histidine--tRNA ligase
map00970,K01892,eco:b2514,P60906,DB04201,Histidine--tRNA ligase
map03010,K02878,eco:b3313,P0ADY7,DB00446,Large ribosomal subunit protein uL16
map03010,K02926,eco:b3319,P60723,DB13179,Large ribosomal subunit protein uL4
map03010,K02946,eco:b3321,P0A7R5,DB00698,Small ribosomal subunit protein uS10
map03010,K02950,eco:b3342,P0A7S3,DB00452,Small ribosomal subunit protein uS12
map03010,K02950,eco:b3342,P0A7S3,DB00479,Small ribosomal subunit protein uS12
map03010,K02950,eco:b3342,P0A7S3,DB00560,Small ribosomal subunit protein uS12
map03010,K02950,eco:b3342,P0A7S3,DB00798,Small ribosomal subunit protein uS12
map03010,K02950,eco:b3342,P0A7S3,DB00919,Small ribosomal subunit protein uS12
map03010,K02950,eco:b3342,P0A7S3,DB00955,Small ribosomal subunit protein uS12
map03010,K02950,eco:b3342,P0A7S3,DB00994,Small ribosomal subunit protein uS12
map03010,K02950,eco:b3342,P0A7S3,DB01082,Small ribosomal subunit protein uS12
map03010,K02950,eco:b3342,P0A7S3,DB01172,Small ribosomal subunit protein uS12
map03010,K02950,eco:b3342,P0A7S3,DB03615,Small ribosomal subunit protein uS12
map03010,K02950,eco:b3342,P0A7S3,DB04729,Small ribosomal subunit protein uS12
map03010,K02950,eco:b3342,P0A7S3,DB06696,Small ribosomal subunit protein uS12
map03010,K02952,eco:b3298,P0A7S9,DB00560,Small ribosomal subunit protein uS13
map03010,K02954,eco:b3307,P0AG59,DB00560,Small ribosomal subunit protein uS14
map03010,K02954,eco:b3307,P0AG59,DB00759,Small ribosomal subunit protein uS14
map03010,K02954,eco:b3307,P0AG59,DB09093,Small ribosomal subunit protein uS14
map03010,K02954,eco:b3307,P0AG59,DB12455,Small ribosomal subunit protein uS14
map03010,K02954,eco:b3307,P0AG59,DB12615,Small ribosomal subunit protein uS14
map03010,K02965,eco:b3316,P0A7U3,DB00560,Small ribosomal subunit protein uS19
map03010,K02965,eco:b3316,P0A7U3,DB00759,Small ribosomal subunit protein uS19
map03010,K02965,eco:b3316,P0A7U3,DB09093,Small ribosomal subunit protein uS19
map03010,K02965,eco:b3316,P0A7U3,DB12455,Small ribosomal subunit protein uS19
map03010,K02982,eco:b3314,P0A7V3,DB00759,Small ribosomal subunit protein uS3
map03010,K02982,eco:b3314,P0A7V3,DB09093,Small ribosomal subunit protein uS3
map03010,K02982,eco:b3314,P0A7V3,DB12455,Small ribosomal subunit protein uS3
map03010,K02986,eco:b3296,P0A7V8,DB00256,Small ribosomal subunit protein uS4
map03010,K02986,eco:b3296,P0A7V8,DB00453,Small ribosomal subunit protein uS4
map03010,K02986,eco:b3296,P0A7V8,DB00595,Small ribosomal subunit protein uS4
map03010,K02986,eco:b3296,P0A7V8,DB01017,Small ribosomal subunit protein uS4
map03010,K02986,eco:b3296,P0A7V8,DB12329,Small ribosomal subunit protein uS4
map03010,K02992,eco:b3341,P02359,DB00759,Small ribosomal subunit protein uS7
map03010,K02992,eco:b3341,P02359,DB09093,Small ribosomal subunit protein uS7
map03010,K02992,eco:b3341,P02359,DB12455,Small ribosomal subunit protein uS7
map03010,K02992,eco:b3341,P02359,DB13092,Small ribosomal subunit protein uS7
map03010,K02994,eco:b3306,P0A7W7,DB00759,Small ribosomal subunit protein uS8
map03010,K02994,eco:b3306,P0A7W7,DB09093,Small ribosomal subunit protein uS8
map03010,K02994,eco:b3306,P0A7W7,DB12455,Small ribosomal subunit protein uS8
map03010,K02996,eco:b3230,P0A7X3,DB00453,Small ribosomal subunit protein uS9
map03010,K02996,eco:b3230,P0A7X3,DB00560,Small ribosomal subunit protein uS9
map03010,K02996,eco:b3230,P0A7X3,DB00595,Small ribosomal subunit protein uS9
map03010,K02996,eco:b3230,P0A7X3,DB01017,Small ribosomal subunit protein uS9
map03010,K02996,eco:b3230,P0A7X3,DB01301,Small ribosomal subunit protein uS9
map02010,K02002,eco:b2679,P0AFM2,DB04284,Glycine betaine/proline betaine-binding periplasmic protein
map02010,K02002,eco:b2679,P0AFM2,DB04455,Glycine betaine/proline betaine-binding periplasmic protein
map02010,K02040,eco:b3728,P0AG82,DB02799,Phosphate-binding protein PstS
map02010,K02040,eco:b3728,P0AG82,DB02831,Phosphate-binding protein PstS
map02010,K10108,eco:b4034,P0AEX9,DB02379,Maltose/maltodextrin-binding periplasmic protein
map02010,K10108,eco:b4034,P0AEX9,DB03323,Maltose/maltodextrin-binding periplasmic protein
map02010,K10108,eco:b4034,P0AEX9,DB03995,Maltose/maltodextrin-binding periplasmic protein
map02010,K10108,eco:b4034,P0AEX9,DB04530,Maltose/maltodextrin-binding periplasmic protein
map02010,K10108,eco:b4034,P0AEX9,DB08227,Maltose/maltodextrin-binding periplasmic protein
map02010,K10439,eco:b3751,P02925,DB04286,Ribose import binding protein RbsB
map02010,K10537,eco:b1901,P02924,DB03142,L-arabinose-binding periplasmic protein
map02010,K10537,eco:b1901,P02924,DB03246,L-arabinose-binding periplasmic protein
map02010,K10537,eco:b1901,P02924,DB03485,L-arabinose-binding periplasmic protein
map02010,K10537,eco:b1901,P02924,DB04062,L-arabinose-binding periplasmic protein
map02010,K10540,eco:b2150,P0AEE5,DB02379,D-galactose/methyl-galactoside binding periplasmic protein MglB
map02010,K10549,eco:b4088,P39265,DB03989,D-allose-binding periplasmic protein
map02010,K11069,eco:b1123,P0AFK9,DB03566,Spermidine/putrescine-binding periplasmic protein
map02010,K11073,eco:b0854,P31133,DB01917,Putrescine-binding periplasmic protein PotF
map02010,K15584,eco:b3476,P33590,DB03374,Nickel-binding periplasmic protein
map02010,K23227,eco:b0152,P07822,DB01747,Iron(3+)-hydroxamate-binding protein FhuD
map02010,K23227,eco:b0152,P07822,DB02724,Iron(3+)-hydroxamate-binding protein FhuD
map02010,K23227,eco:b0152,P07822,DB03436,Iron(3+)-hydroxamate-binding protein FhuD
map02010,K23227,eco:b0152,P07822,DB13949,Iron(3+)-hydroxamate-binding protein FhuD
map02010,K23227,eco:b0152,P07822,DB14520,Iron(3+)-hydroxamate-binding protein FhuD
map00550,K00075,eco:b3972,P08373,DB03147,UDP-N-acetylenolpyruvoylglucosamine reductase
map00550,K00075,eco:b3972,P08373,DB07296,UDP-N-acetylenolpyruvoylglucosamine reductase
map00550,K00790,eco:b3189,P0A749,DB00828,UDP-N-acetylglucosamine 1-carboxyvinyltransferase
map00550,K00790,eco:b3189,P0A749,DB02435,UDP-N-acetylglucosamine 1-carboxyvinyltransferase
map00550,K00790,eco:b3189,P0A749,DB02995,UDP-N-acetylglucosamine 1-carboxyvinyltransferase
map00550,K00790,eco:b3189,P0A749,DB03397,UDP-N-acetylglucosamine 1-carboxyvinyltransferase
map00550,K00806,eco:b0174,P60472,DB04695,"Ditrans,polycis-undecaprenyl-diphosphate synthase ((2E,6E)-farnesyl-diphosphate specific)"
map00550,K00806,eco:b0174,P60472,DB04714,"Ditrans,polycis-undecaprenyl-diphosphate synthase ((2E,6E)-farnesyl-diphosphate specific)"
map00550,K00806,eco:b0174,P60472,DB07404,"Ditrans,polycis-undecaprenyl-diphosphate synthase ((2E,6E)-farnesyl-diphosphate specific)"
map00550,K00806,eco:b0174,P60472,DB07409,"Ditrans,polycis-undecaprenyl-diphosphate synthase ((2E,6E)-farnesyl-diphosphate specific)"
map00550,K00806,eco:b0174,P60472,DB07410,"Ditrans,polycis-undecaprenyl-diphosphate synthase ((2E,6E)-farnesyl-diphosphate specific)"
map00550,K00806,eco:b0174,P60472,DB07426,"Ditrans,polycis-undecaprenyl-diphosphate synthase ((2E,6E)-farnesyl-diphosphate specific)"
map00550,K00806,eco:b0174,P60472,DB07780,"Ditrans,polycis-undecaprenyl-diphosphate synthase ((2E,6E)-farnesyl-diphosphate specific)"
map00550,K01921,eco:b0381,P0A6J8,DB00260,D-alanine--D-alanine ligase A
map00550,K01925,eco:b0088,P14900,DB01673,UDP-N-acetylmuramoylalanine--D-glutamate ligase
map00550,K01925,eco:b0088,P14900,DB02314,UDP-N-acetylmuramoylalanine--D-glutamate ligase
map00550,K01925,eco:b0088,P14900,DB03801,UDP-N-acetylmuramoylalanine--D-glutamate ligase
map00550,K01925,eco:b0088,P14900,DB08105,UDP-N-acetylmuramoylalanine--D-glutamate ligase
map00550,K01925,eco:b0088,P14900,DB08106,UDP-N-acetylmuramoylalanine--D-glutamate ligase
map00550,K01925,eco:b0088,P14900,DB08107,UDP-N-acetylmuramoylalanine--D-glutamate ligase
map00550,K01925,eco:b0088,P14900,DB08108,UDP-N-acetylmuramoylalanine--D-glutamate ligase
map00550,K01925,eco:b0088,P14900,DB08112,UDP-N-acetylmuramoylalanine--D-glutamate ligase
map00550,K01928,eco:b0085,P22188,DB02314,"UDP-N-acetylmuramoyl-L-alanyl-D-glutamate--2,6-diaminopimelate ligase"
map00550,K01928,eco:b0085,P22188,DB03590,"UDP-N-acetylmuramoyl-L-alanyl-D-glutamate--2,6-diaminopimelate ligase"
map00550,K01928,eco:b0085,P22188,DB03801,"UDP-N-acetylmuramoyl-L-alanyl-D-glutamate--2,6-diaminopimelate ligase"
map00550,K02563,eco:b0090,P17443,DB02196,UDP-N-acetylglucosamine--N-acetylmuramyl-(pentapeptide) pyrophosphoryl-undecaprenol N-acetylglucosamine transferase
map00550,K03587,eco:b0084,P0AD68,DB00229,"Peptidoglycan D,D-transpeptidase FtsI"
map00550,K03587,eco:b0084,P0AD68,DB00267,"Peptidoglycan D,D-transpeptidase FtsI"
map00550,K03587,eco:b0084,P0AD68,DB00274,"Peptidoglycan D,D-transpeptidase FtsI"
map00550,K03587,eco:b0084,P0AD68,DB00303,"Peptidoglycan D,D-transpeptidase FtsI"
map00550,K03587,eco:b0084,P0AD68,DB00355,"Peptidoglycan D,D-transpeptidase FtsI"
map00550,K03587,eco:b0084,P0AD68,DB00430,"Peptidoglycan D,D-transpeptidase FtsI"
map00550,K03587,eco:b0084,P0AD68,DB00438,"Peptidoglycan D,D-transpeptidase FtsI"
map00550,K03587,eco:b0084,P0AD68,DB00948,"Peptidoglycan D,D-transpeptidase FtsI"
map00550,K03587,eco:b0084,P0AD68,DB01053,"Peptidoglycan D,D-transpeptidase FtsI"
map00550,K03587,eco:b0084,P0AD68,DB01327,"Peptidoglycan D,D-transpeptidase FtsI"
map00550,K03587,eco:b0084,P0AD68,DB01328,"Peptidoglycan D,D-transpeptidase FtsI"
map00550,K03587,eco:b0084,P0AD68,DB01329,"Peptidoglycan D,D-transpeptidase FtsI"
map00550,K03587,eco:b0084,P0AD68,DB01331,"Peptidoglycan D,D-transpeptidase FtsI"
map00550,K03587,eco:b0084,P0AD68,DB01413,"Peptidoglycan D,D-transpeptidase FtsI"
map00550,K03587,eco:b0084,P0AD68,DB01415,"Peptidoglycan D,D-transpeptidase FtsI"
map00550,K03587,eco:b0084,P0AD68,DB01416,"Peptidoglycan D,D-transpeptidase FtsI"
map00550,K03587,eco:b0084,P0AD68,DB03313,"Peptidoglycan D,D-transpeptidase FtsI"
map00550,K03587,eco:b0084,P0AD68,DB04570,"Peptidoglycan D,D-transpeptidase FtsI"
map00550,K03587,eco:b0084,P0AD68,DB04918,"Peptidoglycan D,D-transpeptidase FtsI"
map00550,K03587,eco:b0084,P0AD68,DB08375,"Peptidoglycan D,D-transpeptidase FtsI"
map00550,K03587,eco:b0084,P0AD68,DB16335,"Peptidoglycan D,D-transpeptidase FtsI"
map00550,K03587,eco:b0084,P0AD68,DB19710,"Peptidoglycan D,D-transpeptidase FtsI"
map00550,K03587,eco:b0084,P0AD68,DB00578,"Peptidoglycan D,D-transpeptidase FtsI"
map00550,K03587,eco:b0084,P0AD68,DB00671,"Peptidoglycan D,D-transpeptidase FtsI"
map00550,K03587,eco:b0084,P0AD68,DB01000,"Peptidoglycan D,D-transpeptidase FtsI"
map00550,K03587,eco:b0084,P0AD68,DB01602,"Peptidoglycan D,D-transpeptidase FtsI"
map00550,K03587,eco:b0084,P0AD68,DB06590,"Peptidoglycan D,D-transpeptidase FtsI"
map00550,K03587,eco:b0084,P0AD68,DB09050,"Peptidoglycan D,D-transpeptidase FtsI"
map00550,K03587,eco:b0084,P0AD68,DB09319,"Peptidoglycan D,D-transpeptidase FtsI"
map00550,K03587,eco:b0084,P0AD68,DB09320,"Peptidoglycan D,D-transpeptidase FtsI"
map00550,K03587,eco:b0084,P0AD68,DB13028,"Peptidoglycan D,D-transpeptidase FtsI"
map00550,K03587,eco:b0084,P0AD68,DB13470,"Peptidoglycan D,D-transpeptidase FtsI"
map00550,K03587,eco:b0084,P0AD68,DB13682,"Peptidoglycan D,D-transpeptidase FtsI"
map00550,K05365,eco:b0149,P02919,DB00274,Penicillin-binding protein 1B
map00550,K05365,eco:b0149,P02919,DB00303,Penicillin-binding protein 1B
map00550,K05365,eco:b0149,P02919,DB00430,Penicillin-binding protein 1B
map00550,K05365,eco:b0149,P02919,DB00438,Penicillin-binding protein 1B
map00550,K05365,eco:b0149,P02919,DB00689,Penicillin-binding protein 1B
map00550,K05365,eco:b0149,P02919,DB01053,Penicillin-binding protein 1B
map00550,K05365,eco:b0149,P02919,DB01327,Penicillin-binding protein 1B
map00550,K05365,eco:b0149,P02919,DB01328,Penicillin-binding protein 1B
map00550,K05365,eco:b0149,P02919,DB01329,Penicillin-binding protein 1B
map00550,K05365,eco:b0149,P02919,DB01331,Penicillin-binding protein 1B
map00550,K05365,eco:b0149,P02919,DB01332,Penicillin-binding protein 1B
map00550,K05365,eco:b0149,P02919,DB01413,Penicillin-binding protein 1B
map00550,K05365,eco:b0149,P02919,DB01414,Penicillin-binding protein 1B
map00550,K05365,eco:b0149,P02919,DB01415,Penicillin-binding protein 1B
map00550,K05365,eco:b0149,P02919,DB01598,Penicillin-binding protein 1B
map00550,K05365,eco:b0149,P02919,DB04570,Penicillin-binding protein 1B
map00550,K05365,eco:b0149,P02919,DB06211,Penicillin-binding protein 1B
map00550,K05365,eco:b0149,P02919,DB09062,Penicillin-binding protein 1B
map00550,K05365,eco:b0149,P02919,DB11367,Penicillin-binding protein 1B
map00550,K05365,eco:b0149,P02919,DB16335,Penicillin-binding protein 1B
map00550,K05365,eco:b0149,P02919,DB00578,Penicillin-binding protein 1B
map00550,K05365,eco:b0149,P02919,DB00671,Penicillin-binding protein 1B
map00550,K05365,eco:b0149,P02919,DB01000,Penicillin-binding protein 1B
map00550,K05365,eco:b0149,P02919,DB01602,Penicillin-binding protein 1B
map00550,K05365,eco:b0149,P02919,DB06590,Penicillin-binding protein 1B
map00550,K05365,eco:b0149,P02919,DB09050,Penicillin-binding protein 1B
map00550,K05365,eco:b0149,P02919,DB09319,Penicillin-binding protein 1B
map00550,K05365,eco:b0149,P02919,DB09320,Penicillin-binding protein 1B
map00550,K05365,eco:b0149,P02919,DB13028,Penicillin-binding protein 1B
map00550,K05365,eco:b0149,P02919,DB13470,Penicillin-binding protein 1B
map00550,K05365,eco:b0149,P02919,DB13682,Penicillin-binding protein 1B
map00550,K05366,eco:b3396,P02918,DB00274,Penicillin-binding protein 1A
map00550,K05366,eco:b3396,P02918,DB00303,Penicillin-binding protein 1A
map00550,K05366,eco:b3396,P02918,DB00430,Penicillin-binding protein 1A
map00550,K05366,eco:b3396,P02918,DB00438,Penicillin-binding protein 1A
map00550,K05366,eco:b3396,P02918,DB01053,Penicillin-binding protein 1A
map00550,K05366,eco:b3396,P02918,DB01327,Penicillin-binding protein 1A
map00550,K05366,eco:b3396,P02918,DB01328,Penicillin-binding protein 1A
map00550,K05366,eco:b3396,P02918,DB01329,Penicillin-binding protein 1A
map00550,K05366,eco:b3396,P02918,DB01331,Penicillin-binding protein 1A
map00550,K05366,eco:b3396,P02918,DB01332,Penicillin-binding protein 1A
map00550,K05366,eco:b3396,P02918,DB01333,Penicillin-binding protein 1A
map00550,K05366,eco:b3396,P02918,DB01413,Penicillin-binding protein 1A
map00550,K05366,eco:b3396,P02918,DB01414,Penicillin-binding protein 1A
map00550,K05366,eco:b3396,P02918,DB01415,Penicillin-binding protein 1A
map00550,K05366,eco:b3396,P02918,DB01598,Penicillin-binding protein 1A
map00550,K05366,eco:b3396,P02918,DB04570,Penicillin-binding protein 1A
map00550,K05366,eco:b3396,P02918,DB06211,Penicillin-binding protein 1A
map00550,K05366,eco:b3396,P02918,DB09062,Penicillin-binding protein 1A
map00550,K05366,eco:b3396,P02918,DB16335,Penicillin-binding protein 1A
map00550,K05366,eco:b3396,P02918,DB00578,Penicillin-binding protein 1A
map00550,K05366,eco:b3396,P02918,DB00671,Penicillin-binding protein 1A
map00550,K05366,eco:b3396,P02918,DB01000,Penicillin-binding protein 1A
map00550,K05366,eco:b3396,P02918,DB01602,Penicillin-binding protein 1A
map00550,K05366,eco:b3396,P02918,DB06590,Penicillin-binding protein 1A
map00550,K05366,eco:b3396,P02918,DB09050,Penicillin-binding protein 1A
map00550,K05366,eco:b3396,P02918,DB09319,Penicillin-binding protein 1A
map00550,K05366,eco:b3396,P02918,DB09320,Penicillin-binding protein 1A
map00550,K05366,eco:b3396,P02918,DB13028,Penicillin-binding protein 1A
map00550,K05366,eco:b3396,P02918,DB13470,Penicillin-binding protein 1A
map00550,K05366,eco:b3396,P02918,DB13682,Penicillin-binding protein 1A
map00550,K05367,eco:b2519,P76577,DB01053,Penicillin-binding protein 1C
map00550,K05367,eco:b2519,P76577,DB01327,Penicillin-binding protein 1C
map00550,K05367,eco:b2519,P76577,DB09050,Penicillin-binding protein 1C
map00550,K05515,eco:b0635,P0AD65,DB00303,"Peptidoglycan D,D-transpeptidase MrdA"
map00550,K05515,eco:b0635,P0AD65,DB00438,"Peptidoglycan D,D-transpeptidase MrdA"
map00550,K05515,eco:b0635,P0AD65,DB00671,"Peptidoglycan D,D-transpeptidase MrdA"
map00550,K05515,eco:b0635,P0AD65,DB00948,"Peptidoglycan D,D-transpeptidase MrdA"
map00550,K05515,eco:b0635,P0AD65,DB01163,"Peptidoglycan D,D-transpeptidase MrdA"
map00550,K05515,eco:b0635,P0AD65,DB01327,"Peptidoglycan D,D-transpeptidase MrdA"
map00550,K05515,eco:b0635,P0AD65,DB01328,"Peptidoglycan D,D-transpeptidase MrdA"
map00550,K05515,eco:b0635,P0AD65,DB01329,"Peptidoglycan D,D-transpeptidase MrdA"
map00550,K05515,eco:b0635,P0AD65,DB01413,"Peptidoglycan D,D-transpeptidase MrdA"
map00550,K05515,eco:b0635,P0AD65,DB01415,"Peptidoglycan D,D-transpeptidase MrdA"
map00550,K05515,eco:b0635,P0AD65,DB01598,"Peptidoglycan D,D-transpeptidase MrdA"
map00550,K05515,eco:b0635,P0AD65,DB06211,"Peptidoglycan D,D-transpeptidase MrdA"
map00550,K05515,eco:b0635,P0AD65,DB09050,"Peptidoglycan D,D-transpeptidase MrdA"
map00550,K05515,eco:b0635,P0AD65,DB16335,"Peptidoglycan D,D-transpeptidase MrdA"
map00550,K05515,eco:b0635,P0AD65,DB00578,"Peptidoglycan D,D-transpeptidase MrdA"
map00550,K05515,eco:b0635,P0AD65,DB01000,"Peptidoglycan D,D-transpeptidase MrdA"
map00550,K05515,eco:b0635,P0AD65,DB01602,"Peptidoglycan D,D-transpeptidase MrdA"
map00550,K05515,eco:b0635,P0AD65,DB06590,"Peptidoglycan D,D-transpeptidase MrdA"
map00550,K05515,eco:b0635,P0AD65,DB09319,"Peptidoglycan D,D-transpeptidase MrdA"
map00550,K05515,eco:b0635,P0AD65,DB09320,"Peptidoglycan D,D-transpeptidase MrdA"
map00550,K05515,eco:b0635,P0AD65,DB13028,"Peptidoglycan D,D-transpeptidase MrdA"
map00550,K05515,eco:b0635,P0AD65,DB13470,"Peptidoglycan D,D-transpeptidase MrdA"
map00550,K05515,eco:b0635,P0AD65,DB13682,"Peptidoglycan D,D-transpeptidase MrdA"
map00550,K07258,eco:b0632,P0AEB2,DB00274,D-alanyl-D-alanine carboxypeptidase DacA
map00550,K07258,eco:b0632,P0AEB2,DB01147,D-alanyl-D-alanine carboxypeptidase DacA
map00550,K07258,eco:b0632,P0AEB2,DB01329,D-alanyl-D-alanine carboxypeptidase DacA
map00550,K07258,eco:b0632,P0AEB2,DB01331,D-alanyl-D-alanine carboxypeptidase DacA
map00550,K07258,eco:b0632,P0AEB2,DB04647,D-alanyl-D-alanine carboxypeptidase DacA
map00550,K07258,eco:b0632,P0AEB2,DB16335,D-alanyl-D-alanine carboxypeptidase DacA
map00550,K07258,eco:b0632,P0AEB2,DB00578,D-alanyl-D-alanine carboxypeptidase DacA
map00550,K07258,eco:b0632,P0AEB2,DB00671,D-alanyl-D-alanine carboxypeptidase DacA
map00550,K07258,eco:b0632,P0AEB2,DB01000,D-alanyl-D-alanine carboxypeptidase DacA
map00550,K07258,eco:b0632,P0AEB2,DB01602,D-alanyl-D-alanine carboxypeptidase DacA
map00550,K07258,eco:b0632,P0AEB2,DB06590,D-alanyl-D-alanine carboxypeptidase DacA
map00550,K07258,eco:b0632,P0AEB2,DB09050,D-alanyl-D-alanine carboxypeptidase DacA
map00550,K07258,eco:b0632,P0AEB2,DB09319,D-alanyl-D-alanine carboxypeptidase DacA
map00550,K07258,eco:b0632,P0AEB2,DB09320,D-alanyl-D-alanine carboxypeptidase DacA
map00550,K07258,eco:b0632,P0AEB2,DB13028,D-alanyl-D-alanine carboxypeptidase DacA
map00550,K07258,eco:b0632,P0AEB2,DB13470,D-alanyl-D-alanine carboxypeptidase DacA
map00550,K07258,eco:b0632,P0AEB2,DB13682,D-alanyl-D-alanine carboxypeptidase DacA
map00550,K07258,eco:b0839,P08506,DB00274,D-alanyl-D-alanine carboxypeptidase DacC
map00550,K07258,eco:b0839,P08506,DB00303,D-alanyl-D-alanine carboxypeptidase DacC
map00550,K07258,eco:b0839,P08506,DB00430,D-alanyl-D-alanine carboxypeptidase DacC
map00550,K07258,eco:b0839,P08506,DB01329,D-alanyl-D-alanine carboxypeptidase DacC
map00550,K07258,eco:b0839,P08506,DB01331,D-alanyl-D-alanine carboxypeptidase DacC
map00550,K07258,eco:b0839,P08506,DB01332,D-alanyl-D-alanine carboxypeptidase DacC
map00550,K07258,eco:b0839,P08506,DB16335,D-alanyl-D-alanine carboxypeptidase DacC
map00550,K07258,eco:b0839,P08506,DB00578,D-alanyl-D-alanine carboxypeptidase DacC
map00550,K07258,eco:b0839,P08506,DB00671,D-alanyl-D-alanine carboxypeptidase DacC
map00550,K07258,eco:b0839,P08506,DB01000,D-alanyl-D-alanine carboxypeptidase DacC
map00550,K07258,eco:b0839,P08506,DB01602,D-alanyl-D-alanine carboxypeptidase DacC
map00550,K07258,eco:b0839,P08506,DB06590,D-alanyl-D-alanine carboxypeptidase DacC
map00550,K07258,eco:b0839,P08506,DB09050,D-alanyl-D-alanine carboxypeptidase DacC
map00550,K07258,eco:b0839,P08506,DB09319,D-alanyl-D-alanine carboxypeptidase DacC
map00550,K07258,eco:b0839,P08506,DB09320,D-alanyl-D-alanine carboxypeptidase DacC
map00550,K07258,eco:b0839,P08506,DB13028,D-alanyl-D-alanine carboxypeptidase DacC
map00550,K07258,eco:b0839,P08506,DB13470,D-alanyl-D-alanine carboxypeptidase DacC
map00550,K07258,eco:b0839,P08506,DB13682,D-alanyl-D-alanine carboxypeptidase DacC
map00550,K07259,eco:b3182,P24228,DB00303,D-alanyl-D-alanine carboxypeptidase DacB
map00550,K07259,eco:b3182,P24228,DB00417,D-alanyl-D-alanine carboxypeptidase DacB
map00550,K07259,eco:b3182,P24228,DB00760,D-alanyl-D-alanine carboxypeptidase DacB
map00550,K07259,eco:b3182,P24228,DB01328,D-alanyl-D-alanine carboxypeptidase DacB
map00550,K07259,eco:b3182,P24228,DB01329,D-alanyl-D-alanine carboxypeptidase DacB
map00550,K07259,eco:b3182,P24228,DB01331,D-alanyl-D-alanine carboxypeptidase DacB
map00550,K07259,eco:b3182,P24228,DB04570,D-alanyl-D-alanine carboxypeptidase DacB
map00550,K07259,eco:b3182,P24228,DB14879,D-alanyl-D-alanine carboxypeptidase DacB
map00550,K07259,eco:b3182,P24228,DB16335,D-alanyl-D-alanine carboxypeptidase DacB
map00550,K07259,eco:b3182,P24228,DB00578,D-alanyl-D-alanine carboxypeptidase DacB
map00550,K07259,eco:b3182,P24228,DB00671,D-alanyl-D-alanine carboxypeptidase DacB
map00550,K07259,eco:b3182,P24228,DB01000,D-alanyl-D-alanine carboxypeptidase DacB
map00550,K07259,eco:b3182,P24228,DB01602,D-alanyl-D-alanine carboxypeptidase DacB
map00550,K07259,eco:b3182,P24228,DB06590,D-alanyl-D-alanine carboxypeptidase DacB
map00550,K07259,eco:b3182,P24228,DB09050,D-alanyl-D-alanine carboxypeptidase DacB
map00550,K07259,eco:b3182,P24228,DB09319,D-alanyl-D-alanine carboxypeptidase DacB
map00550,K07259,eco:b3182,P24228,DB09320,D-alanyl-D-alanine carboxypeptidase DacB
map00550,K07259,eco:b3182,P24228,DB13028,D-alanyl-D-alanine carboxypeptidase DacB
map00550,K07259,eco:b3182,P24228,DB13470,D-alanyl-D-alanine carboxypeptidase DacB
map00550,K07259,eco:b3182,P24228,DB13682,D-alanyl-D-alanine carboxypeptidase DacB
map02030,K03413,eco:b1882,P0AE67,DB02461,Chemotaxis protein CheY
map02030,K03413,eco:b1882,P0AE67,DB03487,Chemotaxis protein CheY
map02030,K03413,eco:b1882,P0AE67,DB04156,Chemotaxis protein CheY
map02030,K10108,eco:b4034,P0AEX9,DB02379,Maltose/maltodextrin-binding periplasmic protein
map02030,K10108,eco:b4034,P0AEX9,DB03323,Maltose/maltodextrin-binding periplasmic protein
map02030,K10108,eco:b4034,P0AEX9,DB03995,Maltose/maltodextrin-binding periplasmic protein
map02030,K10108,eco:b4034,P0AEX9,DB04530,Maltose/maltodextrin-binding periplasmic protein
map02030,K10108,eco:b4034,P0AEX9,DB08227,Maltose/maltodextrin-binding periplasmic protein
map02030,K10439,eco:b3751,P02925,DB04286,Ribose import binding protein RbsB
map02030,K10540,eco:b2150,P0AEE5,DB02379,D-galactose/methyl-galactoside binding periplasmic protein MglB
map01503,K03673,eco:b3860,P0AEG4,DB08689,Thiol:disulfide interchange protein DsbA
map01503,K03767,eco:b3363,P0AFL3,DB08168,Peptidyl-prolyl cis-trans isomerase A
map01503,K07637,eco:b1129,P23837,DB04395,Sensor protein PhoQ
map01503,K10011,eco:b2255,P77398,DB03256,Bifunctional polymyxin resistance protein ArnA
map01503,K10011,eco:b2255,P77398,DB03685,Bifunctional polymyxin resistance protein ArnA
map01503,K12340,eco:b3035,P02930,DB03350,Outer membrane protein TolC
map01503,K12973,eco:b0622,P37001,DB03967,Lipid A palmitoyltransferase PagP
map01503,K12973,eco:b0622,P37001,DB04147,Lipid A palmitoyltransferase PagP
map01503,K18138,eco:b0462,P31224,DB03619,Multidrug efflux pump subunit AcrB
map01503,K18138,eco:b0462,P31224,DB03825,Multidrug efflux pump subunit AcrB
map03070,K12340,eco:b3035,P02930,DB03350,Outer membrane protein TolC
map03430,K02338,eco:b3701,P0A988,DB06998,Beta sliding clamp
map03430,K02342,eco:b0215,P03007,DB01643,DNA polymerase III subunit epsilon
map03430,K02343,eco:b0470,P06710,DB02930,DNA polymerase III subunit tau
map03430,K03111,eco:b4059,P0AGE0,DB04243,Single-stranded DNA-binding protein
map03430,K03572,eco:b4170,P23367,DB04395,DNA mismatch repair protein MutL
map03430,K03572,eco:b4170,P23367,DB09462,DNA mismatch repair protein MutL
map00860,K01698,eco:b0369,P0ACB2,DB02260,Delta-aminolevulinic acid dehydratase
map00860,K01698,eco:b0369,P0ACB2,DB04530,Delta-aminolevulinic acid dehydratase
map00860,K01698,eco:b0369,P0ACB2,DB04560,Delta-aminolevulinic acid dehydratase
map00860,K01749,eco:b3805,P06983,DB04517,Porphobilinogen deaminase
map03018,K03654,eco:b3822,P15043,DB02930,ATP-dependent DNA helicase RecQ
map00040,K01628,eco:b2800,P0AB87,DB03026,L-fuculose phosphate aldolase
map00040,K01628,eco:b2800,P0AB87,DB04326,L-fuculose phosphate aldolase
map00040,K01629,eco:b3902,P32169,DB03026,Rhamnulose-1-phosphate aldolase
map00040,K03078,eco:b4196,P39304,DB01655,3-keto-L-gulonate-6-phosphate decarboxylase UlaD
map00040,K03078,eco:b4196,P39304,DB01923,3-keto-L-gulonate-6-phosphate decarboxylase UlaD
map00040,K03078,eco:b4196,P39304,DB02630,3-keto-L-gulonate-6-phosphate decarboxylase UlaD
map00040,K03078,eco:b4196,P39304,DB03855,3-keto-L-gulonate-6-phosphate decarboxylase UlaD
map00040,K03078,eco:b4196,P39304,DB04034,3-keto-L-gulonate-6-phosphate decarboxylase UlaD
map00040,K08092,eco:b3575,P37672,DB01694,"2,3-diketo-L-gulonate reductase"
map00053,K01706,eco:b2787,P0AES2,DB03212,Glucarate dehydratase
map00053,K01706,eco:b2787,P0AES2,DB03237,Glucarate dehydratase
map00053,K01706,eco:b2787,P0AES2,DB03603,Glucarate dehydratase
map00053,K01706,eco:b2787,P0AES2,DB03734,Glucarate dehydratase
map00053,K03078,eco:b4196,P39304,DB01655,3-keto-L-gulonate-6-phosphate decarboxylase UlaD
map00053,K03078,eco:b4196,P39304,DB01923,3-keto-L-gulonate-6-phosphate decarboxylase UlaD
map00053,K03078,eco:b4196,P39304,DB02630,3-keto-L-gulonate-6-phosphate decarboxylase UlaD
map00053,K03078,eco:b4196,P39304,DB03855,3-keto-L-gulonate-6-phosphate decarboxylase UlaD
map00053,K03078,eco:b4196,P39304,DB04034,3-keto-L-gulonate-6-phosphate decarboxylase UlaD
map00053,K03476,eco:b4192,P39300,DB04464,Probable L-ascorbate-6-phosphate lactonase UlaG
map00053,K08092,eco:b3575,P37672,DB01694,"2,3-diketo-L-gulonate reductase"
map00780,K00059,eco:b1093,P0AEK2,DB03461,3-oxoacyl-[acyl-carrier-protein] reductase FabG
map00780,K00208,eco:b1288,P0AEK4,DB01691,Enoyl-[acyl-carrier-protein] reductase [NADH] FabI
map00780,K00208,eco:b1288,P0AEK4,DB01865,Enoyl-[acyl-carrier-protein] reductase [NADH] FabI
map00780,K00208,eco:b1288,P0AEK4,DB02379,Enoyl-[acyl-carrier-protein] reductase [NADH] FabI
map00780,K00208,eco:b1288,P0AEK4,DB03030,Enoyl-[acyl-carrier-protein] reductase [NADH] FabI
map00780,K00208,eco:b1288,P0AEK4,DB03534,Enoyl-[acyl-carrier-protein] reductase [NADH] FabI
map00780,K00208,eco:b1288,P0AEK4,DB04030,Enoyl-[acyl-carrier-protein] reductase [NADH] FabI
map00780,K00208,eco:b1288,P0AEK4,DB08265,Enoyl-[acyl-carrier-protein] reductase [NADH] FabI
map00780,K00208,eco:b1288,P0AEK4,DB08604,Enoyl-[acyl-carrier-protein] reductase [NADH] FabI
map00780,K00208,eco:b1288,P0AEK4,DB08605,Enoyl-[acyl-carrier-protein] reductase [NADH] FabI
map00780,K00647,eco:b2323,P0A953,DB01034,3-oxoacyl-[acyl-carrier-protein] synthase 1
map00780,K00647,eco:b2323,P0A953,DB03017,3-oxoacyl-[acyl-carrier-protein] synthase 1
map00780,K00647,eco:b2323,P0A953,DB03600,3-oxoacyl-[acyl-carrier-protein] synthase 1
map00780,K00647,eco:b2323,P0A953,DB04302,3-oxoacyl-[acyl-carrier-protein] synthase 1
map00780,K00647,eco:b2323,P0A953,DB04519,3-oxoacyl-[acyl-carrier-protein] synthase 1
map00780,K00647,eco:b2323,P0A953,DB08359,3-oxoacyl-[acyl-carrier-protein] synthase 1
map00780,K00647,eco:b2323,P0A953,DB08627,3-oxoacyl-[acyl-carrier-protein] synthase 1
map00780,K00647,eco:b2323,P0A953,DB08628,3-oxoacyl-[acyl-carrier-protein] synthase 1
map00780,K00652,eco:b0776,P12998,DB03160,8-amino-7-oxononanoate synthase
map00780,K00833,eco:b0774,P12995,DB02274,Adenosylmethionine-8-amino-7-oxononanoate aminotransferase
map00780,K00833,eco:b0774,P12995,DB02725,Adenosylmethionine-8-amino-7-oxononanoate aminotransferase
map00780,K00833,eco:b0774,P12995,DB04083,Adenosylmethionine-8-amino-7-oxononanoate aminotransferase
map00780,K01012,eco:b0775,P12996,DB03775,Biotin synthase
map00780,K01935,eco:b0778,P13000,DB01715,ATP-dependent dethiobiotin synthetase BioD 1
map00780,K01935,eco:b0778,P13000,DB02927,ATP-dependent dethiobiotin synthetase BioD 1
map00780,K01935,eco:b0778,P13000,DB02941,ATP-dependent dethiobiotin synthetase BioD 1
map00780,K01935,eco:b0778,P13000,DB03624,ATP-dependent dethiobiotin synthetase BioD 1
map00780,K01935,eco:b0778,P13000,DB03775,ATP-dependent dethiobiotin synthetase BioD 1
map00780,K02170,eco:b3412,P13001,DB03688,Pimeloyl-[acyl-carrier protein] methyl ester esterase
map00780,K03524,eco:b3973,P06709,DB04651,Bifunctional ligase/repressor BirA
map00780,K09458,eco:b1095,P0AAI5,DB01034,3-oxoacyl-[acyl-carrier-protein] synthase 2
map00780,K09458,eco:b1095,P0AAI5,DB03017,3-oxoacyl-[acyl-carrier-protein] synthase 2
map00780,K09458,eco:b1095,P0AAI5,DB08366,3-oxoacyl-[acyl-carrier-protein] synthase 2
map00780,K09458,eco:b1095,P0AAI5,DB08407,3-oxoacyl-[acyl-carrier-protein] synthase 2
map00010,K00134,eco:b1779,P0A9B2,DB02263,Glyceraldehyde-3-phosphate dehydrogenase A
map00010,K00134,eco:b1779,P0A9B2,DB03814,Glyceraldehyde-3-phosphate dehydrogenase A
map00010,K00163,eco:b0114,P0AFG8,DB00152,Pyruvate dehydrogenase E1 component
map00010,K00163,eco:b0114,P0AFG8,DB01987,Pyruvate dehydrogenase E1 component
map00010,K00845,eco:b2388,P0A6V8,DB02379,Glucokinase
map00010,K01085,eco:b1002,P19926,DB02843,Glucose-1-phosphatase
map00010,K01624,eco:b2925,P0AB71,DB03026,Fructose-bisphosphate aldolase class 2
map00010,K03737,eco:b1378,P52647,DB00698,Probable pyruvate-flavodoxin oxidoreductase
map00785,K00163,eco:b0114,P0AFG8,DB00152,Pyruvate dehydrogenase E1 component
map00785,K00163,eco:b0114,P0AFG8,DB01987,Pyruvate dehydrogenase E1 component
map00340,K00013,eco:b2020,P06988,DB03366,Histidinol dehydrogenase
map00340,K00013,eco:b2020,P06988,DB03811,Histidinol dehydrogenase
map00340,K00013,eco:b2020,P06988,DB04447,Histidinol dehydrogenase
map00340,K00765,eco:b2019,P60757,DB01661,ATP phosphoribosyltransferase
map00340,K00817,eco:b2021,P06986,DB01813,Histidinol-phosphate aminotransferase
map00340,K00817,eco:b2021,P06986,DB02142,Histidinol-phosphate aminotransferase
map00340,K00817,eco:b2021,P06986,DB03997,Histidinol-phosphate aminotransferase
map00760,K00278,eco:b2574,P10902,DB03147,L-aspartate oxidase
map00760,K01916,eco:b1740,P18843,DB02937,NH(3)-dependent NAD(+) synthetase
map00760,K01916,eco:b1740,P18843,DB04099,NH(3)-dependent NAD(+) synthetase
map00760,K03783,eco:b2407,P45563,DB02134,Purine nucleoside phosphorylase 2
map00760,K03783,eco:b2407,P45563,DB02377,Purine nucleoside phosphorylase 2
map00760,K03784,eco:b4384,P0ABP8,DB02066,Purine nucleoside phosphorylase DeoD-type
map00760,K03784,eco:b4384,P0ABP8,DB02113,Purine nucleoside phosphorylase DeoD-type
map00760,K03784,eco:b4384,P0ABP8,DB02896,Purine nucleoside phosphorylase DeoD-type
map00760,K03784,eco:b4384,P0ABP8,DB02934,Purine nucleoside phosphorylase DeoD-type
map00760,K03784,eco:b4384,P0ABP8,DB02947,Purine nucleoside phosphorylase DeoD-type
map00760,K03784,eco:b4384,P0ABP8,DB03172,Purine nucleoside phosphorylase DeoD-type
map00760,K03784,eco:b4384,P0ABP8,DB03528,Purine nucleoside phosphorylase DeoD-type
map00760,K03784,eco:b4384,P0ABP8,DB03735,Purine nucleoside phosphorylase DeoD-type
map00760,K03784,eco:b4384,P0ABP8,DB03952,Purine nucleoside phosphorylase DeoD-type
map00760,K03784,eco:b4384,P0ABP8,DB03986,Purine nucleoside phosphorylase DeoD-type
map00760,K03784,eco:b4384,P0ABP8,DB04198,Purine nucleoside phosphorylase DeoD-type
map00760,K03784,eco:b4384,P0ABP8,DB04335,Purine nucleoside phosphorylase DeoD-type
map00760,K03784,eco:b4384,P0ABP8,DB04441,Purine nucleoside phosphorylase DeoD-type
map00760,K11751,eco:b0480,P07024,DB03148,Protein UshA
map00740,K00793,eco:b1662,P0AFU8,DB00140,Riboflavin synthase
map01502,K01921,eco:b0381,P0A6J8,DB00260,D-alanine--D-alanine ligase A
map01502,K02563,eco:b0090,P17443,DB02196,UDP-N-acetylglucosamine--N-acetylmuramyl-(pentapeptide) pyrophosphoryl-undecaprenol N-acetylglucosamine transferase
map00670,K00287,eco:b0048,P0ABQ4,DB00440,Dihydrofolate reductase
map00670,K00287,eco:b0048,P0ABQ4,DB02015,Dihydrofolate reductase
map00670,K00287,eco:b0048,P0ABQ4,DB02363,Dihydrofolate reductase
map00670,K00287,eco:b0048,P0ABQ4,DB03461,Dihydrofolate reductase
map00670,K00287,eco:b0048,P0ABQ4,DB06358,Dihydrofolate reductase
map00670,K00287,eco:b0048,P0ABQ4,DB07262,Dihydrofolate reductase
map00670,K00287,eco:b0048,P0ABQ4,DB12769,Dihydrofolate reductase
map00670,K00287,eco:b0048,P0ABQ4,DB20422,Dihydrofolate reductase
map00670,K00297,eco:b3941,P0AEZ1,DB03147,"5,10-methylenetetrahydrofolate reductase"
map00670,K00560,eco:b2827,P0A884,DB02031,Thymidylate synthase
map00670,K00560,eco:b2827,P0A884,DB02223,Thymidylate synthase
map00670,K00560,eco:b2827,P0A884,DB02256,Thymidylate synthase
map00670,K00560,eco:b2827,P0A884,DB02301,Thymidylate synthase
map00670,K00560,eco:b2827,P0A884,DB02467,Thymidylate synthase
map00670,K00560,eco:b2827,P0A884,DB02752,Thymidylate synthase
map00670,K00560,eco:b2827,P0A884,DB02899,Thymidylate synthase
map00670,K00560,eco:b2827,P0A884,DB03038,Thymidylate synthase
map00670,K00560,eco:b2827,P0A884,DB03157,Thymidylate synthase
map00670,K00560,eco:b2827,P0A884,DB03274,Thymidylate synthase
map00670,K00560,eco:b2827,P0A884,DB03541,Thymidylate synthase
map00670,K00560,eco:b2827,P0A884,DB03558,Thymidylate synthase
map00670,K00560,eco:b2827,P0A884,DB03761,Thymidylate synthase
map00670,K00560,eco:b2827,P0A884,DB03800,Thymidylate synthase
map00670,K00560,eco:b2827,P0A884,DB03818,Thymidylate synthase
map00670,K00560,eco:b2827,P0A884,DB04447,Thymidylate synthase
map00670,K00560,eco:b2827,P0A884,DB04457,Thymidylate synthase
map00670,K00560,eco:b2827,P0A884,DB04503,Thymidylate synthase
map00670,K00560,eco:b2827,P0A884,DB04530,Thymidylate synthase
map00670,K00560,eco:b2827,P0A884,DB04586,Thymidylate synthase
map00670,K00560,eco:b2827,P0A884,DB04696,Thymidylate synthase
map00670,K00560,eco:b2827,P0A884,DB08131,Thymidylate synthase
map00670,K11175,eco:b2500,P08179,DB02236,Phosphoribosylglycinamide formyltransferase
map00670,K11175,eco:b2500,P08179,DB02540,Phosphoribosylglycinamide formyltransferase
map00670,K11175,eco:b2500,P08179,DB02794,Phosphoribosylglycinamide formyltransferase
map00670,K11175,eco:b2500,P08179,DB04264,Phosphoribosylglycinamide formyltransferase
map01310,K00370,eco:b1224,P09152,DB04464,Respiratory nitrate reductase 1 alpha chain
map01310,K00370,eco:b1224,P09152,DB07349,Respiratory nitrate reductase 1 alpha chain
map01310,K00371,eco:b1225,P11349,DB04464,Respiratory nitrate reductase 1 beta chain
map01310,K00371,eco:b1225,P11349,DB07349,Respiratory nitrate reductase 1 beta chain
map01310,K00374,eco:b1227,P11350,DB04464,Respiratory nitrate reductase 1 gamma chain
map01310,K00374,eco:b1227,P11350,DB07349,Respiratory nitrate reductase 1 gamma chain
map01310,K03385,eco:b4070,P0ABK9,DB03317,Cytochrome c-552
map00640,K00048,eco:b2799,P0A9S1,DB02059,Lactaldehyde reductase
map00640,K00656,eco:b0903,P09373,DB01992,Formate acetyltransferase 1
map00640,K00656,eco:b0903,P09373,DB03278,Formate acetyltransferase 1
map00640,K00656,eco:b0903,P09373,DB03940,Formate acetyltransferase 1
map00640,K01682,eco:b0118,P36683,DB04351,Aconitate hydratase B
map00640,K01961,eco:b3256,P24182,DB08074,Biotin carboxylase
map00640,K01961,eco:b3256,P24182,DB08075,Biotin carboxylase
map00640,K01961,eco:b3256,P24182,DB08076,Biotin carboxylase
map00640,K01961,eco:b3256,P24182,DB08144,Biotin carboxylase
map00640,K01961,eco:b3256,P24182,DB08145,Biotin carboxylase
map00640,K01961,eco:b3256,P24182,DB08146,Biotin carboxylase
map00640,K01961,eco:b3256,P24182,DB08314,Biotin carboxylase
map00640,K01961,eco:b3256,P24182,DB08315,Biotin carboxylase
map00640,K01961,eco:b3256,P24182,DB08316,Biotin carboxylase
map00640,K01961,eco:b3256,P24182,DB08317,Biotin carboxylase
map00640,K01961,eco:b3256,P24182,DB08318,Biotin carboxylase
map00640,K03417,eco:b0331,P77541,DB01727,2-methylisocitrate lyase
map00640,K07250,eco:b2662,P22256,DB02142,4-aminobutyrate aminotransferase GabT
map00640,K07250,eco:b2662,P22256,DB02783,4-aminobutyrate aminotransferase GabT
map00640,K08325,eco:b3011,Q46856,DB02319,NADPH-dependent aldehyde reductase YqhD
map00640,K11264,eco:b2919,P52045,DB03117,Methylmalonyl-CoA decarboxylase
map00564,K01058,eco:b3821,P0A921,DB03692,Phospholipase A1
map00430,K01580,eco:b3517,P69908,DB03553,Glutamate decarboxylase alpha
map00430,K03119,eco:b0368,P37610,DB01956,Alpha-ketoglutarate-dependent taurine dioxygenase
map00561,K00864,eco:b3926,P0A6F3,DB02937,Glycerol kinase
map00561,K00864,eco:b3926,P0A6F3,DB04551,Glycerol kinase
map00541,K01791,eco:b3786,P27828,DB02196,UDP-N-acetylglucosamine 2-epimerase
map00541,K01791,eco:b3786,P27828,DB03435,UDP-N-acetylglucosamine 2-epimerase
map00541,K02377,eco:b2052,P32055,DB02897,GDP-L-fucose synthase
map00541,K02377,eco:b2052,P32055,DB03461,GDP-L-fucose synthase
map00541,K03274,eco:b3619,P67910,DB01774,ADP-L-glycero-D-manno-heptose-6-epimerase
map00541,K03274,eco:b3619,P67910,DB03461,ADP-L-glycero-D-manno-heptose-6-epimerase
map00541,K04042,eco:b3730,P0ACC7,DB01992,Bifunctional protein GlmU
map00541,K04042,eco:b3730,P0ACC7,DB03397,Bifunctional protein GlmU
map00541,K04042,eco:b3730,P0ACC7,DB03814,Bifunctional protein GlmU
map00541,K10011,eco:b2255,P77398,DB03256,Bifunctional polymyxin resistance protein ArnA
map00541,K10011,eco:b2255,P77398,DB03685,Bifunctional polymyxin resistance protein ArnA
map00061,K00059,eco:b1093,P0AEK2,DB03461,3-oxoacyl-[acyl-carrier-protein] reductase FabG
map00061,K00208,eco:b1288,P0AEK4,DB01691,Enoyl-[acyl-carrier-protein] reductase [NADH] FabI
map00061,K00208,eco:b1288,P0AEK4,DB01865,Enoyl-[acyl-carrier-protein] reductase [NADH] FabI
map00061,K00208,eco:b1288,P0AEK4,DB02379,Enoyl-[acyl-carrier-protein] reductase [NADH] FabI
map00061,K00208,eco:b1288,P0AEK4,DB03030,Enoyl-[acyl-carrier-protein] reductase [NADH] FabI
map00061,K00208,eco:b1288,P0AEK4,DB03534,Enoyl-[acyl-carrier-protein] reductase [NADH] FabI
map00061,K00208,eco:b1288,P0AEK4,DB04030,Enoyl-[acyl-carrier-protein] reductase [NADH] FabI
map00061,K00208,eco:b1288,P0AEK4,DB08265,Enoyl-[acyl-carrier-protein] reductase [NADH] FabI
map00061,K00208,eco:b1288,P0AEK4,DB08604,Enoyl-[acyl-carrier-protein] reductase [NADH] FabI
map00061,K00208,eco:b1288,P0AEK4,DB08605,Enoyl-[acyl-carrier-protein] reductase [NADH] FabI
map00061,K00647,eco:b2323,P0A953,DB01034,3-oxoacyl-[acyl-carrier-protein] synthase 1
map00061,K00647,eco:b2323,P0A953,DB03017,3-oxoacyl-[acyl-carrier-protein] synthase 1
map00061,K00647,eco:b2323,P0A953,DB03600,3-oxoacyl-[acyl-carrier-protein] synthase 1
map00061,K00647,eco:b2323,P0A953,DB04302,3-oxoacyl-[acyl-carrier-protein] synthase 1
map00061,K00647,eco:b2323,P0A953,DB04519,3-oxoacyl-[acyl-carrier-protein] synthase 1
map00061,K00647,eco:b2323,P0A953,DB08359,3-oxoacyl-[acyl-carrier-protein] synthase 1
map00061,K00647,eco:b2323,P0A953,DB08627,3-oxoacyl-[acyl-carrier-protein] synthase 1
map00061,K00647,eco:b2323,P0A953,DB08628,3-oxoacyl-[acyl-carrier-protein] synthase 1
map00061,K00648,eco:b1091,P0A6R0,DB01034,Beta-ketoacyl-[acyl-carrier-protein] synthase III
map00061,K00648,eco:b1091,P0A6R0,DB01992,Beta-ketoacyl-[acyl-carrier-protein] synthase III
map00061,K00648,eco:b1091,P0A6R0,DB02039,Beta-ketoacyl-[acyl-carrier-protein] synthase III
map00061,K00648,eco:b1091,P0A6R0,DB02316,Beta-ketoacyl-[acyl-carrier-protein] synthase III
map00061,K00648,eco:b1091,P0A6R0,DB03661,Beta-ketoacyl-[acyl-carrier-protein] synthase III
map00061,K00648,eco:b1091,P0A6R0,DB04524,Beta-ketoacyl-[acyl-carrier-protein] synthase III
map00061,K01716,eco:b0954,P0A6Q3,DB03813,3-hydroxydecanoyl-[acyl-carrier-protein] dehydratase
map00061,K01961,eco:b3256,P24182,DB08074,Biotin carboxylase
map00061,K01961,eco:b3256,P24182,DB08075,Biotin carboxylase
map00061,K01961,eco:b3256,P24182,DB08076,Biotin carboxylase
map00061,K01961,eco:b3256,P24182,DB08144,Biotin carboxylase
map00061,K01961,eco:b3256,P24182,DB08145,Biotin carboxylase
map00061,K01961,eco:b3256,P24182,DB08146,Biotin carboxylase
map00061,K01961,eco:b3256,P24182,DB08314,Biotin carboxylase
map00061,K01961,eco:b3256,P24182,DB08315,Biotin carboxylase
map00061,K01961,eco:b3256,P24182,DB08316,Biotin carboxylase
map00061,K01961,eco:b3256,P24182,DB08317,Biotin carboxylase
map00061,K01961,eco:b3256,P24182,DB08318,Biotin carboxylase
map00061,K09458,eco:b1095,P0AAI5,DB01034,3-oxoacyl-[acyl-carrier-protein] synthase 2
map00061,K09458,eco:b1095,P0AAI5,DB03017,3-oxoacyl-[acyl-carrier-protein] synthase 2
map00061,K09458,eco:b1095,P0AAI5,DB08366,3-oxoacyl-[acyl-carrier-protein] synthase 2
map00061,K09458,eco:b1095,P0AAI5,DB08407,3-oxoacyl-[acyl-carrier-protein] synthase 2
map01212,K00059,eco:b1093,P0AEK2,DB03461,3-oxoacyl-[acyl-carrier-protein] reductase FabG
map01212,K00208,eco:b1288,P0AEK4,DB01691,Enoyl-[acyl-carrier-protein] reductase [NADH] FabI
map01212,K00208,eco:b1288,P0AEK4,DB01865,Enoyl-[acyl-carrier-protein] reductase [NADH] FabI
map01212,K00208,eco:b1288,P0AEK4,DB02379,Enoyl-[acyl-carrier-protein] reductase [NADH] FabI
map01212,K00208,eco:b1288,P0AEK4,DB03030,Enoyl-[acyl-carrier-protein] reductase [NADH] FabI
map01212,K00208,eco:b1288,P0AEK4,DB03534,Enoyl-[acyl-carrier-protein] reductase [NADH] FabI
map01212,K00208,eco:b1288,P0AEK4,DB04030,Enoyl-[acyl-carrier-protein] reductase [NADH] FabI
map01212,K00208,eco:b1288,P0AEK4,DB08265,Enoyl-[acyl-carrier-protein] reductase [NADH] FabI
map01212,K00208,eco:b1288,P0AEK4,DB08604,Enoyl-[acyl-carrier-protein] reductase [NADH] FabI
map01212,K00208,eco:b1288,P0AEK4,DB08605,Enoyl-[acyl-carrier-protein] reductase [NADH] FabI
map01212,K00647,eco:b2323,P0A953,DB01034,3-oxoacyl-[acyl-carrier-protein] synthase 1
map01212,K00647,eco:b2323,P0A953,DB03017,3-oxoacyl-[acyl-carrier-protein] synthase 1
map01212,K00647,eco:b2323,P0A953,DB03600,3-oxoacyl-[acyl-carrier-protein] synthase 1
map01212,K00647,eco:b2323,P0A953,DB04302,3-oxoacyl-[acyl-carrier-protein] synthase 1
map01212,K00647,eco:b2323,P0A953,DB04519,3-oxoacyl-[acyl-carrier-protein] synthase 1
map01212,K00647,eco:b2323,P0A953,DB08359,3-oxoacyl-[acyl-carrier-protein] synthase 1
map01212,K00647,eco:b2323,P0A953,DB08627,3-oxoacyl-[acyl-carrier-protein] synthase 1
map01212,K00647,eco:b2323,P0A953,DB08628,3-oxoacyl-[acyl-carrier-protein] synthase 1
map01212,K00648,eco:b1091,P0A6R0,DB01034,Beta-ketoacyl-[acyl-carrier-protein] synthase III
map01212,K00648,eco:b1091,P0A6R0,DB01992,Beta-ketoacyl-[acyl-carrier-protein] synthase III
map01212,K00648,eco:b1091,P0A6R0,DB02039,Beta-ketoacyl-[acyl-carrier-protein] synthase III
map01212,K00648,eco:b1091,P0A6R0,DB02316,Beta-ketoacyl-[acyl-carrier-protein] synthase III
map01212,K00648,eco:b1091,P0A6R0,DB03661,Beta-ketoacyl-[acyl-carrier-protein] synthase III
map01212,K00648,eco:b1091,P0A6R0,DB04524,Beta-ketoacyl-[acyl-carrier-protein] synthase III
map01212,K01716,eco:b0954,P0A6Q3,DB03813,3-hydroxydecanoyl-[acyl-carrier-protein] dehydratase
map01212,K01961,eco:b3256,P24182,DB08074,Biotin carboxylase
map01212,K01961,eco:b3256,P24182,DB08075,Biotin carboxylase
map01212,K01961,eco:b3256,P24182,DB08076,Biotin carboxylase
map01212,K01961,eco:b3256,P24182,DB08144,Biotin carboxylase
map01212,K01961,eco:b3256,P24182,DB08145,Biotin carboxylase
map01212,K01961,eco:b3256,P24182,DB08146,Biotin carboxylase
map01212,K01961,eco:b3256,P24182,DB08314,Biotin carboxylase
map01212,K01961,eco:b3256,P24182,DB08315,Biotin carboxylase
map01212,K01961,eco:b3256,P24182,DB08316,Biotin carboxylase
map01212,K01961,eco:b3256,P24182,DB08317,Biotin carboxylase
map01212,K01961,eco:b3256,P24182,DB08318,Biotin carboxylase
map01212,K09458,eco:b1095,P0AAI5,DB01034,3-oxoacyl-[acyl-carrier-protein] synthase 2
map01212,K09458,eco:b1095,P0AAI5,DB03017,3-oxoacyl-[acyl-carrier-protein] synthase 2
map01212,K09458,eco:b1095,P0AAI5,DB08366,3-oxoacyl-[acyl-carrier-protein] synthase 2
map01212,K09458,eco:b1095,P0AAI5,DB08407,3-oxoacyl-[acyl-carrier-protein] synthase 2
map02024,K01580,eco:b3517,P69908,DB03553,Glutamate decarboxylase alpha
map02024,K01626,eco:b0754,P0AB91,DB01819,"Phospho-2-dehydro-3-deoxyheptonate aldolase, Phe-sensitive"
map02024,K01626,eco:b0754,P0AB91,DB02726,"Phospho-2-dehydro-3-deoxyheptonate aldolase, Phe-sensitive"
map02024,K07782,eco:b1916,P07026,DB07928,Regulatory protein SdiA
map02024,K10914,eco:b3357,P0ACJ8,DB02527,DNA-binding transcriptional dual regulator CRP
map00540,K12973,eco:b0622,P37001,DB03967,Lipid A palmitoyltransferase PagP
map00540,K12973,eco:b0622,P37001,DB04147,Lipid A palmitoyltransferase PagP
map00410,K00137,eco:b1444,P77674,DB04401,Gamma-aminobutyraldehyde dehydrogenase
map00410,K00276,eco:b1386,P46883,DB01634,Primary amine oxidase
map00410,K00276,eco:b1386,P46883,DB01657,Primary amine oxidase
map00410,K00276,eco:b1386,P46883,DB02178,Primary amine oxidase
map00410,K00276,eco:b1386,P46883,DB02928,Primary amine oxidase
map00410,K00276,eco:b1386,P46883,DB03631,Primary amine oxidase
map00410,K00276,eco:b1386,P46883,DB04325,Primary amine oxidase
map00410,K00276,eco:b1386,P46883,DB04334,Primary amine oxidase
map00410,K01580,eco:b3517,P69908,DB03553,Glutamate decarboxylase alpha
map00410,K07250,eco:b2662,P22256,DB02142,4-aminobutyrate aminotransferase GabT
map00410,K07250,eco:b2662,P22256,DB02783,4-aminobutyrate aminotransferase GabT
map00750,K00097,eco:b0052,P19624,DB02609,4-hydroxythreonine-4-phosphate dehydrogenase
map00750,K00275,eco:b1638,P0AFI7,DB03247,Pyridoxine/pyridoxamine 5'-phosphate oxidase
map00750,K00275,eco:b1638,P0AFI7,DB03345,Pyridoxine/pyridoxamine 5'-phosphate oxidase
map00750,K00868,eco:b1636,P77150,DB02153,Pyridoxal kinase PdxY
map00750,K03474,eco:b2564,P0A794,DB02209,Pyridoxine 5'-phosphate synthase
map00750,K03474,eco:b2564,P0A794,DB02496,Pyridoxine 5'-phosphate synthase
map00750,K03474,eco:b2564,P0A794,DB02515,Pyridoxine 5'-phosphate synthase
map03020,K03040,eco:b3295,P0A7Z4,DB00615,DNA-directed RNA polymerase subunit alpha
map03020,K03040,eco:b3295,P0A7Z4,DB11753,DNA-directed RNA polymerase subunit alpha
map03020,K03043,eco:b3987,P0A8V2,DB00615,DNA-directed RNA polymerase subunit beta
map03020,K03043,eco:b3987,P0A8V2,DB01220,DNA-directed RNA polymerase subunit beta
map03020,K03043,eco:b3987,P0A8V2,DB04934,DNA-directed RNA polymerase subunit beta
map03020,K03043,eco:b3987,P0A8V2,DB11753,DNA-directed RNA polymerase subunit beta
map03020,K03046,eco:b3988,P0A8T7,DB00615,DNA-directed RNA polymerase subunit beta'
map03020,K03046,eco:b3988,P0A8T7,DB11753,DNA-directed RNA polymerase subunit beta'
map00999,K00014,eco:b3281,P15770,DB03461,Shikimate dehydrogenase (NADP(+))
map00999,K00014,eco:b3281,P15770,DB04447,Shikimate dehydrogenase (NADP(+))
map00630,K00048,eco:b2799,P0A9S1,DB02059,Lactaldehyde reductase
map00630,K01638,eco:b2976,P37330,DB04343,Malate synthase G
map00630,K01682,eco:b0118,P36683,DB04351,Aconitate hydratase B
map00630,K07248,eco:b1415,P25553,DB03619,Lactaldehyde dehydrogenase
map04981,K00287,eco:b0048,P0ABQ4,DB00440,Dihydrofolate reductase
map04981,K00287,eco:b0048,P0ABQ4,DB02015,Dihydrofolate reductase
map04981,K00287,eco:b0048,P0ABQ4,DB02363,Dihydrofolate reductase
map04981,K00287,eco:b0048,P0ABQ4,DB03461,Dihydrofolate reductase
map04981,K00287,eco:b0048,P0ABQ4,DB06358,Dihydrofolate reductase
map04981,K00287,eco:b0048,P0ABQ4,DB07262,Dihydrofolate reductase
map04981,K00287,eco:b0048,P0ABQ4,DB12769,Dihydrofolate reductase
map04981,K00287,eco:b0048,P0ABQ4,DB20422,Dihydrofolate reductase
map04981,K00560,eco:b2827,P0A884,DB02031,Thymidylate synthase
map04981,K00560,eco:b2827,P0A884,DB02223,Thymidylate synthase
map04981,K00560,eco:b2827,P0A884,DB02256,Thymidylate synthase
map04981,K00560,eco:b2827,P0A884,DB02301,Thymidylate synthase
map04981,K00560,eco:b2827,P0A884,DB02467,Thymidylate synthase
map04981,K00560,eco:b2827,P0A884,DB02752,Thymidylate synthase
map04981,K00560,eco:b2827,P0A884,DB02899,Thymidylate synthase
map04981,K00560,eco:b2827,P0A884,DB03038,Thymidylate synthase
map04981,K00560,eco:b2827,P0A884,DB03157,Thymidylate synthase
map04981,K00560,eco:b2827,P0A884,DB03274,Thymidylate synthase
map04981,K00560,eco:b2827,P0A884,DB03541,Thymidylate synthase
map04981,K00560,eco:b2827,P0A884,DB03558,Thymidylate synthase
map04981,K00560,eco:b2827,P0A884,DB03761,Thymidylate synthase
map04981,K00560,eco:b2827,P0A884,DB03800,Thymidylate synthase
map04981,K00560,eco:b2827,P0A884,DB03818,Thymidylate synthase
map04981,K00560,eco:b2827,P0A884,DB04447,Thymidylate synthase
map04981,K00560,eco:b2827,P0A884,DB04457,Thymidylate synthase
map04981,K00560,eco:b2827,P0A884,DB04503,Thymidylate synthase
map04981,K00560,eco:b2827,P0A884,DB04530,Thymidylate synthase
map04981,K00560,eco:b2827,P0A884,DB04586,Thymidylate synthase
map04981,K00560,eco:b2827,P0A884,DB04696,Thymidylate synthase
map04981,K00560,eco:b2827,P0A884,DB08131,Thymidylate synthase
map00130,K02549,eco:b2261,P29208,DB02251,o-succinylbenzoate synthase
map00130,K02549,eco:b2261,P29208,DB06864,o-succinylbenzoate synthase
map00130,K03181,eco:b4039,P26602,DB02130,Chorismate pyruvate-lyase
map00130,K03181,eco:b4039,P26602,DB04242,Chorismate pyruvate-lyase
map00565,K01058,eco:b3821,P0A921,DB03692,Phospholipase A1
map00592,K01058,eco:b3821,P0A921,DB03692,Phospholipase A1
map00310,K00137,eco:b1444,P77674,DB04401,Gamma-aminobutyraldehyde dehydrogenase
map00310,K07250,eco:b2662,P22256,DB02142,4-aminobutyrate aminotransferase GabT
map00310,K07250,eco:b2662,P22256,DB02783,4-aminobutyrate aminotransferase GabT
map00280,K00826,eco:b3770,P0AB80,DB01813,Branched-chain-amino-acid aminotransferase
map00280,K00826,eco:b3770,P0AB80,DB03553,Branched-chain-amino-acid aminotransferase
map00280,K00826,eco:b3770,P0AB80,DB03993,Branched-chain-amino-acid aminotransferase
map00280,K00826,eco:b3770,P0AB80,DB04063,Branched-chain-amino-acid aminotransferase
map00280,K07250,eco:b2662,P22256,DB02142,4-aminobutyrate aminotransferase GabT
map00280,K07250,eco:b2662,P22256,DB02783,4-aminobutyrate aminotransferase GabT
map01220,K01821,eco:b1461,P31992,DB02384,Tautomerase PptA
map00362,K01821,eco:b1461,P31992,DB02384,Tautomerase PptA
map01320,K00380,eco:b2764,P38038,DB03147,Sulfite reductase [NADPH] flavoprotein alpha-component
map01320,K00380,eco:b2764,P38038,DB03461,Sulfite reductase [NADPH] flavoprotein alpha-component
map01320,K00381,eco:b2763,P17846,DB02832,Sulfite reductase [NADPH] hemoprotein beta-component
map00633,K10678,eco:b0851,P17117,DB00698,Oxygen-insensitive NADPH nitroreductase
map00633,K10678,eco:b0851,P17117,DB03247,Oxygen-insensitive NADPH nitroreductase
map00633,K10679,eco:b0578,P38489,DB03228,Oxygen-insensitive NAD(P)H nitroreductase
map00633,K10679,eco:b0578,P38489,DB03247,Oxygen-insensitive NAD(P)H nitroreductase
map00633,K10679,eco:b0578,P38489,DB04138,Oxygen-insensitive NAD(P)H nitroreductase
map00633,K10679,eco:b0578,P38489,DB04253,Oxygen-insensitive NAD(P)H nitroreductase
map00633,K10679,eco:b0578,P38489,DB04392,Oxygen-insensitive NAD(P)H nitroreductase
map01100,K00038,mtu:Rv2002,P9WGT1,DB02854,3-alpha-(or 20-beta)-hydroxysteroid dehydrogenase
map01100,K00058,mtu:Rv2996c,P9WNX3,DB01694,D-3-phosphoglycerate dehydrogenase
map01100,K00215,mtu:Rv2773c,P9WP23,DB04267,4-hydroxy-tetrahydrodipicolinate reductase
map01100,K00287,mtu:Rv2763c,P9WNX1,DB00951,Dihydrofolate reductase
map01100,K00287,mtu:Rv2763c,P9WNX1,DB04007,Dihydrofolate reductase
map01100,K00526,mtu:Rv0233,P9WH69,DB08231,R2-like ligand binding oxidase
map01100,K00767,mtu:Rv1596,P9WJJ7,DB01796,Nicotinate-nucleotide pyrophosphorylase [carboxylating]
map01100,K00767,mtu:Rv1596,P9WJJ7,DB02382,Nicotinate-nucleotide pyrophosphorylase [carboxylating]
map01100,K00767,mtu:Rv1596,P9WJJ7,DB02746,Nicotinate-nucleotide pyrophosphorylase [carboxylating]
map01100,K00767,mtu:Rv1596,P9WJJ7,DB04294,Nicotinate-nucleotide pyrophosphorylase [carboxylating]
map01100,K00794,mtu:Rv1416,P9WHE9,DB01692,"6,7-dimethyl-8-ribityllumazine synthase"
map01100,K00794,mtu:Rv1416,P9WHE9,DB02135,"6,7-dimethyl-8-ribityllumazine synthase"
map01100,K00794,mtu:Rv1416,P9WHE9,DB02184,"6,7-dimethyl-8-ribityllumazine synthase"
map01100,K00794,mtu:Rv1416,P9WHE9,DB02290,"6,7-dimethyl-8-ribityllumazine synthase"
map01100,K00794,mtu:Rv1416,P9WHE9,DB02693,"6,7-dimethyl-8-ribityllumazine synthase"
map01100,K00794,mtu:Rv1416,P9WHE9,DB02711,"6,7-dimethyl-8-ribityllumazine synthase"
map01100,K00794,mtu:Rv1416,P9WHE9,DB03022,"6,7-dimethyl-8-ribityllumazine synthase"
map01100,K00794,mtu:Rv1416,P9WHE9,DB03812,"6,7-dimethyl-8-ribityllumazine synthase"
map01100,K00794,mtu:Rv1416,P9WHE9,DB03973,"6,7-dimethyl-8-ribityllumazine synthase"
map01100,K00794,mtu:Rv1416,P9WHE9,DB08016,"6,7-dimethyl-8-ribityllumazine synthase"
map01100,K00796,mtu:Rv3608c,P9WND1,DB03592,Dihydropteroate synthase
map01100,K00942,mtu:Rv1389,P9WKE9,DB01942,Guanylate kinase
map01100,K00943,mtu:Rv3247c,P9WKE1,DB01643,Thymidylate kinase
map01100,K00943,mtu:Rv3247c,P9WKE1,DB02452,Thymidylate kinase
map01100,K00943,mtu:Rv3247c,P9WKE1,DB03280,Thymidylate kinase
map01100,K00943,mtu:Rv3247c,P9WKE1,DB03666,Thymidylate kinase
map01100,K00943,mtu:Rv3247c,P9WKE1,DB03846,Thymidylate kinase
map01100,K01179,mtu:Rv0062,Q79G13,DB01642,Glucanase
map01100,K01179,mtu:Rv0062,Q79G13,DB02379,Glucanase
map01100,K01179,mtu:Rv0062,Q79G13,DB02467,Glucanase
map01100,K01179,mtu:Rv0062,Q79G13,DB03584,Glucanase
map01100,K01179,mtu:Rv0062,Q79G13,DB04545,Glucanase
map01100,K01251,mtu:Rv3248c,P9WGV3,DB07052,Adenosylhomocysteinase
map01100,K01520,mtu:Rv2697c,P9WNS5,DB01965,Deoxyuridine 5'-triphosphate nucleotidohydrolase
map01100,K01520,mtu:Rv2697c,P9WNS5,DB02333,Deoxyuridine 5'-triphosphate nucleotidohydrolase
map01100,K01520,mtu:Rv2697c,P9WNS5,DB03413,Deoxyuridine 5'-triphosphate nucleotidohydrolase
map01100,K01520,mtu:Rv2697c,P9WNS5,DB03800,Deoxyuridine 5'-triphosphate nucleotidohydrolase
map01100,K01637,mtu:Rv0467,P9WKK7,DB04343,Isocitrate lyase
map01100,K01638,mtu:Rv1837c,P9WK17,DB01992,Malate synthase G
map01100,K01638,mtu:Rv1837c,P9WK17,DB03499,Malate synthase G
map01100,K01638,mtu:Rv1837c,P9WK17,DB04343,Malate synthase G
map01100,K01649,mtu:Rv3710,P9WQB3,DB04074,2-isopropylmalate synthase
map01100,K01661,mtu:Rv0548c,P9WNP5,DB01992,"1,4-dihydroxy-2-naphthoyl-CoA synthase"
map01100,K01661,mtu:Rv0548c,P9WNP5,DB03059,"1,4-dihydroxy-2-naphthoyl-CoA synthase"
map01100,K01790,mtu:Rv3465,P9WH11,DB04530,"dTDP-4-dehydrorhamnose 3,5-epimerase"
map01100,K01808,mtu:Rv2465c,P9WKD7,DB03108,Ribose-5-phosphate isomerase B
map01100,K01808,mtu:Rv2465c,P9WKD7,DB04496,Ribose-5-phosphate isomerase B
map01100,K01854,mtu:Rv3809c,P9WIQ1,DB03147,UDP-galactopyranose mutase
map01100,K01854,mtu:Rv3809c,P9WIQ1,DB03709,UDP-galactopyranose mutase
map01100,K01915,mtu:Rv2220,P9WN39,DB04272,Glutamine synthetase
map01100,K01918,mtu:Rv3602c,P9WIL5,DB01930,Pantothenate synthetase
map01100,K01918,mtu:Rv3602c,P9WIL5,DB02596,Pantothenate synthetase
map01100,K01918,mtu:Rv3602c,P9WIL5,DB02694,Pantothenate synthetase
map01100,K01918,mtu:Rv3602c,P9WIL5,DB03107,Pantothenate synthetase
map01100,K01935,mtu:Rv1570,P9WPQ5,DB03775,Dethiobiotin synthetase BioD
map01100,K02110,mtu:Rv1305,P9WPS1,DB08903,ATP synthase subunit c
map01100,K03782,mtu:Rv1908c,P9WIE5,DB00609,Catalase-peroxidase
map01100,K03782,mtu:Rv1908c,P9WIE5,DB00951,Catalase-peroxidase
map01100,K03783,mtu:Rv3307,P9WP01,DB03411,Purine nucleoside phosphorylase
map01100,K03783,mtu:Rv3307,P9WP01,DB03551,Purine nucleoside phosphorylase
map01100,K03783,mtu:Rv3307,P9WP01,DB04095,Purine nucleoside phosphorylase
map01100,K03786,mtu:Rv2537c,P9WPX7,DB02801,3-dehydroquinate dehydratase
map01100,K03786,mtu:Rv2537c,P9WPX7,DB03739,3-dehydroquinate dehydratase
map01100,K03801,mtu:Rv2217,P9WK83,DB03600,Octanoyltransferase
map01100,K04093,mtu:Rv1885c,P9WIB9,DB08648,Secreted chorismate mutase
map01100,K11533,mtu:Rv2524c,P95029,DB00339,Probable fatty acid synthase Fas (Fatty acid synthetase)
map01100,K11533,mtu:Rv2524c,P95029,DB05154,Probable fatty acid synthase Fas (Fatty acid synthetase)
map01100,K11608,mtu:Rv0533c,P9WNG3,DB03017,Mycobacterial beta-ketoacyl-[acyl-carrier-protein] synthase III
map01100,K11608,mtu:Rv0533c,P9WNG3,DB03264,Mycobacterial beta-ketoacyl-[acyl-carrier-protein] synthase III
map01100,K11608,mtu:Rv0533c,P9WNG3,DB07611,Mycobacterial beta-ketoacyl-[acyl-carrier-protein] synthase III
map01100,K11608,mtu:Rv0533c,P9WNG3,DB07650,Mycobacterial beta-ketoacyl-[acyl-carrier-protein] synthase III
map01100,K11608,mtu:Rv0533c,P9WNG3,DB08171,Mycobacterial beta-ketoacyl-[acyl-carrier-protein] synthase III
map01100,K11608,mtu:Rv0533c,P9WNG3,DB08684,Mycobacterial beta-ketoacyl-[acyl-carrier-protein] synthase III
map01100,K11608,mtu:Rv0533c,P9WNG3,DB08712,Mycobacterial beta-ketoacyl-[acyl-carrier-protein] synthase III
map01100,K11609,mtu:Rv2245,P9WQD9,DB04302,3-oxoacyl-[acyl-carrier-protein] synthase 1
map01100,K11611,mtu:Rv1484,P9WGR1,DB00339,Enoyl-[acyl-carrier-protein] reductase [NADH]
map01100,K11611,mtu:Rv1484,P9WGR1,DB00609,Enoyl-[acyl-carrier-protein] reductase [NADH]
map01100,K11611,mtu:Rv1484,P9WGR1,DB00951,Enoyl-[acyl-carrier-protein] reductase [NADH]
map01100,K11611,mtu:Rv1484,P9WGR1,DB01691,Enoyl-[acyl-carrier-protein] reductase [NADH]
map01100,K11611,mtu:Rv1484,P9WGR1,DB02379,Enoyl-[acyl-carrier-protein] reductase [NADH]
map01100,K11611,mtu:Rv1484,P9WGR1,DB02990,Enoyl-[acyl-carrier-protein] reductase [NADH]
map01100,K11611,mtu:Rv1484,P9WGR1,DB03030,Enoyl-[acyl-carrier-protein] reductase [NADH]
map01100,K11611,mtu:Rv1484,P9WGR1,DB04289,Enoyl-[acyl-carrier-protein] reductase [NADH]
map01100,K11611,mtu:Rv1484,P9WGR1,DB04393,Enoyl-[acyl-carrier-protein] reductase [NADH]
map01100,K11611,mtu:Rv1484,P9WGR1,DB05154,Enoyl-[acyl-carrier-protein] reductase [NADH]
map01100,K11611,mtu:Rv1484,P9WGR1,DB07090,Enoyl-[acyl-carrier-protein] reductase [NADH]
map01100,K11611,mtu:Rv1484,P9WGR1,DB07123,Enoyl-[acyl-carrier-protein] reductase [NADH]
map01100,K11611,mtu:Rv1484,P9WGR1,DB07155,Enoyl-[acyl-carrier-protein] reductase [NADH]
map01100,K11611,mtu:Rv1484,P9WGR1,DB07178,Enoyl-[acyl-carrier-protein] reductase [NADH]
map01100,K11611,mtu:Rv1484,P9WGR1,DB07188,Enoyl-[acyl-carrier-protein] reductase [NADH]
map01100,K11611,mtu:Rv1484,P9WGR1,DB07192,Enoyl-[acyl-carrier-protein] reductase [NADH]
map01100,K11611,mtu:Rv1484,P9WGR1,DB07222,Enoyl-[acyl-carrier-protein] reductase [NADH]
map01100,K11611,mtu:Rv1484,P9WGR1,DB07287,Enoyl-[acyl-carrier-protein] reductase [NADH]
map01100,K11611,mtu:Rv1484,P9WGR1,DB08604,Enoyl-[acyl-carrier-protein] reductase [NADH]
map01100,K11611,mtu:Rv1484,P9WGR1,DB12667,Enoyl-[acyl-carrier-protein] reductase [NADH]
map01100,K11611,mtu:Rv1484,P9WGR1,DB13918,Enoyl-[acyl-carrier-protein] reductase [NADH]
map01100,K11611,mtu:Rv1484,P9WGR1,DB14128,Enoyl-[acyl-carrier-protein] reductase [NADH]
map01100,K16049,mtu:Rv3568c,P9WNW7,DB08542,Iron-dependent extradiol dioxygenase
map01100,K16050,mtu:Rv3569c,P9WNH5,DB07911,"4,5:9,10-diseco-3-hydroxy-5,9,17-trioxoandrosta-1(10),2-diene-4-oate hydrolase"
map01100,K18851,mtu:Rv0129c,P9WQN9,DB02811,Diacylglycerol acyltransferase/mycolyltransferase Ag85C
map01100,K18851,mtu:Rv0129c,P9WQN9,DB08558,Diacylglycerol acyltransferase/mycolyltransferase Ag85C
map01110,K00058,mtu:Rv2996c,P9WNX3,DB01694,D-3-phosphoglycerate dehydrogenase
map01110,K00215,mtu:Rv2773c,P9WP23,DB04267,4-hydroxy-tetrahydrodipicolinate reductase
map01110,K00794,mtu:Rv1416,P9WHE9,DB01692,"6,7-dimethyl-8-ribityllumazine synthase"
map01110,K00794,mtu:Rv1416,P9WHE9,DB02135,"6,7-dimethyl-8-ribityllumazine synthase"
map01110,K00794,mtu:Rv1416,P9WHE9,DB02184,"6,7-dimethyl-8-ribityllumazine synthase"
map01110,K00794,mtu:Rv1416,P9WHE9,DB02290,"6,7-dimethyl-8-ribityllumazine synthase"
map01110,K00794,mtu:Rv1416,P9WHE9,DB02693,"6,7-dimethyl-8-ribityllumazine synthase"
map01110,K00794,mtu:Rv1416,P9WHE9,DB02711,"6,7-dimethyl-8-ribityllumazine synthase"
map01110,K00794,mtu:Rv1416,P9WHE9,DB03022,"6,7-dimethyl-8-ribityllumazine synthase"
map01110,K00794,mtu:Rv1416,P9WHE9,DB03812,"6,7-dimethyl-8-ribityllumazine synthase"
map01110,K00794,mtu:Rv1416,P9WHE9,DB03973,"6,7-dimethyl-8-ribityllumazine synthase"
map01110,K00794,mtu:Rv1416,P9WHE9,DB08016,"6,7-dimethyl-8-ribityllumazine synthase"
map01110,K01637,mtu:Rv0467,P9WKK7,DB04343,Isocitrate lyase
map01110,K01638,mtu:Rv1837c,P9WK17,DB01992,Malate synthase G
map01110,K01638,mtu:Rv1837c,P9WK17,DB03499,Malate synthase G
map01110,K01638,mtu:Rv1837c,P9WK17,DB04343,Malate synthase G
map01110,K01649,mtu:Rv3710,P9WQB3,DB04074,2-isopropylmalate synthase
map01110,K01661,mtu:Rv0548c,P9WNP5,DB01992,"1,4-dihydroxy-2-naphthoyl-CoA synthase"
map01110,K01661,mtu:Rv0548c,P9WNP5,DB03059,"1,4-dihydroxy-2-naphthoyl-CoA synthase"
map01110,K01790,mtu:Rv3465,P9WH11,DB04530,"dTDP-4-dehydrorhamnose 3,5-epimerase"
map01110,K01808,mtu:Rv2465c,P9WKD7,DB03108,Ribose-5-phosphate isomerase B
map01110,K01808,mtu:Rv2465c,P9WKD7,DB04496,Ribose-5-phosphate isomerase B
map01110,K01915,mtu:Rv2220,P9WN39,DB04272,Glutamine synthetase
map01110,K01918,mtu:Rv3602c,P9WIL5,DB01930,Pantothenate synthetase
map01110,K01918,mtu:Rv3602c,P9WIL5,DB02596,Pantothenate synthetase
map01110,K01918,mtu:Rv3602c,P9WIL5,DB02694,Pantothenate synthetase
map01110,K01918,mtu:Rv3602c,P9WIL5,DB03107,Pantothenate synthetase
map01110,K03782,mtu:Rv1908c,P9WIE5,DB00609,Catalase-peroxidase
map01110,K03782,mtu:Rv1908c,P9WIE5,DB00951,Catalase-peroxidase
map01110,K03783,mtu:Rv3307,P9WP01,DB03411,Purine nucleoside phosphorylase
map01110,K03783,mtu:Rv3307,P9WP01,DB03551,Purine nucleoside phosphorylase
map01110,K03783,mtu:Rv3307,P9WP01,DB04095,Purine nucleoside phosphorylase
map01110,K03786,mtu:Rv2537c,P9WPX7,DB02801,3-dehydroquinate dehydratase
map01110,K03786,mtu:Rv2537c,P9WPX7,DB03739,3-dehydroquinate dehydratase
map01110,K04093,mtu:Rv1885c,P9WIB9,DB08648,Secreted chorismate mutase
map01110,K11608,mtu:Rv0533c,P9WNG3,DB03017,Mycobacterial beta-ketoacyl-[acyl-carrier-protein] synthase III
map01110,K11608,mtu:Rv0533c,P9WNG3,DB03264,Mycobacterial beta-ketoacyl-[acyl-carrier-protein] synthase III
map01110,K11608,mtu:Rv0533c,P9WNG3,DB07611,Mycobacterial beta-ketoacyl-[acyl-carrier-protein] synthase III
map01110,K11608,mtu:Rv0533c,P9WNG3,DB07650,Mycobacterial beta-ketoacyl-[acyl-carrier-protein] synthase III
map01110,K11608,mtu:Rv0533c,P9WNG3,DB08171,Mycobacterial beta-ketoacyl-[acyl-carrier-protein] synthase III
map01110,K11608,mtu:Rv0533c,P9WNG3,DB08684,Mycobacterial beta-ketoacyl-[acyl-carrier-protein] synthase III
map01110,K11608,mtu:Rv0533c,P9WNG3,DB08712,Mycobacterial beta-ketoacyl-[acyl-carrier-protein] synthase III
map01110,K11609,mtu:Rv2245,P9WQD9,DB04302,3-oxoacyl-[acyl-carrier-protein] synthase 1
map01110,K11611,mtu:Rv1484,P9WGR1,DB00339,Enoyl-[acyl-carrier-protein] reductase [NADH]
map01110,K11611,mtu:Rv1484,P9WGR1,DB00609,Enoyl-[acyl-carrier-protein] reductase [NADH]
map01110,K11611,mtu:Rv1484,P9WGR1,DB00951,Enoyl-[acyl-carrier-protein] reductase [NADH]
map01110,K11611,mtu:Rv1484,P9WGR1,DB01691,Enoyl-[acyl-carrier-protein] reductase [NADH]
map01110,K11611,mtu:Rv1484,P9WGR1,DB02379,Enoyl-[acyl-carrier-protein] reductase [NADH]
map01110,K11611,mtu:Rv1484,P9WGR1,DB02990,Enoyl-[acyl-carrier-protein] reductase [NADH]
map01110,K11611,mtu:Rv1484,P9WGR1,DB03030,Enoyl-[acyl-carrier-protein] reductase [NADH]
map01110,K11611,mtu:Rv1484,P9WGR1,DB04289,Enoyl-[acyl-carrier-protein] reductase [NADH]
map01110,K11611,mtu:Rv1484,P9WGR1,DB04393,Enoyl-[acyl-carrier-protein] reductase [NADH]
map01110,K11611,mtu:Rv1484,P9WGR1,DB05154,Enoyl-[acyl-carrier-protein] reductase [NADH]
map01110,K11611,mtu:Rv1484,P9WGR1,DB07090,Enoyl-[acyl-carrier-protein] reductase [NADH]
map01110,K11611,mtu:Rv1484,P9WGR1,DB07123,Enoyl-[acyl-carrier-protein] reductase [NADH]
map01110,K11611,mtu:Rv1484,P9WGR1,DB07155,Enoyl-[acyl-carrier-protein] reductase [NADH]
map01110,K11611,mtu:Rv1484,P9WGR1,DB07178,Enoyl-[acyl-carrier-protein] reductase [NADH]
map01110,K11611,mtu:Rv1484,P9WGR1,DB07188,Enoyl-[acyl-carrier-protein] reductase [NADH]
map01110,K11611,mtu:Rv1484,P9WGR1,DB07192,Enoyl-[acyl-carrier-protein] reductase [NADH]
map01110,K11611,mtu:Rv1484,P9WGR1,DB07222,Enoyl-[acyl-carrier-protein] reductase [NADH]
map01110,K11611,mtu:Rv1484,P9WGR1,DB07287,Enoyl-[acyl-carrier-protein] reductase [NADH]
map01110,K11611,mtu:Rv1484,P9WGR1,DB08604,Enoyl-[acyl-carrier-protein] reductase [NADH]
map01110,K11611,mtu:Rv1484,P9WGR1,DB12667,Enoyl-[acyl-carrier-protein] reductase [NADH]
map01110,K11611,mtu:Rv1484,P9WGR1,DB13918,Enoyl-[acyl-carrier-protein] reductase [NADH]
map01110,K11611,mtu:Rv1484,P9WGR1,DB14128,Enoyl-[acyl-carrier-protein] reductase [NADH]
map01110,K12503,mtu:Rv1086,P9WFF5,DB02552,"(2Z,6E)-farnesyl diphosphate synthase"
map01110,K12503,mtu:Rv1086,P9WFF5,DB07780,"(2Z,6E)-farnesyl diphosphate synthase"
map01110,K14215,mtu:Rv2361c,P9WFF7,DB02552,Decaprenyl diphosphate synthase
map01110,K14215,mtu:Rv2361c,P9WFF7,DB04714,Decaprenyl diphosphate synthase
map01110,K18851,mtu:Rv0129c,P9WQN9,DB02811,Diacylglycerol acyltransferase/mycolyltransferase Ag85C
map01110,K18851,mtu:Rv0129c,P9WQN9,DB08558,Diacylglycerol acyltransferase/mycolyltransferase Ag85C
map00074,K11533,mtu:Rv2524c,P95029,DB00339,Probable fatty acid synthase Fas (Fatty acid synthetase)
map00074,K11533,mtu:Rv2524c,P95029,DB05154,Probable fatty acid synthase Fas (Fatty acid synthetase)
map00074,K11608,mtu:Rv0533c,P9WNG3,DB03017,Mycobacterial beta-ketoacyl-[acyl-carrier-protein] synthase III
map00074,K11608,mtu:Rv0533c,P9WNG3,DB03264,Mycobacterial beta-ketoacyl-[acyl-carrier-protein] synthase III
map00074,K11608,mtu:Rv0533c,P9WNG3,DB07611,Mycobacterial beta-ketoacyl-[acyl-carrier-protein] synthase III
map00074,K11608,mtu:Rv0533c,P9WNG3,DB07650,Mycobacterial beta-ketoacyl-[acyl-carrier-protein] synthase III
map00074,K11608,mtu:Rv0533c,P9WNG3,DB08171,Mycobacterial beta-ketoacyl-[acyl-carrier-protein] synthase III
map00074,K11608,mtu:Rv0533c,P9WNG3,DB08684,Mycobacterial beta-ketoacyl-[acyl-carrier-protein] synthase III
map00074,K11608,mtu:Rv0533c,P9WNG3,DB08712,Mycobacterial beta-ketoacyl-[acyl-carrier-protein] synthase III
map00074,K11609,mtu:Rv2245,P9WQD9,DB04302,3-oxoacyl-[acyl-carrier-protein] synthase 1
map00074,K11611,mtu:Rv1484,P9WGR1,DB00339,Enoyl-[acyl-carrier-protein] reductase [NADH]
map00074,K11611,mtu:Rv1484,P9WGR1,DB00609,Enoyl-[acyl-carrier-protein] reductase [NADH]
map00074,K11611,mtu:Rv1484,P9WGR1,DB00951,Enoyl-[acyl-carrier-protein] reductase [NADH]
map00074,K11611,mtu:Rv1484,P9WGR1,DB01691,Enoyl-[acyl-carrier-protein] reductase [NADH]
map00074,K11611,mtu:Rv1484,P9WGR1,DB02379,Enoyl-[acyl-carrier-protein] reductase [NADH]
map00074,K11611,mtu:Rv1484,P9WGR1,DB02990,Enoyl-[acyl-carrier-protein] reductase [NADH]
map00074,K11611,mtu:Rv1484,P9WGR1,DB03030,Enoyl-[acyl-carrier-protein] reductase [NADH]
map00074,K11611,mtu:Rv1484,P9WGR1,DB04289,Enoyl-[acyl-carrier-protein] reductase [NADH]
map00074,K11611,mtu:Rv1484,P9WGR1,DB04393,Enoyl-[acyl-carrier-protein] reductase [NADH]
map00074,K11611,mtu:Rv1484,P9WGR1,DB05154,Enoyl-[acyl-carrier-protein] reductase [NADH]
map00074,K11611,mtu:Rv1484,P9WGR1,DB07090,Enoyl-[acyl-carrier-protein] reductase [NADH]
map00074,K11611,mtu:Rv1484,P9WGR1,DB07123,Enoyl-[acyl-carrier-protein] reductase [NADH]
map00074,K11611,mtu:Rv1484,P9WGR1,DB07155,Enoyl-[acyl-carrier-protein] reductase [NADH]
map00074,K11611,mtu:Rv1484,P9WGR1,DB07178,Enoyl-[acyl-carrier-protein] reductase [NADH]
map00074,K11611,mtu:Rv1484,P9WGR1,DB07188,Enoyl-[acyl-carrier-protein] reductase [NADH]
map00074,K11611,mtu:Rv1484,P9WGR1,DB07192,Enoyl-[acyl-carrier-protein] reductase [NADH]
map00074,K11611,mtu:Rv1484,P9WGR1,DB07222,Enoyl-[acyl-carrier-protein] reductase [NADH]
map00074,K11611,mtu:Rv1484,P9WGR1,DB07287,Enoyl-[acyl-carrier-protein] reductase [NADH]
map00074,K11611,mtu:Rv1484,P9WGR1,DB08604,Enoyl-[acyl-carrier-protein] reductase [NADH]
map00074,K11611,mtu:Rv1484,P9WGR1,DB12667,Enoyl-[acyl-carrier-protein] reductase [NADH]
map00074,K11611,mtu:Rv1484,P9WGR1,DB13918,Enoyl-[acyl-carrier-protein] reductase [NADH]
map00074,K11611,mtu:Rv1484,P9WGR1,DB14128,Enoyl-[acyl-carrier-protein] reductase [NADH]
map00074,K18851,mtu:Rv0129c,P9WQN9,DB02811,Diacylglycerol acyltransferase/mycolyltransferase Ag85C
map00074,K18851,mtu:Rv0129c,P9WQN9,DB08558,Diacylglycerol acyltransferase/mycolyltransferase Ag85C
map00074,K26591,mtu:Rv0470c,P9WPB3,DB01752,Cyclopropane mycolic acid synthase 3
map00074,K26591,mtu:Rv0470c,P9WPB3,DB05154,Cyclopropane mycolic acid synthase 3
map00074,K26592,mtu:Rv0642c,Q79FX8,DB07413,Hydroxymycolate synthase MmaA4
map00074,K26595,mtu:Rv0644c,Q79FX6,DB01718,Cyclopropane mycolic acid synthase MmaA2
map00074,K26595,mtu:Rv0644c,Q79FX6,DB01752,Cyclopropane mycolic acid synthase MmaA2
map00074,K26596,mtu:Rv0503c,P9WPB5,DB01752,Cyclopropane mycolic acid synthase 2
map00074,K26596,mtu:Rv0503c,P9WPB5,DB04221,Cyclopropane mycolic acid synthase 2
map00074,K26596,mtu:Rv0503c,P9WPB5,DB05154,Cyclopropane mycolic acid synthase 2
map01240,K00287,mtu:Rv2763c,P9WNX1,DB00951,Dihydrofolate reductase
map01240,K00287,mtu:Rv2763c,P9WNX1,DB04007,Dihydrofolate reductase
map01240,K00767,mtu:Rv1596,P9WJJ7,DB01796,Nicotinate-nucleotide pyrophosphorylase [carboxylating]
map01240,K00767,mtu:Rv1596,P9WJJ7,DB02382,Nicotinate-nucleotide pyrophosphorylase [carboxylating]
map01240,K00767,mtu:Rv1596,P9WJJ7,DB02746,Nicotinate-nucleotide pyrophosphorylase [carboxylating]
map01240,K00767,mtu:Rv1596,P9WJJ7,DB04294,Nicotinate-nucleotide pyrophosphorylase [carboxylating]
map01240,K00794,mtu:Rv1416,P9WHE9,DB01692,"6,7-dimethyl-8-ribityllumazine synthase"
map01240,K00794,mtu:Rv1416,P9WHE9,DB02135,"6,7-dimethyl-8-ribityllumazine synthase"
map01240,K00794,mtu:Rv1416,P9WHE9,DB02184,"6,7-dimethyl-8-ribityllumazine synthase"
map01240,K00794,mtu:Rv1416,P9WHE9,DB02290,"6,7-dimethyl-8-ribityllumazine synthase"
map01240,K00794,mtu:Rv1416,P9WHE9,DB02693,"6,7-dimethyl-8-ribityllumazine synthase"
map01240,K00794,mtu:Rv1416,P9WHE9,DB02711,"6,7-dimethyl-8-ribityllumazine synthase"
map01240,K00794,mtu:Rv1416,P9WHE9,DB03022,"6,7-dimethyl-8-ribityllumazine synthase"
map01240,K00794,mtu:Rv1416,P9WHE9,DB03812,"6,7-dimethyl-8-ribityllumazine synthase"
map01240,K00794,mtu:Rv1416,P9WHE9,DB03973,"6,7-dimethyl-8-ribityllumazine synthase"
map01240,K00794,mtu:Rv1416,P9WHE9,DB08016,"6,7-dimethyl-8-ribityllumazine synthase"
map01240,K00796,mtu:Rv3608c,P9WND1,DB03592,Dihydropteroate synthase
map01240,K01661,mtu:Rv0548c,P9WNP5,DB01992,"1,4-dihydroxy-2-naphthoyl-CoA synthase"
map01240,K01661,mtu:Rv0548c,P9WNP5,DB03059,"1,4-dihydroxy-2-naphthoyl-CoA synthase"
map01240,K01918,mtu:Rv3602c,P9WIL5,DB01930,Pantothenate synthetase
map01240,K01918,mtu:Rv3602c,P9WIL5,DB02596,Pantothenate synthetase
map01240,K01918,mtu:Rv3602c,P9WIL5,DB02694,Pantothenate synthetase
map01240,K01918,mtu:Rv3602c,P9WIL5,DB03107,Pantothenate synthetase
map01240,K01935,mtu:Rv1570,P9WPQ5,DB03775,Dethiobiotin synthetase BioD
map01240,K03801,mtu:Rv2217,P9WK83,DB03600,Octanoyltransferase
map00760,K00767,mtu:Rv1596,P9WJJ7,DB01796,Nicotinate-nucleotide pyrophosphorylase [carboxylating]
map00760,K00767,mtu:Rv1596,P9WJJ7,DB02382,Nicotinate-nucleotide pyrophosphorylase [carboxylating]
map00760,K00767,mtu:Rv1596,P9WJJ7,DB02746,Nicotinate-nucleotide pyrophosphorylase [carboxylating]
map00760,K00767,mtu:Rv1596,P9WJJ7,DB04294,Nicotinate-nucleotide pyrophosphorylase [carboxylating]
map00760,K03783,mtu:Rv3307,P9WP01,DB03411,Purine nucleoside phosphorylase
map00760,K03783,mtu:Rv3307,P9WP01,DB03551,Purine nucleoside phosphorylase
map00760,K03783,mtu:Rv3307,P9WP01,DB04095,Purine nucleoside phosphorylase
map01120,K00058,mtu:Rv2996c,P9WNX3,DB01694,D-3-phosphoglycerate dehydrogenase
map01120,K00215,mtu:Rv2773c,P9WP23,DB04267,4-hydroxy-tetrahydrodipicolinate reductase
map01120,K01637,mtu:Rv0467,P9WKK7,DB04343,Isocitrate lyase
map01120,K01638,mtu:Rv1837c,P9WK17,DB01992,Malate synthase G
map01120,K01638,mtu:Rv1837c,P9WK17,DB03499,Malate synthase G
map01120,K01638,mtu:Rv1837c,P9WK17,DB04343,Malate synthase G
map01120,K01808,mtu:Rv2465c,P9WKD7,DB03108,Ribose-5-phosphate isomerase B
map01120,K01808,mtu:Rv2465c,P9WKD7,DB04496,Ribose-5-phosphate isomerase B
map01120,K01915,mtu:Rv2220,P9WN39,DB04272,Glutamine synthetase
map01120,K16049,mtu:Rv3568c,P9WNW7,DB08542,Iron-dependent extradiol dioxygenase
map01120,K16050,mtu:Rv3569c,P9WNH5,DB07911,"4,5:9,10-diseco-3-hydroxy-5,9,17-trioxoandrosta-1(10),2-diene-4-oate hydrolase"
map01212,K11533,mtu:Rv2524c,P95029,DB00339,Probable fatty acid synthase Fas (Fatty acid synthetase)
map01212,K11533,mtu:Rv2524c,P95029,DB05154,Probable fatty acid synthase Fas (Fatty acid synthetase)
map00984,K16049,mtu:Rv3568c,P9WNW7,DB08542,Iron-dependent extradiol dioxygenase
map00984,K16050,mtu:Rv3569c,P9WNH5,DB07911,"4,5:9,10-diseco-3-hydroxy-5,9,17-trioxoandrosta-1(10),2-diene-4-oate hydrolase"
map00790,K00287,mtu:Rv2763c,P9WNX1,DB00951,Dihydrofolate reductase
map00790,K00287,mtu:Rv2763c,P9WNX1,DB04007,Dihydrofolate reductase
map00790,K00796,mtu:Rv3608c,P9WND1,DB03592,Dihydropteroate synthase
map00561,K18851,mtu:Rv0129c,P9WQN9,DB02811,Diacylglycerol acyltransferase/mycolyltransferase Ag85C
map00561,K18851,mtu:Rv0129c,P9WQN9,DB08558,Diacylglycerol acyltransferase/mycolyltransferase Ag85C
map00780,K01935,mtu:Rv1570,P9WPQ5,DB03775,Dethiobiotin synthetase BioD
map00061,K11533,mtu:Rv2524c,P95029,DB00339,Probable fatty acid synthase Fas (Fatty acid synthetase)
map00061,K11533,mtu:Rv2524c,P95029,DB05154,Probable fatty acid synthase Fas (Fatty acid synthetase)
map00640,K01637,mtu:Rv0467,P9WKK7,DB04343,Isocitrate lyase
map01230,K00058,mtu:Rv2996c,P9WNX3,DB01694,D-3-phosphoglycerate dehydrogenase
map01230,K00215,mtu:Rv2773c,P9WP23,DB04267,4-hydroxy-tetrahydrodipicolinate reductase
map01230,K01649,mtu:Rv3710,P9WQB3,DB04074,2-isopropylmalate synthase
map01230,K01808,mtu:Rv2465c,P9WKD7,DB03108,Ribose-5-phosphate isomerase B
map01230,K01808,mtu:Rv2465c,P9WKD7,DB04496,Ribose-5-phosphate isomerase B
map01230,K01915,mtu:Rv2220,P9WN39,DB04272,Glutamine synthetase
map01230,K03786,mtu:Rv2537c,P9WPX7,DB02801,3-dehydroquinate dehydratase
map01230,K03786,mtu:Rv2537c,P9WPX7,DB03739,3-dehydroquinate dehydratase
map01230,K04093,mtu:Rv1885c,P9WIB9,DB08648,Secreted chorismate mutase
map01210,K01649,mtu:Rv3710,P9WQB3,DB04074,2-isopropylmalate synthase
map01200,K00058,mtu:Rv2996c,P9WNX3,DB01694,D-3-phosphoglycerate dehydrogenase
map01200,K01637,mtu:Rv0467,P9WKK7,DB04343,Isocitrate lyase
map01200,K01638,mtu:Rv1837c,P9WK17,DB01992,Malate synthase G
map01200,K01638,mtu:Rv1837c,P9WK17,DB03499,Malate synthase G
map01200,K01638,mtu:Rv1837c,P9WK17,DB04343,Malate synthase G
map01200,K01808,mtu:Rv2465c,P9WKD7,DB03108,Ribose-5-phosphate isomerase B
map01200,K01808,mtu:Rv2465c,P9WKD7,DB04496,Ribose-5-phosphate isomerase B
map00630,K01637,mtu:Rv0467,P9WKK7,DB04343,Isocitrate lyase
map00630,K01638,mtu:Rv1837c,P9WK17,DB01992,Malate synthase G
map00630,K01638,mtu:Rv1837c,P9WK17,DB03499,Malate synthase G
map00630,K01638,mtu:Rv1837c,P9WK17,DB04343,Malate synthase G
map00630,K01915,mtu:Rv2220,P9WN39,DB04272,Glutamine synthetase
map00190,K02110,mtu:Rv1305,P9WPS1,DB08903,ATP synthase subunit c
map00220,K01915,mtu:Rv2220,P9WN39,DB04272,Glutamine synthetase
map00620,K01638,mtu:Rv1837c,P9WK17,DB01992,Malate synthase G
map00620,K01638,mtu:Rv1837c,P9WK17,DB03499,Malate synthase G
map00620,K01638,mtu:Rv1837c,P9WK17,DB04343,Malate synthase G
map00620,K01649,mtu:Rv3710,P9WQB3,DB04074,2-isopropylmalate synthase
map00680,K00058,mtu:Rv2996c,P9WNX3,DB01694,D-3-phosphoglycerate dehydrogenase
map00260,K00058,mtu:Rv2996c,P9WNX3,DB01694,D-3-phosphoglycerate dehydrogenase
map05152,K14949,mtu:Rv0410c,P9WI73,DB07398,Serine/threonine-protein kinase PknG
map00400,K03786,mtu:Rv2537c,P9WPX7,DB02801,3-dehydroquinate dehydratase
map00400,K03786,mtu:Rv2537c,P9WPX7,DB03739,3-dehydroquinate dehydratase
map00400,K04093,mtu:Rv1885c,P9WIB9,DB08648,Secreted chorismate mutase
map00572,K11385,mtu:Rv3794,P9WNL9,DB00330,Probable arabinosyltransferase A
map00572,K11386,mtu:Rv3795,P9WNL7,DB00330,Probable arabinosyltransferase B
map00572,K18851,mtu:Rv0129c,P9WQN9,DB02811,Diacylglycerol acyltransferase/mycolyltransferase Ag85C
map00572,K18851,mtu:Rv0129c,P9WQN9,DB08558,Diacylglycerol acyltransferase/mycolyltransferase Ag85C
map02020,K01179,mtu:Rv0062,Q79G13,DB01642,Glucanase
map02020,K01179,mtu:Rv0062,Q79G13,DB02379,Glucanase
map02020,K01179,mtu:Rv0062,Q79G13,DB02467,Glucanase
map02020,K01179,mtu:Rv0062,Q79G13,DB03584,Glucanase
map02020,K01179,mtu:Rv0062,Q79G13,DB04545,Glucanase
map02020,K01644,mtu:Rv2498c,P9WPE1,DB01942,Citrate lyase subunit beta-like protein
map02020,K01915,mtu:Rv2220,P9WN39,DB04272,Glutamine synthetase
map00270,K00058,mtu:Rv2996c,P9WNX3,DB01694,D-3-phosphoglycerate dehydrogenase
map00270,K01251,mtu:Rv3248c,P9WGV3,DB07052,Adenosylhomocysteinase
map00230,K00526,mtu:Rv0233,P9WH69,DB08231,R2-like ligand binding oxidase
map00230,K00942,mtu:Rv1389,P9WKE9,DB01942,Guanylate kinase
map00230,K03783,mtu:Rv3307,P9WP01,DB03411,Purine nucleoside phosphorylase
map00230,K03783,mtu:Rv3307,P9WP01,DB03551,Purine nucleoside phosphorylase
map00230,K03783,mtu:Rv3307,P9WP01,DB04095,Purine nucleoside phosphorylase
map01232,K00526,mtu:Rv0233,P9WH69,DB08231,R2-like ligand binding oxidase
map01232,K00942,mtu:Rv1389,P9WKE9,DB01942,Guanylate kinase
map01232,K00943,mtu:Rv3247c,P9WKE1,DB01643,Thymidylate kinase
map01232,K00943,mtu:Rv3247c,P9WKE1,DB02452,Thymidylate kinase
map01232,K00943,mtu:Rv3247c,P9WKE1,DB03280,Thymidylate kinase
map01232,K00943,mtu:Rv3247c,P9WKE1,DB03666,Thymidylate kinase
map01232,K00943,mtu:Rv3247c,P9WKE1,DB03846,Thymidylate kinase
map01232,K01520,mtu:Rv2697c,P9WNS5,DB01965,Deoxyuridine 5'-triphosphate nucleotidohydrolase
map01232,K01520,mtu:Rv2697c,P9WNS5,DB02333,Deoxyuridine 5'-triphosphate nucleotidohydrolase
map01232,K01520,mtu:Rv2697c,P9WNS5,DB03413,Deoxyuridine 5'-triphosphate nucleotidohydrolase
map01232,K01520,mtu:Rv2697c,P9WNS5,DB03800,Deoxyuridine 5'-triphosphate nucleotidohydrolase
map01232,K03783,mtu:Rv3307,P9WP01,DB03411,Purine nucleoside phosphorylase
map01232,K03783,mtu:Rv3307,P9WP01,DB03551,Purine nucleoside phosphorylase
map01232,K03783,mtu:Rv3307,P9WP01,DB04095,Purine nucleoside phosphorylase
map00240,K00526,mtu:Rv0233,P9WH69,DB08231,R2-like ligand binding oxidase
map00240,K00943,mtu:Rv3247c,P9WKE1,DB01643,Thymidylate kinase
map00240,K00943,mtu:Rv3247c,P9WKE1,DB02452,Thymidylate kinase
map00240,K00943,mtu:Rv3247c,P9WKE1,DB03280,Thymidylate kinase
map00240,K00943,mtu:Rv3247c,P9WKE1,DB03666,Thymidylate kinase
map00240,K00943,mtu:Rv3247c,P9WKE1,DB03846,Thymidylate kinase
map00240,K01520,mtu:Rv2697c,P9WNS5,DB01965,Deoxyuridine 5'-triphosphate nucleotidohydrolase
map00240,K01520,mtu:Rv2697c,P9WNS5,DB02333,Deoxyuridine 5'-triphosphate nucleotidohydrolase
map00240,K01520,mtu:Rv2697c,P9WNS5,DB03413,Deoxyuridine 5'-triphosphate nucleotidohydrolase
map00240,K01520,mtu:Rv2697c,P9WNS5,DB03800,Deoxyuridine 5'-triphosphate nucleotidohydrolase
map00770,K01918,mtu:Rv3602c,P9WIL5,DB01930,Pantothenate synthetase
map00770,K01918,mtu:Rv3602c,P9WIL5,DB02596,Pantothenate synthetase
map00770,K01918,mtu:Rv3602c,P9WIL5,DB02694,Pantothenate synthetase
map00770,K01918,mtu:Rv3602c,P9WIL5,DB03107,Pantothenate synthetase
map00900,K12503,mtu:Rv1086,P9WFF5,DB02552,"(2Z,6E)-farnesyl diphosphate synthase"
map00900,K12503,mtu:Rv1086,P9WFF5,DB07780,"(2Z,6E)-farnesyl diphosphate synthase"
map00900,K14215,mtu:Rv2361c,P9WFF7,DB02552,Decaprenyl diphosphate synthase
map00900,K14215,mtu:Rv2361c,P9WFF7,DB04714,Decaprenyl diphosphate synthase
map00670,K00287,mtu:Rv2763c,P9WNX1,DB00951,Dihydrofolate reductase
map00670,K00287,mtu:Rv2763c,P9WNX1,DB04007,Dihydrofolate reductase
map00670,K01251,mtu:Rv3248c,P9WGV3,DB07052,Adenosylhomocysteinase
map04981,K00287,mtu:Rv2763c,P9WNX1,DB00951,Dihydrofolate reductase
map04981,K00287,mtu:Rv2763c,P9WNX1,DB04007,Dihydrofolate reductase
map00500,K01179,mtu:Rv0062,Q79G13,DB01642,Glucanase
map00500,K01179,mtu:Rv0062,Q79G13,DB02379,Glucanase
map00500,K01179,mtu:Rv0062,Q79G13,DB02467,Glucanase
map00500,K01179,mtu:Rv0062,Q79G13,DB03584,Glucanase
map00500,K01179,mtu:Rv0062,Q79G13,DB04545,Glucanase
map00710,K01808,mtu:Rv2465c,P9WKD7,DB03108,Ribose-5-phosphate isomerase B
map00710,K01808,mtu:Rv2465c,P9WKD7,DB04496,Ribose-5-phosphate isomerase B
map00030,K01808,mtu:Rv2465c,P9WKD7,DB03108,Ribose-5-phosphate isomerase B
map00030,K01808,mtu:Rv2465c,P9WKD7,DB04496,Ribose-5-phosphate isomerase B
map00290,K01649,mtu:Rv3710,P9WQB3,DB04074,2-isopropylmalate synthase
map00051,K01808,mtu:Rv2465c,P9WKD7,DB03108,Ribose-5-phosphate isomerase B
map00051,K01808,mtu:Rv2465c,P9WKD7,DB04496,Ribose-5-phosphate isomerase B
map01250,K01790,mtu:Rv3465,P9WH11,DB04530,"dTDP-4-dehydrorhamnose 3,5-epimerase"
map01250,K01854,mtu:Rv3809c,P9WIQ1,DB03147,UDP-galactopyranose mutase
map01250,K01854,mtu:Rv3809c,P9WIQ1,DB03709,UDP-galactopyranose mutase
map00541,K01790,mtu:Rv3465,P9WH11,DB04530,"dTDP-4-dehydrorhamnose 3,5-epimerase"
map03020,K03043,mtu:Rv0667,P9WGY9,DB01045,DNA-directed RNA polymerase subunit beta
map03020,K03043,mtu:Rv0667,P9WGY9,DB06656,DNA-directed RNA polymerase subunit beta
map03020,K03043,mtu:Rv0667,P9WGY9,DB11753,DNA-directed RNA polymerase subunit beta
map03020,K03043,mtu:Rv0667,P9WGY9,DB12466,DNA-directed RNA polymerase subunit beta
map03020,K03046,mtu:Rv0668,P9WGY7,DB01201,DNA-directed RNA polymerase subunit beta'
map03020,K03046,mtu:Rv0668,P9WGY7,DB06656,DNA-directed RNA polymerase subunit beta'
map03020,K03046,mtu:Rv0668,P9WGY7,DB11753,DNA-directed RNA polymerase subunit beta'
map03020,K03046,mtu:Rv0668,P9WGY7,DB12466,DNA-directed RNA polymerase subunit beta'
map00521,K01790,mtu:Rv3465,P9WH11,DB04530,"dTDP-4-dehydrorhamnose 3,5-epimerase"
map00523,K01790,mtu:Rv3465,P9WH11,DB04530,"dTDP-4-dehydrorhamnose 3,5-epimerase"
map00520,K01854,mtu:Rv3809c,P9WIQ1,DB03147,UDP-galactopyranose mutase
map00520,K01854,mtu:Rv3809c,P9WIQ1,DB03709,UDP-galactopyranose mutase
map00740,K00794,mtu:Rv1416,P9WHE9,DB01692,"6,7-dimethyl-8-ribityllumazine synthase"
map00740,K00794,mtu:Rv1416,P9WHE9,DB02135,"6,7-dimethyl-8-ribityllumazine synthase"
map00740,K00794,mtu:Rv1416,P9WHE9,DB02184,"6,7-dimethyl-8-ribityllumazine synthase"
map00740,K00794,mtu:Rv1416,P9WHE9,DB02290,"6,7-dimethyl-8-ribityllumazine synthase"
map00740,K00794,mtu:Rv1416,P9WHE9,DB02693,"6,7-dimethyl-8-ribityllumazine synthase"
map00740,K00794,mtu:Rv1416,P9WHE9,DB02711,"6,7-dimethyl-8-ribityllumazine synthase"
map00740,K00794,mtu:Rv1416,P9WHE9,DB03022,"6,7-dimethyl-8-ribityllumazine synthase"
map00740,K00794,mtu:Rv1416,P9WHE9,DB03812,"6,7-dimethyl-8-ribityllumazine synthase"
map00740,K00794,mtu:Rv1416,P9WHE9,DB03973,"6,7-dimethyl-8-ribityllumazine synthase"
map00740,K00794,mtu:Rv1416,P9WHE9,DB08016,"6,7-dimethyl-8-ribityllumazine synthase"
map00785,K03801,mtu:Rv2217,P9WK83,DB03600,Octanoyltransferase
map00380,K03782,mtu:Rv1908c,P9WIE5,DB00609,Catalase-peroxidase
map00380,K03782,mtu:Rv1908c,P9WIE5,DB00951,Catalase-peroxidase
map00983,K01520,mtu:Rv2697c,P9WNS5,DB01965,Deoxyuridine 5'-triphosphate nucleotidohydrolase
map00983,K01520,mtu:Rv2697c,P9WNS5,DB02333,Deoxyuridine 5'-triphosphate nucleotidohydrolase
map00983,K01520,mtu:Rv2697c,P9WNS5,DB03413,Deoxyuridine 5'-triphosphate nucleotidohydrolase
map00983,K01520,mtu:Rv2697c,P9WNS5,DB03800,Deoxyuridine 5'-triphosphate nucleotidohydrolase
map00983,K03782,mtu:Rv1908c,P9WIE5,DB00609,Catalase-peroxidase
map00983,K03782,mtu:Rv1908c,P9WIE5,DB00951,Catalase-peroxidase
map03050,K03432,mtu:Rv2109c,P9WHU1,DB04732,Proteasome subunit alpha
map03050,K03433,mtu:Rv2110c,P9WHT9,DB04732,Proteasome subunit beta
map00052,K01854,mtu:Rv3809c,P9WIQ1,DB03147,UDP-galactopyranose mutase
map00052,K01854,mtu:Rv3809c,P9WIQ1,DB03709,UDP-galactopyranose mutase
map00360,K03782,mtu:Rv1908c,P9WIE5,DB00609,Catalase-peroxidase
map00360,K03782,mtu:Rv1908c,P9WIE5,DB00951,Catalase-peroxidase
map00410,K01918,mtu:Rv3602c,P9WIL5,DB01930,Pantothenate synthetase
map00410,K01918,mtu:Rv3602c,P9WIL5,DB02596,Pantothenate synthetase
map00410,K01918,mtu:Rv3602c,P9WIL5,DB02694,Pantothenate synthetase
map00410,K01918,mtu:Rv3602c,P9WIL5,DB03107,Pantothenate synthetase
map00300,K00215,mtu:Rv2773c,P9WP23,DB04267,4-hydroxy-tetrahydrodipicolinate reductase
map00910,K01915,mtu:Rv2220,P9WN39,DB04272,Glutamine synthetase
map01100,K00600,sfl:SF2598,P0A827,DB02824,Serine hydroxymethyltransferase
map01100,K00600,sfl:SF2598,P0A827,DB11596,Serine hydroxymethyltransferase
map01100,K00600,sfx:S2770,P0A827,DB02824,Serine hydroxymethyltransferase
map01100,K00600,sfx:S2770,P0A827,DB11596,Serine hydroxymethyltransferase
map01100,K00609,sfl:SF4245,P0A789,DB03459,Aspartate carbamoyltransferase catalytic subunit
map01100,K00609,sfx:S4507,P0A789,DB03459,Aspartate carbamoyltransferase catalytic subunit
map01100,K00616,sfl:SF0009,P0A872,DB01815,Transaldolase B
map01100,K00616,sfx:S0008,P0A872,DB01815,Transaldolase B
map01100,K00789,sfl:SF2933,P0A820,DB03075,S-adenosylmethionine synthase
map01100,K00789,sfl:SF2933,P0A820,DB04395,S-adenosylmethionine synthase
map01100,K00789,sfl:SF2933,P0A820,DB04554,S-adenosylmethionine synthase
map01100,K00789,sfx:S3137,P0A820,DB03075,S-adenosylmethionine synthase
map01100,K00789,sfx:S3137,P0A820,DB04395,S-adenosylmethionine synthase
map01100,K00789,sfx:S3137,P0A820,DB04554,S-adenosylmethionine synthase
map01100,K00790,sfl:SF3229,P0A751,DB03397,UDP-N-acetylglucosamine 1-carboxyvinyltransferase
map01100,K00790,sfx:S3447,P0A751,DB03397,UDP-N-acetylglucosamine 1-carboxyvinyltransferase
map01100,K00919,sfl:SF1211,Q83LD8,DB03687,4-diphosphocytidyl-2-C-methyl-D-erythritol kinase
map01100,K00919,sfl:SF1211,Q83LD8,DB04395,4-diphosphocytidyl-2-C-methyl-D-erythritol kinase
map01100,K00919,sfx:S1295,Q83LD8,DB03687,4-diphosphocytidyl-2-C-methyl-D-erythritol kinase
map01100,K00919,sfx:S1295,Q83LD8,DB04395,4-diphosphocytidyl-2-C-methyl-D-erythritol kinase
map01100,K00943,sfl:SF1102,P0A721,DB03280,Thymidylate kinase
map01100,K00943,sfx:S1182,P0A721,DB03280,Thymidylate kinase
map01100,K00954,sfl:SF3673,P0A6I8,DB01992,Phosphopantetheine adenylyltransferase
map01100,K00954,sfl:SF3673,P0A6I8,DB03170,Phosphopantetheine adenylyltransferase
map01100,K00954,sfl:SF3673,P0A6I8,DB03912,Phosphopantetheine adenylyltransferase
map01100,K00954,sfx:S4095,P0A6I8,DB01992,Phosphopantetheine adenylyltransferase
map01100,K00954,sfx:S4095,P0A6I8,DB03170,Phosphopantetheine adenylyltransferase
map01100,K00954,sfx:S4095,P0A6I8,DB03912,Phosphopantetheine adenylyltransferase
map01100,K00969,sfl:SF0642,P0A753,DB04272,Nicotinate-nucleotide adenylyltransferase
map01100,K00969,sfx:S0664,P0A753,DB04272,Nicotinate-nucleotide adenylyltransferase
map01100,K00973,sfl:SF3863,P61888,DB02452,Glucose-1-phosphate thymidylyltransferase 2
map01100,K00973,sfx:S3897,P61888,DB02452,Glucose-1-phosphate thymidylyltransferase 2
map01100,K01495,sfl:SF2238,P0A6T8,DB04137,GTP cyclohydrolase 1
map01100,K01495,sfx:S2367,P0A6T8,DB04137,GTP cyclohydrolase 1
map01100,K01515,sfl:SF3074,P83844,DB01975,ADP-ribose pyrophosphatase
map01100,K01515,sfl:SF3074,P83844,DB02059,ADP-ribose pyrophosphatase
map01100,K01515,sfx:S3279,P83844,DB01975,ADP-ribose pyrophosphatase
map01100,K01515,sfx:S3279,P83844,DB02059,ADP-ribose pyrophosphatase
map01100,K01579,sfl:SF0128,P0A793,DB02175,Aspartate 1-decarboxylase
map01100,K01579,sfl:SF0128,P0A793,DB03382,Aspartate 1-decarboxylase
map01100,K01579,sfx:S0130,P0A793,DB02175,Aspartate 1-decarboxylase
map01100,K01579,sfx:S0130,P0A793,DB03382,Aspartate 1-decarboxylase
map01100,K01627,sfl:SF1218,P0A716,DB01819,2-dehydro-3-deoxyphosphooctonate aldolase
map01100,K01627,sfl:SF1218,P0A716,DB02433,2-dehydro-3-deoxyphosphooctonate aldolase
map01100,K01627,sfl:SF1218,P0A716,DB03113,2-dehydro-3-deoxyphosphooctonate aldolase
map01100,K01627,sfl:SF1218,P0A716,DB03936,2-dehydro-3-deoxyphosphooctonate aldolase
map01100,K01627,sfx:S1302,P0A716,DB01819,2-dehydro-3-deoxyphosphooctonate aldolase
map01100,K01627,sfx:S1302,P0A716,DB02433,2-dehydro-3-deoxyphosphooctonate aldolase
map01100,K01627,sfx:S1302,P0A716,DB03113,2-dehydro-3-deoxyphosphooctonate aldolase
map01100,K01627,sfx:S1302,P0A716,DB03936,2-dehydro-3-deoxyphosphooctonate aldolase
map01100,K01639,sfl:SF3261,P0A6L6,DB02951,N-acetylneuraminate lyase
map01100,K01639,sfx:S3478,P0A6L6,DB02951,N-acetylneuraminate lyase
map01100,K01716,sfl:SF0954,P0A6Q5,DB03813,3-hydroxydecanoyl-[acyl-carrier-protein] dehydratase
map01100,K01716,sfx:S1020,P0A6Q5,DB03813,3-hydroxydecanoyl-[acyl-carrier-protein] dehydratase
map01100,K01734,sfl:SF0965,P0A733,DB01942,Methylglyoxal synthase
map01100,K01734,sfl:SF0965,P0A733,DB02726,Methylglyoxal synthase
map01100,K01734,sfl:SF0965,P0A733,DB03026,Methylglyoxal synthase
map01100,K01734,sfx:S1031,P0A733,DB01942,Methylglyoxal synthase
map01100,K01734,sfx:S1031,P0A733,DB02726,Methylglyoxal synthase
map01100,K01734,sfx:S1031,P0A733,DB03026,Methylglyoxal synthase
map01100,K01770,sfl:SF2769,P62619,DB01859,"2-C-methyl-D-erythritol 2,4-cyclodiphosphate synthase"
map01100,K01770,sfl:SF2769,P62619,DB02552,"2-C-methyl-D-erythritol 2,4-cyclodiphosphate synthase"
map01100,K01770,sfl:SF2769,P62619,DB03403,"2-C-methyl-D-erythritol 2,4-cyclodiphosphate synthase"
map01100,K01770,sfl:SF2769,P62619,DB03687,"2-C-methyl-D-erythritol 2,4-cyclodiphosphate synthase"
map01100,K01770,sfl:SF2769,P62619,DB03961,"2-C-methyl-D-erythritol 2,4-cyclodiphosphate synthase"
map01100,K01770,sfl:SF2769,P62619,DB04555,"2-C-methyl-D-erythritol 2,4-cyclodiphosphate synthase"
map01100,K01770,sfx:S2962,P62619,DB01859,"2-C-methyl-D-erythritol 2,4-cyclodiphosphate synthase"
map01100,K01770,sfx:S2962,P62619,DB02552,"2-C-methyl-D-erythritol 2,4-cyclodiphosphate synthase"
map01100,K01770,sfx:S2962,P62619,DB03403,"2-C-methyl-D-erythritol 2,4-cyclodiphosphate synthase"
map01100,K01770,sfx:S2962,P62619,DB03687,"2-C-methyl-D-erythritol 2,4-cyclodiphosphate synthase"
map01100,K01770,sfx:S2962,P62619,DB03961,"2-C-methyl-D-erythritol 2,4-cyclodiphosphate synthase"
map01100,K01770,sfx:S2962,P62619,DB04555,"2-C-methyl-D-erythritol 2,4-cyclodiphosphate synthase"
map01100,K01807,sfl:SF2899,P0A7Z3,DB04127,Ribose-5-phosphate isomerase A
map01100,K01807,sfx:S3099,P0A7Z3,DB04127,Ribose-5-phosphate isomerase A
map01100,K01818,sfl:SF2816,P69923,DB03815,L-fucose isomerase
map01100,K01818,sfx:S3011,P69923,DB03815,L-fucose isomerase
map01100,K01939,sfl:SF4332,Q83P33,DB02954,Adenylosuccinate synthetase
map01100,K01939,sfl:SF4332,Q83P33,DB04566,Adenylosuccinate synthetase
map01100,K01939,sfx:S4600,Q83P33,DB02954,Adenylosuccinate synthetase
map01100,K01939,sfx:S4600,Q83P33,DB04566,Adenylosuccinate synthetase
map01100,K02439,sfl:SF3447,P0A6V7,DB02761,Thiosulfate sulfurtransferase GlpE
map01100,K02439,sfx:S4317,P0A6V7,DB02761,Thiosulfate sulfurtransferase GlpE
map01100,K07749,sfl:SF2441,P69903,DB01992,Formyl-CoA:oxalate CoA-transferase
map01100,K07749,sfx:S2578,P69903,DB01992,Formyl-CoA:oxalate CoA-transferase
map01120,K00600,sfl:SF2598,P0A827,DB02824,Serine hydroxymethyltransferase
map01120,K00600,sfl:SF2598,P0A827,DB11596,Serine hydroxymethyltransferase
map01120,K00600,sfx:S2770,P0A827,DB02824,Serine hydroxymethyltransferase
map01120,K00600,sfx:S2770,P0A827,DB11596,Serine hydroxymethyltransferase
map01120,K00616,sfl:SF0009,P0A872,DB01815,Transaldolase B
map01120,K00616,sfx:S0008,P0A872,DB01815,Transaldolase B
map01120,K01734,sfl:SF0965,P0A733,DB01942,Methylglyoxal synthase
map01120,K01734,sfl:SF0965,P0A733,DB02726,Methylglyoxal synthase
map01120,K01734,sfl:SF0965,P0A733,DB03026,Methylglyoxal synthase
map01120,K01734,sfx:S1031,P0A733,DB01942,Methylglyoxal synthase
map01120,K01734,sfx:S1031,P0A733,DB02726,Methylglyoxal synthase
map01120,K01734,sfx:S1031,P0A733,DB03026,Methylglyoxal synthase
map01120,K01807,sfl:SF2899,P0A7Z3,DB04127,Ribose-5-phosphate isomerase A
map01120,K01807,sfx:S3099,P0A7Z3,DB04127,Ribose-5-phosphate isomerase A
map01120,K01818,sfl:SF2816,P69923,DB03815,L-fucose isomerase
map01120,K01818,sfx:S3011,P69923,DB03815,L-fucose isomerase
map01120,K02439,sfl:SF3447,P0A6V7,DB02761,Thiosulfate sulfurtransferase GlpE
map01120,K02439,sfx:S4317,P0A6V7,DB02761,Thiosulfate sulfurtransferase GlpE
map00410,K01579,sfl:SF0128,P0A793,DB02175,Aspartate 1-decarboxylase
map00410,K01579,sfl:SF0128,P0A793,DB03382,Aspartate 1-decarboxylase
map00410,K01579,sfx:S0130,P0A793,DB02175,Aspartate 1-decarboxylase
map00410,K01579,sfx:S0130,P0A793,DB03382,Aspartate 1-decarboxylase
map00640,K01734,sfl:SF0965,P0A733,DB01942,Methylglyoxal synthase
map00640,K01734,sfl:SF0965,P0A733,DB02726,Methylglyoxal synthase
map00640,K01734,sfl:SF0965,P0A733,DB03026,Methylglyoxal synthase
map00640,K01734,sfx:S1031,P0A733,DB01942,Methylglyoxal synthase
map00640,K01734,sfx:S1031,P0A733,DB02726,Methylglyoxal synthase
map00640,K01734,sfx:S1031,P0A733,DB03026,Methylglyoxal synthase
map01110,K00600,sfl:SF2598,P0A827,DB02824,Serine hydroxymethyltransferase
map01110,K00600,sfl:SF2598,P0A827,DB11596,Serine hydroxymethyltransferase
map01110,K00600,sfx:S2770,P0A827,DB02824,Serine hydroxymethyltransferase
map01110,K00600,sfx:S2770,P0A827,DB11596,Serine hydroxymethyltransferase
map01110,K00616,sfl:SF0009,P0A872,DB01815,Transaldolase B
map01110,K00616,sfx:S0008,P0A872,DB01815,Transaldolase B
map01110,K00789,sfl:SF2933,P0A820,DB03075,S-adenosylmethionine synthase
map01110,K00789,sfl:SF2933,P0A820,DB04395,S-adenosylmethionine synthase
map01110,K00789,sfl:SF2933,P0A820,DB04554,S-adenosylmethionine synthase
map01110,K00789,sfx:S3137,P0A820,DB03075,S-adenosylmethionine synthase
map01110,K00789,sfx:S3137,P0A820,DB04395,S-adenosylmethionine synthase
map01110,K00789,sfx:S3137,P0A820,DB04554,S-adenosylmethionine synthase
map01110,K00919,sfl:SF1211,Q83LD8,DB03687,4-diphosphocytidyl-2-C-methyl-D-erythritol kinase
map01110,K00919,sfl:SF1211,Q83LD8,DB04395,4-diphosphocytidyl-2-C-methyl-D-erythritol kinase
map01110,K00919,sfx:S1295,Q83LD8,DB03687,4-diphosphocytidyl-2-C-methyl-D-erythritol kinase
map01110,K00919,sfx:S1295,Q83LD8,DB04395,4-diphosphocytidyl-2-C-methyl-D-erythritol kinase
map01110,K00973,sfl:SF3863,P61888,DB02452,Glucose-1-phosphate thymidylyltransferase 2
map01110,K00973,sfx:S3897,P61888,DB02452,Glucose-1-phosphate thymidylyltransferase 2
map01110,K01579,sfl:SF0128,P0A793,DB02175,Aspartate 1-decarboxylase
map01110,K01579,sfl:SF0128,P0A793,DB03382,Aspartate 1-decarboxylase
map01110,K01579,sfx:S0130,P0A793,DB02175,Aspartate 1-decarboxylase
map01110,K01579,sfx:S0130,P0A793,DB03382,Aspartate 1-decarboxylase
map01110,K01770,sfl:SF2769,P62619,DB01859,"2-C-methyl-D-erythritol 2,4-cyclodiphosphate synthase"
map01110,K01770,sfl:SF2769,P62619,DB02552,"2-C-methyl-D-erythritol 2,4-cyclodiphosphate synthase"
map01110,K01770,sfl:SF2769,P62619,DB03403,"2-C-methyl-D-erythritol 2,4-cyclodiphosphate synthase"
map01110,K01770,sfl:SF2769,P62619,DB03687,"2-C-methyl-D-erythritol 2,4-cyclodiphosphate synthase"
map01110,K01770,sfl:SF2769,P62619,DB03961,"2-C-methyl-D-erythritol 2,4-cyclodiphosphate synthase"
map01110,K01770,sfl:SF2769,P62619,DB04555,"2-C-methyl-D-erythritol 2,4-cyclodiphosphate synthase"
map01110,K01770,sfx:S2962,P62619,DB01859,"2-C-methyl-D-erythritol 2,4-cyclodiphosphate synthase"
map01110,K01770,sfx:S2962,P62619,DB02552,"2-C-methyl-D-erythritol 2,4-cyclodiphosphate synthase"
map01110,K01770,sfx:S2962,P62619,DB03403,"2-C-methyl-D-erythritol 2,4-cyclodiphosphate synthase"
map01110,K01770,sfx:S2962,P62619,DB03687,"2-C-methyl-D-erythritol 2,4-cyclodiphosphate synthase"
map01110,K01770,sfx:S2962,P62619,DB03961,"2-C-methyl-D-erythritol 2,4-cyclodiphosphate synthase"
map01110,K01770,sfx:S2962,P62619,DB04555,"2-C-methyl-D-erythritol 2,4-cyclodiphosphate synthase"
map01110,K01807,sfl:SF2899,P0A7Z3,DB04127,Ribose-5-phosphate isomerase A
map01110,K01807,sfx:S3099,P0A7Z3,DB04127,Ribose-5-phosphate isomerase A
map01110,K02439,sfl:SF3447,P0A6V7,DB02761,Thiosulfate sulfurtransferase GlpE
map01110,K02439,sfx:S4317,P0A6V7,DB02761,Thiosulfate sulfurtransferase GlpE
map01200,K00600,sfl:SF2598,P0A827,DB02824,Serine hydroxymethyltransferase
map01200,K00600,sfl:SF2598,P0A827,DB11596,Serine hydroxymethyltransferase
map01200,K00600,sfx:S2770,P0A827,DB02824,Serine hydroxymethyltransferase
map01200,K00600,sfx:S2770,P0A827,DB11596,Serine hydroxymethyltransferase
map01200,K00616,sfl:SF0009,P0A872,DB01815,Transaldolase B
map01200,K00616,sfx:S0008,P0A872,DB01815,Transaldolase B
map01200,K01807,sfl:SF2899,P0A7Z3,DB04127,Ribose-5-phosphate isomerase A
map01200,K01807,sfx:S3099,P0A7Z3,DB04127,Ribose-5-phosphate isomerase A
map01212,K01716,sfl:SF0954,P0A6Q5,DB03813,3-hydroxydecanoyl-[acyl-carrier-protein] dehydratase
map01212,K01716,sfx:S1020,P0A6Q5,DB03813,3-hydroxydecanoyl-[acyl-carrier-protein] dehydratase
map00230,K01515,sfl:SF3074,P83844,DB01975,ADP-ribose pyrophosphatase
map00230,K01515,sfl:SF3074,P83844,DB02059,ADP-ribose pyrophosphatase
map00230,K01515,sfx:S3279,P83844,DB01975,ADP-ribose pyrophosphatase
map00230,K01515,sfx:S3279,P83844,DB02059,ADP-ribose pyrophosphatase
map00230,K01939,sfl:SF4332,Q83P33,DB02954,Adenylosuccinate synthetase
map00230,K01939,sfl:SF4332,Q83P33,DB04566,Adenylosuccinate synthetase
map00230,K01939,sfx:S4600,Q83P33,DB02954,Adenylosuccinate synthetase
map00230,K01939,sfx:S4600,Q83P33,DB04566,Adenylosuccinate synthetase
map00270,K00789,sfl:SF2933,P0A820,DB03075,S-adenosylmethionine synthase
map00270,K00789,sfl:SF2933,P0A820,DB04395,S-adenosylmethionine synthase
map00270,K00789,sfl:SF2933,P0A820,DB04554,S-adenosylmethionine synthase
map00270,K00789,sfx:S3137,P0A820,DB03075,S-adenosylmethionine synthase
map00270,K00789,sfx:S3137,P0A820,DB04395,S-adenosylmethionine synthase
map00270,K00789,sfx:S3137,P0A820,DB04554,S-adenosylmethionine synthase
map01232,K00943,sfl:SF1102,P0A721,DB03280,Thymidylate kinase
map01232,K00943,sfx:S1182,P0A721,DB03280,Thymidylate kinase
map01232,K01939,sfl:SF4332,Q83P33,DB02954,Adenylosuccinate synthetase
map01232,K01939,sfl:SF4332,Q83P33,DB04566,Adenylosuccinate synthetase
map01232,K01939,sfx:S4600,Q83P33,DB02954,Adenylosuccinate synthetase
map01232,K01939,sfx:S4600,Q83P33,DB04566,Adenylosuccinate synthetase
map00061,K01716,sfl:SF0954,P0A6Q5,DB03813,3-hydroxydecanoyl-[acyl-carrier-protein] dehydratase
map00061,K01716,sfx:S1020,P0A6Q5,DB03813,3-hydroxydecanoyl-[acyl-carrier-protein] dehydratase
map00030,K00616,sfl:SF0009,P0A872,DB01815,Transaldolase B
map00030,K00616,sfx:S0008,P0A872,DB01815,Transaldolase B
map00030,K01807,sfl:SF2899,P0A7Z3,DB04127,Ribose-5-phosphate isomerase A
map00030,K01807,sfx:S3099,P0A7Z3,DB04127,Ribose-5-phosphate isomerase A
map00051,K01818,sfl:SF2816,P69923,DB03815,L-fucose isomerase
map00051,K01818,sfx:S3011,P69923,DB03815,L-fucose isomerase
map00680,K00600,sfl:SF2598,P0A827,DB02824,Serine hydroxymethyltransferase
map00680,K00600,sfl:SF2598,P0A827,DB11596,Serine hydroxymethyltransferase
map00680,K00600,sfx:S2770,P0A827,DB02824,Serine hydroxymethyltransferase
map00680,K00600,sfx:S2770,P0A827,DB11596,Serine hydroxymethyltransferase
map01230,K00600,sfl:SF2598,P0A827,DB02824,Serine hydroxymethyltransferase
map01230,K00600,sfl:SF2598,P0A827,DB11596,Serine hydroxymethyltransferase
map01230,K00600,sfx:S2770,P0A827,DB02824,Serine hydroxymethyltransferase
map01230,K00600,sfx:S2770,P0A827,DB11596,Serine hydroxymethyltransferase
map01230,K00616,sfl:SF0009,P0A872,DB01815,Transaldolase B
map01230,K00616,sfx:S0008,P0A872,DB01815,Transaldolase B
map01230,K00789,sfl:SF2933,P0A820,DB03075,S-adenosylmethionine synthase
map01230,K00789,sfl:SF2933,P0A820,DB04395,S-adenosylmethionine synthase
map01230,K00789,sfl:SF2933,P0A820,DB04554,S-adenosylmethionine synthase
map01230,K00789,sfx:S3137,P0A820,DB03075,S-adenosylmethionine synthase
map01230,K00789,sfx:S3137,P0A820,DB04395,S-adenosylmethionine synthase
map01230,K00789,sfx:S3137,P0A820,DB04554,S-adenosylmethionine synthase
map01230,K01807,sfl:SF2899,P0A7Z3,DB04127,Ribose-5-phosphate isomerase A
map01230,K01807,sfx:S3099,P0A7Z3,DB04127,Ribose-5-phosphate isomerase A
map00240,K00609,sfl:SF4245,P0A789,DB03459,Aspartate carbamoyltransferase catalytic subunit
map00240,K00609,sfx:S4507,P0A789,DB03459,Aspartate carbamoyltransferase catalytic subunit
map00240,K00943,sfl:SF1102,P0A721,DB03280,Thymidylate kinase
map00240,K00943,sfx:S1182,P0A721,DB03280,Thymidylate kinase
map01240,K00600,sfl:SF2598,P0A827,DB02824,Serine hydroxymethyltransferase
map01240,K00600,sfl:SF2598,P0A827,DB11596,Serine hydroxymethyltransferase
map01240,K00600,sfx:S2770,P0A827,DB02824,Serine hydroxymethyltransferase
map01240,K00600,sfx:S2770,P0A827,DB11596,Serine hydroxymethyltransferase
map01240,K00609,sfl:SF4245,P0A789,DB03459,Aspartate carbamoyltransferase catalytic subunit
map01240,K00609,sfx:S4507,P0A789,DB03459,Aspartate carbamoyltransferase catalytic subunit
map01240,K00789,sfl:SF2933,P0A820,DB03075,S-adenosylmethionine synthase
map01240,K00789,sfl:SF2933,P0A820,DB04395,S-adenosylmethionine synthase
map01240,K00789,sfl:SF2933,P0A820,DB04554,S-adenosylmethionine synthase
map01240,K00789,sfx:S3137,P0A820,DB03075,S-adenosylmethionine synthase
map01240,K00789,sfx:S3137,P0A820,DB04395,S-adenosylmethionine synthase
map01240,K00789,sfx:S3137,P0A820,DB04554,S-adenosylmethionine synthase
map01240,K00954,sfl:SF3673,P0A6I8,DB01992,Phosphopantetheine adenylyltransferase
map01240,K00954,sfl:SF3673,P0A6I8,DB03170,Phosphopantetheine adenylyltransferase
map01240,K00954,sfl:SF3673,P0A6I8,DB03912,Phosphopantetheine adenylyltransferase
map01240,K00954,sfx:S4095,P0A6I8,DB01992,Phosphopantetheine adenylyltransferase
map01240,K00954,sfx:S4095,P0A6I8,DB03170,Phosphopantetheine adenylyltransferase
map01240,K00954,sfx:S4095,P0A6I8,DB03912,Phosphopantetheine adenylyltransferase
map01240,K00969,sfl:SF0642,P0A753,DB04272,Nicotinate-nucleotide adenylyltransferase
map01240,K00969,sfx:S0664,P0A753,DB04272,Nicotinate-nucleotide adenylyltransferase
map01240,K01495,sfl:SF2238,P0A6T8,DB04137,GTP cyclohydrolase 1
map01240,K01495,sfx:S2367,P0A6T8,DB04137,GTP cyclohydrolase 1
map01240,K01579,sfl:SF0128,P0A793,DB02175,Aspartate 1-decarboxylase
map01240,K01579,sfl:SF0128,P0A793,DB03382,Aspartate 1-decarboxylase
map01240,K01579,sfx:S0130,P0A793,DB02175,Aspartate 1-decarboxylase
map01240,K01579,sfx:S0130,P0A793,DB03382,Aspartate 1-decarboxylase
map01240,K01939,sfl:SF4332,Q83P33,DB02954,Adenylosuccinate synthetase
map01240,K01939,sfl:SF4332,Q83P33,DB04566,Adenylosuccinate synthetase
map01240,K01939,sfx:S4600,Q83P33,DB02954,Adenylosuccinate synthetase
map01240,K01939,sfx:S4600,Q83P33,DB04566,Adenylosuccinate synthetase
map00630,K00600,sfl:SF2598,P0A827,DB02824,Serine hydroxymethyltransferase
map00630,K00600,sfl:SF2598,P0A827,DB11596,Serine hydroxymethyltransferase
map00630,K00600,sfx:S2770,P0A827,DB02824,Serine hydroxymethyltransferase
map00630,K00600,sfx:S2770,P0A827,DB11596,Serine hydroxymethyltransferase
map00630,K07749,sfl:SF2441,P69903,DB01992,Formyl-CoA:oxalate CoA-transferase
map00630,K07749,sfx:S2578,P69903,DB01992,Formyl-CoA:oxalate CoA-transferase
map00250,K00609,sfl:SF4245,P0A789,DB03459,Aspartate carbamoyltransferase catalytic subunit
map00250,K00609,sfx:S4507,P0A789,DB03459,Aspartate carbamoyltransferase catalytic subunit
map00250,K01939,sfl:SF4332,Q83P33,DB02954,Adenylosuccinate synthetase
map00250,K01939,sfl:SF4332,Q83P33,DB04566,Adenylosuccinate synthetase
map00250,K01939,sfx:S4600,Q83P33,DB02954,Adenylosuccinate synthetase
map00250,K01939,sfx:S4600,Q83P33,DB04566,Adenylosuccinate synthetase
map00260,K00600,sfl:SF2598,P0A827,DB02824,Serine hydroxymethyltransferase
map00260,K00600,sfl:SF2598,P0A827,DB11596,Serine hydroxymethyltransferase
map00260,K00600,sfx:S2770,P0A827,DB02824,Serine hydroxymethyltransferase
map00260,K00600,sfx:S2770,P0A827,DB11596,Serine hydroxymethyltransferase
map00521,K00973,sfl:SF3863,P61888,DB02452,Glucose-1-phosphate thymidylyltransferase 2
map00521,K00973,sfx:S3897,P61888,DB02452,Glucose-1-phosphate thymidylyltransferase 2
map00523,K00973,sfl:SF3863,P61888,DB02452,Glucose-1-phosphate thymidylyltransferase 2
map00523,K00973,sfx:S3897,P61888,DB02452,Glucose-1-phosphate thymidylyltransferase 2
map00541,K00973,sfl:SF3863,P61888,DB02452,Glucose-1-phosphate thymidylyltransferase 2
map00541,K00973,sfx:S3897,P61888,DB02452,Glucose-1-phosphate thymidylyltransferase 2
map00541,K01627,sfl:SF1218,P0A716,DB01819,2-dehydro-3-deoxyphosphooctonate aldolase
map00541,K01627,sfl:SF1218,P0A716,DB02433,2-dehydro-3-deoxyphosphooctonate aldolase
map00541,K01627,sfl:SF1218,P0A716,DB03113,2-dehydro-3-deoxyphosphooctonate aldolase
map00541,K01627,sfl:SF1218,P0A716,DB03936,2-dehydro-3-deoxyphosphooctonate aldolase
map00541,K01627,sfx:S1302,P0A716,DB01819,2-dehydro-3-deoxyphosphooctonate aldolase
map00541,K01627,sfx:S1302,P0A716,DB02433,2-dehydro-3-deoxyphosphooctonate aldolase
map00541,K01627,sfx:S1302,P0A716,DB03113,2-dehydro-3-deoxyphosphooctonate aldolase
map00541,K01627,sfx:S1302,P0A716,DB03936,2-dehydro-3-deoxyphosphooctonate aldolase
map00541,K01639,sfl:SF3261,P0A6L6,DB02951,N-acetylneuraminate lyase
map00541,K01639,sfx:S3478,P0A6L6,DB02951,N-acetylneuraminate lyase
map01250,K00790,sfl:SF3229,P0A751,DB03397,UDP-N-acetylglucosamine 1-carboxyvinyltransferase
map01250,K00790,sfx:S3447,P0A751,DB03397,UDP-N-acetylglucosamine 1-carboxyvinyltransferase
map01250,K00973,sfl:SF3863,P61888,DB02452,Glucose-1-phosphate thymidylyltransferase 2
map01250,K00973,sfx:S3897,P61888,DB02452,Glucose-1-phosphate thymidylyltransferase 2
map01250,K01627,sfl:SF1218,P0A716,DB01819,2-dehydro-3-deoxyphosphooctonate aldolase
map01250,K01627,sfl:SF1218,P0A716,DB02433,2-dehydro-3-deoxyphosphooctonate aldolase
map01250,K01627,sfl:SF1218,P0A716,DB03113,2-dehydro-3-deoxyphosphooctonate aldolase
map01250,K01627,sfl:SF1218,P0A716,DB03936,2-dehydro-3-deoxyphosphooctonate aldolase
map01250,K01627,sfx:S1302,P0A716,DB01819,2-dehydro-3-deoxyphosphooctonate aldolase
map01250,K01627,sfx:S1302,P0A716,DB02433,2-dehydro-3-deoxyphosphooctonate aldolase
map01250,K01627,sfx:S1302,P0A716,DB03113,2-dehydro-3-deoxyphosphooctonate aldolase
map01250,K01627,sfx:S1302,P0A716,DB03936,2-dehydro-3-deoxyphosphooctonate aldolase
map00770,K00954,sfl:SF3673,P0A6I8,DB01992,Phosphopantetheine adenylyltransferase
map00770,K00954,sfl:SF3673,P0A6I8,DB03170,Phosphopantetheine adenylyltransferase
map00770,K00954,sfl:SF3673,P0A6I8,DB03912,Phosphopantetheine adenylyltransferase
map00770,K00954,sfx:S4095,P0A6I8,DB01992,Phosphopantetheine adenylyltransferase
map00770,K00954,sfx:S4095,P0A6I8,DB03170,Phosphopantetheine adenylyltransferase
map00770,K00954,sfx:S4095,P0A6I8,DB03912,Phosphopantetheine adenylyltransferase
map00770,K01579,sfl:SF0128,P0A793,DB02175,Aspartate 1-decarboxylase
map00770,K01579,sfl:SF0128,P0A793,DB03382,Aspartate 1-decarboxylase
map00770,K01579,sfx:S0130,P0A793,DB02175,Aspartate 1-decarboxylase
map00770,K01579,sfx:S0130,P0A793,DB03382,Aspartate 1-decarboxylase
map00760,K00969,sfl:SF0642,P0A753,DB04272,Nicotinate-nucleotide adenylyltransferase
map00760,K00969,sfx:S0664,P0A753,DB04272,Nicotinate-nucleotide adenylyltransferase
map00520,K00790,sfl:SF3229,P0A751,DB03397,UDP-N-acetylglucosamine 1-carboxyvinyltransferase
map00520,K00790,sfx:S3447,P0A751,DB03397,UDP-N-acetylglucosamine 1-carboxyvinyltransferase
map00520,K00973,sfl:SF3863,P61888,DB02452,Glucose-1-phosphate thymidylyltransferase 2
map00520,K00973,sfx:S3897,P61888,DB02452,Glucose-1-phosphate thymidylyltransferase 2
map00550,K00790,sfl:SF3229,P0A751,DB03397,UDP-N-acetylglucosamine 1-carboxyvinyltransferase
map00550,K00790,sfx:S3447,P0A751,DB03397,UDP-N-acetylglucosamine 1-carboxyvinyltransferase
map00670,K00600,sfl:SF2598,P0A827,DB02824,Serine hydroxymethyltransferase
map00670,K00600,sfl:SF2598,P0A827,DB11596,Serine hydroxymethyltransferase
map00670,K00600,sfx:S2770,P0A827,DB02824,Serine hydroxymethyltransferase
map00670,K00600,sfx:S2770,P0A827,DB11596,Serine hydroxymethyltransferase
map00670,K00789,sfl:SF2933,P0A820,DB03075,S-adenosylmethionine synthase
map00670,K00789,sfl:SF2933,P0A820,DB04395,S-adenosylmethionine synthase
map00670,K00789,sfl:SF2933,P0A820,DB04554,S-adenosylmethionine synthase
map00670,K00789,sfx:S3137,P0A820,DB03075,S-adenosylmethionine synthase
map00670,K00789,sfx:S3137,P0A820,DB04395,S-adenosylmethionine synthase
map00670,K00789,sfx:S3137,P0A820,DB04554,S-adenosylmethionine synthase
map00790,K01495,sfl:SF2238,P0A6T8,DB04137,GTP cyclohydrolase 1
map00790,K01495,sfx:S2367,P0A6T8,DB04137,GTP cyclohydrolase 1
map00710,K00616,sfl:SF0009,P0A872,DB01815,Transaldolase B
map00710,K00616,sfx:S0008,P0A872,DB01815,Transaldolase B
map00710,K01807,sfl:SF2899,P0A7Z3,DB04127,Ribose-5-phosphate isomerase A
map00710,K01807,sfx:S3099,P0A7Z3,DB04127,Ribose-5-phosphate isomerase A
map03440,K03553,sfl:SF2722,P0A7G9,DB04395,Protein RecA
map03440,K03553,sfx:S2913,P0A7G9,DB04395,Protein RecA
map00740,K01515,sfl:SF3074,P83844,DB01975,ADP-ribose pyrophosphatase
map00740,K01515,sfl:SF3074,P83844,DB02059,ADP-ribose pyrophosphatase
map00740,K01515,sfx:S3279,P83844,DB01975,ADP-ribose pyrophosphatase
map00740,K01515,sfx:S3279,P83844,DB02059,ADP-ribose pyrophosphatase
map03010,K02864,sfl:SF4058,P0A7J6,DB00778,Large ribosomal subunit protein uL10
map03010,K02864,sfl:SF4058,P0A7J6,DB01211,Large ribosomal subunit protein uL10
map03010,K02864,sfl:SF4058,P0A7J6,DB01369,Large ribosomal subunit protein uL10
map03010,K02864,sfx:S3677,P0A7J6,DB00778,Large ribosomal subunit protein uL10
map03010,K02864,sfx:S3677,P0A7J6,DB01211,Large ribosomal subunit protein uL10
map03010,K02864,sfx:S3677,P0A7J6,DB01369,Large ribosomal subunit protein uL10
map00999,K00789,sfl:SF2933,P0A820,DB03075,S-adenosylmethionine synthase
map00999,K00789,sfl:SF2933,P0A820,DB04395,S-adenosylmethionine synthase
map00999,K00789,sfl:SF2933,P0A820,DB04554,S-adenosylmethionine synthase
map00999,K00789,sfx:S3137,P0A820,DB03075,S-adenosylmethionine synthase
map00999,K00789,sfx:S3137,P0A820,DB04395,S-adenosylmethionine synthase
map00999,K00789,sfx:S3137,P0A820,DB04554,S-adenosylmethionine synthase
map00460,K00600,sfl:SF2598,P0A827,DB02824,Serine hydroxymethyltransferase
map00460,K00600,sfl:SF2598,P0A827,DB11596,Serine hydroxymethyltransferase
map00460,K00600,sfx:S2770,P0A827,DB02824,Serine hydroxymethyltransferase
map00460,K00600,sfx:S2770,P0A827,DB11596,Serine hydroxymethyltransferase
map04981,K00600,sfl:SF2598,P0A827,DB02824,Serine hydroxymethyltransferase
map04981,K00600,sfl:SF2598,P0A827,DB11596,Serine hydroxymethyltransferase
map04981,K00600,sfx:S2770,P0A827,DB02824,Serine hydroxymethyltransferase
map04981,K00600,sfx:S2770,P0A827,DB11596,Serine hydroxymethyltransferase
map00970,K01868,sfl:SF1512,P0A8M5,DB03355,Threonine--tRNA ligase
map00970,K01868,sfl:SF1512,P0A8M5,DB03869,Threonine--tRNA ligase
map00970,K01868,sfl:SF1512,P0A8M5,DB04024,Threonine--tRNA ligase
map00970,K01868,sfx:S1630,P0A8M5,DB03355,Threonine--tRNA ligase
map00970,K01868,sfx:S1630,P0A8M5,DB03869,Threonine--tRNA ligase
map00970,K01868,sfx:S1630,P0A8M5,DB04024,Threonine--tRNA ligase
map00040,K01818,sfl:SF2816,P69923,DB03815,L-fucose isomerase
map00040,K01818,sfx:S3011,P69923,DB03815,L-fucose isomerase
map00400,K03785,sty:STY1760,P24670,DB03746,3-dehydroquinate dehydratase
map00400,K03785,stt:t1231,P24670,DB03746,3-dehydroquinate dehydratase
map01100,K03785,sty:STY1760,P24670,DB03746,3-dehydroquinate dehydratase
map01100,K03785,stt:t1231,P24670,DB03746,3-dehydroquinate dehydratase
map01100,K12454,sty:STY2298,P14169,DB04555,CDP-paratose 2-epimerase
map01100,K12454,stt:t0784,P14169,DB04555,CDP-paratose 2-epimerase
map01110,K03785,sty:STY1760,P24670,DB03746,3-dehydroquinate dehydratase
map01110,K03785,stt:t1231,P24670,DB03746,3-dehydroquinate dehydratase
map01230,K03785,sty:STY1760,P24670,DB03746,3-dehydroquinate dehydratase
map01230,K03785,stt:t1231,P24670,DB03746,3-dehydroquinate dehydratase
map00541,K12454,sty:STY2298,P14169,DB04555,CDP-paratose 2-epimerase
map00541,K12454,stt:t0784,P14169,DB04555,CDP-paratose 2-epimerase
map01250,K12454,sty:STY2298,P14169,DB04555,CDP-paratose 2-epimerase
map01250,K12454,stt:t0784,P14169,DB04555,CDP-paratose 2-epimerase
map02010,K10555,sty:STY3793,Q8Z2X8,DB04346,Autoinducer 2-binding protein LsrB
map02010,K10555,stt:t3541,Q8Z2X8,DB04346,Autoinducer 2-binding protein LsrB
map02024,K10555,sty:STY3793,Q8Z2X8,DB04346,Autoinducer 2-binding protein LsrB
map02024,K10555,stt:t3541,Q8Z2X8,DB04346,Autoinducer 2-binding protein LsrB
